Customer;Name 1;Street;Telephone 1;Telephone 2;Zone;SDst;Represent.;Pers.No.;Sales;#N/A;JWK;MonFrom1;MonFrom2;TueFrom1;TueFrom2;WedFrom1;WedFrom2;ThuFrom1;ThuFrom2;FriFrom1;FriFrom2;SatFrom1;SatFrom2;DChl;CGrp;PayT;Cred.limit;Post.Code;Plnt;Created on;Created on
92144;ADELIA;PS BRABASAN RT 001 RW 001 KEL BRABASAN KEC TANJUNG RAYA;8.54E+10;;2051141;34597;90052442;90052442;Rudi Anggoro;F2 GT;Sabtu Ganjil;;;;;;;;;;;08:00:00;;2;14;Z00;0;34597;3042;26.12.2008;03.02.2026
92181;PARLINDUNGAN;PS. PANARAGAN JAYA RT.2-9 KEL.PANARAGAN JAYA KEC.TULANG;8.13E+10;;2051085;34593;90052418;90052418;Yuda Nurisman;F2 GT;Rabu Ganjil;;;;;8:00:00 AM;;;;;;;;2;14;Z00;0;34593;3042;26.12.2008;15.04.2025
105697;TK KARDI;SIMPANG PEMATANG RT 017 RW 009 KEL SIMPANG PEMATANG;8.53E+10;;2051146;34593;90052442;90052442;Rudi Anggoro;F2 GT;Selasa Ganjil;;;8:00:00 AM;;;;;;;;;;2;14;Z00;0;34593;3042;13.05.2009;03.02.2026
108339;TK ULAN;GEDUNG RAM RT 003 RW 001 KEL GEDUNG RAM KEC TANJUNG RAYA;8.23E+10;;2051142;34595;90052442;90052442;Rudi Anggoro;F2 GT;Sabtu Ganjil;;;;;;;;;;;08:00:00;;2;58;Z00;0;34595;3042;06.07.2009;02.09.2025
146712;TK TUTI;PS PANARAGAN JAYA RT 004 RW 004 KEL PANARAGAN JAYA;8.54E+10;;2051085;34593;90052418;90052418;Yuda Nurisman;F2 GT;Rabu Ganjil;;;;;08:00:00;;;;;;;;2;14;Z00;0;34593;3042;29.01.2011;26.02.2026
189587;TOKO AMEL;INDRALOKA II RT.16-4 KEL.INDRALOKA II KEC.WAY KENANGA;8.22E+10;;2051180;34595;90052301;90052301;Ihwal Bayu Saddera;F4 GT;Kamis;;;;;;;08:00:00;08:00:00;;;;;2;58;Z00;0;34595;3042;13.02.2013;07.01.2025
189597;TOKO. NUR;PASAR HI RT.2-8 KEL.MAKARTI TAMA KEC.GEDUNG AJI BARU;8.14E+10;;2051135;34595;90052301;90052301;Ihwal Bayu Saddera;F4 GT;Sabtu;;;;;;;;;;;08:00:00;08:00:00;2;13;Z00;0;34595;3042;13.02.2013;21.02.2025
;;;;;;;;;;;#REF!;;;;;;;;;;;;;;;;;;;;
192035;TK. REKINTA 96;PS. IPIL BLOK A2 WONOAGUNG KEC. RAWAJITU SELATAN;8.54E+10;;2051138;34595;90052449;90052449;Beni Saputra;F2 GT;Jumat Ganjil;;;;;;;;;08:00:00;;;;2;14;Z00;0;34595;3042;27.03.2013;09.05.2025
195818;TK ANUGERAH;INDRALOKA II RT 009 RW 003 KEL INDRALOKA II KEC WAY KENANGA;8.23E+10;;2051180;34595;90052442;90052442;Rudi Anggoro;F2 GT;Selasa Genap;;;;08:00:00;;;;;;;;;2;58;Z00;0;34595;3042;03.06.2013;15.09.2025
195825;TK. NINGSIH;TRI MAKMUR JAYA RT.4-4 KEL.TRI MAKMUR JAYA KEC.MENGGALA;8.54E+10;;2051176;34595;90052418;90052418;Yuda Nurisman;F2 GT;Selasa Genap;;;;08:00:00;;;;;;;;;2;69;Z00;0;34595;3042;03.06.2013;27.12.2024
195829;TK. DANI;BAWANG SAKTI JAYA RT.01-07 KEL.BAWANG SAKTI JAYA KEC.BANJAR;8.13E+10;;2051176;34595;90052418;90052418;Yuda Nurisman;F2 GT;Selasa Genap;;;;8:00:00 AM;;;;;;;;;2;14;Z00;0;34595;3042;03.06.2013;10.07.2025
195830;TK. ATIK;PS. RAWAJITU BLOK D NO.1 RT.2-2 KEL.GEDUNG KARYA JITU;8.78E+10;;2051140;34595;90052449;90052449;Beni Saputra;F2 GT;Jumat Ganjil;;;;;;;;;08:00:00;;;;2;69;Z00;0;34595;3042;03.06.2013;05.05.2025
197188;TK.SINAR JAWA;KEBUN DALEM RT.4-3 KEL.KEBUN DALAM KEC.WAY SERDANG;8.23E+10;;2051169;34593;90052442;90052442;Rudi Anggoro;F2 GT;Kamis Genap;;;;;;;;08:00:00;;;;;2;69;Z00;0;34593;3042;21.06.2013;21.04.2025
197190;ANUGERAH II;BAWANG TIRTO MULYO RT.2-6 KEL.BAWANG TIRTO MULYO KEC.BANJAR;8.20E+10;;2051176;34595;90052301;90052301;Ihwal Bayu Saddera;F4 GT;Senin;08:00:00;08:00:00;;;;;;;;;;;2;13;Z00;0;34595;3042;21.06.2013;15.01.2025
201663;TK. SINAR MULIA;KEJADIAN RT.4-2 KEL.KEJADIAN KEC.WAY SERDANG;8.58E+10;;2051169;34595;90052442;90052442;Rudi Anggoro;F2 GT;Kamis Ganjil;;;;;;;08:00:00;;;;;;2;69;Z00;0;34595;3042;17.09.2013;21.04.2025
202518;TK. EKO;MULYA KENCANA RT.3-2 KEL.MULYA KENCANA KEC.TULANG BAWANG;8.54E+10;;2051238;34595;90052418;90052418;Yuda Nurisman;F2 GT;Senin Genap;;08:00:00;;;;;;;;;;;2;58;Z00;0;34595;3042;03.10.2013;28.05.2025
262633;TK ERSON;TATA KOTA RT 011 RW 013 KEL BUMI DEPASENA MULYA KEC RAWAJITU;8.13E+10;8.21E+10;2051140;34595;90052449;90052449;Beni Saputra;F2 GT;Jumat Ganjil;;;;;;;;;08:00:00;;;;2;58;Z00;0;34595;3042;22.09.2015;07.08.2025
344680;TK.IQBAL ROMLI;JL.KH AHMAD DAHLAN RT.6-3 KEL.GEDUNG KARYA JITU;8.13E+10;;2051140;34595;90052449;90052449;Beni Saputra;F2 GT;Jumat Ganjil;;;;;;;;;08:00:00;;;;2;69;Z00;0;34595;3042;17.06.2017;03.03.2025
552960;TK AGUNG JITU;GEDUNG KARYA JITU RT 002 RW 002 KEL GEDUNG KARYA JITU;8.23E+10;;2051140;34593;90052449;90052449;Beni Saputra;F2 GT;Jumat Ganjil;;;;;;;;;08:00:00;;;;2;14;Z00;0;34593;3042;06.07.2020;11.05.2026
207988;TK SAPRI;JL ASPOL NO 302 LK UGU RT 001 RW 003 KEL UJUNG GUNUNG;8.78E+10;;2051184;34595;90052418;90052418;Yuda Nurisman;F2 GT;Senin Genap;;08:00:00;;;;;;;;;;;2;14;Z00;0;34595;3042;13.12.2013;05.03.2026
209205;TK. AKBAR;INDRALOKA I RT 005 RW 002 KEL INDRALOKA I KEC WAY KENANGA;8.23E+10;;2051145;34595;90052442;90052442;Rudi Anggoro;F2 GT;Senin Ganjil;08:00:00;;;;;;;;;;;;2;69;Z00;0;34595;3042;02.01.2014;18.07.2025
2893050;WR TOWIYAH;GEDUNG KARYA JITU RT 001 RW 001 KEL GEDUNG KARYA JITU KEC;8.53E+10;;2051140;34593;90052449;90052449;Beni Saputra;F2 GT;Jumat Ganjil;;;;;;;;;08:00:00;;;;2;58;Z00;0;34593;3042;03.03.2023;18.08.2025
209210;TK EKA;GEDUNG RAM RT 012 RW 003 KEL GEDUNG RAM KEC TANJUNG RAYA;8.17E+08;;2051142;34593;90052442;90052442;Rudi Anggoro;F2 GT;Sabtu Ganjil;;;;;;;;;;;08:00:00;;2;69;Z00;0;34593;3042;02.01.2014;02.09.2025
2893057;WR.TASYA;GEDUNG KARYA JITU RT.6-3 KEL.GEDUNG KARYA JITU;6.28E+12;;2051140;34593;90052449;90052449;Beni Saputra;F2 GT;Jumat Ganjil;;;;;;;;;08:00:00;;;;2;69;Z00;0;34593;3042;03.03.2023;04.06.2025
2893167;WR.FAHRUR;PANGGUNG JAYA RT.8-4 KEL.PANGGUNG JAYA KEC.RAWA JITU UTARA;8.13E+10;;2051138;34593;90052449;90052449;Beni Saputra;F2 GT;Jumat Ganjil;;;;;;;;;08:00:00;;;;2;69;Z00;0;34593;3042;03.03.2023;15.05.2025
209693;TK. ZENURI;INDRALOKA I RT.3-1 KEL.INDRALOKA I KEC.WAY KENANGA;8.23E+10;;2051145;34595;90052301;90052301;Ihwal Bayu Saddera;F4 GT;Kamis;;;;;;;08:00:00;08:00:00;;;;;2;13;Z00;0;34595;3042;09.01.2014;09.01.2025
220398;TK. MELI;JL.ASPOL NO.95 LK.UGU RT.1-2 KEL.UJUNG GUNUNG KEC.MENGGALA;8.22E+10;;2051184;34595;90052418;90052418;Yuda Nurisman;F2 GT;Rabu Genap;;;;;;08:00:00;;;;;;;2;69;Z00;0;34596;3042;06.06.2014;14.02.2025
227532;TK.MARTINI;KIBANG BUDI JAYA RT.4-1 KEL.KIBANG BUDI JAYA KEC.LAMBU;8.22E+10;;2051149;34595;90052418;90052418;Yuda Nurisman;F2 GT;Sabtu Ganjil;;;;;;;;;;;08:00:00;;2;14;Z00;0;34595;3042;10.09.2014;23.12.2024
2893182;WR.YOGI;SIDANG BANDAR ANOM RT.2-4 KEL.SIDANG BANDAR ANOM;8.54E+10;;2051138;34593;90052449;90052449;Beni Saputra;F2 GT;Jumat Ganjil;;;;;;;;;08:00:00;;;;2;58;Z00;0;34593;3042;03.03.2023;09.05.2025
2893243;TK.ALEXI;TELOGO REJO RT.18-4 KEL.TELOGO REJO KEC.RAWA JITU UTARA;8.53E+10;;2051138;34593;90052449;90052449;Beni Saputra;F2 GT;Jumat Ganjil;;;;;;;;;08:00:00;;;;2;13;Z00;0;34593;3042;03.03.2023;26.06.2025
230243;TK. GG;LABUHAN BARU RT.1-4 KEL.LABUHAN BARU KEC.WAY SERDANG;8.22E+10;;2051171;34595;90052442;90052442;Rudi Anggoro;F2 GT;Kamis Ganjil;;;;;;;08:00:00;;;;;;2;69;Z00;0;34595;3042;08.10.2014;26.05.2025
231320;TK DOLI;GEDONG BOGA RT 002 RW 006 KEL GEDUNG BOGA KEC.WAY SERDANG;8.53E+10;;2051171;34595;90052442;90052442;Rudi Anggoro;F2 GT;Kamis Ganjil;;;;;;;08:00:00;;;;;;2;13;Z00;0;34595;3042;21.10.2014;22.09.2025
235360;TK. MUTIAH;PANCA WARNA RT.1-5 KEL.PANCA WARNA KEC.WAY SERDANG;8.22E+10;;2051171;34595;90052442;90052442;Rudi Anggoro;F2 GT;Kamis Genap;;;;;;;;08:00:00;;;;;2;58;Z00;0;34595;3042;04.12.2014;05.05.2025
241364;TK. DILA JAYA;DAYA ASRI RT.2-2 KEL.DAYA ASRI KEC.TUMIJAJAR;8.57E+10;;2051077;35492;90052418;90052418;Yuda Nurisman;F2 GT;Kamis Ganjil;;;;;;;08:00:00;;;;;;2;69;Z00;0;35492;3042;26.02.2015;17.04.2025
5542689;TK.NUR KHASANAH;PANGGUNG JAYA KEL.PANGGUNG JAYA KEC.RAWAJITU UTARA;8.57E+10;;2051138;34596;90052449;90052449;Beni Saputra;F2 GT;Jumat Ganjil;;;;;;;;;08:00:00;;;;2;69;Z00;0;34596;3042;06.03.2025;06.03.2025
244518;TK.PAK DWI;MUKTI KARYA RT.2-1 KEL.MUKTI KARYA KEC.PANCA JAYA;8.22E+10;;2051682;34595;90052301;90052301;Ihwal Bayu Saddera;F4 GT;Jumat;;;;;;;;;08:00:00;08:00:00;;;2;58;Z00;0;34595;3042;01.04.2015;06.02.2025
247709;TK. BIMA SP 1C;TUNAS JAYA RT.18-3 KEL.TUNAS JAYA KEC.GUNUNUNG AGUNG;8.14E+10;;2051152;34595;90052442;90052442;Rudi Anggoro;F2 GT;Rabu Ganjil;;;;;08:00:00;;;;;;;;2;69;Z00;0;34595;3042;30.04.2015;23.01.2025
248302;TK.PRATAMA;WIRA BANGUN RT.6-6 KEL.WIRA BANGUN KEC.SIMPANG PEMATANG;8.53E+10;8.22E+10;2051382;34595;90052442;90052442;Rudi Anggoro;F2 GT;Sabtu Genap;;;;;;;;;;;;08:00:00;2;69;Z00;0;34595;3042;07.05.2015;12.06.2025
249784;TK.AULIA;WIRA BANGUN RT.1-6 KEL.WIRA BANGUN KEC.SIMPANG PEMATANG;8.13E+10;;2051382;34593;90052442;90052442;Rudi Anggoro;F2 GT;Sabtu Genap;;;;;;;;;;;;08:00:00;2;69;Z00;0;34593;3042;23.05.2015;23.06.2025
257798;TK.MARIYANI;INDRALOKA II RT.21-5 KEL.INDRALOKA II KEC.WAY KENANGA;8.53E+10;;2051180;34595;90052301;90052301;Ihwal Bayu Saddera;F4 GT;Kamis;;;;;;;08:00:00;08:00:00;;;;;2;13;Z00;0;34595;3042;18.08.2015;06.05.2025
5566448;APOTEK 14 FARMA;PANGGUNG JAYA KEL.PANGGUNG JAYA KEC.RAWA JITU UTARA;8.13E+10;;2051138;34684;90052449;90052449;Beni Saputra;F2 GT;Jumat Ganjil;;;;;;;;;08:00:00;;;;2;58;Z00;0;34684;3042;21.04.2025;21.04.2025
5569169;TK.RAHMA;JL.NANGKA KEL.GEDUNG KARYA JITU KEC.RAWA JITU SELATAN;8.13E+10;;2051140;34681;90052449;90052449;Beni Saputra;F2 GT;Jumat Ganjil;;;;;;;;;08:00:00;;;;2;14;Z00;0;34681;3042;28.04.2025;28.04.2025
271055;TK.NADIA;KIBANG BUDIJAYA RT.24-8 KEL.KIBANG BUDI JAYA;8.54E+10;;2051149;34595;90052418;90052418;Yuda Nurisman;F2 GT;Sabtu Ganjil;;;;;;;;;;;08:00:00;;2;14;Z00;0;34595;3042;08.12.2015;05.05.2025
274466;TK.ROHADI;DS.WONO AGUNG RT.2-7 NO.51 KEL.WONO AGUNG;8.54E+10;;2051138;34595;90052301;90052301;Ihwal Bayu Saddera;F4 GT;Sabtu;;;;;;;;;;;08:00:00;08:00:00;2;13;Z00;0;34595;3042;26.01.2016;17.03.2025
281567;TK.KAILA;PANARAGAN JAYA RT.1-3 NO.51 KEL.PANARAGAN JAYA KEC.TULANG;8.22E+10;;2051085;34593;90052418;90052418;Yuda Nurisman;F2 GT;Rabu Ganjil;;;;;08:00:00;;;;;;;;2;69;Z00;0;34593;3042;14.04.2016;15.04.2025
293924;TK MANDA;DAYA MURNI LK III RT 002 RW 001 KEL DAYA MURNI KEC TUMIJAJAR;8.52E+10;;2051077;35492;90052418;90052418;Yuda Nurisman;F2 GT;Kamis Ganjil;;;;;;;08:00:00;;;;;;2;14;Z00;0;35492;3042;03.08.2016;26.01.2026
293925;TK.PANDU;DAYA MURNI RT.2-1 NO.29 KEL.DAYA MURNI KEC.TULANG BAWANG;8.54E+10;;2051077;34593;90052418;90052418;Yuda Nurisman;F2 GT;Kamis Ganjil;;;;;;;08:00:00;;;;;;2;69;Z00;0;35492;3042;03.08.2016;17.04.2025
298159;TK.SEMPURNA;MULYA KENCANA RT.7-3 KEL.MULYA KENCANA KEC.TULANG BAWANG;6.29E+12;;2051238;34593;90052418;90052418;Yuda Nurisman;F2 GT;Senin Genap;;08:00:00;;;;;;;;;;;2;69;Z00;0;34593;3042;24.08.2016;05.02.2025
305157;TK ANANDA;BUJUK AGUNG RT 004 RW 006 KEL BUJUK AGUNG KEC BANJAR;8.13E+10;;2051179;34595;90052442;90052442;Rudi Anggoro;F2 GT;Selasa Genap;;;;08:00:00;;;;;;;;;2;58;Z00;0;34595;3042;05.10.2016;05.08.2025
5569170;TK GUNUNG JATI;PENANGKIS MAKMUR RT 002 RW 006 KEL GEDUNG KARYA JITU;6.28E+12;;2051140;34681;90052449;90052449;Beni Saputra;F2 GT;Jumat Ganjil;;;;;;;;;08:00:00;;;;2;69;Z00;0;34593;3042;28.04.2025;28.04.2025
5583050;TOKO 3 BERSAUDARA;SIDANG BANDAR ANOM RT/RW 002/002;8.13E+09;;2051138;34593;90052449;90052449;Beni Saputra;F2 GT;Jumat Ganjil;;;;;;;;;08:00:00;;;;2;14;Z00;0;34593;3042;05.06.2025;05.06.2025
321034;TK.PUTU METRO;BUKO POSO RT 002 RW 004 KEL BUKO POSO KEC WAY SERDANG;8.53E+10;;2051169;34595;90052442;90052442;Rudi Anggoro;F2 GT;Senin Ganjil;08:00:00;;;;;;;;;;;;2;58;Z00;0;34595;3042;23.11.2016;18.07.2025
5584001;TOKO LUCKY;JL KENANGA RT/RW 001/005;8.14E+10;;2051140;34593;90052449;90052449;Beni Saputra;F2 GT;Jumat Ganjil;;;;;;;;;08:00:00;;;;2;13;Z00;0;34593;3042;09.06.2025;09.06.2025
5657266;TK INDO KUOTA 2;JL LINTAS RAWAJITU RT 001 RW 002 KEL GEDUNG KARYA JITU;8.22E+10;;2051140;34593;90052449;90052449;Beni Saputra;F2 GT;Jumat Ganjil;;;;;;;;;08:00:00;;;;2;13;Z00;0;34593;3042;23.10.2025;23.10.2025
5684161;TK ALYA ANISA;PANGGUNG JAYA RT/RW 013/003 KEL PANGGUNG JAYA KEC RAWA JITU;8.22E+10;;2051139;34593;90052449;90052449;Beni Saputra;F2 GT;Jumat Ganjil;;;;;;;;;08:00:00;;;;2;58;Z00;0;34593;3042;18.11.2025;18.11.2025
342532;TK RAFELA;PANARAGAN JAYA RT 001 RW 006 KEL PANARAGAN JAYA KEC.TULANG;8.24E+10;;2051085;34593;90052418;90052418;Yuda Nurisman;F2 GT;Rabu Ganjil;;;;;08:00:00;;;;;;;;2;58;Z00;0;34593;3042;26.05.2017;31.07.2025
5684565;TK TIGA PUTRA;GEDUNG KARYA JITU RT RW 004/002 KEC RAWA JITU SELATAN;8.53E+10;;2051140;34593;90052449;90052449;Beni Saputra;F2 GT;Jumat Ganjil;;;;;;;;;08:00:00;;;;2;13;Z00;0;34593;3042;18.11.2025;18.11.2025
344684;TK.FATNAN;KP.KEBUN DALAM RT.2-6 KEL.KEBUN DALAM KEC.WAY SERDANG;8.53E+10;;2051169;34595;90052442;90052442;Rudi Anggoro;F2 GT;Kamis Genap;;;;;;;;08:00:00;;;;;2;69;Z00;0;34595;3042;17.06.2017;23.01.2025
355740;TK.TEGUH;SRI RAHAYU RT.10-1 KEL.KAGUNGAN RAHAYU KEC.MENGGALA;8.53E+10;;2051185;34595;90052418;90052418;Yuda Nurisman;F2 GT;Senin Genap;;08:00:00;;;;;;;;;;;2;69;Z00;0;34595;3042;23.10.2017;28.05.2025
358137;TK.JAYA ABADI WIRA BANGUN;WIRA BANGUN RT.2-1 KEL.WIRA BANGUN KEC.SIMPANG PEMATANG;8.12E+10;;2051382;34595;90052442;90052442;Rudi Anggoro;F2 GT;Sabtu Genap;;;;;;;;;;;;08:00:00;2;69;Z00;0;34595;3042;09.11.2017;12.06.2025
364601;TK.DENTA;INDRALOKA II RT.3-1 KEL.INDRALOKA II;8.24E+10;;2051145;34595;90052442;90052442;Rudi Anggoro;F2 GT;Selasa Genap;;;;08:00:00;;;;;;;;;2;14;Z00;0;34595;3042;05.01.2018;08.07.2025
372600;TK NISA;SRI RAHAYU RT 003 RW 001 KEL KAGUNGAN RAHAYU KEC MENGGALA;8.24E+10;;2051185;34595;90052418;90052418;Yuda Nurisman;F2 GT;Senin Genap;;08:00:00;;;;;;;;;;;2;14;Z00;0;34595;3042;10.03.2018;05.03.2026
5708564;TK SUBANDI;SINDANG BANDAR ANOM RT RW 001/003 KEC RAWA JITU UTARA;8.23E+10;;2051139;34593;90052449;90052449;Beni Saputra;F2 GT;Jumat Ganjil;;;;;;;;;08:00:00;;;;2;14;Z00;0;34593;3042;08.12.2025;08.12.2025
5796676;TK BAYU PUTRA;JL.POROS RAWA JITU RT 001 RW 002 KEL GEDUNG KARYA JITU;8.79E+10;;2051140;34593;90052449;90052449;Beni Saputra;F2 GT;Jumat Ganjil;;;;;;;;;08:00:00;;;;2;14;Z00;0;34593;3042;03.03.2026;03.03.2026
427242;TOSERBA PS TRAYA;SUKA JAYA RT.7-2 KEL.SUKA JAYA KEC.GUNUNG TERANG;8.59E+10;;2051630;34595;90052442;90052442;Rudi Anggoro;F2 GT;Senin Genap;;08:00:00;;;;;;;;;;;2;58;Z00;0;34595;3042;24.08.2018;21.01.2025
427426;TK.JAYA TOTO KATON;TOTO KATON RT.4-2 KEL.TOTO KATON KEC.GUNUNG TERANG;8.23E+10;;2051570;34595;90052301;90052301;Ihwal Bayu Saddera;F4 GT;Rabu;;;;;08:00:00;08:00:00;;;;;;;2;13;Z00;0;34595;3042;27.08.2018;21.01.2025
5799089;TK SAMSUL HADI 1;GEDUNG KARYA JITU RT 002 RW 005 KEC RAWAJITU;8.58E+10;;2051140;34596;90052449;90052449;Beni Saputra;F2 GT;Jumat Ganjil;;;;;;;;;08:00:00;;;;2;14;Z00;0;34596;3042;06.03.2026;06.03.2026
429014;ANDIK;PANARAGAN JAYA INDAH RT.3-1 NO.21 KEL.PANARAGAN JAYA;8.24E+10;;2051085;34593;90052418;90052418;Yuda Nurisman;F2 GT;Rabu Ganjil;;;;;08:00:00;;;;;;;;2;69;Z00;0;34593;3042;13.09.2018;17.04.2025
429304;TK TEGAR;TOTO KATON RT 004 RW 001 KEL TOTO KATON KEC BATU PUTIH;8.53E+10;;2051570;34593;90052442;90052442;Rudi Anggoro;F2 GT;Senin Genap;;08:00:00;;;;;;;;;;;2;14;Z00;0;34593;3042;15.09.2018;24.04.2026
429382;TK ANIS;MARGA JAYA RT 014 RW 004 KEL MARGA JAYA KEC GUNUNG AGUNG;8.13E+10;;2051151;34593;90052442;90052442;Rudi Anggoro;F2 GT;Rabu Genap;;;;;;08:00:00;;;;;;;2;58;Z00;0;34593;3042;17.09.2018;15.09.2025
433020;TK PAK HUDA;CEMPAKA JAYA RT 005 RW 001 KEL.CEMPAKA JAYA KEC.MENGGALA;8.15E+10;;2051176;34593;90052418;90052418;Yuda Nurisman;F2 GT;Selasa Genap;;;;08:00:00;;;;;;;;;2;58;Z00;0;34593;3042;23.10.2018;25.08.2025
5817749;TK ANTON;JL ANGGREK RT 005 RW 002 GEDUNG KARYA JITU KEC RAWA JITU;;8.52E+10;2051140;34682;90052449;90052449;Beni Saputra;F2 GT;Jumat Ganjil;;;;;;;;;08:00:00;;;;2;14;Z00;0;34682;3042;09.04.2026;09.04.2026
434839;TK.TIFAH;SAKTI JAYA RT.13-4 KEL.SAKTI JAYA KEC.BATU PUTIH;8.54E+10;;2051570;34593;90052442;90052442;Rudi Anggoro;F2 GT;Senin Genap;;08:00:00;;;;;;;;;;;2;14;Z00;0;34593;3042;12.11.2018;17.07.2025
438091;TK.SULASTRI;MUKTI KARYA RT.17-2 KEL.MUKTI KARYA KEC.PANCA JAYA;8.23E+10;;2051682;34593;90052442;90052442;Rudi Anggoro;F2 GT;Selasa Ganjil;;;08:00:00;;;;;;;;;;2;69;Z00;0;34593;3042;13.12.2018;18.02.2025
443876;TK.SUMINI;MEKAR SARI RT.1-3 KEL.MEKAR SARI KEC.TANJUNG RAYA;8.58E+10;;2051144;34593;90052442;90052442;Rudi Anggoro;F2 GT;Sabtu Ganjil;;;;;;;;;;;08:00:00;;2;14;Z00;0;34593;3042;01.02.2019;24.03.2025
443881;TK.EDI;TEGAL MULYO RT.12-4 KEL.KIBANG MULYA JAYA KEC.LAMBU KIBANG;8.14E+10;;2051392;34593;90052418;90052418;Yuda Nurisman;F2 GT;Senin Ganjil;08:00:00;;;;;;;;;;;;2;69;Z00;0;34593;3042;01.02.2019;23.12.2024
451320;TK.ROPINTA;PULUNG KENCANA RT.5-2 KEL.PULUNG KENCANA;8.52E+10;;2051237;34593;90052301;90052301;Ihwal Bayu Saddera;F4 GT;Senin;08:00:00;08:00:00;;;;;;;;;;;2;13;Z00;0;34593;3042;01.04.2019;24.02.2025
451321;TK ISAH;LABUHAN MULYA RT 002 RW 003 KEL LABUHAN MULYA KEC WAY;8.53E+10;;2051171;34593;90052442;90052442;Rudi Anggoro;F2 GT;Kamis Ganjil;;;;;;;08:00:00;;;;;;2;13;Z00;0;34593;3042;01.04.2019;20.08.2025
5817750;TK ABAY CELL;JL KENANGA RT 002 RW 005 KEL GEDUNG KARYA JITU KEC RAWA JITU;;8.54E+10;2051140;34593;90052449;90052449;Beni Saputra;F2 GT;Jumat Ganjil;;;;;;;;;08:00:00;;;;2;14;Z00;0;34593;3042;09.04.2026;09.04.2026
5828505;TK KMC CELL;MEDASARI RT 003 RW 005 KEC RAWA JITU SELATAN SELATAN;;8.54E+10;2051140;34596;90052449;90052449;Beni Saputra;F2 GT;Jumat Ganjil;;;;;;;;;08:00:00;;;;2;14;Z00;0;34596;3042;08.05.2026;08.05.2026
459210;TK.HAFIS;RINGIN SARI RT.4-2 KEL.RINGIN SARI KEC.PANCA JAYA;8.53E+10;;2051141;34593;90052301;90052301;Ihwal Bayu Saddera;F4 GT;Jumat;;;;;;;;;08:00:00;08:00:00;;;2;67;Z00;0;34593;3042;10.07.2019;23.06.2025
459212;TK.EDI DKM;DWI KARYA MUSTIKA RT.5-1 KEL.DWI KARYA MUSTIKA;8.22E+10;;2051153;34593;90052442;90052442;Rudi Anggoro;F2 GT;Jumat Ganjil;;;;;;;;;08:00:00;;;;2;14;Z00;0;34593;3042;10.07.2019;24.02.2025
459218;TK.SAIKUDIN;PENUMANGAN RT.1-3 KEL.PENUMANGAN KEC.TULANG BAWANG TENGAH;8.53E+10;;2051085;34593;90052418;90052418;Yuda Nurisman;F2 GT;Jumat Ganjil;;;;;;;;;08:00:00;;;;2;14;Z00;0;34593;3042;10.07.2019;15.04.2025
464225;TK.TATA FOOD;DWI WARGA TUNGGAL JAYA RT.7-2 KEL.DWI WARGA TUNGGAL JAYA;8.14E+10;;2051148;34593;90052418;90052418;Yuda Nurisman;F2 GT;Jumat Genap;;;;;;;;;;08:00:00;;;2;58;Z00;0;34593;3042;26.08.2019;04.07.2025
472244;TK BU JOKO;GEDUNG BOGA RT 001 RW 006 KEL GEDUNG BOGA KEC WAY SERDANG;8.22E+10;;2051171;34593;90052442;90052442;Rudi Anggoro;F2 GT;Kamis Ganjil;;;;;;;08:00:00;;;;;;2;13;Z00;0;34593;3042;22.10.2019;22.09.2025
475062;SRC SUSI;KIBANG BUDI JAYA RT.11-3 KEL.KIBANG BUDI JAYA KEC.LAMBU;8.54E+10;;2051149;34593;90052301;90052301;Ihwal Bayu Saddera;F4 GT;Rabu;;;;;08:00:00;08:00:00;;;;;;;2;13;Z00;0;34593;3042;12.11.2019;03.01.2025
487183;TK.DWI BUJUK;BUJUK AGUNG RT.2-3 NO.16 KEL.BUJUK AGUNG KEC.BANJAR MARGO;8.54E+10;;2051179;34595;90052442;90052442;Rudi Anggoro;F2 GT;Selasa Genap;;;;08:00:00;;;;;;;;;2;14;Z00;0;34595;3042;23.01.2020;09.01.2025
499790;TK HENDRA SIREGAR;KAGUNGAN RATU RT 005 RW 007 KEL KAGUNGAN RATU;8.23E+10;;2051237;34593;90052418;90052418;Yuda Nurisman;F2 GT;Kamis Ganjil;;;;;;;08:00:00;;;;;;2;14;Z00;0;34593;3042;06.03.2020;22.01.2026
515340;TK.RIZAL ULIMA;JL.RAYA GUNUNG SAKTI RT.1/1 KEL.MENGGALA SELATAN;8.54E+10;;2051184;34593;90052301;90052301;Ihwal Bayu Saddera;F4 GT;Senin;08:00:00;08:00:00;;;;;;;;;;;2;13;Z00;0;34593;3042;13.04.2020;05.02.2025
515345;TK ISMI;MULYO SARI RT 019 RW 003 KEL MULYO SARI KEC BATU PUTIH;8.54E+10;;2051570;34593;90052442;90052442;Rudi Anggoro;F2 GT;Senin Genap;;08:00:00;;;;;;;;;;;2;14;Z00;0;34593;3042;13.04.2020;22.01.2026
524026;TK.HETI JAYA;WARGA MAKMUR JAYA RT.5-7 KEL.WARGA MAKMUR JAYA;8.22E+10;;2051148;34595;90052418;90052418;Yuda Nurisman;F2 GT;Jumat Genap;;;;;;;;;;08:00:00;;;2;14;Z00;0;34595;3042;05.05.2020;03.01.2025
539993;TK.AZAHRA;WARGA MAKMUR JAYA RT.2-3 KEL.WARGA MAKMUR JAYA;8.23E+10;;2051148;34593;90052418;90052418;Yuda Nurisman;F2 GT;Jumat Genap;;;;;;;;;;08:00:00;;;2;69;Z00;0;34595;3042;10.06.2020;06.01.2025
547547;TK.YUSYAM;TRI MUKTI JAYA RT.2-4 KEL.TRI MUKTI JAYA KEC.BANJAR AGUNG;8.54E+10;;2051164;34595;90052301;90052301;Ihwal Bayu Saddera;F4 GT;Selasa;;;08:00:00;08:00:00;;;;;;;;;2;13;Z00;0;34595;3042;25.06.2020;02.06.2025
5830194;TK ZULFA;JLKH DEWANTORO RT 003 RW001 GEDUNG KARYA JITU;;8.22E+10;2051140;34596;90052449;90052449;Beni Saputra;F2 GT;Jumat Ganjil;;;;;;;;;08:00:00;;;;2;14;Z00;0;34596;3042;15.05.2026;15.05.2026
552965;TK.CINTA;PANCA WARNA WAY SERDANG RT.1-1 KEL.PANCA WARNA;8.14E+10;;2051171;34593;90052442;90052442;Rudi Anggoro;F2 GT;Kamis Genap;;;;;;;;08:00:00;;;;;2;14;Z00;0;34593;3042;06.07.2020;05.05.2025
592529;TK.SABITA;BUKO POSO RT.1-1 KEL.BUKO POSO KEC.WAY SERDANG;8.23E+10;;2051169;34593;90052442;90052442;Rudi Anggoro;F2 GT;Senin Ganjil;08:00:00;;;;;;;;;;;;2;58;Z00;0;34593;3042;14.10.2020;21.03.2025
592536;TK.FIRMAN U6;PS.UNIT6 KIBANG BUDI JAYA RT.1-1 KEL.KIBANG BUDI JAYA;8.59E+10;;2051149;34593;90052418;90052418;Yuda Nurisman;F2 GT;Sabtu Ganjil;;;;;;;;;;;08:00:00;;2;69;Z00;0;34593;3042;14.10.2020;17.03.2025
191375;TK HENDRI;SIDANG GUNUNG TIGA RT 003 RW 001 KEL SIDANG GUNUNG TIGA;8.54E+10;;2051137;34595;90052449;90052449;Beni Saputra;F2 GT;Jumat Genap;;;;;;;;;;08:00:00;;;2;14;Z00;0;34595;3042;15.03.2013;22.05.2026
592538;TK.SRI UTAMI;BUKO POSO RT 004 RW 007 KEL BUKO POSO KEC WAY SERDANG;8.52E+10;;2051145;34593;90052442;90052442;Rudi Anggoro;F2 GT;Senin Ganjil;08:00:00;;;;;;;;;;;;2;14;Z00;0;34593;3042;14.10.2020;11.02.2026
602297;TK.KRISNA BUJUK;BUJUK AGUNG RT.4-4 KEL.BUJUK AGUNG KEC.BANJAR MARGO;8.54E+10;;2051179;34595;90052442;90052442;Rudi Anggoro;F2 GT;Selasa Genap;;;;08:00:00;;;;;;;;;2;69;Z00;0;34595;3042;22.10.2020;19.03.2025
602304;TK.YANA BUJUK;INDRALOKA JAYA RT.17-5 KEL.INDRALOKA JAYA KEC.WAY KENANGA;8.24E+10;;2051180;34595;90052301;90052301;Ihwal Bayu Saddera;F4 GT;Jumat;;;;;;;;;08:00:00;08:00:00;;;2;13;Z00;0;34595;3042;22.10.2020;08.07.2025
602305;TK.FERRO;MULYA JAYA SP3C RT.3-1 KEL.MULYA JAYA KEC.GUNUNG AGUNG;6.28E+12;;2051152;34595;90052442;90052442;Rudi Anggoro;F2 GT;Rabu Genap;;;;;;08:00:00;;;;;;;2;69;Z00;0;34595;3042;22.10.2020;02.07.2025
602309;TK BUDI WALUYO;BANGUN JAYA RT 008 RW 003 KEL BANGUN JAYA KEC GUNUNG AGUNG;8.54E+10;;2051152;34595;90052442;90052442;Rudi Anggoro;F2 GT;Rabu Ganjil;;;;;08:00:00;;;;;;;;2;13;Z00;0;34595;3042;22.10.2020;04.08.2025
602312;TK.NADA SP3C;MULYA JAYA SP3C RT.7-2 KEL.MULYA JAYA KEC.GUNUNG AGUNG;8.13E+10;;2051152;34595;90052442;90052442;Rudi Anggoro;F2 GT;Rabu Genap;;;;;;08:00:00;;;;;;;2;14;Z00;0;34595;3042;22.10.2020;05.05.2025
602314;TK WAHYUNI SP3C;MULYA JAYA SP3C RT 006 RW 002 KEL MULYA JAYA KEC GUNUNG;8.23E+10;;2051152;34593;90052442;90052442;Rudi Anggoro;F2 GT;Rabu Genap;;;;;;08:00:00;;;;;;;2;14;Z00;0;34593;3042;22.10.2020;29.12.2025
602315;TK.HETI KEJADIAN;KEJADIAN RT.3-3 KEL.KEJADIAN KEC.WAY SERDANG;8.22E+10;;2051169;34595;90052442;90052442;Rudi Anggoro;F2 GT;Kamis Ganjil;;;;;;;08:00:00;;;;;;2;69;Z00;0;34595;3042;22.10.2020;23.01.2025
602328;TK.IDA BUANA;MERCU BUANA RT.3-1 KEL.MERCU BUANA KEC.WAY KENANGA;8.14E+10;;2051175;34595;90052301;90052301;Ihwal Bayu Saddera;F4 GT;Kamis;;;;;;;08:00:00;08:00:00;;;;;2;58;Z00;0;34595;3042;22.10.2020;06.01.2025
230241;TK.BU GITO;PS.MEDASARI RT.2-5 KEL.MEDA SARI KEC.RAWA JITU SELATAN;8.22E+10;;2051139;34593;90052449;90052449;Beni Saputra;F2 GT;Jumat Genap;;;;;;;;;;08:00:00;;;2;14;Z00;0;34595;3042;08.10.2014;21.04.2025
602337;TK HERI MESUJI;ADI LUHUR RT 001 RW 001 KEL ADI LUHUR KEC PANCA JAYA;8.14E+10;;2051682;34595;90052442;90052442;Rudi Anggoro;F2 GT;Selasa Ganjil;;;08:00:00;;;;;;;;;;2;58;Z00;0;34595;3042;22.10.2020;28.07.2025
605980;TK NUR MULYA KENCANA;MULYA KENCANA RT 001 RW 005 KEL MULYA KENCANA KEC TULANG;8.23E+10;;2051238;34593;90052418;90052418;Yuda Nurisman;F2 GT;Kamis Genap;;;;;;;;08:00:00;;;;;2;58;Z00;0;34593;3042;27.10.2020;13.10.2025
605981;TK.TUTI ASTRA;ASTRA KSETRA RT.2-2 KEL.ASTRA KSETRA KEC.MENGGALA;8.24E+10;;2051381;34593;90052418;90052418;Yuda Nurisman;F2 GT;Senin Genap;;08:00:00;;;;;;;;;;;2;69;Z00;0;34593;3042;27.10.2020;15.05.2025
610300;TK.GILANG PADASUKA;GILANG TUNGGAL MAKARTA RT.4-1 KEL.GILANG TUNGGAL MAKARTA;8.57E+10;;2051178;34595;90052418;90052418;Yuda Nurisman;F2 GT;Selasa Genap;;;;08:00:00;;;;;;;;;2;69;Z00;0;34595;3042;06.11.2020;05.02.2025
616572;TK BU IIN;AGUNG JAYA RT 005 RW 002 KEL AGUNG JAYA KEC WAY KENANGA;8.23E+10;;2051149;34593;90052301;90052301;Ihwal Bayu Saddera;F4 GT;Kamis;;;;;;;08:00:00;08:00:00;;;;;2;13;Z00;0;34593;3042;25.11.2020;29.09.2025
617801;TK SUYATNO;TOTO KATON RT 007 RW 003 KEL TOTO KATON KEC BATU PUTIH;8.22E+10;;2051570;34593;90052301;90052301;Ihwal Bayu Saddera;F4 GT;Rabu;;;;;08:00:00;08:00:00;;;;;;;2;13;Z00;0;34593;3042;03.12.2020;01.08.2025
617802;TK.BU MAKSUM;MARGO MULYO 10-4 KEL.MARGO MULYO KEC.GUNUNG TERANG;8.54E+10;;2051570;34593;90052301;90052301;Ihwal Bayu Saddera;F4 GT;Rabu;;;;;08:00:00;08:00:00;;;;;;;2;58;Z00;0;34593;3042;03.12.2020;30.05.2025
423963;TK KAYANG PIDADA;MEDASARI RT 003 RW 005 KEL MEDA SARI KEC RAWA JITU SELATAN;6.28E+12;;2051139;34595;90052449;90052449;Beni Saputra;F2 GT;Jumat Genap;;;;;;;;;;08:00:00;;;2;13;Z00;0;34595;3042;24.07.2018;08.08.2025
830993;TK.RARERO;GEDUNG MULYA RT.15-4 KEL.GEDUNG MULYA KEC.TANJUNG RAYA;8.23E+10;;2051142;34593;90052442;90052442;Rudi Anggoro;F2 GT;Sabtu Ganjil;;;;;;;;;;;08:00:00;;2;69;Z00;0;34593;3042;20.04.2021;05.02.2025
1137955;TK.LINA HI;MAKARTI TAMA HI RT.2-8 KEL.MAKARTI TAMA KEC.GEDUNG AJI BARU;8.13E+10;;2051135;34593;90052301;90052301;Ihwal Bayu Saddera;F4 GT;Sabtu;;;;;;;;;;;08:00:00;08:00:00;2;13;Z00;0;34593;3042;08.07.2021;06.02.2025
1418989;TK KARSITIN;KIBANG BUDI JAYA RT 003 RW 001 KEL KIBANG BUDI JAYA;8.57E+10;;2051149;34593;90052418;90052418;Yuda Nurisman;F2 GT;Sabtu Genap;;;;;;;;;;;;08:00:00;2;58;Z00;0;34593;3042;21.09.2021;25.07.2025
1516283;TK.TUGIONO;MEKAR JAYA RT.1-6 KEL.MEKAR JAYA KEC.GUNUNG AGUNG;8.14E+10;;2051152;34593;90052442;90052442;Rudi Anggoro;F2 GT;Rabu Ganjil;;;;;08:00:00;;;;;;;;2;69;Z00;0;34593;3042;18.10.2021;23.06.2025
1698611;TK.EKO SUSILO;KIBANG YEKTI JAYA RT.12-4 KEL.KIBANG YEKTI JAYA;8.22E+10;;2051392;34595;90052301;90052301;Ihwal Bayu Saddera;F4 GT;Rabu;;;;;08:00:00;08:00:00;;;;;;;2;58;Z00;0;34595;3042;16.12.2021;23.12.2024
1713738;TK RAMIDI;SAKTI JAYA RT 005 RW 002 KEL SAKTI JAYA KEC BATU PUTIH;8.54E+10;;2051570;34595;90052301;90052301;Ihwal Bayu Saddera;F4 GT;Rabu;;;;;08:00:00;08:00:00;;;;;;;2;13;Z00;0;34595;3042;15.02.2022;19.08.2025
1714864;TK.ULVA TRAYA;JL.A YANI RT.10-3 KEL.MULYO JADI KEC.GUNUNG TERANG;8.13E+10;;2051630;34593;90052442;90052442;Rudi Anggoro;F2 GT;Senin Genap;;08:00:00;;;;;;;;;;;2;14;Z00;0;34593;3042;21.02.2022;22.01.2025
1719828;TK GLADYS;KARTA RAHARJA RT 003 RW 001 KEL KARTA RAHARJA;8.14E+10;;2051077;34593;90052418;90052418;Yuda Nurisman;F2 GT;Kamis Ganjil;;;;;;;08:00:00;;;;;;2;14;Z00;0;34593;3042;17.03.2022;23.01.2026
1719863;TK SUJIYANTI;EKA MULYA RT 001 RW 002 KEL EKA MULYA KEC MESUJI TIMUR;6.29E+12;;2051153;34593;90052301;90052301;Ihwal Bayu Saddera;F4 GT;Jumat;;;;;;;;;08:00:00;08:00:00;;;2;67;Z00;0;34593;3042;17.03.2022;04.09.2025
1719869;TK ISTIMEWA JAYA;DWI WARGA TUNGGAL JAYA RT 002 RW 001 KEL DWI WARGA TUNGGAL;8.14E+10;8.14E+10;2051148;34595;90052418;90052418;Yuda Nurisman;F2 GT;Jumat Genap;;;;;;;;;;08:00:00;;;2;69;Z00;0;34595;3042;17.03.2022;04.09.2025
1732377;TOKO DINI CEEL;MULYA JAYA RT.14-4 KEL.MULYA JAYA KEC.GUNUNG AGUNG;6.28E+12;;2051152;34684;90052301;90052301;Ihwal Bayu Saddera;F4 GT;Rabu;;;;;08:00:00;08:00:00;;;;;;;2;13;Z00;0;34593;3042;08.04.2022;03.02.2025
434837;TK.TAMI;DS.WONO AGUNG RT.4-5 KEL.WONO AGUNG KEC.RAWAJITU SELATAN;8.22E+10;;2051138;34593;90052449;90052449;Beni Saputra;F2 GT;Jumat Genap;;;;;;;;;;08:00:00;;;2;69;Z00;0;34593;3042;12.11.2018;04.06.2025
1736629;TK MUNTARI;TIYUH MARGA ASRI RT 026 RW 004 KEL MULYO ASRI;8.23E+10;;2051086;34593;90052418;90052418;Yuda Nurisman;F2 GT;Kamis Genap;;;;;;;;08:00:00;;;;;2;13;Z00;0;34593;3042;13.04.2022;16.10.2025
1736690;EM MART;DSN-KEL.MARGO MULYO RT.16-5 NO.110 KEC.TUMIJAJAR;8.13E+10;;2051086;34692;90052418;90052418;Yuda Nurisman;F2 GT;Kamis Genap;;;;;;;;08:00:00;;;;;2;69;Z00;0;34692;3042;13.04.2022;23.04.2025
1736847;TK.ASA A1;MUKTI KARYA RT.5-2 KEL.MUKTI KARYA KEC.PANCA JAYA;8.23E+10;;2051682;34593;90052442;90052442;Rudi Anggoro;F2 GT;Selasa Ganjil;;;08:00:00;;;;;;;;;;2;69;Z00;0;34593;3042;13.04.2022;03.02.2025
1758842;TK.WIN;KIBANG BUDI JAYA RT.3-1 KEL.KIBANG BUDI JAYA KEC.LAMBU;8.58E+10;;2051149;34593;90052301;90052301;Ihwal Bayu Saddera;F4 GT;Rabu;;;;;08:00:00;08:00:00;;;;;;;2;13;Z00;0;34593;3042;09.05.2022;23.12.2024
1758952;TK.SITI DARMAN;KIBANG TRI JAYA RT.13-3 KEL.KIBANG TRI JAYA KEC.LAMBU KIBANG;8.56E+10;;2051149;34593;90052418;90052418;Yuda Nurisman;F2 GT;Senin Ganjil;08:00:00;;;;;;;;;;;;2;58;Z00;0;34593;3042;09.05.2022;23.12.2024
1765051;WR BU ANI;BALAM JAYA RT 015 RW 006 KEL BALAM JAYA KEC WAY KENANGA;8.58E+10;;2051175;34593;90052418;90052418;Yuda Nurisman;F2 GT;Senin Ganjil;08:00:00;;;;;;;;;;;;2;14;Z00;0;34593;3042;13.05.2022;23.12.2025
2893052;WR SIHONO;GEDUNG KARYA JITU RT 003 RW 002 KEL GEDUNG KARYA JITU;8.14E+10;;2051140;34593;90052449;90052449;Beni Saputra;F2 GT;Jumat Genap;;;;;;;;;;08:00:00;;;2;69;Z00;0;34593;3042;03.03.2023;07.08.2025
1795214;WR NABILA;TUNGGAL WARGA RT 002 RW 005 KEL TUNGGAL WARGA;8.54E+10;;2051148;34593;90052418;90052418;Yuda Nurisman;F2 GT;Jumat Genap;;;;;;;;;;08:00:00;;;2;14;Z00;0;34593;3042;31.05.2022;20.02.2026
1809532;YANTI;KAGUNGAN RATU RT.4-1 KEL.KAGUNGAN RATU KEC.TULANG BAWANG;8.53E+10;;2051085;34593;90052418;90052418;Yuda Nurisman;F2 GT;Rabu Ganjil;;;;;08:00:00;;;;;;;;2;14;Z00;0;34593;3042;11.06.2022;05.05.2025
1818596;TK ARI;INDRALOKA I RT 006 RW 002 KEL INDRALOKA I KEC WAY KENANGA;6.28E+12;;2051145;34593;90052442;90052442;Rudi Anggoro;F2 GT;Senin Ganjil;08:00:00;;;;;;;;;;;;2;58;Z00;0;34593;3042;15.06.2022;23.09.2025
1843881;TOKO ULFA;GUNUNG AGUNG RT.3-4 KEL.GUNUNG AGUNG KEC.GUNUNG TERANG;8.24E+10;;2051150;34593;90052301;90052301;Ihwal Bayu Saddera;F4 GT;Rabu;;;;;08:00:00;08:00:00;;;;;;;2;58;Z00;0;34593;3042;27.06.2022;22.05.2025
1853163;WR VIRAL;MEKAR SARI JAYA RT.6-2 KEL.MEKAR SARI JAYA KEC.LAMBU KIBANG;8.56E+10;;2051149;34331;90052301;90052301;Ihwal Bayu Saddera;F4 GT;Rabu;;;;;08:00:00;08:00:00;;;;;;;2;58;Z00;0;34593;3042;30.06.2022;05.05.2025
1871419;WR MURNIATI;MEKAR JAYA RT 002 RW 003 KEL MEKAR JAYA KEC GUNUNG AGUNG;;;2051152;34593;90052442;90052442;Rudi Anggoro;F2 GT;Rabu Genap;;;;;;08:00:00;;;;;;;2;14;Z00;0;34593;3042;06.07.2022;04.02.2026
1871999;TK.STAR MART;PENUMANGAN BARU RT.11-5 KEL.PENUMANGAN BARU KEC.TULANG;8.13E+10;;2051085;34593;90052418;90052418;Yuda Nurisman;F2 GT;Jumat Ganjil;;;;;;;;;08:00:00;;;;2;69;Z00;0;34593;3042;06.07.2022;17.04.2025
1874275;RASYA;KAGUNGAN RATU RT.5-6 KEL.KAGUNGAN RATU KEC.TULANG BAWANG;8.22E+10;;2051085;34593;90052418;90052418;Yuda Nurisman;F2 GT;Rabu Ganjil;;;;;08:00:00;;;;;;;;2;14;Z00;0;34593;3042;07.07.2022;28.06.2025
1898289;TK BU RIA;MEDASARI RT 004 RW 005 KEL MEDA SARI KEC RAWA JITU SELATAN;8.54E+10;;2051139;34593;90052301;90052301;Ihwal Bayu Saddera;F4 GT;Sabtu;;;;;;;;;;;08:00:00;08:00:00;2;13;Z00;0;34593;3042;15.07.2022;08.08.2025
1898956;WR.BU SUM;TUNAS JAYA RT.13-2 KEL.TUNAS JAYA KEC.GUNUNG AGUNG;8.53E+10;;2051152;34593;90052301;90052301;Ihwal Bayu Saddera;F4 GT;Kamis;;;;;;;08:00:00;08:00:00;;;;;2;13;Z00;0;34593;3042;19.07.2022;30.05.2025
1905630;TK.IDA C1;SINAR LAGA RT.1-4 KEL.SINAR LAGA KEC.TANJUNG RAYA;8.24E+10;;2051143;34593;90052301;90052301;Ihwal Bayu Saddera;F4 GT;Jumat;;;;;;;;;08:00:00;08:00:00;;;2;58;Z00;0;34593;3042;21.07.2022;22.05.2025
1905635;TK.LINA PENUMANGAN;PENUMANGAN BARU RT.6-6 KEL.PENUMANGAN BARU KEC.TULANG BAWANG;8.22E+10;;2051085;34593;90052418;90052418;Yuda Nurisman;F2 GT;Jumat Ganjil;;;;;;;;;08:00:00;;;;2;14;Z00;0;34593;3042;21.07.2022;15.04.2025
1925587;AFDAL;BALAI PANJANG RT.2-2 KEL.LINGAI KEC.MENGGALA TIMUR;8.53E+10;;2051176;34593;90052418;90052418;Yuda Nurisman;F2 GT;Selasa Ganjil;;;08:00:00;;;;;;;;;;2;14;Z00;0;34593;3042;27.07.2022;15.01.2025
1950141;DESI;GILANG TUNGGAL MAKARTA RT.14-3 KEL.GILANG TUNGGAL MAKARTA;6.29E+12;;2051178;34593;90052418;90052418;Yuda Nurisman;F2 GT;Selasa Genap;;;;08:00:00;;;;;;;;;2;69;Z00;0;34593;3042;01.08.2022;13.02.2025
2893188;WR SULYANA;SIDANG GUNUNG TIGA RT 013 RW 003 KEL SIDANG GUNUNG TIGA;8.12E+10;;2051137;34593;90052449;90052449;Beni Saputra;F2 GT;Jumat Genap;;;;;;;;;;08:00:00;;;2;14;Z00;0;34593;3042;03.03.2023;22.05.2026
1971468;SYAFIQ;KIBANG MULYA JAYA RT 006 RW 002 KEL KIBANG MULYA JAYA;8.23E+10;;2051149;34593;90052418;90052418;Yuda Nurisman;F2 GT;Sabtu Ganjil;;;;;;;;;;;08:00:00;;2;69;Z00;0;34593;3042;06.08.2022;22.09.2025
1985408;WR LILIK;WARGA MAKMUR JAYA RT 004 RW 001 KEL WARGA MAKMUR JAYA;6.28E+12;;2051148;34593;90052418;90052418;Yuda Nurisman;F2 GT;Jumat Genap;;;;;;;;;;08:00:00;;;2;13;Z00;0;34593;3042;10.08.2022;29.09.2025
2893190;WR.ARIYANTO;SIDANG GUNUNG TIGA RT.4-1 KEL.SIDANG GUNUNG TIGA KEC.RAWA;8.22E+10;;2051137;34593;90052449;90052449;Beni Saputra;F2 GT;Jumat Genap;;;;;;;;;;08:00:00;;;2;69;Z00;0;34593;3042;03.03.2023;06.03.2025
2001336;WR.MBAK RINA;BAWANG TIRTO MULYO RT.1-7 KEL.BAWANG TIRTO MULYO;8.14E+10;;2051176;34593;90052418;90052418;Yuda Nurisman;F2 GT;Selasa Ganjil;;;08:00:00;;;;;;;;;;2;58;Z00;0;34593;3042;13.08.2022;05.02.2025
2001664;WR.ARSYILA;CEMPAKA DALAM RT.3-1 KEL.CEMPAKA DALEM KEC.MENGGALA TIMUR;8.13E+10;;2051176;34593;90052418;90052418;Yuda Nurisman;F2 GT;Selasa Genap;;;;08:00:00;;;;;;;;;2;69;Z00;0;34593;3042;13.08.2022;09.01.2025
2018843;WR.SAMSUL;KARYA MURNI JAYA RT.2-1 KEL.KARYA MURNI JAYA KEC.BANJAR BARU;8.54E+10;;2051177;34593;90052418;90052418;Yuda Nurisman;F2 GT;Selasa Ganjil;;;08:00:00;;;;;;;;;;2;14;Z00;0;34593;3042;24.08.2022;05.05.2025
2030166;WR P SLAMIT /RATNA;DSN.WARGA INDAH JAYA RT.2-3 KEL.WARGA INDAH JAYA KEC.BANJAR;8.13E+10;;2051149;34682;90052418;90052418;Yuda Nurisman;F2 GT;Senin Ganjil;08:00:00;;;;;;;;;;;;2;69;Z00;0;34593;3042;27.08.2022;03.01.2025
2058527;LITA;GUNUNG SARI RT.2-1 KEL.GUNUNG SARI KEC.LAMBU KIBANG;8.24E+10;;2051149;34593;90052301;90052301;Ihwal Bayu Saddera;F4 GT;Rabu;;;;;08:00:00;08:00:00;;;;;;;2;13;Z00;0;34593;3042;03.09.2022;10.01.2025
2077120;SUBUR;MEKAR JAYA RT.1-3 KEL.MEKAR JAYA KEC.BANJAR BARU;8.15E+10;;2051177;34593;90052418;90052418;Yuda Nurisman;F2 GT;Selasa Ganjil;;;08:00:00;;;;;;;;;;2;69;Z00;0;34593;3042;07.09.2022;15.01.2025
2082044;WR.PUTRI;TEGAL MAKMUR RT.5-2 KEL.KIBANG MULYA JAYA KEC.LAMBU KIBANG;8.54E+10;;2051392;34593;90052418;90052418;Yuda Nurisman;F2 GT;Sabtu Genap;;;;;;;;;;;;08:00:00;2;69;Z00;0;34593;3042;08.09.2022;13.06.2025
2127393;WR.NABILA JAYA;DSN JAYA BARU RT.3-5 KEL.LEBUH DALEM KEC.MENGGALA TIMUR;8.54E+10;;2051176;34593;90052418;90052418;Yuda Nurisman;F2 GT;Rabu Genap;;;;;;08:00:00;;;;;;;2;58;Z00;0;34593;3042;19.09.2022;16.01.2025
2893213;WR.UMI MASRUROH;SUKA BHAKTI RT.15-4 KEL.SUKA BHAKTI KEC.GEDUNG AJI BARU;8.54E+10;;2051137;34593;90052449;90052449;Beni Saputra;F2 GT;Jumat Genap;;;;;;;;;;08:00:00;;;2;58;Z00;0;34593;3042;03.03.2023;06.03.2025
2207295;RISA;KIBANG YEKTI JAYA RT 004 RW 002 KEL KIBANG YEKTI JAYA;8.14E+10;;2051392;34593;90052418;90052418;Yuda Nurisman;F2 GT;Senin Ganjil;08:00:00;;;;;;;;;;;;2;14;Z00;0;34593;3042;07.10.2022;16.03.2026
2257594;TK.MUJIATI BUANA;MERCUBUANA RT.12-3 KEL. MERCU BUANA KEC.WAY KENANGA;8.24E+10;;2051175;34593;90052418;90052418;Yuda Nurisman;F2 GT;Senin Ganjil;08:00:00;;;;;;;;;;;;2;69;Z00;0;34593;3042;18.10.2022;23.01.2025
2308866;SEPKA;SETIA BUMI RT.23-3 KEL.SETIA BUMI KEC.GUNUNG TERANG;6.29E+12;;2051630;34593;90052442;90052442;Rudi Anggoro;F2 GT;Senin Genap;;08:00:00;;;;;;;;;;;2;69;Z00;0;34593;3042;29.10.2022;03.02.2025
2317429;WR BU SRI;TUNGGAL WARGA RT.1-3 KEL.TUNGGAL WARGA KEC.BANJAR AGUNG;6.28E+12;;2051148;34593;90052418;90052418;Yuda Nurisman;F2 GT;Jumat Genap;;;;;;;;;;08:00:00;;;2;69;Z00;0;34593;3042;31.10.2022;23.12.2024
2320824;MARYAM;JAYA MAKMUR RT 004 RW 003 KEL JAYA MAKMUR KEC BANJAR BARU;8.79E+10;;2051149;34593;90052418;90052418;Yuda Nurisman;F2 GT;Sabtu Genap;;;;;;;;;;;;08:00:00;2;13;Z00;0;34593;3042;01.11.2022;25.08.2025
2325538;ALFAN;DSN.MEKAR JAYA RT.3-2 KEL.MEKARJAYA KEC.BANJAR BARU;8.22E+10;;2051177;34593;90052418;90052418;Yuda Nurisman;F2 GT;Selasa Ganjil;;;08:00:00;;;;;;;;;;2;58;Z00;0;34593;3042;02.11.2022;22.05.2025
2334920;TK.SISWANTO;BRABASAN RT.2-6 KEL.BRABASAN KEC.TANJUNG RAYA;8.14E+10;;2051141;34593;90052442;90052442;Rudi Anggoro;F2 GT;Sabtu Ganjil;;;;;;;;;;;08:00:00;;2;14;Z00;0;34593;3042;08.11.2022;03.02.2025
2360303;TK ENDANG GALON;JL.SOEKARNO HATTA NO.04 RT 007 RW 003 KEL TANJUNG MAS REJO;8.52E+10;;2051153;34593;90052442;90052442;Rudi Anggoro;F2 GT;Jumat Ganjil;;;;;;;;;08:00:00;;;;2;13;Z00;0;34593;3042;14.11.2022;21.08.2025
2376216;TK.MUJIONO;PENUMANGAN BARU RT.3-6 KEL.PENUMANGAN BARU KEC.TULANG BAWANG;8.24E+10;;2051085;34593;90052418;90052418;Yuda Nurisman;F2 GT;Jumat Ganjil;;;;;;;;;08:00:00;;;;2;69;Z00;0;34593;3042;18.11.2022;10.04.2025
4612520;TK.MOKHAMAD;DSN KAUMAN RT.11-1 KEL.WONO AGUNG KEC.RAWAJITU SELATAN;8.14E+10;;2051138;34593;90052449;90052449;Beni Saputra;F2 GT;Jumat Genap;;;;;;;;;;08:00:00;;;2;58;Z00;0;34593;3042;16.02.2024;09.05.2025
2567639;DIKI;TIRTA KENCANA RT.34-6 KEL.TIRTA KENCANA KEC.TULANG BAWANG;8.58E+10;;2051239;34593;90052301;90052301;Ihwal Bayu Saddera;F4 GT;Senin;08:00:00;08:00:00;;;;;;;;;;;2;13;Z00;0;34593;3042;04.01.2023;09.05.2025
2571353;TK.KENZO;TUNGGAL WARGA RT.5-7 KEL.TUNGGAL WARGA KEC.BANJAR AGUNG;8.23E+10;;2051148;34593;90052418;90052418;Yuda Nurisman;F2 GT;Jumat Genap;;;;;;;;;;08:00:00;;;2;69;Z00;0;34593;3042;05.01.2023;23.12.2024
2571356;TK.DILLA;JL.CEMPAKA NO.01 RT.3-1 KEL.SIDOHARJO KEC.PENAWAR TAMA;8.22E+10;;2051398;34593;90052301;90052301;Ihwal Bayu Saddera;F4 GT;Sabtu;;;;;;;;;;;08:00:00;08:00:00;2;13;Z00;0;34593;3042;05.01.2023;13.01.2025
5312882;WR MBAK VIVIN;GEDUNG KARYA JITU RT 000 RW 000 KEL GEDUNG KARYA JITU;8.15E+10;;2051140;34593;90052449;90052449;Beni Saputra;F2 GT;Jumat Genap;;;;;;;;;;08:00:00;;;2;14;Z00;0;34593;3042;22.10.2024;05.12.2025
2571358;TK.MBAK YUNI;SP 6 MUARA TENANG BLOK 12-38-3 RT.19-4 KEL.BUMI DIPASENA;8.22E+10;;2051573;34593;90052442;90052442;Rudi Anggoro;F2 GT;Jumat Ganjil;;;;;;;;;08:00:00;;;;2;14;Z00;0;34593;3042;05.01.2023;13.02.2025
2577342;IDA;CANDRA KENCANA RT.2-1 KEL.CANDRA KENCANA KEC.TULANG BAWANG;8.13E+10;;2051238;34593;90052418;90052418;Yuda Nurisman;F2 GT;Kamis Genap;;;;;;;;08:00:00;;;;;2;69;Z00;0;34593;3042;06.01.2023;23.04.2025
2640698;TK DM FAMILY;DSN TULUNG DAGANG RT 002 RW 002 KEL LEBUH DALEM;8.58E+10;;2051176;34593;90052418;90052418;Yuda Nurisman;F2 GT;Selasa Genap;;;;08:00:00;;;;;;;;;2;14;Z00;0;34593;3042;18.01.2023;15.05.2026
2641906;CAK YONO;TIRTA KENCANA RT.33-6 KEL.TIRTA KENCANA KEC.TULANG BAWANG;8.13E+10;;2051239;34593;90052418;90052418;Yuda Nurisman;F2 GT;Jumat Ganjil;;;;;;;;;08:00:00;;;;2;14;Z00;0;34593;3042;18.01.2023;08.04.2025
2743532;TK IMRON;CANDRA KENCANA RT 004 RW 004 KEL CANDRA KENCANA KEC TULANG;8.56E+10;;2051238;34593;90052418;90052418;Yuda Nurisman;F2 GT;Kamis Genap;;;;;;;;08:00:00;;;;;2;14;Z00;0;34593;3042;03.02.2023;11.03.2026
2760065;WR SAWAL/PURWANTI;BANJAR AGUNG RT.2-4 KEL.BANJAR AGUNG KEC.BANJAR AGUNG;8.53E+09;;2051148;34593;90052301;90052301;Ihwal Bayu Saddera;F4 GT;Selasa;;;08:00:00;08:00:00;;;;;;;;;2;58;Z00;0;34593;3042;06.02.2023;27.05.2025
2774923;WR KOKOM;KARYA MURNI JAYA RT 002 RW 003 KEL KARYA MURNI JAYA;6.28E+12;;2051177;34593;90052418;90052418;Yuda Nurisman;F2 GT;Selasa Ganjil;;;08:00:00;;;;;;;;;;2;14;Z00;0;34593;3042;08.02.2023;23.01.2026
2814699;TK FAJAR;TIRTA KENCANA RT.25-7 KEL.TIRTA KENCANA KEC.TULANG BAWANG;8.13E+10;;2051239;34593;90052418;90052418;Yuda Nurisman;F2 GT;Jumat Ganjil;;;;;;;;;08:00:00;;;;2;69;Z00;0;34593;3042;15.02.2023;28.06.2025
2824059;MUKLIS;BALAM ASRI RT.1-3 KEL.BALAM ASRI KEC.WAYKENANGA;8.24E+10;;2051175;34595;90052418;90052418;Yuda Nurisman;F2 GT;Senin Ganjil;08:00:00;;;;;;;;;;;;2;58;Z00;0;34593;3042;17.02.2023;06.01.2025
2856916;WR NURKHOLIS;MARGA JAYA INDAH RT.3-1 KEL.MARGA JAYA INDAH KEC.PAGAR DEWA;8.53E+10;;2051178;34593;90052301;90052301;Ihwal Bayu Saddera;F4 GT;Rabu;;;;;08:00:00;08:00:00;;;;;;;2;58;Z00;0;34593;3042;23.02.2023;21.01.2025
2888265;TK.YITNO;ADI LUHUR RT.1-1 KEL.ADI LUHUR KEC.PANCA JAYA;8.14E+10;;2051682;34593;90052442;90052442;Rudi Anggoro;F2 GT;Selasa Ganjil;;;08:00:00;;;;;;;;;;2;14;Z00;0;34593;3042;02.03.2023;23.06.2025
2888268;TK.MAK KAR;ADI LUHUR RT.5-1 KEL.ADI LUHUR KEC.PANCA JAYA;8.57E+10;;2051682;34593;90052301;90052301;Ihwal Bayu Saddera;F4 GT;Jumat;;;;;;;;;08:00:00;08:00:00;;;2;58;Z00;0;34593;3042;02.03.2023;03.03.2025
2888271;TK.DITA;ADI LUHUR RT.7-1 KEL.ADI LUHUR KEC.PANCA JAYA;8.13E+10;;2051682;34593;90052442;90052442;Rudi Anggoro;F2 GT;Selasa Ganjil;;;08:00:00;;;;;;;;;;2;58;Z00;0;34593;3042;02.03.2023;18.02.2025
2888274;TK IBU MUNAWAROH;AJI JAYA RT 001 RW 005 KEL AJI JAYA KEC SIMPANG PEMATANG;8.22E+10;;2051682;34593;90052442;90052442;Rudi Anggoro;F2 GT;Selasa Ganjil;;;08:00:00;;;;;;;;;;2;69;Z00;0;34593;3042;02.03.2023;02.09.2025
2888276;TK AZAH;BANGUN JAYA RT 009 RW 003 KEL BANGUN JAYA KEC TANJUNG RAYA;8.22E+10;;2051143;34593;90052442;90052442;Rudi Anggoro;F2 GT;Jumat Genap;;;;;;;;;;08:00:00;;;2;58;Z00;0;34593;3042;02.03.2023;08.09.2025
2888292;TK.ARDI;BERASAN MAKMUR RT.2-7 KEL.BERASAN MAKMUR KEC.TANJUNG RAYA;8.13E+10;;2051141;34593;90052301;90052301;Ihwal Bayu Saddera;F4 GT;Jumat;;;;;;;;;08:00:00;08:00:00;;;2;67;Z00;0;34593;3042;02.03.2023;12.06.2025
2888298;TK.TIKA;BERASAN MAKMUR RT.3-5 KEL.BERASAN MAKMUR KEC.TANJUNG RAYA;8.56E+10;;2051141;34593;90052442;90052442;Rudi Anggoro;F2 GT;Sabtu Ganjil;;;;;;;;;;;08:00:00;;2;69;Z00;0;34593;3042;02.03.2023;03.02.2025
2888321;TK.AMEL;DWI KARYA MUSTIKA RT.12-3 KEL.DWI KARYA MUSTIKA;8.54E+10;;2051153;34593;90052442;90052442;Rudi Anggoro;F2 GT;Jumat Ganjil;;;;;;;;;08:00:00;;;;2;58;Z00;0;34593;3042;02.03.2023;24.02.2025
2888327;TK.BU SARTI;DWI KARYA MUSTIKA RT.5-2 KEL.DWI KARYA MUSTIKA;8.53E+10;;2051153;34593;90052442;90052442;Rudi Anggoro;F2 GT;Jumat Ganjil;;;;;;;;;08:00:00;;;;2;69;Z00;0;34593;3042;02.03.2023;24.02.2025
2888337;TK MAJU JAYA BERSAMA;FAJAR BARU RT 007 RW 002 KEL FAJAR BARU KEC PANCA JAYA;8.14E+10;;2051682;34593;90052442;90052442;Rudi Anggoro;F2 GT;Selasa Ganjil;;;08:00:00;;;;;;;;;;2;13;Z00;0;34593;3042;02.03.2023;11.11.2025
2888362;TK ARFAN;JL.SOEKARNO HATTA NO.09 RT 007 RW 003 KEL TANJUNG MAS REJO;8.15E+10;;2051153;34593;90052442;90052442;Rudi Anggoro;F2 GT;Jumat Ganjil;;;;;;;;;08:00:00;;;;2;58;Z00;0;34593;3042;02.03.2023;04.09.2025
2888367;TK.SRC ITA;MARGO JAYA RT.7-3 KEL.MARGO JAYA KEC.MESUJI TIMUR;8.13E+10;;2051573;34593;90052301;90052301;Ihwal Bayu Saddera;F4 GT;Jumat;;;;;;;;;08:00:00;08:00:00;;;2;67;Z00;0;34593;3042;02.03.2023;21.02.2025
2888394;TK ATIKA;MUKTI JAYA RT 003 RW 002 KEL MUKTI JAYA KEC TANJUNG RAYA;8.52E+10;;2051143;34593;90052442;90052442;Rudi Anggoro;F2 GT;Jumat Genap;;;;;;;;;;08:00:00;;;2;58;Z00;0;34593;3042;02.03.2023;08.09.2025
2888417;TK.AZKA;SIDOMULYO RT.1-5 KEL.SIDO MULYO KEC.MESUJI;8.54E+10;;2051426;34593;90052301;90052301;Ihwal Bayu Saddera;F4 GT;Jumat;;;;;;;;;08:00:00;08:00:00;;;2;13;Z00;0;34593;3042;02.03.2023;21.04.2025
2888424;TK PRABU;SIMPANG MESUJI RT 001 RW 007 KEL SIMPANG MESUJI KEC SIMPANG;8.23E+10;;2051682;34593;90052442;90052442;Rudi Anggoro;F2 GT;Selasa Ganjil;;;08:00:00;;;;;;;;;;2;69;Z00;0;34593;3042;02.03.2023;08.09.2025
2888442;TK.IBU PUJI;SRIWIJAYA RT.10-2 KEL.SRIWIJAYA KEC.TANJUNG RAYA;8.54E+10;;2051143;34593;90052301;90052301;Ihwal Bayu Saddera;F4 GT;Jumat;;;;;;;;;08:00:00;08:00:00;;;2;58;Z00;0;34593;3042;02.03.2023;22.05.2025
2888443;TK.EIRA;SRIWIJAYA RT.3-2 KEL.SRIWIJAYA KEC.TANJUNG RAYA;8.23E+10;;2051143;34593;90052301;90052301;Ihwal Bayu Saddera;F4 GT;Jumat;;;;;;;;;08:00:00;08:00:00;;;2;58;Z00;0;34593;3042;02.03.2023;22.05.2025
2888472;TK.MAS LILIK;TANJUNG SARI RT.16-5 KEL.TANJUNG SARI KEC.TANJUNG RAYA;8.23E+10;;2051144;34593;90052301;90052301;Ihwal Bayu Saddera;F4 GT;Jumat;;;;;;;;;08:00:00;08:00:00;;;2;67;Z00;0;34593;3042;02.03.2023;06.02.2025
2888479;TK.NAZQI;WIRA BANGUN RT.2-2 KEL.WIRA BANGUN KEC.SIMPANG PEMATANG;8.22E+10;;2051382;34593;90052442;90052442;Rudi Anggoro;F2 GT;Sabtu Genap;;;;;;;;;;;;08:00:00;2;69;Z00;0;34593;3042;02.03.2023;14.04.2025
2888483;TK.DIAN;WIRA BANGUN RT.32-6 KEL.WIRA BANGUN KEC.SIMPANG PEMATANG;8.23E+10;;2051382;34593;90052442;90052442;Rudi Anggoro;F2 GT;Sabtu Genap;;;;;;;;;;;;08:00:00;2;14;Z00;0;34593;3042;02.03.2023;14.07.2025
2888500;TK.LAILA;WONOSARI RT 004 RW 001 KEL WONOSARI KEC MESUJI TIMUR;8.23E+10;;2051153;34593;90052442;90052442;Rudi Anggoro;F2 GT;Jumat Ganjil;;;;;;;;;08:00:00;;;;2;69;Z00;0;34593;3042;02.03.2023;04.09.2025
5534934;TK.BU MALA;DUSUN KALIMAN KEL.WONO AGUNG KEC.RAWAJITU SELATAN;8.14E+10;;2051140;34697;90052449;90052449;Beni Saputra;F2 GT;Jumat Genap;;;;;;;;;;08:00:00;;;2;14;Z00;0;34697;3042;28.02.2025;28.02.2025
5542690;WR.SARI SENGON;WONO AGUNG KEL.WONO AGUNG KEC.RAWA JITU SELATAN;8.22E+10;;2051138;34596;90052449;90052449;Beni Saputra;F2 GT;Jumat Genap;;;;;;;;;;08:00:00;;;2;58;Z00;0;34596;3042;06.03.2025;06.03.2025
2893050;WR TOWIYAH;GEDUNG KARYA JITU RT 001 RW 001 KEL GEDUNG KARYA JITU KEC;8.53E+10;;2051140;34593;90052449;99999600;PR TULANG BAWANG FROZEN;;Jumat Ganjil;;;;;;;;;08:00:00;;;;1;42;Z00;0;34593;3042;03.03.2023;08.08.2025
5566449;TK FITRI;SIDANG GUNUNG TIGA RT 009 RW 002 KEL SIDANG GUNUNG TIGA;8.96E+10;;2051137;34684;90052449;90052449;Beni Saputra;F2 GT;Jumat Genap;;;;;;;;;;08:00:00;;;2;14;Z00;0;34593;3042;21.04.2025;21.04.2025
5583099;TOKO MBA RATNA;WONO AGUNG RT/RW 001/001;8.23E+10;;2051138;34684;90052449;90052449;Beni Saputra;F2 GT;Jumat Genap;;;;;;;;;;08:00:00;;;2;58;Z00;0;34684;3042;05.06.2025;05.06.2025
2893073;WR.DAFA;GEDUNG REJO SAKTI RT.4-1 KEL.GEDUNG REJO SAKTI;8.14E+10;;2051167;34593;90052301;90052301;Ihwal Bayu Saddera;F4 GT;Selasa;;;08:00:00;08:00:00;;;;;;;;;2;13;Z00;0;34593;3042;03.03.2023;03.02.2025
5585228;TOKO CHINCHIN DAN GELLANG;BUMI RATU RT/RW 011/03;8.95E+11;;2051138;34684;90052449;90052449;Beni Saputra;F2 GT;Jumat Genap;;;;;;;;;;08:00:00;;;2;69;Z00;0;34684;3042;11.06.2025;11.06.2025
5654920;TK ABADI;KAMPUNG BUMI RATU RT/RW 015/003 KEL BUMI RATU KEC RAWA JITU;8.52E+10;;2051138;34596;90052449;90052449;Beni Saputra;F2 GT;Jumat Genap;;;;;;;;;;08:00:00;;;2;69;Z00;0;34596;3042;20.10.2025;20.10.2025
5684164;TK LESTARI;DSN BUMI RATU RT/RW 002/001 KEC RAWAJITU SELATAN;8.14E+10;;2051139;34593;90052449;90052449;Beni Saputra;F2 GT;Jumat Genap;;;;;;;;;;08:00:00;;;2;13;Z00;0;34593;3042;18.11.2025;18.11.2025
5694232;TK BERKAH;DESA SUKA BHAKTI RT/RW 012/003 KEC GEDUNG AJI BARU;8.52E+10;;2051137;34595;90052449;90052449;Beni Saputra;F2 GT;Jumat Genap;;;;;;;;;;08:00:00;;;2;14;Z00;0;34595;3042;26.11.2025;26.11.2025
5705844;TK TIGA PUTRI;MEDASARI RT/RW 006/001 KEC RAWAJITU SELATAN;8.24E+10;;2051140;34596;90052449;90052449;Beni Saputra;F2 GT;Jumat Genap;;;;;;;;;;08:00:00;;;2;14;Z00;0;34596;3042;05.12.2025;05.12.2025
5746421;TK SAKHI;JL IPIL RT 003 RW 003 KEL BUMI RATU SK6 KEC RAWAJITU SELATAN;6.28E+12;;2051138;34596;90052449;90052449;Beni Saputra;F2 GT;Jumat Genap;;;;;;;;;;08:00:00;;;2;14;Z00;0;34593;3042;08.01.2026;08.01.2026
5782277;TK FADILA;PASAR MEDA SARIi,RT/003 RW/006 KEC.MEDASARI RAWAJITU SELATAN;8.23E+10;;2051140;34593;90052449;90052449;Beni Saputra;F2 GT;Jumat Genap;;;;;;;;;;08:00:00;;;2;14;Z00;0;34593;3042;11.02.2026;11.02.2026
5823302;TK WONO AGUNG;WONO AGUNG;;8.23E+10;2051139;34596;90052449;90052449;Beni Saputra;F2 GT;Jumat Genap;;;;;;;;;;08:00:00;;;2;14;Z00;0;34596;3042;21.04.2026;21.04.2026
427055;TK.KASIO;KARYA BHAKTI RT.2-2 KEL.KARYA BHAKTI KEC.MERAKSA AJI;8.53E+10;;2051166;34595;90052449;90052449;Beni Saputra;F2 GT;Kamis Ganjil;;;;;;;08:00:00;;;;;;2;14;Z00;0;34595;3042;21.08.2018;06.02.2025
2893016;WR.NOVI;AJI JAYA KNPI RT.2-2 KEL.AJI JAYA KNPI KEC.GEDUNG AJI;8.53E+10;;2051165;34593;90052449;90052449;Beni Saputra;F2 GT;Kamis Ganjil;;;;;;;08:00:00;;;;;;2;69;Z00;0;34593;3042;03.03.2023;16.06.2025
2893128;TK.MAJU JAYA;PADUAN RAJAWALI RT.2-1 KEL.PADUAN RAJAWALI KEC.MERAKSA AJI;8.13E+10;;2051166;34593;90052449;90052449;Beni Saputra;F2 GT;Kamis Ganjil;;;;;;;08:00:00;;;;;;2;58;Z00;0;34593;3042;03.03.2023;26.06.2025
3781455;TK.TUNAS JAYA;MORIS JAYA RT.1-1 KEL.MORIS JAYA KEC.BANJAR AGUNG;8.54E+10;;2051164;34595;90052449;90052449;Beni Saputra;F2 GT;Kamis Ganjil;;;;;;;08:00:00;;;;;;2;69;Z00;0;34595;3042;10.08.2023;24.12.2024
4091680;TK.BABE;TRI TUNGGAL JAYA RT.1-5 KEL.TRI TUNGGAL JAYA;8.58E+10;;2051164;34593;90052449;90052449;Beni Saputra;F2 GT;Kamis Ganjil;;;;;;;08:00:00;;;;;;2;14;Z00;0;34593;3042;05.10.2023;22.01.2025
4443253;TK.CANDRA;AJI JAYA KNPI RT.1-5 KEL.AJI JAYA KNPI KEC.GEDUNG AJI;8.51E+10;;2051165;34593;90052449;90052449;Beni Saputra;F2 GT;Kamis Ganjil;;;;;;;08:00:00;;;;;;2;14;Z00;0;34593;3042;15.12.2023;26.06.2025
4919297;TK ANA YANTI;TRI MULYA JAYA RT 004 RW 003 KEL TRI MULYA JAYA KEC BANJAR;8.15E+10;;2051164;34593;90052449;90052449;Beni Saputra;F2 GT;Kamis Ganjil;;;;;;;08:00:00;;;;;;2;58;Z00;0;34593;3042;23.04.2024;25.07.2025
5258863;TK.CITRA MART;DWI WARGA TUNGGAL JAYA RT.001-004 KEL.DWI WARGA TUNGGAL;6.28E+12;;2051164;34593;90052449;90052449;Beni Saputra;F2 GT;Kamis Ganjil;;;;;;;08:00:00;;;;;;2;14;Z00;0;34593;3042;12.09.2024;15.05.2025
5413640;TK.KASYHATI;DWI WARGA TUNGGAL JAYA KEL.DWI WARGA TUNGGAL JAYA KEC.BANJAR;8.24E+10;;2051148;34684;90052449;90052449;Beni Saputra;F2 GT;Kamis Ganjil;;;;;;;08:00:00;;;;;;2;14;Z00;0;34684;3042;24.12.2024;24.12.2024
2893228;WR.MBAH MINEN;SUKARAME RT.5-2 KEL.SUKARAME KEC.MERAKSA AJI;8.13E+10;;2051167;34593;90052301;90052301;Ihwal Bayu Saddera;F4 GT;Selasa;;;08:00:00;08:00:00;;;;;;;;;2;58;Z00;0;34593;3042;03.03.2023;03.02.2025
5479525;TK.MALA;AJI JAYA KNPI KEL.AJI JAYA KNPI KEC.GEDUNG AJI;8.56E+10;;2051166;34681;90052449;90052449;Beni Saputra;F2 GT;Kamis Ganjil;;;;;;;08:00:00;;;;;;2;69;Z00;0;34681;3042;28.01.2025;28.01.2025
2894592;TK AMI;CANDRA JAYA RT.7-2 KEL.CANDRA JAYA KEC.TULANG BAWANG TENGAH;6.29E+12;;2051238;34593;90052418;90052418;Yuda Nurisman;F2 GT;Kamis Genap;;;;;;;;08:00:00;;;;;2;14;Z00;0;34593;3042;03.03.2023;14.04.2025
5515411;TK BABY SHOP ZAFEERA;PADUAN RAJAWALI RT 005 RW 001 KEL PADUAN RAJAWALI;8.53E+10;;2051166;34593;90052449;90052449;Beni Saputra;F2 GT;Kamis Ganjil;;;;;;;08:00:00;;;;;;2;14;Z00;0;34593;3042;17.02.2025;05.12.2025
5541959;TK MURBI;TRI TUNGGAL JAYA RT 006 RW 002 KEL TRI TUNGGAL JAYA;8.95E+11;;2051164;34593;90052449;90052449;Beni Saputra;F2 GT;Kamis Ganjil;;;;;;;08:00:00;;;;;;2;14;Z00;0;34593;3042;05.03.2025;29.12.2025
2913584;WR MAS PUR;GEDUNG ASRI RT 016 RW 006 KEL GEDUNG ASRI KEC PENAWAR AJI;8.14E+10;;2051167;34593;90052301;90052301;Ihwal Bayu Saddera;F4 GT;Selasa;;;08:00:00;08:00:00;;;;;;;;;2;13;Z00;0;34593;3042;06.03.2023;19.08.2025
5552325;TK.ZALWA;JL.TRI TUNGGAL JAYA KEL.TRI TUNGGAL JAYA KEC.BANJAR AGUNG;8.54E+10;;2051148;34593;90052449;90052449;Beni Saputra;F2 GT;Kamis Ganjil;;;;;;;08:00:00;;;;;;2;14;Z00;0;34593;3042;17.03.2025;17.03.2025
5561592;TK.SAKILA;AJI PERMAI TALANG BUAH KEL.AJI PERMAI TALANG BUAH KEC.GEDUNG;8.78E+10;;2051166;34681;90052449;90052449;Beni Saputra;F2 GT;Kamis Ganjil;;;;;;;08:00:00;;;;;;2;14;Z00;0;34681;3042;10.04.2025;10.04.2025
5566399;TK ISMAWATI;AJI JAYA KNPI RT 003 RW 005 KEL AJI JAYA KNPI KEC GEDUNG AJI;6.29E+12;;2051165;34681;90052449;90052449;Beni Saputra;F2 GT;Kamis Ganjil;;;;;;;08:00:00;;;;;;2;14;Z00;0;34681;3042;21.04.2025;21.04.2025
5601884;WR SEMBAKO YAYA;DWI WARGA TUNGGAL JAYA RT 004 RW 001 KEL DWI WARGA TUNGGAL;8.14E+10;;2051148;34593;90052449;90052449;Beni Saputra;F2 GT;Kamis Ganjil;;;;;;;08:00:00;;;;;;2;14;Z00;0;34593;3042;21.07.2025;21.07.2025
2913659;TK ARIS;SIMPANG PEMATANG RT 002 RW 001 KEL SIMPANG PEMATANG;8.22E+10;;2051146;34593;90052442;90052442;Rudi Anggoro;F2 GT;Selasa Ganjil;;;08:00:00;;;;;;;;;;2;69;Z00;0;34593;3042;06.03.2023;01.09.2025
2913697;TK AZAM;WONOSARI RT 002 RW 001 KEL WONOSARI KEC MESUJI TIMUR;8.24E+10;;2051153;34593;90052442;90052442;Rudi Anggoro;F2 GT;Jumat Ganjil;;;;;;;;;08:00:00;;;;2;69;Z00;0;34593;3042;06.03.2023;04.09.2025
5606918;TK SARI KURING;DWI WARGA TUNGGAL JAYA RT 006 RW 009 KEL DWI WARGA TUNGGAL;8.16E+10;;2051148;34593;90052449;90052449;Beni Saputra;F2 GT;Kamis Ganjil;;;;;;;08:00:00;;;;;;2;14;Z00;0;34593;3042;30.07.2025;30.07.2025
2951050;TK.RIA JAYA;AJI MURNI JAYA RT.3-2 KEL.AJI MURNI JAYA KEC.GEDUNG AJI;6.29E+12;;2051177;34593;90052418;90052418;Yuda Nurisman;F2 GT;Selasa Ganjil;;;08:00:00;;;;;;;;;;2;69;Z00;0;34593;3042;14.03.2023;28.04.2025
2951052;TK.LATANSA;BALAI MURNI JAYA RT.3-2 KEL.BALAI MURNI JAYA KEC.BANJAR BARU;8.53E+10;;2051177;34593;90052418;90052418;Yuda Nurisman;F2 GT;Selasa Ganjil;;;08:00:00;;;;;;;;;;2;69;Z00;0;34593;3042;14.03.2023;16.01.2025
2951057;TK.SOKA CAKAT;BINA MARGA RT.2-3 KEL.MENGGALA KEC.MENGGALA TIMUR;8.22E+10;;2051184;34593;90052418;90052418;Yuda Nurisman;F2 GT;Rabu Genap;;;;;;08:00:00;;;;;;;2;69;Z00;0;34593;3042;14.03.2023;09.01.2025
2951061;TK.GEMI JAYA;BUKO POSO RT.4-6 KEL.BUKO POSO KEC.WAY SERDANG;8.53E+10;;2051169;34593;90052301;90052301;Ihwal Bayu Saddera;F4 GT;Kamis;;;;;;;08:00:00;08:00:00;;;;;2;13;Z00;0;34593;3042;14.03.2023;17.04.2025
2951063;TK.CICI;CEMPAKA JAYA RT.1-4 KEL.CEMPAKA JAYA KEC.MENGGALA TIMUR;8.54E+10;;2051176;34593;90052418;90052418;Yuda Nurisman;F2 GT;Selasa Genap;;;;08:00:00;;;;;;;;;2;69;Z00;0;34593;3042;14.03.2023;16.01.2025
2951079;WR.YULI;GEDUNG SRI MULYO RT.2-5 KEL.GEDUNG SRI MULYO KEC.WAY SERDANG;8.24E+10;;2051171;34593;90052442;90052442;Rudi Anggoro;F2 GT;Kamis Ganjil;;;;;;;08:00:00;;;;;;2;58;Z00;0;34593;3042;14.03.2023;11.04.2025
5708865;TK AKBAR;JL TUGU KUNING KEL DWI TUNGGAL JAYA KEC BANJAR AGUNG;8.53E+10;;2051148;34684;90052449;90052449;Beni Saputra;F2 GT;Kamis Ganjil;;;;;;;08:00:00;;;;;;2;14;Z00;0;34684;3042;08.12.2025;08.12.2025
2951105;TK.AISYAH;KARYA MURNI JAYA RT.2-2 KEL.KARYA MURNI JAYA KEC.BANJAR BARU;8.58E+10;;2051177;34593;90052418;90052418;Yuda Nurisman;F2 GT;Selasa Ganjil;;;08:00:00;;;;;;;;;;2;69;Z00;0;34593;3042;14.03.2023;22.04.2025
2951121;TK.NAJWA;LABUHAN MULYA RT.1-3 KEL.LABUHAN MULYA KEC.WAY SERDANG;8.53E+10;;2051171;34593;90052442;90052442;Rudi Anggoro;F2 GT;Kamis Ganjil;;;;;;;08:00:00;;;;;;2;69;Z00;0;34593;3042;14.03.2023;11.06.2025
2951126;TK.AFNAN;LABUHAN MULYA RT.2-5 KEL.LABUHAN MULYA KEC.WAY SERDANG;8.24E+10;;2051171;34593;90052442;90052442;Rudi Anggoro;F2 GT;Kamis Ganjil;;;;;;;08:00:00;;;;;;2;69;Z00;0;34593;3042;14.03.2023;26.05.2025
2951147;TK.SANI;PANCA MULYA RT.1-5 KEL.PANCA MULYA KEC.BANJAR BARU;8.13E+10;;2051149;34593;90052418;90052418;Yuda Nurisman;F2 GT;Sabtu Genap;;;;;;;;;;;;08:00:00;2;14;Z00;0;34593;3042;14.03.2023;03.01.2025
5752486;WR AZKA;TRI DHARMA WIRAJAYA RT 001 RW 001 KEL TRI DHARMA WIRAJAYA;8.53E+10;;2051164;34595;90052449;90052449;Beni Saputra;F2 GT;Kamis Ganjil;;;;;;;08:00:00;;;;;;2;14;Z00;0;34595;3042;13.01.2026;17.06.2026
2951179;TK.INDAH;SUMBER REJO RT.2-2 KEL.SUMBER REJO KEC.LAMBU KIBANG;8.22E+10;;2051149;34593;90052418;90052418;Yuda Nurisman;F2 GT;Sabtu Ganjil;;;;;;;;;;;08:00:00;;2;58;Z00;0;34593;3042;14.03.2023;21.02.2025
2951328;TK.AIDA;PENAWAR BARU RT.2-1 KEL.PENAWAR BARU KEC.GEDUNG AJI;8.24E+10;;2051177;34593;90052418;90052418;Yuda Nurisman;F2 GT;Selasa Ganjil;;;08:00:00;;;;;;;;;;2;58;Z00;0;34593;3042;14.03.2023;22.04.2025
2951347;TK DANI CELL;SUMBER REJO RT 016 RW 002 KEL SUMBER REJO KEC LAMBU KIBANG;8.23E+10;;2051149;34593;90052418;90052418;Yuda Nurisman;F2 GT;Sabtu Ganjil;;;;;;;;;;;08:00:00;;2;14;Z00;0;34593;3042;14.03.2023;11.06.2026
3121782;TK.KIYAI AZKHA;KAGUNGAN DALAM RT.1-3 KEL.KAGUNGAN DALAM KEC.MENGGALA;8.22E+10;;2051185;34593;90052301;90052301;Ihwal Bayu Saddera;F4 GT;Senin;08:00:00;08:00:00;;;;;;;;;;;2;13;Z00;0;34593;3042;18.04.2023;05.02.2025
3121795;TK YULI;MULYA JAYA RT 025 RW 005 KEL MULYA JAYA KEC TULANG BAWANG;8.54E+12;;2051238;34593;90052418;90052418;Yuda Nurisman;F2 GT;Jumat Ganjil;;;;;;;;;08:00:00;;;;2;69;Z00;0;34593;3042;18.04.2023;09.09.2025
3121804;TK DATATRONIK;MULYA KENCANA RT 004 RW 003 KEL MULYA KENCANA KEC TULANG;8.53E+10;;2051238;34593;90052418;90052418;Yuda Nurisman;F2 GT;Jumat Ganjil;;;;;;;;;08:00:00;;;;2;58;Z00;0;34593;3042;18.04.2023;09.09.2025
3121807;TK.NOVA JAYA;PULUNG KENCANA RT.2-2 KEL.PULUNG KENCANA KEC.TULANG BAWANG;8.13E+10;;2051237;34593;90052418;90052418;Yuda Nurisman;F2 GT;Kamis Ganjil;;;;;;;08:00:00;;;;;;2;58;Z00;0;34593;3042;18.04.2023;21.02.2025
3121821;TK.JAYA PRANATA;BANDAR DEWA RT.1-1 KEL.BANDAR DEWA KEC.TULANG BAWANG TENGAH;8.13E+10;;2051085;34593;90052301;90052301;Ihwal Bayu Saddera;F4 GT;Senin;08:00:00;08:00:00;;;;;;;;;;;2;13;Z00;0;34593;3042;18.04.2023;11.06.2025
3121914;TK RADAL;MULYA KENCANA RT 006 RW 005 KEL MULYA KENCANA KEC TULANG;8.54E+10;;2051238;34593;90052418;90052418;Yuda Nurisman;F2 GT;Kamis Genap;;;;;;;;08:00:00;;;;;2;58;Z00;0;34593;3042;18.04.2023;15.09.2025
3121959;TK KARMINI;PANARAGAN JAYA UTAMA RT 002 RW 005 KEC TULANG BAWANG TENGAH;8.54E+10;;2051085;34593;90052418;90052418;Yuda Nurisman;F2 GT;Rabu Ganjil;;;;;08:00:00;;;;;;;;2;14;Z00;0;34593;3042;18.04.2023;23.04.2026
3121970;TK HASIM;PANARAGAN RT 003 RW 003 KEL PANARAGAN KEC TULANG BAWANG;8.54E+10;;2051085;34593;90052418;90052418;Yuda Nurisman;F2 GT;Rabu Ganjil;;;;;08:00:00;;;;;;;;2;14;Z00;0;34593;3042;18.04.2023;26.02.2026
3122013;TK MURNI;PULUNG KENCANA RT 006 RW 005 KEL PULUNG KENCANA KEC TULANG;8.54E+10;;2051237;34593;90052418;90052418;Yuda Nurisman;F2 GT;Kamis Ganjil;;;;;;;08:00:00;;;;;;2;14;Z00;0;34593;3042;18.04.2023;27.02.2026
3122023;TK.KIRANA CELL;SAKTI JAYA RT.5-2 KEL.SAKTI JAYA KEC.GUNUNG TERANG;8.12E+10;;2051570;34593;90052442;90052442;Rudi Anggoro;F2 GT;Senin Genap;;08:00:00;;;;;;;;;;;2;69;Z00;0;34593;3042;18.04.2023;30.05.2025
3122049;TK.TUTI RIYANI;TIRTA KENCANA RW.1-2 KEL.TIRTA KENCANA KEC.TULANG BAWANG;8.57E+11;;2051239;34593;90052418;90052418;Yuda Nurisman;F2 GT;Rabu Ganjil;;;;;08:00:00;;;;;;;;2;14;Z00;0;34593;3042;18.04.2023;07.04.2025
3122068;TK MBK YULI;TOTO MULYO RT 001 RW 001 KEL TOTOMULYO KEC GUNUNG TERANG;8.23E+10;;2051630;34593;90052442;90052442;Rudi Anggoro;F2 GT;Senin Genap;;08:00:00;;;;;;;;;;;2;14;Z00;0;34593;3042;18.04.2023;01.08.2025
5767599;DONALD CELL;JL RONGGOLAWE RT 001 RW 001 KEL DWI WARGA TUNGGAL JAYA;8.54E+10;;2051149;34595;90052449;90052449;Beni Saputra;F2 GT;Kamis Ganjil;;;;;;;08:00:00;;;;;;2;14;Z00;0;34595;3042;27.01.2026;27.01.2026
5793412;TK JEFANYA;TRI MULYA JAYA RT 003 RW 004 KEC BANJAR AGUNG;8.59E+10;;2051131;34595;90052449;90052449;Beni Saputra;F2 GT;Kamis Ganjil;;;;;;;08:00:00;;;;;;2;14;Z00;0;34595;3042;25.02.2026;25.02.2026
3211337;TK.ANDI MART;BANGUN JAYA RT.13-3 KEL.BANGUN JAYA KEC.TANJUNG RAYA;8.54E+10;;2051143;34593;90052442;90052442;Rudi Anggoro;F2 GT;Jumat Genap;;;;;;;;;;08:00:00;;;2;69;Z00;0;34593;3042;03.05.2023;12.06.2025
5793966;TK SUJIO;AJI JAYA KNPI RT 003 RW 005 KEC GEDUNG AJI;8.13E+10;;2051183;34593;90052449;90052449;Beni Saputra;F2 GT;Kamis Ganjil;;;;;;;08:00:00;;;;;;2;14;Z00;0;34593;3042;27.02.2026;27.02.2026
3212792;TK ARVI;DSN DAYA MURNI RT 002 RW 002 KEL DAYA MURNI KEC TUMIJAJAR;8.22E+10;;2051077;34692;90052418;90052418;Yuda Nurisman;F2 GT;Kamis Ganjil;;;;;;;08:00:00;;;;;;2;58;Z00;0;34692;3042;03.05.2023;12.11.2025
3212803;SRC SUKIRNO;MARGA KENCANA RT.4-1 KEL.MARGA KENCANA KEC.TULANG BAWANG;8.53E+10;;2051077;34593;90052418;90052418;Yuda Nurisman;F2 GT;Kamis Ganjil;;;;;;;08:00:00;;;;;;2;69;Z00;0;34593;3042;03.05.2023;15.05.2025
3212806;TK VIKA;MARGA KENCANA RT 007 RW 002 KEL MARGA KENCANA;8.58E+10;;2051077;34593;90052418;90052418;Yuda Nurisman;F2 GT;Kamis Ganjil;;;;;;;08:00:00;;;;;;2;14;Z00;0;34593;3042;03.05.2023;27.11.2025
3212970;TK ANUGERAH;CANDRA KENCANA RT 027 RW 005 KEL CANDRA KENCANA KEC TULANG;8.14E+10;;2051238;34693;90052418;90052418;Yuda Nurisman;F2 GT;Kamis Genap;;;;;;;;08:00:00;;;;;2;14;Z00;0;34693;3042;03.05.2023;01.04.2026
3212971;WR BUDE ARI;CANDRA KENCANA RT 027 RW 005 KEL CANDRA KENCANA KEC TULANG;8.23E+10;;2051238;34593;90052418;90052418;Yuda Nurisman;F2 GT;Kamis Genap;;;;;;;;08:00:00;;;;;2;14;Z00;0;34593;3042;03.05.2023;15.12.2025
3245760;TK.RASKA;BUKO POSO RT.1-7 KEL.BUKO POSO KEC.WAY SERDANG;8.22E+10;;2051145;34593;90052442;90052442;Rudi Anggoro;F2 GT;Senin Ganjil;08:00:00;;;;;;;;;;;;2;58;Z00;0;34593;3042;09.05.2023;08.07.2025
3245761;TK R-TANJUNG;PULUNG KENCANA RT 006 RW 004 KEL PULUNG KENCANA KEC TULANG;8.13E+09;;2051237;34593;90052418;90052418;Yuda Nurisman;F2 GT;Kamis Ganjil;;;;;;;08:00:00;;;;;;2;14;Z00;0;34593;3042;09.05.2023;11.03.2026
3245764;TK.SEMBAKO ALIF RIFKI;TRI TUNGGAL JAYA RT.6-2 KEL.TRI TUNGGAL JAYA KEC.BANJAR;8.54E+10;;2051164;34593;90052301;90052301;Ihwal Bayu Saddera;F4 GT;Selasa;;;08:00:00;08:00:00;;;;;;;;;2;58;Z00;0;34593;3042;09.05.2023;15.05.2025
5799090;TK ALFI MART;KP AJI JAYA KNPI KEC GEDUNG AJI;8.53E+10;;2051183;34682;90052449;90052449;Beni Saputra;F2 GT;Kamis Ganjil;;;;;;;08:00:00;;;;;;2;14;Z00;0;34682;3042;06.03.2026;06.03.2026
3321827;TK.DUA PUTRI;TIRTA KENCANA RT.23-4 KEL.TIRTA KENCANA KEC.TULANG BAWANG;8.53E+10;;2051239;34593;90052418;90052418;Yuda Nurisman;F2 GT;Rabu Ganjil;;;;;08:00:00;;;;;;;;2;69;Z00;0;34593;3042;22.05.2023;21.02.2025
5831229;TK AKBAR CELL 2;BANJAR AGUNG RT 001 RW 003 KEC. BANJAR AGUNG;;8.53E+10;2051145;34595;90052449;90052449;Beni Saputra;F2 GT;Kamis Ganjil;;;;;;;08:00:00;;;;;;2;14;Z00;0;34595;3042;20.05.2026;20.05.2026
209208;TK BU YANI;GEDUNG HARAPAN RT 005 RW 002 KEL GEDUNG HARAPAN KEC PENAWAR;8.24E+10;;2051167;34595;90052449;90052449;Beni Saputra;F2 GT;Kamis Genap;;;;;;;;08:00:00;;;;;2;14;Z00;0;34595;3042;02.01.2014;15.08.2025
2893079;WR ARIS;GEDUNG REJO SAKTI RT 007 RW 003 KEL GEDUNG REJO SAKTI;8.22E+10;;2051167;34593;90052449;90052449;Beni Saputra;F2 GT;Kamis Genap;;;;;;;;08:00:00;;;;;2;58;Z00;0;34593;3042;03.03.2023;15.08.2025
3398547;TK SRC EKO BOWO;MUARA TENANG TIMUR RT 001 RW 001 KEL MUARA TENANG TIMUR;8.24E+10;;2051573;34593;90052442;90052442;Rudi Anggoro;F2 GT;Jumat Ganjil;;;;;;;;;08:00:00;;;;2;58;Z00;0;34593;3042;08.06.2023;13.10.2025
3398549;TK.SEMBAKO MBAH JINEM;MULYA KENCANA RT.5-2 KEL.MULYA KENCANA KEC.TULANG BAWANG;6.29E+12;;2051238;34593;90052301;90052301;Ihwal Bayu Saddera;F4 GT;Senin;08:00:00;08:00:00;;;;;;;;;;;2;13;Z00;0;34593;3042;08.06.2023;05.02.2025
3398550;TK.ITA;JL.MAHAROW BATANG RT.4-2 NO.280 KEL.MENGGALA TENGAH;8.23E+10;;2051185;34593;90052418;90052418;Yuda Nurisman;F2 GT;Senin Genap;;08:00:00;;;;;;;;;;;2;69;Z00;0;34593;3042;08.06.2023;23.04.2025
2893169;WR IMAM JAYA;PASAR BATANG RT 003 RW 001 KEL PASAR BATANG KEC PENAWAR AJI;8.78E+10;;2051167;34593;90052449;90052449;Beni Saputra;F2 GT;Kamis Genap;;;;;;;;08:00:00;;;;;2;14;Z00;0;34593;3042;03.03.2023;10.06.2026
3427068;WR LESTARI/ENI LINA KUSMIATI;WARGA MAKMUR JAYA RT 003 RW 005 KEL WARGA MAKMUR JAYA;8.14E+10;;2051148;34593;90052418;90052418;Yuda Nurisman;F2 GT;Jumat Genap;;;;;;;;;;08:00:00;;;2;14;Z00;0;34593;3042;14.06.2023;11.08.2025
3435705;WR.SRC DARMADI;BAWANG SAKTI JAYA RT.2-1 KEL.BAWANG SAKTI JAYA;8.23E+10;;2051176;34593;90052418;90052418;Yuda Nurisman;F2 GT;Selasa Genap;;;;08:00:00;;;;;;;;;2;58;Z00;0;34593;3042;16.06.2023;11.07.2025
3464053;WR IIN;TITRA KENCANA RT.32-8 KEL.TIRTA KENCANA KEC.TULANG BAWANG;8.23E+10;;2051239;34593;90052418;90052418;Yuda Nurisman;F2 GT;Jumat Ganjil;;;;;;;;;08:00:00;;;;2;69;Z00;0;34593;3042;21.06.2023;11.06.2025
3584685;TK FAISAL;MUARA TENANG RT 012 RW 004 KEL MUARA TENANG KEC TANJUNG RAYA;8.12E+10;;2051573;34593;90052442;90052442;Rudi Anggoro;F2 GT;Jumat Genap;;;;;;;;;;08:00:00;;;2;14;Z00;0;34593;3042;11.07.2023;13.05.2026
2913549;WR DEVI SRIAMI;PASAR BATANG RT 010 RW 003 KEL BATANG HARI KEC PENAWAR AJI;8.23E+10;;2051167;34593;90052449;90052449;Beni Saputra;F2 GT;Kamis Genap;;;;;;;;08:00:00;;;;;2;14;Z00;0;34593;3042;06.03.2023;10.06.2026
2913560;WR KHOTIJAH;BANGUN REJO RT 005 RW 003 KEL BANGUN REJO KEC MERAKSA AJI;8.53E+10;;2051167;34593;90052449;90052449;Beni Saputra;F2 GT;Kamis Genap;;;;;;;;08:00:00;;;;;2;14;Z00;0;34593;3042;06.03.2023;12.06.2026
3692859;TK FAIZ;WIRA BANGUN RT.1-5 KEL.WIRA BANGUN KEC.SIMPANG PEMATANG;8.53E+10;;2051382;34593;90052442;90052442;Rudi Anggoro;F2 GT;Sabtu Genap;;;;;;;;;;;;08:00:00;2;58;Z00;0;34593;3042;28.07.2023;14.07.2025
3730312;TOKO PAK SURYANI (PAK SUR);ADI KARYA MULYA RT.1-1 KEL.ADI KARYA MULYA KEC.PACA JAYA;8.95E+10;;2051682;34593;90052442;90052442;Rudi Anggoro;F2 GT;Selasa Ganjil;;;08:00:00;;;;;;;;;;2;13;Z00;0;34593;3042;02.08.2023;18.02.2025
3781370;WR PATMI;MEKAR SARI JAYA RT.5-2 KEL.MEKAR SARI JAYA KEC.LAMBU KIBANG;8.22E+10;;2051149;34593;90052418;90052418;Yuda Nurisman;F2 GT;Sabtu Ganjil;;;;;;;;;;;08:00:00;;2;69;Z00;0;34593;3042;10.08.2023;13.02.2025
3781399;TK SUSI ARSA;BALAM ASRI RT.2-2 KEL.BALAM ASRI KEC.WAY KENANGA;8.58E+10;;2051175;34595;90052301;90052301;Ihwal Bayu Saddera;F4 GT;Kamis;;;;;;;08:00:00;08:00:00;;;;;2;58;Z00;0;34595;3042;10.08.2023;10.02.2025
2913594;WR SERLY;GEDUNG REJO SAKTI RT 012 RW 004 KEL GEDUNG REJO SAKTI;8.23E+10;;2051167;34593;90052449;90052449;Beni Saputra;F2 GT;Kamis Genap;;;;;;;;08:00:00;;;;;2;58;Z00;0;34593;3042;06.03.2023;27.08.2025
3781460;TK MARMI;CATUR KARYA BUANA JAYA RT.1-4 KEL.CATUR KARYA BUANA JAYA;8.23E+10;;2051183;34595;90052301;90052301;Ihwal Bayu Saddera;F4 GT;Selasa;;;08:00:00;08:00:00;;;;;;;;;2;13;Z00;0;34595;3042;10.08.2023;22.05.2025
3831172;ETIH FARIDA;PAGAR JAYA RT.3-1 KEL.PAGAR JAYA KEC.LAMBU KIBANG;8.22E+10;;2051149;34593;90052418;90052418;Yuda Nurisman;F2 GT;Sabtu Ganjil;;;;;;;;;;;08:00:00;;2;14;Z00;0;34593;3042;19.08.2023;15.01.2025
3831653;SANTI;PAGAR JAYA RT.8-2 KEL.PAGAR JAYA KEC.LAMBU KIBANG;8.54E+10;;2051149;34593;90052418;90052418;Yuda Nurisman;F2 GT;Sabtu Ganjil;;;;;;;;;;;08:00:00;;2;69;Z00;0;34593;3042;19.08.2023;15.01.2025
3860167;TOKO GALIH;SUKA MANDIRI RT.1-1 KEL.SUKA MANDIRI KEC.WAY SERDANG;8.23E+10;;2051171;34593;90052442;90052442;Rudi Anggoro;F2 GT;Kamis Ganjil;;;;;;;08:00:00;;;;;;2;58;Z00;0;34593;3042;24.08.2023;26.05.2025
3861425;WR MAK YUN;BUJUNG SARI MARGA RT.2-2 KEL.BUJUNG SARI MARGA KEC.PAGAR;8.58E+10;;2051178;34593;90052418;90052418;Yuda Nurisman;F2 GT;Selasa Genap;;;;08:00:00;;;;;;;;;2;69;Z00;0;34593;3042;24.08.2023;06.01.2025
2913602;WR.SRI WAHYUNI;KARYA BHAKTI RT.2-1 KEL.KARYA BHAKTI KEC.MERAKSA AJI;8.53E+10;;2051166;34593;90052449;90052449;Beni Saputra;F2 GT;Kamis Genap;;;;;;;;08:00:00;;;;;2;69;Z00;0;34593;3042;06.03.2023;26.06.2025
3903210;WR RITA;MUARA TENANG TIMUR RT.9-3 KEL.MUARA TENANG TIMUR;8.23E+10;;2051573;34593;90052442;90052442;Rudi Anggoro;F2 GT;Jumat Genap;;;;;;;;;;08:00:00;;;2;69;Z00;0;34593;3042;01.09.2023;21.02.2025
3907339;TOKO MBA ENDANG;FAJAR BARU RT.12-6 KEL.FAJAR BARU KEC.PANCA JAYA;8.23E+10;;2051682;34593;90052301;90052301;Ihwal Bayu Saddera;F4 GT;Jumat;;;;;;;;;08:00:00;08:00:00;;;2;13;Z00;0;34593;3042;02.09.2023;23.06.2025
3971628;WR KEISHA;TOTO MULYO RT 003 RW 001 KEL TOTO MULYO KEC GUNUNG TERANG;8.23E+10;;2051630;34593;90052442;90052442;Rudi Anggoro;F2 GT;Senin Genap;;08:00:00;;;;;;;;;;;2;69;Z00;0;34593;3042;13.09.2023;17.07.2025
4079244;WR DWI PRASETYO;LESUNG BHAKTI JAYA RT.12-3 KEL.LESUNG BHAKTI JAYA KEC.LAMBU;8.22E+10;;2051178;34593;90052418;90052418;Yuda Nurisman;F2 GT;Selasa Genap;;;;08:00:00;;;;;;;;;2;58;Z00;0;34593;3042;02.10.2023;13.06.2025
4091523;TK.INTAN;AGUNG JAYA RT 008 RW 002 KEL AGUNG JAYA KEC WAY KENANGA;8.24E+10;;2051149;34593;90052301;90052301;Ihwal Bayu Saddera;F4 GT;Kamis;;;;;;;08:00:00;08:00:00;;;;;2;13;Z00;0;34593;3042;05.10.2023;15.07.2025
4091662;TK BU KATINAH;KIBANG MULYA JAYA RT 012 RW 004 KEL KIBANG MULYA KEC LAMBU;8.23E+10;;2051392;34593;90052418;90052418;Yuda Nurisman;F2 GT;Senin Ganjil;08:00:00;;;;;;;;;;;;2;14;Z00;0;34593;3042;05.10.2023;01.04.2026
4091667;TK.ADHE CELL;MEKAR JAYA RT 002 RW 002 KEL MEKAR JAYA KEC GUNUNG AGUNG;8.54E+10;;2051152;34593;90052301;90052301;Ihwal Bayu Saddera;F4 GT;Kamis;;;;;;;08:00:00;08:00:00;;;;;2;13;Z00;0;34593;3042;05.10.2023;15.07.2025
2913605;WR.JAYA MANDIRI;DS.KECUBUNG MULYA RT.3-4 KEL.KECUBUNG RAYA KEC.GEDUNG AJI;8.87E+10;;2051165;34593;90052449;90052449;Beni Saputra;F2 GT;Kamis Genap;;;;;;;;08:00:00;;;;;2;69;Z00;0;34593;3042;06.03.2023;16.06.2025
4091686;TK BUNGA WMJ;WARGA MAKMUR JAYA RT 001 RW 004 KEL WARGA MAKMUR JAYA;8.20E+10;;2051148;34593;90052418;90052418;Yuda Nurisman;F2 GT;Jumat Genap;;;;;;;;;;08:00:00;;;2;14;Z00;0;34593;3042;05.10.2023;19.02.2026
4091813;TK.BU WINDI;KIBANG TRI JAYA RT.18-4 KEL.KIBANG TRI JAYA KEC.LAMBU KIBANG;8.23E+10;;2051149;34593;90052418;90052418;Yuda Nurisman;F2 GT;Senin Ganjil;08:00:00;;;;;;;;;;;;2;69;Z00;0;34593;3042;05.10.2023;28.03.2025
4091939;WR.MELSI;JL LINTAS TIMUR RT 005 RW 3 KEL CAHYOU RANDU KEC PAGAR DEWA;8.54E+10;;2051176;34593;90052418;90052418;Yuda Nurisman;F2 GT;Selasa Ganjil;;;08:00:00;;;;;;;;;;2;14;Z00;0;34593;3042;05.10.2023;01.04.2026
2913651;WR MBAK TITIN;DS PASAR BATANG RT 011 RW 004 KEL BATANG HARI KEC PENAWAR;8.83E+10;;2051167;34593;90052449;90052449;Beni Saputra;F2 GT;Kamis Genap;;;;;;;;08:00:00;;;;;2;58;Z00;0;34593;3042;06.03.2023;17.10.2025
4102456;WR ANISSA;WIRA BANGUN RT 004 RW 002 KEL WIRA BANGUN KEC SIMPANG;8.14E+10;;2051382;34698;90052442;90052442;Rudi Anggoro;F2 GT;Sabtu Genap;;;;;;;;;;;;08:00:00;2;69;Z00;0;34698;3042;06.10.2023;11.09.2025
4145736;TOKO MBAK DWI;GUNUNG AGUNG RT.18-5 KEL.GUNUNG AGUNG KEC.GUNUNG TERANG;6.29E+12;;2051149;34593;90052442;90052442;Rudi Anggoro;F2 GT;Rabu Genap;;;;;;08:00:00;;;;;;;2;69;Z00;0;34593;3042;14.10.2023;08.04.2025
4209075;TK HAFIZ;INDRALOKA JAYA RT.5-6 KEL.INDRALOKA II KEC.WAY KENANGA;8.24E+10;;2051180;34595;90052442;90052442;Rudi Anggoro;F2 GT;Selasa Genap;;;;08:00:00;;;;;;;;;2;69;Z00;0;34595;3042;26.10.2023;07.01.2025
4325131;WR SITI AMINAH;WIRA BANGUN RT 006 RW 001 KEL WIRA BANGUN KEC SIMPANG;8.23E+10;;2051382;34698;90052442;90052442;Rudi Anggoro;F2 GT;Sabtu Genap;;;;;;;;;;;;08:00:00;2;14;Z00;0;34698;3042;17.11.2023;10.04.2026
4347547;SENTRA MART;SUKA JAYA RT.6-3 KEL.SUKA JAYA KEC.GUNUNG AGUNG;6.28E+12;;2051152;34593;90052301;90052301;Ihwal Bayu Saddera;F4 GT;Kamis;;;;;;;08:00:00;08:00:00;;;;;2;58;Z00;0;34593;3042;21.11.2023;05.02.2025
4351496;TK.ANAYA;MARGA KENCANA RT.12-3 KEL.MARGA KENCANA KEC.TULANG BAWANG;8.53E+10;;2051077;34593;90052301;90052301;Ihwal Bayu Saddera;F4 GT;Senin;08:00:00;08:00:00;;;;;;;;;;;2;13;Z00;0;34593;3042;22.11.2023;15.05.2025
4359452;WR TUTIK MARYANTI;TEGAL ARUM RT.2-1 KEL.KIBANG MULYA JAYA KEC.LAMBU KIBANG;8.13E+10;;2051149;34593;90052418;90052418;Yuda Nurisman;F2 GT;Sabtu Genap;;;;;;;;;;;;08:00:00;2;14;Z00;0;34593;3042;24.11.2023;17.03.2025
4431209;TK.GEMBULS BUJUNG BURING;BUJUNG BURING RT.12-6 KEL.BUJUNG BURING KEC.TANJUNG RAYA;8.23E+10;;2051144;34593;90052442;90052442;Rudi Anggoro;F2 GT;Sabtu Ganjil;;;;;;;;;;;08:00:00;;2;14;Z00;0;34593;3042;07.12.2023;06.02.2025
5341310;WR.DIAN DIANA;KECUBUNG MULYA RT.3-2 KEL.KECUBUNG MULYA KEC.GEDUNG AJI;8.54E+10;;2051165;34593;90052449;90052449;Beni Saputra;F2 GT;Kamis Genap;;;;;;;;08:00:00;;;;;2;14;Z00;0;34593;3042;11.11.2024;16.06.2025
4456325;WR AL FATIH;CANDRA JAYA RT 010 RW 003 KEL CANDRA JAYA KEC TULANG BAWANG;8.22E+10;;2051237;34693;90052418;90052418;Yuda Nurisman;F2 GT;Kamis Ganjil;;;;;;;08:00:00;;;;;;2;14;Z00;0;34693;3042;22.12.2023;19.05.2026
4496123;TK.SIWI MUARA TENANG;SRIWIJAYA RT.6-3 KEL.SRIWIJAYA KEC.TANJUNG RAYA;8.23E+10;;2051573;34593;90052442;90052442;Rudi Anggoro;F2 GT;Jumat Ganjil;;;;;;;;;08:00:00;;;;2;69;Z00;0;34593;3042;09.01.2024;13.02.2025
4554258;WR SUSI;PANARAGAN JAYA RT.3-7 KEL.PANARAGAN JAYA KEC.TULANG BAWANG;8.13E+10;;2051085;34693;90052418;90052418;Yuda Nurisman;F2 GT;Rabu Ganjil;;;;;08:00:00;;;;;;;;2;14;Z00;0;34693;3042;29.01.2024;23.04.2025
4582342;TK.FIFIT;MUARA TENANG TIMUR RT.2-1 KEL.MUARA TENANG TIMUR KEC.TANJUNG;8.23E+10;;2051573;34593;90052442;90052442;Rudi Anggoro;F2 GT;Jumat Ganjil;;;;;;;;;08:00:00;;;;2;58;Z00;0;34593;3042;07.02.2024;22.05.2025
5490503;TK.YOHANES;DESA BINA BUMI KEL.BINA BUMI KEC.MEMAKSA AJI;8.54E+10;;2051166;30959;90052449;90052449;Beni Saputra;F2 GT;Kamis Genap;;;;;;;;08:00:00;;;;;2;14;Z00;0;30959;3042;03.02.2025;03.02.2025
4583718;TOKO BIRU;TIYUH TUNGGAL WARGA RT 02 RW 04 KEC BANJAR AGUNG;6.29E+12;;2051148;34595;90052418;90052418;Yuda Nurisman;F2 GT;Jumat Genap;;;;;;;;;;08:00:00;;;2;14;Z00;0;34595;3042;07.02.2024;23.12.2024
5542039;TK.NIA;BINA BUMI RT.9-7 KEL.BINA BUMI KEC.MERAKSA AJI;8.54E+10;;2051167;34593;90052449;90052449;Beni Saputra;F2 GT;Kamis Genap;;;;;;;;08:00:00;;;;;2;69;Z00;0;34593;3042;05.03.2025;26.06.2025
4627679;TK.PAK GOFUR DKM;DWI KARYA MUSTIKA RT.18-4 KEL.DWI KARYA MUSTIKA;8.53E+10;;2051153;34593;90052442;90052442;Rudi Anggoro;F2 GT;Jumat Ganjil;;;;;;;;;08:00:00;;;;2;69;Z00;0;34593;3042;20.02.2024;03.07.2025
4716660;TK.INDO KUOTA;GEDUNG KARYA JITU RT.1-1 KEL.GEDUNG KARYA JITU;8.52E+10;;2051140;34593;90052301;90052301;Ihwal Bayu Saddera;F4 GT;Sabtu;;;;;;;;;;;08:00:00;08:00:00;2;67;Z00;0;34593;3042;12.03.2024;04.06.2025
5554333;TK.ABI;GEDUNG HARAPAN KEL.GEDUNG HARAPAN KEC.PENAWAR AJI;8.54E+10;;2051167;34593;90052449;90052449;Beni Saputra;F2 GT;Kamis Genap;;;;;;;;08:00:00;;;;;2;69;Z00;0;34593;3042;20.03.2025;20.03.2025
4796981;TK SRI;MULYA JAYA RT 006 RW 002 KEL MULYA JAYA KEC GUNUNG AGUNG;8.24E+10;;2051152;34593;90052442;90052442;Rudi Anggoro;F2 GT;Rabu Genap;;;;;;08:00:00;;;;;;;2;58;Z00;0;34593;3042;29.03.2024;11.08.2025
5560851;TK.ZAIDAH;KECUBUNG JAYA KEL.KECUBUNG JAYA KEC.GEDUNG AJI;8.52E+10;;2051166;34681;90052449;90052449;Beni Saputra;F2 GT;Kamis Genap;;;;;;;;08:00:00;;;;;2;69;Z00;0;34681;3042;09.04.2025;09.04.2025
5560852;WR.MARTINI;KECUBUNG JAYA KEL.KECUBUNG JAYA KEC.GEDUNG AJI;8.58E+10;;2051166;34681;90052449;90052449;Beni Saputra;F2 GT;Kamis Genap;;;;;;;;08:00:00;;;;;2;14;Z00;0;34681;3042;09.04.2025;09.04.2025
5028918;TK.HANIN;DAYA MURNI RT 003 RW 002 KEL DAYA MURNI KEC TUMIJAJAR;8.58E+10;;2051237;34593;90052418;90052418;Yuda Nurisman;F2 GT;Kamis Ganjil;;;;;;;08:00:00;;;;;;2;58;Z00;0;34593;3042;26.05.2024;20.10.2025
5028919;TK.MBAK RINA MARGO MULYO;MARGO MULYO RT.1-1 KEL.MARGO MULYO KEC.MESUJI TIMUR;8.13E+10;;2051573;34593;90052442;90052442;Rudi Anggoro;F2 GT;Jumat Ganjil;;;;;;;;;08:00:00;;;;2;69;Z00;0;34593;3042;26.05.2024;24.03.2025
5073987;TK.RMD;TIRTA KENCANA RT 017 RW 005 KEL TIRTA KENCANA KEC TULANG;8.23E+10;;2051239;34593;90052418;90052418;Yuda Nurisman;F2 GT;Jumat Ganjil;;;;;;;;;08:00:00;;;;2;58;Z00;0;34593;3042;18.06.2024;17.10.2025
5123554;WR SRI KHOTIMAH;KIBANG YEKTI JAYA RT 021 RW 007 KEL KIBANG YEKTI JAYA;6.28E+12;;2051392;34593;90052418;90052418;Yuda Nurisman;F2 GT;Senin Ganjil;08:00:00;;;;;;;;;;;;2;14;Z00;0;34593;3042;12.07.2024;09.03.2026
5125577;WR NABILA;BERASAN MAKMUR RT.2-7 KEL.BERASAN MAKMUR KEC.TANJUNG RAYA;8.58E+10;;2051141;34593;90052442;90052442;Rudi Anggoro;F2 GT;Jumat Genap;;;;;;;;;;08:00:00;;;2;58;Z00;0;34593;3042;13.07.2024;22.05.2025
5191265;TK.INA;BUJUK AGUNG RT.2-2 KEL.BUJUK AGUNG KEC.BANJAR MARGO;8.54E+10;;2051179;34593;90052442;90052442;Rudi Anggoro;F2 GT;Selasa Genap;;;;08:00:00;;;;;;;;;2;58;Z00;0;34593;3042;09.08.2024;04.03.2025
5191266;TK AL BAROKAH;WONOREJO RT 006 RW 002 KEL WONO REJO KEC GUNUNG AGUNG;8.14E+09;;2051175;34593;90052418;90052418;Yuda Nurisman;F2 GT;Senin Ganjil;08:00:00;;;;;;;;;;;;2;14;Z00;0;34593;3042;09.08.2024;05.06.2026
5194371;WR. LESEHAN;KEBUN DALAM RT.2-2 KEL.KEBUN DALAM KEC.WAY SERDANG;8.13E+10;;2051169;34593;90052442;90052442;Rudi Anggoro;F2 GT;Kamis Genap;;;;;;;;08:00:00;;;;;2;58;Z00;0;34593;3042;10.08.2024;14.04.2025
5209343;WR. NUR;DESA MARGA JAYA RT.2-1 KEL.MARGA JAYA KEC.GUNUNG AGUNG;8.12E+10;;2051151;34593;90052442;90052442;Rudi Anggoro;F2 GT;Rabu Genap;;;;;;08:00:00;;;;;;;2;14;Z00;0;34593;3042;16.08.2024;05.05.2025
5216885;WR. MBA YUNI;SUMBER JAYA RT.8-3 KEL.SUMBER JAYA KEC.GUNUNG AGUNG;8.16E+10;;2051152;34595;90052442;90052442;Rudi Anggoro;F2 GT;Rabu Genap;;;;;;08:00:00;;;;;;;2;69;Z00;0;34595;3042;19.08.2024;22.01.2025
5566450;TK.2 PUTRI;KECUBUNG RAYA KEL.KECUBUNG RAYA KEC.MERAKSA AJI;8.23E+10;;2051166;34684;90052449;90052449;Beni Saputra;F2 GT;Kamis Genap;;;;;;;;08:00:00;;;;;2;14;Z00;0;34684;3042;21.04.2025;21.04.2025
5234737;WR BU MIMIN;DESA TUNAS JAYA SP1 MENGGALA C RT 023 RW 003 KEL GUNUNG;8.23E+10;;2051152;34595;90052442;90052442;Rudi Anggoro;F2 GT;Rabu Ganjil;;;;;08:00:00;;;;;;;;2;13;Z00;0;34595;3042;27.08.2024;15.09.2025
5235061;TK SEMBAKO YUMNA;JL.KH MUSTOFA RT 001 RW 001 KEL MARGA KENCANA KEC TULANG;6.28E+12;;2051237;34593;90052418;90052418;Yuda Nurisman;F2 GT;Kamis Ganjil;;;;;;;08:00:00;;;;;;2;13;Z00;0;34593;3042;27.08.2024;09.09.2025
5238992;TK ADAM TRAYA;MULYO JADI RT 013 RW 004 KEL MULYO JADI KEC GUNUNG TERANG;8.54E+10;;2051630;34593;90052442;90052442;Rudi Anggoro;F2 GT;Senin Genap;;08:00:00;;;;;;;;;;;2;69;Z00;0;34593;3042;30.08.2024;15.09.2025
5239176;TOKO AGUS;INDRALOKA II RT.9-3 KEL.INDRALOKA II KEC.WAY KENANGA;6.29E+12;;2051180;34593;90052442;90052442;Rudi Anggoro;F2 GT;Selasa Genap;;;;08:00:00;;;;;;;;;2;69;Z00;0;34593;3042;30.08.2024;30.05.2025
5258862;TK.ANDINI ETHANOL;WARGA MAKMUR JAYA RT.3-5 KEL.WARGA MAKMUR JAYA;8.23E+10;;2051148;34593;90052418;90052418;Yuda Nurisman;F2 GT;Jumat Genap;;;;;;;;;;08:00:00;;;2;14;Z00;0;34593;3042;12.09.2024;23.12.2024
5592480;TOKO MARZUKI;KECUBUNG MULYA RT/RW 003/002;6.28E+12;;2051165;34698;90052449;90052449;Beni Saputra;F2 GT;Kamis Genap;;;;;;;;08:00:00;;;;;2;58;Z00;0;34698;3042;28.06.2025;28.06.2025
5258882;TK.BERKAH DILI MANDIRI;PANCA WARNA RT.2-4 KEL.PANCA WARNA;8.22E+10;;2051171;34593;90052301;90052301;Ihwal Bayu Saddera;F4 GT;Kamis;;;;;;;08:00:00;08:00:00;;;;;2;58;Z00;0;34593;3042;12.09.2024;26.05.2025
5265097;TK.AAN INDRALOKA 1;INDRALOKA I RT.1-1 KEL.INDRALOKA I KEC.WAY KENANGA;8.23E+10;;2051145;34593;90052442;90052442;Rudi Anggoro;F2 GT;Senin Ganjil;08:00:00;;;;;;;;;;;;2;14;Z00;0;34593;3042;17.09.2024;17.04.2025
5268271;TK SRIWAHYUNI;DUSUN CEMPAKA JAYA RT 002 RW 002 KEC MENGALA TIMUR;8.53E+10;;2051176;34593;90052418;90052418;Yuda Nurisman;F2 GT;Selasa Genap;;;;08:00:00;;;;;;;;;2;14;Z00;0;34593;3042;19.09.2024;29.12.2025
5270130;WR ILMA;MEKAR JAYA RT.4-6 KEL.MEKAR JAYA KEC.GUNUNG AGUNG;6.28E+12;;2051152;34593;90052442;90052442;Rudi Anggoro;F2 GT;Rabu Ganjil;;;;;08:00:00;;;;;;;;2;69;Z00;0;34593;3042;20.09.2024;13.02.2025
5273529;TK.SALMA;INDRALOKA I RT11-4 KEL.INDRALOKA I KEC.WAY KENANGA;8.13E+10;;2051145;34593;90052442;90052442;Rudi Anggoro;F2 GT;Kamis Genap;;;;;;;;08:00:00;;;;;2;14;Z00;0;34593;3042;23.09.2024;09.06.2025
5277555;TK.HANIN MULYA;MULYA KENCANA RT.25-5 KEL.MULYA JAYA;8.13E+10;;2051238;34593;90052301;90052301;Ihwal Bayu Saddera;F4 GT;Senin;08:00:00;08:00:00;;;;;;;;;;;2;58;Z00;0;34593;3042;26.09.2024;10.02.2025
5282980;TK.SRI MULYA;KECUBUNG MULYA RT.3-4 KEL.KECUBUNG MULYA;8.59E+10;;2051165;34593;90052301;90052301;Ihwal Bayu Saddera;F4 GT;Selasa;;;08:00:00;08:00:00;;;;;;;;;2;13;Z00;0;34593;3042;30.09.2024;20.03.2025
5602131;WR TRIO;BANGUN REJO RT/RW 007/004 MERAKSA AJI;8.24E+10;;2051167;34593;90052449;90052449;Beni Saputra;F2 GT;Kamis Genap;;;;;;;;08:00:00;;;;;2;69;Z00;0;34593;3042;21.07.2025;21.07.2025
5294336;WR LESTARI;MULYA SARI RT.3-1KEL.MULYA SARI KEC.GUNUNG AGUNG;8.22E+10;;2051152;34595;90052442;90052442;Rudi Anggoro;F2 GT;Rabu Ganjil;;;;;08:00:00;;;;;;;;2;69;Z00;0;34595;3042;08.10.2024;05.02.2025
5303769;TK.ATHA;CANDRA MUKTI RT.5-1 KEL.CANDRA MUKTI KEC.TULANG BAWANG;6.28E+12;;2051237;34593;90052418;90052418;Yuda Nurisman;F2 GT;Kamis Ganjil;;;;;;;08:00:00;;;;;;2;58;Z00;0;34593;3042;15.10.2024;08.04.2025
5617997;WR LIA SEMBAKO;GEDUNG REJO SAKTI RT/RW 005/002, KEC PENAWAR AJI;8.24E+10;;2051167;34593;90052449;90052449;Beni Saputra;F2 GT;Kamis Genap;;;;;;;;08:00:00;;;;;2;58;Z00;0;34593;3042;19.08.2025;19.08.2025
5677197;WR MAMA GEN;TRI TUNGGAL JAYA RT/RW 005/002 KEL TRI TUNGGAL JAYA KEC PENA;6.28E+12;;2051167;34595;90052449;90052449;Beni Saputra;F2 GT;Kamis Genap;;;;;;;;08:00:00;;;;;2;58;Z00;0;34595;3042;12.11.2025;12.11.2025
5361995;MITRA UMART;KARYA MAKMUR RT 005 RW 003 KEL KARYA MAKMUR KEC PENAWAR AJI;8.16E+10;;2051167;34593;90052301;90052301;Ihwal Bayu Saddera;F4 GT;Selasa;;;08:00:00;08:00:00;;;;;;;;;2;13;Z00;0;34681;3042;25.11.2024;21.07.2025
5363055;TK.ZIAN BAROKAH;AGUNG JAYA RT.6-2 KEL.AGUNG JAYA KEC.WAY KENANGA;8.15E+10;;2051149;34593;90052418;90052418;Yuda Nurisman;F2 GT;Senin Ganjil;08:00:00;;;;;;;;;;;;2;14;Z00;0;34593;3042;26.11.2024;14.04.2025
5386913;WR.SUKANI;SUKA BHAKTI RT.13-4 KEL.SUKA BHAKTI KEC.GEDUNG AJI;8.53E+10;;2051137;34593;90052301;90052301;Ihwal Bayu Saddera;F4 GT;Sabtu;;;;;;;;;;;08:00:00;08:00:00;2;67;Z00;0;34593;3042;10.12.2024;10.03.2025
5392897;TOKO NAILA;SUMBER REJO RT.10-2 KEL.SUMBER REJO KEC.LAMBU KIBANG;8.12E+10;;2051149;34593;90052301;90052301;Ihwal Bayu Saddera;F4 GT;Rabu;;;;;08:00:00;08:00:00;;;;;;;2;13;Z00;0;34593;3042;13.12.2024;03.02.2025
5405987;TK.EDI;JL.ETHANOL ,TUNGGAL WARGA KEL.TUNGGAL WARGA KEC.BANJAR AGUNG;8.53E+10;;2051148;34684;90052418;90052418;Yuda Nurisman;F2 GT;Jumat Genap;;;;;;;;;;08:00:00;;;2;13;Z00;0;34684;3042;20.12.2024;20.12.2024
5405989;TK.CAHYO MAKMUR;JL.ETHANOL , WARGA MAKMUR JAYA KEL.WARGA MAKMUR JAYA KEC.BAN;8.54E+10;;2051148;34684;90052418;90052418;Yuda Nurisman;F2 GT;Jumat Genap;;;;;;;;;;08:00:00;;;2;69;Z00;0;34684;3042;20.12.2024;20.12.2024
5685603;TK ADITYA;GEDUNG REJO SAKTI RT/RW 012/004 KEC PENAWAR AJI;6.28E+12;;2051167;34593;90052449;90052449;Beni Saputra;F2 GT;Kamis Genap;;;;;;;;08:00:00;;;;;2;58;Z00;0;34593;3042;19.11.2025;19.11.2025
5686976;WR BU TUTI;GD REJO SAKTI RT/RW 007/002 KEC PENAWAR AJI;8.14E+10;;2051167;34593;90052449;90052449;Beni Saputra;F2 GT;Kamis Genap;;;;;;;;08:00:00;;;;;2;14;Z00;0;34593;3042;20.11.2025;20.11.2025
5405992;TK.DAFFA DEPPI;JL.SIMAMORA PENAWAR JAYA KEL.PENAWAR JAYA KEC.BANJAR MARGO;8.54E+10;;2051148;34682;90052301;90052301;Ihwal Bayu Saddera;F4 GT;Jumat;;;;;;;;;08:00:00;08:00:00;;;2;13;Z00;0;34682;3042;20.12.2024;20.12.2024
5406068;TK AGUNG;KIBANG BUDI JAYA KEL.KIBANG BUDI JAYA KEC.LAMBU KIBANG;6.29E+12;;2051149;34684;90052418;90052418;Yuda Nurisman;F2 GT;Sabtu Ganjil;;;;;;;;;;;08:00:00;;2;69;Z00;0;34684;3042;20.12.2024;20.12.2024
5687579;TK ZUNIATUN;GEDUNG HARAPAN RT/RW 007/001KEC PNWR AJI;8.24E+10;;2051186;34593;90052449;90052449;Beni Saputra;F2 GT;Kamis Genap;;;;;;;;08:00:00;;;;;2;58;Z00;0;34593;3042;21.11.2025;21.11.2025
5783283;TK SUMBER REZEKI;KECUBUNG MULYA RT 001 RW 002 KEC GEDUNG AJI;6.29E+12;;2051183;34593;90052449;90052449;Beni Saputra;F2 GT;Kamis Genap;;;;;;;;08:00:00;;;;;2;14;Z00;0;34593;3042;12.02.2026;12.02.2026
5424801;TK.MERI;DUSUN TAWAN INDAH KEL.LEBUH DALAM KEC.MENGGALA TIMUR;8.13E+10;;2051176;34618;90052418;90052418;Yuda Nurisman;F2 GT;Selasa Genap;;;;08:00:00;;;;;;;;;2;69;Z00;0;34618;3042;30.12.2024;30.12.2024
5424802;TK.NOVI;GUNUNG SAKTI KEL.LEBUH DALAM KEC.MENGGALA TIMUR;8.14E+10;;2051176;34618;90052418;90052418;Yuda Nurisman;F2 GT;Rabu Genap;;;;;;08:00:00;;;;;;;2;69;Z00;0;34618;3042;30.12.2024;30.12.2024
5424904;TK.ALI YANI;BAWANG SAKTI JAYA KEL.BAWANG SAKTI JAYA KEC.BANJAR BARU;8.13E+10;;2051176;34618;90052418;90052418;Yuda Nurisman;F2 GT;Selasa Genap;;;;08:00:00;;;;;;;;;2;69;Z00;0;34618;3042;30.12.2024;30.12.2024
5430058;VITA;LESUNG BHAKTI JAYA KEL.LESUNG BHAKTI JAYA KEC.LAMBU KIBANG;8.22E+10;;2051178;35364;90052418;90052418;Yuda Nurisman;F2 GT;Selasa Genap;;;;08:00:00;;;;;;;;;2;69;Z00;0;34593;3042;02.01.2025;02.01.2025
5431845;TK.BU MUL;DWI WARGA TUNGGAL JATA KEL.DWI WARGA TUNGGAL JAYA KEC.BANJAR;8.22E+10;;2051148;34684;90052301;90052301;Ihwal Bayu Saddera;F4 GT;Selasa;;;08:00:00;08:00:00;;;;;;;;;2;58;Z00;0;34684;3042;03.01.2025;03.01.2025
5834661;TK SEMBAKO ARETA;KECUBUNG RAYA RT 7 RW 2 KEL KECUBING RAYA KEC MERAKSA AJI;;8.58E+10;2051166;34681;90052449;90052449;Beni Saputra;F2 GT;Kamis Genap;;;;;;;;08:00:00;;;;;2;14;Z00;0;34681;3042;05.06.2026;05.06.2026
5834662;TK AZAM;JL CEMP PUTIH RT 10 RW 5 KEL KECUBUNG JAYA KEC GEDUNG AJI;;8.13E+10;2051183;34681;90052449;90052449;Beni Saputra;F2 GT;Kamis Genap;;;;;;;;08:00:00;;;;;2;14;Z00;0;34681;3042;05.06.2026;05.06.2026
5834663;TK PAK SAIMAN;KECUBUNG RAYA RT 3 RW 1 KEL KECUBUNG RAYA KEC MERAKSA AJI;;8.60E+10;2051166;34681;90052449;90052449;Beni Saputra;F2 GT;Kamis Genap;;;;;;;;08:00:00;;;;;2;14;Z00;0;34681;3042;05.06.2026;05.06.2026
5442878;ZYA CELL;DUSUN MARGA JAYA KEL.MENGGALA KEC.MENGGALA TIMUR;8.22E+10;;2051176;34682;90052418;90052418;Yuda Nurisman;F2 GT;Rabu Genap;;;;;;08:00:00;;;;;;;2;14;Z00;0;34682;3042;09.01.2025;09.01.2025
5835746;TK MBAK JUARI;PASAR BATANG RT 8 RW 3 KEL PASAR BATANG KEC PENAWAR AJI;;8.54E+10;2051166;34595;90052449;90052449;Beni Saputra;F2 GT;Kamis Genap;;;;;;;;08:00:00;;;;;2;14;Z00;0;34595;3042;10.06.2026;10.06.2026
5450000;TK.ZAQKY MART;SAKTI JAYA RT.8-3 KEL.SAKTI JAYA KEC.BATU PUTIH;8.22E+10;;2051570;34593;90052442;90052442;Rudi Anggoro;F2 GT;Senin Genap;;08:00:00;;;;;;;;;;;2;69;Z00;0;34593;3042;13.01.2025;22.05.2025
5450002;TK.WATIK;KEJADIAN RT.5-2 KEL.KEJADIAN KEC.WAY SERDANG;8.53E+10;;2051169;34593;90052442;90052442;Rudi Anggoro;F2 GT;Kamis Ganjil;;;;;;;08:00:00;;;;;;2;14;Z00;0;34593;3042;13.01.2025;19.03.2025
5450066;TK.MR CELL;AJI MURNI JAYA RT/RW 004/001 KEL.AJI MURNI JAYA;6.29E+12;;2051177;34593;90052418;90052418;Yuda Nurisman;F2 GT;Selasa Ganjil;;;08:00:00;;;;;;;;;;2;69;Z00;0;34593;3042;13.01.2025;06.02.2025
315345;TK.DEWI KURNIA;JL.DAHLIA RT.20-5 KEL.SIDOHARJO KEC.PENAWAR TAMA;8.22E+10;;2051398;34595;90052449;90052449;Beni Saputra;F2 GT;Rabu Ganjil;;;;;08:00:00;;;;;;;;2;69;Z00;0;34595;3042;28.10.2016;13.01.2025
5450118;TK MBAK RUM;LABUHAN MULYA RT.1-1 KEL.LABUHAN MULYA;8.22E+10;;2051171;34593;90052301;90052301;Ihwal Bayu Saddera;F4 GT;Kamis;;;;;;;08:00:00;08:00:00;;;;;2;58;Z00;0;34593;3042;13.01.2025;26.05.2025
5450813;BAKSO TENIS TETELAN;KAMPUNG DWI WARGA TUNGGAL JAYA KEL.DWI WARGA TUNGGALL JAYA K;8.13E+10;;2051148;34682;90052301;90052301;Ihwal Bayu Saddera;F4 GT;Selasa;;;08:00:00;08:00:00;;;;;;;;;2;13;Z00;0;34682;3042;13.01.2025;13.01.2025
5450814;TK.LISNA;TOTO MULYO KEC.TOTO MULYO KEC.GUNUNG TERANG;8.77E+10;;2051149;34683;90052442;90052442;Rudi Anggoro;F2 GT;Senin Genap;;08:00:00;;;;;;;;;;;2;69;Z00;0;34683;3042;13.01.2025;13.01.2025
5450838;TK.AFIKA;TOTO MULYO KEL.TOTO MULYO KEC.GUNUNG TERANG;8.54E+10;;2051149;34683;90052301;90052301;Ihwal Bayu Saddera;F4 GT;Rabu;;;;;08:00:00;08:00:00;;;;;;;2;67;Z00;0;34683;3042;13.01.2025;13.01.2025
5463688;TK IBU SUNITA;GUNUNG KATUN RT 002 RW 002 KEL GUNUNG KATUN TANJUNGAN;8.21E+10;;2051085;34593;90052418;90052418;Yuda Nurisman;F2 GT;Rabu Ganjil;;;;;08:00:00;;;;;;;;2;14;Z00;0;34593;3042;20.01.2025;23.01.2026
329969;TK.MITA BOGATAMA;KP.AIR MERAH BOGA TAMA RT.3-5 KEL.BOGATAMA KEC.PENAWAR TAMA;8.22E+10;;2051135;34595;90052449;90052449;Beni Saputra;F2 GT;Rabu Ganjil;;;;;08:00:00;;;;;;;;2;69;Z00;0;34595;3042;31.01.2017;20.03.2025
2893135;TK.RIKA;MAKARTI TAMA RT.2-9 KEL.MAKARTI TAMA KEC.GEDUNG AJI BARU;8.53E+10;;2051135;34593;90052449;90052449;Beni Saputra;F2 GT;Rabu Ganjil;;;;;08:00:00;;;;;;;;2;14;Z00;0;34593;3042;03.03.2023;21.02.2025
2893136;WR.LOLI;MAKARTI TAMA RT.3-10 KEL.MAKARTI TAMA KEC.GEDUNG AJI BARU;8.58E+10;;2051135;34593;90052449;90052449;Beni Saputra;F2 GT;Rabu Ganjil;;;;;08:00:00;;;;;;;;2;69;Z00;0;34593;3042;03.03.2023;04.06.2025
5479526;SRC YULI;KECUBUNG JAYA KEL.KECUBUNG KEC.GEDUNG AJI;8.22E+10;;2051166;34681;90052301;90052301;Ihwal Bayu Saddera;F4 GT;Selasa;;;08:00:00;08:00:00;;;;;;;;;2;13;Z00;0;34681;3042;28.01.2025;28.01.2025
5479621;TK.CAHAYA;JL. IV KIBANG KEL..KIBANG KEC.MENGGALA TENGAH;8.22E+10;;2051184;34614;90052418;90052418;Yuda Nurisman;F2 GT;Rabu Genap;;;;;;08:00:00;;;;;;;2;69;Z00;0;34614;3042;28.01.2025;28.01.2025
5479622;TK.IRWAN;JL.ASPOL LK UGU KEL.UJUNG GUNUNG KEC.MENGGALA;8.19E+10;;2051184;34611;90052418;90052418;Yuda Nurisman;F2 GT;Rabu Genap;;;;;;08:00:00;;;;;;;2;69;Z00;0;34611;3042;28.01.2025;28.01.2025
5490372;TK.ATIN;DESA SUKAMAJU KEC.SUKAMAJU KEC.BANJAR MARGO;8.14E+10;;2051164;34684;90052301;90052301;Ihwal Bayu Saddera;F4 GT;Selasa;;;08:00:00;08:00:00;;;;;;;;;2;58;Z00;0;34684;3042;03.02.2025;03.02.2025
2893137;WR RUSMINI;MAKARTI TAMA RT 003 RW 009 KEL MAKARTI TAMA KEC GEDUNG AJI;8.22E+10;;2051135;34593;90052449;90052449;Beni Saputra;F2 GT;Rabu Ganjil;;;;;08:00:00;;;;;;;;2;69;Z00;0;34593;3042;03.03.2023;16.09.2025
5499512;wr mbk heni;TEGAL SARI RT 009 RW 003 KEL KIBANG MULYA JAYA;8.58E+10;;2051392;34593;90052418;90052418;Yuda Nurisman;F2 GT;Sabtu Genap;;;;;;;;;;;;08:00:00;2;14;Z00;0;34593;3042;08.02.2025;10.06.2026
5508265;WR.RIFQI;BERASAN MAKMUR KEL.BERASAN MAKMUR KEC.TANJUNG RAYA;8.23E+10;;2051141;34692;90052442;90052442;Rudi Anggoro;F2 GT;Sabtu Ganjil;;;;;;;;;;;08:00:00;;2;69;Z00;0;34692;3042;13.02.2025;13.02.2025
5508266;AL-FALAH MART;SINAR LAGA KEL.SINAR LAGA KEC.TANJUNG RAYA;8.22E+10;;2051142;34692;90052442;90052442;Rudi Anggoro;F2 GT;Jumat Genap;;;;;;;;;;08:00:00;;;2;69;Z00;0;34692;3042;13.02.2025;13.02.2025
5509953;KANTIN OMA SMPN1 MENGGALLA;JL.IV KP.MENGGALA KEL.MENGGALA KOTA KEC.MENGGALA;8.57E+10;;2051184;34693;90052418;90052418;Yuda Nurisman;F2 GT;Rabu Genap;;;;;;08:00:00;;;;;;;2;90;Z00;0;34693;3042;14.02.2025;14.02.2025
5510328;Tani mulya;MEKAR JAYA RT.1-1 KEL.MEKAR JAYA KEC.GUNUNG AGUNG;8.14E+10;;2051152;34593;90052442;90052442;Rudi Anggoro;F2 GT;Rabu Ganjil;;;;;08:00:00;;;;;;;;2;14;Z00;0;34593;3042;14.02.2025;23.06.2025
2951168;WR BU WAGIYEM;PULO GADUNG RT 006 RW 002 KEL PULO GADUNG KEC PENAWAR TAMA;8.59E+10;;2051135;34593;90052449;90052449;Beni Saputra;F2 GT;Rabu Ganjil;;;;;08:00:00;;;;;;;;2;14;Z00;0;34593;3042;14.03.2023;09.06.2026
5518848;TOKO SELA;PULUNG KENCANA RT.0-0 KEL.PULUNG KENCANA KEC.TULANG BAWANG;6.29E+12;;2051237;34693;90052301;90052301;Ihwal Bayu Saddera;F4 GT;Senin;08:00:00;08:00:00;;;;;;;;;;;2;58;Z00;0;34693;3042;19.02.2025;22.04.2025
5521108;TK.RENI TJ.MENANG;WONOSARI KEL.WONOSARI KEC.MESUJI TIMUR;8.23E+10;;2051142;34692;90052442;90052442;Rudi Anggoro;F2 GT;Jumat Genap;;;;;;;;;;08:00:00;;;2;14;Z00;0;34692;3042;20.02.2025;20.02.2025
5523237;TK.RIA;JL.CENDANA PEMDA GUNUNG SAKTI KEL.MENGGALA SELATAN KEC.MENGG;8.79E+10;;2051184;16340;90052418;90052418;Yuda Nurisman;F2 GT;Rabu Genap;;;;;;08:00:00;;;;;;;2;69;Z00;0;16340;3042;21.02.2025;21.02.2025
5528217;SAMUDERA MART;JL.ASPOL NO.095 LK.UGU KEL.UJUNG GUNUNG KEC.MENGGALA;6.28E+12;;2051184;34693;90052418;90052418;Yuda Nurisman;F2 GT;Rabu Genap;;;;;;08:00:00;;;;;;;2;69;Z00;0;34693;3042;24.02.2025;24.02.2025
5528296;TK.AVISA;UJUNG GUNUNG KEL.UJUNG GUNUNG KEC.MENGGALA;8.54E+10;;2051184;34618;90052301;90052301;Ihwal Bayu Saddera;F4 GT;Senin;08:00:00;08:00:00;;;;;;;;;;;2;13;Z00;0;34618;3042;24.02.2025;24.02.2025
4582353;DEGA MART;BOGA TAMA RT.4-5 KEL.BOGA TAMA KEC.PENAWAR TAMA;8.53E+10;;2051135;34593;90052449;90052449;Beni Saputra;F2 GT;Rabu Ganjil;;;;;08:00:00;;;;;;;;2;69;Z00;0;34593;3042;07.02.2024;21.01.2025
5445048;TK.OLIV;JL.IMAM BONJOL KEL.SIDODADI KEC.PENAWAR TAMA;8.24E+10;;2051010;34593;90052449;90052449;Beni Saputra;F2 GT;Rabu Ganjil;;;;;08:00:00;;;;;;;;2;58;Z00;0;34593;3042;10.01.2025;10.01.2025
5539289;TK.IRPAN;MAKARTI TAMA KEL.MAKARTI TAMA KEC.GEDUNG AJI BARU;8.58E+10;;2051010;34595;90052449;90052449;Beni Saputra;F2 GT;Rabu Ganjil;;;;;08:00:00;;;;;;;;2;58;Z00;0;34595;3042;03.03.2025;03.03.2025
5536035;TOKO SABILA;PANARAGAN JAYA RT.1-5 KEL.PANARAGAN JAYA KEC.TULANG BAWANG;6.29E+12;;2051085;34593;90052301;90052301;Ihwal Bayu Saddera;F4 GT;Senin;08:00:00;08:00:00;;;;;;;;;;;2;58;Z00;0;34593;3042;01.03.2025;09.05.2025
5546732;TK.SRI MARYATI;MAKARITAMA KEL.MAKARITAMA KEC.GEDUNG AJI BARU;8.24E+10;;2051135;34593;90052449;90052449;Beni Saputra;F2 GT;Rabu Ganjil;;;;;08:00:00;;;;;;;;2;69;Z00;0;34593;3042;13.03.2025;13.03.2025
5539290;TK BINTANG;SIDANG GUNUNG TIGA RT 010 RW 002 KEL SIDANG GUNUNG TIGA;8.24E+10;;2051137;34596;90052301;90052301;Ihwal Bayu Saddera;F4 GT;Sabtu;;;;;;;;;;;08:00:00;08:00:00;2;13;Z00;0;34593;3042;03.03.2025;03.03.2025
5555901;TK.BU EMA;JL.DAHLIA KEL.SIDOHARJO KEC.PENAWAR TAMA;8.52E+10;;2051134;34593;90052449;90052449;Beni Saputra;F2 GT;Rabu Ganjil;;;;;08:00:00;;;;;;;;2;69;Z00;0;34593;3042;24.03.2025;24.03.2025
5575734;SUGI CELL;SIDOHARJO RT 009 RW 005 KEL SIDOHARJO KEC PENAWAR TAMA;8.54E+10;;2051398;34593;90052449;90052449;Beni Saputra;F2 GT;Rabu Ganjil;;;;;08:00:00;;;;;;;;2;58;Z00;0;34593;3042;16.05.2025;19.11.2025
5634336;TK FERDINAN;SETIA TAMA RT/RW 005/003 KEC GEDUNG AJI BARU;8.57E+10;;2051135;34593;90052449;90052449;Beni Saputra;F2 GT;Rabu Ganjil;;;;;08:00:00;;;;;;;;2;58;Z00;0;34593;3042;19.09.2025;19.09.2025
5634338;TK PUTU LANANG KABEH;SIDO MUKTI RT/RW 022/007 KEC GEDUNG AJI BARU;6.28E+12;;2051135;34593;90052449;90052449;Beni Saputra;F2 GT;Rabu Ganjil;;;;;08:00:00;;;;;;;;2;58;Z00;0;34593;3042;19.09.2025;19.09.2025
5543425;TK.ADILA;KEJADIAN KEL.KEJADIAN KEC.WAY SERDANG;8.24E+10;;2051169;34593;90052442;90052442;Rudi Anggoro;F2 GT;Kamis Ganjil;;;;;;;08:00:00;;;;;;2;14;Z00;0;34593;3042;07.03.2025;07.03.2025
5543426;TK.MAWAR;KEJADIAN KEL.KEJADIAN KEC.WAY SERDANG;8.23E+10;;2051169;34593;90052442;90052442;Rudi Anggoro;F2 GT;Kamis Ganjil;;;;;;;08:00:00;;;;;;2;14;Z00;0;34593;3042;07.03.2025;07.03.2025
5544712;TK.BU SRI;SUKA BHAKTI KEL.SUKA BHAKTI KEC.GEDUNG AJI BARU;8.23E+10;;2051137;34593;90052301;90052301;Ihwal Bayu Saddera;F4 GT;Sabtu;;;;;;;;;;;08:00:00;08:00:00;2;13;Z00;0;34593;3042;10.03.2025;10.03.2025
5640384;TK MBA SRI E1;JL CEMPAKA SIDOHARJO RT/RW 003/001 KEC PENAWAR TAMA;8.22E+10;;2051398;34593;90052449;90052449;Beni Saputra;F2 GT;Rabu Ganjil;;;;;08:00:00;;;;;;;;2;13;Z00;0;34593;3042;30.09.2025;30.09.2025
5547666;TK.SEMBAKO BUNDA;BUJUNG BURING KEL.BUJUNG BURING KEC.TANJUNG RAYA;8.22E+10;;2051144;34692;90052442;90052442;Rudi Anggoro;F2 GT;Sabtu Ganjil;;;;;;;;;;;08:00:00;;2;69;Z00;0;34692;3042;14.03.2025;14.03.2025
5684078;TK BERKAH 3 PUTRA;JL POROS BOGA TAMA RT/RW 004/001 KEC PENAWAR TAMA;8.24E+10;;2051134;34593;90052449;90052449;Beni Saputra;F2 GT;Rabu Ganjil;;;;;08:00:00;;;;;;;;2;58;Z00;0;34593;3042;18.11.2025;18.11.2025
5553311;TK.FANY;KEBUN DALAM KELKEBUN DALAM KEC.WAY SERDANG;8.21E+10;;2051169;34593;90052442;90052442;Rudi Anggoro;F2 GT;Kamis Genap;;;;;;;;08:00:00;;;;;2;58;Z00;0;34593;3042;18.03.2025;18.03.2025
5553312;TK.DELTA;KEBUN DALAM KELKEBUN DALAM KEC.WAY SERDANG;8.23E+10;;2051169;34593;90052442;90052442;Rudi Anggoro;F2 GT;Kamis Genap;;;;;;;;08:00:00;;;;;2;69;Z00;0;34593;3042;18.03.2025;18.03.2025
5687581;WR KANTIN MAMI;SIDOHARJO RT/RW 010/005 KEC PENAWAR TAMA;6.28E+12;;2051132;34593;90052449;90052449;Beni Saputra;F2 GT;Rabu Ganjil;;;;;08:00:00;;;;;;;;2;13;Z00;0;34593;3042;21.11.2025;21.11.2025
5554334;TK ASIH;GEDUNG REJO SAKTI RT 007 RW 003 KEL GEDUNG REJO SAKTI;6.29E+12;;2051167;34593;90052301;90052301;Ihwal Bayu Saddera;F4 GT;Selasa;;;08:00:00;08:00:00;;;;;;;;;2;58;Z00;0;34593;3042;20.03.2025;20.03.2025
5554733;WR MBK NING;KIBANG YEKTI JAYA RT 014 RW 001 KEL KIBANG YEKTI JAYA;8.77E+10;;2051392;34593;90052301;90052301;Ihwal Bayu Saddera;F4 GT;Rabu;;;;;08:00:00;08:00:00;;;;;;;2;13;Z00;0;34593;3042;21.03.2025;15.09.2025
5687583;WR SALSABILA MAULANA;JL ANGGREK POROS RT/RW 013/003 KEC PENAWAR TAMA;8.57E+10;;2051132;34593;90052449;90052449;Beni Saputra;F2 GT;Rabu Ganjil;;;;;08:00:00;;;;;;;;2;58;Z00;0;34593;3042;21.11.2025;21.11.2025
5555758;TK.RANGGA;BUKO POSO KEL.BUKA POSO KEC.WAY SERDANG;8.79E+10;;2051169;34593;90052442;90052442;Rudi Anggoro;F2 GT;Kamis Genap;;;;;;;;08:00:00;;;;;2;69;Z00;0;34593;3042;24.03.2025;24.03.2025
5555781;TK.MBAK APRI;SIMPANG MESUJI KEL.SIMPANG MESUJI KEC.SIMPANG PEMATANG;8.23E+10;;2051146;34699;90052301;90052301;Ihwal Bayu Saddera;F4 GT;Jumat;;;;;;;;;08:00:00;08:00:00;;;2;58;Z00;0;34699;3042;24.03.2025;24.03.2025
5776429;TK ZASKIA;JL. GURAME MAKARTI TAMA. MAKARTI TAMA;8.52E+10;;2051136;34595;90052449;90052449;Beni Saputra;F2 GT;Rabu Ganjil;;;;;08:00:00;;;;;;;;2;14;Z00;0;34595;3042;05.02.2026;05.02.2026
5556387;SRC ANTON P;TRI JAYA KEL.TRI JAYA KEC.PENAWARTAMA;8.54E+10;;2051134;34595;90052301;90052301;Ihwal Bayu Saddera;F4 GT;Sabtu;;;;;;;;;;;08:00:00;08:00:00;2;58;Z00;0;34595;3042;25.03.2025;25.03.2025
5802837;TK GUSTI;JL PAHLAWAN RT 007 RW 002 KEC PENAWAR TAMA;8.13E+10;;2051132;34682;90052449;90052449;Beni Saputra;F2 GT;Rabu Ganjil;;;;;08:00:00;;;;;;;;2;14;Z00;0;34682;3042;12.03.2026;12.03.2026
5810130;TK MANURUNG;SIDOHARJO RT 001 RW 001 KEC PENAWAR TAMA;8.58E+10;;2051132;34682;90052449;90052449;Beni Saputra;F2 GT;Rabu Ganjil;;;;;08:00:00;;;;;;;;2;14;Z00;0;34682;3042;26.03.2026;26.03.2026
5828227;TK KEMBAR;SIDOHARJO RT 006 RW 002 KEC PENAWAR TAMA;;8.24E+10;2051132;34682;90052449;90052449;Beni Saputra;F2 GT;Rabu Ganjil;;;;;08:00:00;;;;;;;;2;14;Z00;0;34682;3042;07.05.2026;07.05.2026
5559584;TK.MUMMY;SRI RAHAYU KEL.KAGUNGAN RAHAYU KEC.MENGGALA;8.53E+10;;2051185;34596;90052418;90052418;Yuda Nurisman;F2 GT;Senin Genap;;08:00:00;;;;;;;;;;;2;69;Z00;0;34596;3042;07.04.2025;07.04.2025
5559585;TOKO VIVI MART;MULYA KENCANA KEL.MULYA KENCANA KEC.TULANG BAWANG TENGAH;8.14E+10;;2051085;34693;90052418;90052418;Yuda Nurisman;F2 GT;Jumat Ganjil;;;;;;;;;08:00:00;;;;2;69;Z00;0;34693;3042;07.04.2025;07.04.2025
5559586;SRC.ERNA;CIMANGGUK II KEL.UJUNG GUNUNG ILIR KEC.MENGGALA;8.54E+10;;2051185;34681;90052418;90052418;Yuda Nurisman;F2 GT;Senin Genap;;08:00:00;;;;;;;;;;;2;58;Z00;0;34681;3042;07.04.2025;07.04.2025
5559588;TK.TRIMORDIA;MULYA KENCANA KEL.MULYA KENCANA KEC.TULANG BAWANG TENGAH;8.53E+10;;2051085;34693;90052418;90052418;Yuda Nurisman;F2 GT;Senin Genap;;08:00:00;;;;;;;;;;;2;14;Z00;0;34693;3042;07.04.2025;07.04.2025
5559589;TK.IBU MURSINI;GEDUNG DALAM KEL.UJUNG GUNUNG ILIR KEC.MENGGALA;8.53E+10;;2051185;34681;90052418;90052418;Yuda Nurisman;F2 GT;Senin Genap;;08:00:00;;;;;;;;;;;2;58;Z00;0;34681;3042;07.04.2025;07.04.2025
5559665;TK.HARIS;CANDRA JAYA KEL.CANDRA JAYA KEC.TULANG BAWANG TENGAH;8.53E+10;;2051085;34611;90052301;90052301;Ihwal Bayu Saddera;F4 GT;Senin;08:00:00;08:00:00;;;;;;;;;;;2;58;Z00;0;34611;3042;07.04.2025;07.04.2025
5559667;TK.ATTA;MURNI JAYA KEL.MURNI JAYA KEC.TUMIJAJAR;8.23E+10;;2051085;34693;90052418;90052418;Yuda Nurisman;F2 GT;Kamis Ganjil;;;;;;;08:00:00;;;;;;2;69;Z00;0;34693;3042;07.04.2025;07.04.2025
5835380;TK SEMBAKO AZZAHRA;ULO GADUNG RT 3 RW 1 KEL PULO GADUNG KEC PENAWAR TAMA;;8.22E+10;2051398;34593;90052449;90052449;Beni Saputra;F2 GT;Rabu Ganjil;;;;;08:00:00;;;;;;;;2;14;Z00;0;34593;3042;09.06.2026;09.06.2026
455005;TK RUDI ANDILA;SIDO MUKTI RT 018 RW 004 KEL SIDO MUKTI KEC GEDUNG AJI BARU;8.53E+10;;2051135;34593;90052449;90052449;Beni Saputra;F2 GT;Rabu Genap;;;;;;08:00:00;;;;;;;2;58;Z00;0;34593;3042;08.05.2019;17.10.2025
5560855;TK.GISENDA;SUMBER JAYA KEL.SUMBER JAYA KEC.GUNUNG AGUNG;8.58E+10;;2051152;34684;90052442;90052442;Rudi Anggoro;F2 GT;Rabu Ganjil;;;;;08:00:00;;;;;;;;2;14;Z00;0;34684;3042;09.04.2025;09.04.2025
5560856;SRC.NAIFA;DESA SUMBER JAYA KEL.SUMBER JAYA KEC.TULANG BAWANG BARAT;8.23E+10;;2051152;34684;90052442;90052442;Rudi Anggoro;F2 GT;Rabu Ganjil;;;;;08:00:00;;;;;;;;2;69;Z00;0;34684;3042;09.04.2025;09.04.2025
5561201;TK JUJUR SPUA;BUDI AJI RT 003 RW 003 KEL BUDI AJI KEC SIMPANG PEMATANG;8.58E+10;;2051682;34593;90052442;90052442;Rudi Anggoro;F2 GT;Selasa Ganjil;;;08:00:00;;;;;;;;;;2;69;Z00;0;34593;3042;09.04.2025;01.09.2025
5561591;KOPERASI KANTIN SEHATI;TUNGGAL WARGA KEL.TUNGGAL WARGA KEC.BANJAR AGUNG;6.28E+12;;2051148;34684;90052418;90052418;Yuda Nurisman;F2 GT;Jumat Genap;;;;;;;;;;08:00:00;;;2;90;Z00;0;34684;3042;10.04.2025;10.04.2025
592537;TK.MAK YUS;KP.SUKA BHAKTI RT.13-4 KEL.SUKA BHAKTI KEC.GEDUNG AJI BARU;8.13E+10;;2051137;34593;90052449;90052449;Beni Saputra;F2 GT;Rabu Genap;;;;;;08:00:00;;;;;;;2;69;Z00;0;34593;3042;14.10.2020;04.06.2025
5561594;TOKO RIZAL;PENUMANGAN KEL.PENUMANGAN KEC.TULANG BAWANG TENGAH;8.22E+10;;2051085;34693;90052418;90052418;Yuda Nurisman;F2 GT;Jumat Ganjil;;;;;;;;;08:00:00;;;;2;69;Z00;0;34693;3042;10.04.2025;10.04.2025
5561595;TOKO DALINA;PENUMANGAN KEL.PENUMANGAN KEC.TULANG BAWANG TENGAH;8.58E+10;;2051085;34693;90052418;90052418;Yuda Nurisman;F2 GT;Jumat Ganjil;;;;;;;;;08:00:00;;;;2;14;Z00;0;34693;3042;10.04.2025;10.04.2025
5561596;TOKO MUNANDAR;TIRTA KENCANA KEL.TIRTA KENCANA KEC.TULANG BAWANG TENGAH;8.23E+10;;2051085;34693;90052301;90052301;Ihwal Bayu Saddera;F4 GT;Senin;08:00:00;08:00:00;;;;;;;;;;;2;58;Z00;0;34693;3042;10.04.2025;10.04.2025
5562202;GUNS MART;BALAM JAYA RT.14-6 KEL.BALAM JAYA KEC.WAY KENANGA;6.28E+12;;2051175;34593;90052418;90052418;Yuda Nurisman;F2 GT;Senin Ganjil;08:00:00;;;;;;;;;;;;2;69;Z00;0;34593;3042;11.04.2025;14.04.2025
5562882;TOKO AGUS;TRI TUNGGAL JAYA KEL.TRI TUNGGAL JAYA KEC.WAY SERDANG;8.24E+10;;2051169;34684;90052442;90052442;Rudi Anggoro;F2 GT;Kamis Ganjil;;;;;;;08:00:00;;;;;;2;14;Z00;0;34684;3042;14.04.2025;14.04.2025
5562883;TK.MBA AMI;TRI TUNGGAL JAYA KEL.TRI TUNGGAL JAYA KEC.WAY SERDANG;8.58E+10;;2051169;34684;90052442;90052442;Rudi Anggoro;F2 GT;Kamis Ganjil;;;;;;;08:00:00;;;;;;2;69;Z00;0;34684;3042;14.04.2025;14.04.2025
5562884;TK.BU YEM;WIRA BANGUN KEL.WIRA BANGUN KEC.SIMPANG PEMATANG;8.13E+10;;2051382;34699;90052442;90052442;Rudi Anggoro;F2 GT;Sabtu Genap;;;;;;;;;;;;08:00:00;2;69;Z00;0;34699;3042;14.04.2025;14.04.2025
5562885;TK.ALIFAH CELL;JAYA SAKTI KEL.JAYA SAKTI KEC.SIMPANG PEMATANG;8.53E+10;;2051146;34699;90052442;90052442;Rudi Anggoro;F2 GT;Sabtu Genap;;;;;;;;;;;;08:00:00;2;69;Z00;0;34699;3042;14.04.2025;14.04.2025
5562886;KOP.PONDOK PESANTREN DARURROHM;MULYA KENCANA KEL.MULYA KENCANA KEC.TULANG BAWANG TENGAH;8.58E+10;;2051238;34693;90052301;90052301;Ihwal Bayu Saddera;F4 GT;Senin;08:00:00;08:00:00;;;;;;;;;;;2;90;Z00;0;34693;3042;14.04.2025;14.04.2025
5562887;TOKO SHERLYN;MULYA KENCANA KEL.MULYA KENCANA KEC.TULANG BAWANG TENGAH;8.23E+10;;2051085;34693;90052418;90052418;Yuda Nurisman;F2 GT;Kamis Genap;;;;;;;;08:00:00;;;;;2;69;Z00;0;34693;3042;14.04.2025;14.04.2025
5562888;TK.TRISNA MULYA;CANDRA JAYA KEL.CANDRA JAYA KEC.TULANG BAWANG TENGAH;8.13E+10;;2051085;34693;90052418;90052418;Yuda Nurisman;F2 GT;Kamis Genap;;;;;;;;08:00:00;;;;;2;69;Z00;0;34693;3042;14.04.2025;14.04.2025
5563256;TOKO ALDI;PAGAR DEWA SUKA MULYA KEL.PAGAR DEWA SUKA MULYA KEC.PAGAR D;8.52E+10;;2051149;38211;90052301;90052301;Ihwal Bayu Saddera;F4 GT;Rabu;;;;;08:00:00;08:00:00;;;;;;;2;13;Z00;0;38211;3042;14.04.2025;14.04.2025
2893131;WR.SABILA;MAKARTI TAMA RT.1-8 KEL.MAKARTI TAMA KEC.GEDUNG AJI BARU;8.23E+10;;2051136;34593;90052449;90052449;Beni Saputra;F2 GT;Rabu Genap;;;;;;08:00:00;;;;;;;2;69;Z00;0;34593;3042;03.03.2023;03.03.2025
5564160;RASYA CELL;PANARAGAN JAYA KEL.PANARAGAN JAYA KEC.TULANG BAWANG TENGAH;8.13E+09;;2051085;34693;90052301;90052301;Ihwal Bayu Saddera;F4 GT;Senin;08:00:00;08:00:00;;;;;;;;;;;2;58;Z00;0;34693;3042;15.04.2025;15.04.2025
5564161;TOKO AYU;PANUMPANGAN KEL.PENUMANGAN KEC.TULANG BAWANG TENGAH;6.29E+12;;2051085;34693;90052418;90052418;Yuda Nurisman;F2 GT;Jumat Ganjil;;;;;;;;;08:00:00;;;;2;69;Z00;0;34693;3042;15.04.2025;15.04.2025
5564162;KANTIN SDN 8 SIMPANG PEMATANG;SIMAPNG PEMATANG KEL.SIMAPANG PEMATANG KEC.SIMPANG PEMATANG;6.29E+12;;2051146;34699;90052301;90052301;Ihwal Bayu Saddera;F4 GT;Jumat;;;;;;;;;08:00:00;08:00:00;;;2;90;Z00;0;34699;3042;15.04.2025;15.04.2025
2893201;WR MBAK RONA;SIDOMEKAR RT 010 RW 003 KEL SIDOMEKAR KEC GEDUNG AJI BARU;8.54E+10;;2051136;34593;90052449;90052449;Beni Saputra;F2 GT;Rabu Genap;;;;;;08:00:00;;;;;;;2;14;Z00;0;34593;3042;03.03.2023;12.02.2026
5565355;KANTIN PONPES AL-FALAH;PANARAGAN JAYA KEL.PANARAGAN JAYA KEC.TULANG BAWANG TENGAH;6.29E+13;;2051085;34693;90052418;90052418;Yuda Nurisman;F2 GT;Rabu Ganjil;;;;;08:00:00;;;;;;;;2;90;Z00;0;34693;3042;17.04.2025;17.04.2025
5566395;TOKO ARTHA;BUMI HARAPAN KEL.BUMI HARAPAN KEC.WAY SERDANG;8.52E+10;;2051169;34684;90052442;90052442;Rudi Anggoro;F2 GT;Kamis Genap;;;;;;;;08:00:00;;;;;2;69;Z00;0;34684;3042;21.04.2025;21.04.2025
5566396;TOKO DIPTA;BUMI HARAPAN KEL.BUMI HARAPAN KEC.WAY SERDANG;8.14E+10;;2051169;34684;90052442;90052442;Rudi Anggoro;F2 GT;Kamis Genap;;;;;;;;08:00:00;;;;;2;58;Z00;0;34684;3042;21.04.2025;21.04.2025
5566397;TOKO TAMA;BANGUN JAYA KEL.BANGUN JAYA KEC.GUNUNG AGUNG;8.23E+10;;2051152;34684;90052301;90052301;Ihwal Bayu Saddera;F4 GT;Rabu;;;;;08:00:00;08:00:00;;;;;;;2;58;Z00;0;34684;3042;21.04.2025;21.04.2025
5566398;TOKO WIWIN;MULYA SARI KEL.MULYA SARI KEC.GUNUNG AGUNG;8.24E+10;;2051152;34684;90052442;90052442;Rudi Anggoro;F2 GT;Rabu Ganjil;;;;;08:00:00;;;;;;;;2;14;Z00;0;34684;3042;21.04.2025;21.04.2025
2893205;WR.ZOYA;SIDOMEKAR RT.19-6 KEL.SIDOMEKAR KEC.GEDUNG AJI BARU;8.52E+10;;2051136;34593;90052449;90052449;Beni Saputra;F2 GT;Rabu Genap;;;;;;08:00:00;;;;;;;2;69;Z00;0;34593;3042;03.03.2023;21.04.2025
3211343;TK MILA YANI H1;MAKARTI TAMA RT 002 RW 008 KEL.MAKARTI TAMA;8.54E+10;;2051135;34593;90052449;90052449;Beni Saputra;F2 GT;Rabu Genap;;;;;;08:00:00;;;;;;;2;14;Z00;0;34593;3042;03.05.2023;12.02.2026
4726456;TK.LATIF;SUKA BHAKTI RT.11-3 KEL.SUKA BHAKTI KEC.GEDUNG AJI BARU;8.15E+10;;2051137;34593;90052449;90052449;Beni Saputra;F2 GT;Rabu Genap;;;;;;08:00:00;;;;;;;2;69;Z00;0;34593;3042;14.03.2024;14.04.2025
5615465;WR SEMBAKO AGRA;SIDOMEKAR RT 001 RW 001 KEL SIDOMEKAR;8.58E+10;;2051136;34593;90052449;90052449;Beni Saputra;F2 GT;Rabu Genap;;;;;;08:00:00;;;;;;;2;58;Z00;0;34593;3042;14.08.2025;14.08.2025
5566822;PAUD & TPQ AL-FAFA;PULUNG KENCANA KEL.PULUNG KENCANA KEC.TULANG BAWANG TENGAH;6.29E+13;;2051085;34693;90052418;90052418;Yuda Nurisman;F2 GT;Rabu Ganjil;;;;;08:00:00;;;;;;;;2;58;Z00;0;34693;3042;22.04.2025;22.04.2025
5566823;TOKO SALSA;CANDRA MUKTI KEL.CANDRA MULTI KEC.TULANG BAWANG TENGAH;8.23E+10;;2051085;34693;90052418;90052418;Yuda Nurisman;F2 GT;Kamis Ganjil;;;;;;;08:00:00;;;;;;2;14;Z00;0;34693;3042;22.04.2025;22.04.2025
5567363;TK.ALFARIZKI;KAGUNGAN DALAM SEJATI KELBUJUNG TENUK KEC.MENGGALA;6.28E+12;;2051184;34611;90052418;90052418;Yuda Nurisman;F2 GT;Senin Genap;;08:00:00;;;;;;;;;;;2;58;Z00;0;34611;3042;23.04.2025;23.04.2025
5567364;TK.BOBY;SIMPANG PEMATANG KEL.SIMPANG PEMATANG KEC.SIMPANG PEMATANG;8.23E+10;;2051146;34698;90052442;90052442;Rudi Anggoro;F2 GT;Selasa Ganjil;;;08:00:00;;;;;;;;;;2;14;Z00;0;34698;3042;23.04.2025;23.04.2025
5568406;WR TINDO;INDALOKA I RT 010 RW 004 KEL INDRALOKA I KEC WAY KENANGA;8.54E+10;;2051145;34595;90052442;90052442;Rudi Anggoro;F2 GT;Senin Ganjil;08:00:00;;;;;;;;;;;;2;14;Z00;0;34595;3042;25.04.2025;13.02.2026
5569095;TOKO AL FATHAN;PENAWAR BARU KEL.PENAWAR BARU KEC.GEDUNG AJI;8.53E+10;;2051176;34681;90052418;90052418;Yuda Nurisman;F2 GT;Selasa Ganjil;;;08:00:00;;;;;;;;;;2;14;Z00;0;34681;3042;28.04.2025;28.04.2025
5634335;TK OM GONDRONG;MAKARTI TAMA RT/RW 003/002 KEC GEDUNG AJI BARU;6.29E+12;;2051135;34593;90052449;90052449;Beni Saputra;F2 GT;Rabu Genap;;;;;;08:00:00;;;;;;;2;58;Z00;0;34593;3042;19.09.2025;19.09.2025
5637683;TK UTY KIYA;SUKA BHAKTI RT 023 RW 006 KEL SUKA BHAKTI;6.29E+12;;2051137;34593;90052449;90052449;Beni Saputra;F2 GT;Rabu Genap;;;;;;08:00:00;;;;;;;2;13;Z00;0;34593;3042;25.09.2025;25.09.2025
5572139;SITI SULASIATINI;TRI DARMA WIRAJAYA RT.4-4 KEL.TRI DARMA WIRAJAYA;6.28E+12;;2051164;34595;90052301;90052301;Ihwal Bayu Saddera;F4 GT;Selasa;;;08:00:00;08:00:00;;;;;;;;;2;58;Z00;0;34595;3042;06.05.2025;27.05.2025
5638473;TK ANNA COLECTION;MAKARTITAMA RT/RW 003/007 KEC GEDUNG AJI BARU;6.29E+12;;2051010;34593;90052449;90052449;Beni Saputra;F2 GT;Rabu Genap;;;;;;08:00:00;;;;;;;2;13;Z00;0;34593;3042;26.09.2025;26.09.2025
5573833;Toko Ar;Lesung Bhakti Jaya Rt 004 Rw 002 Kel Lesung Bhakti Jaya Kec;8.54E+10;;2051149;34611;90052418;90052418;Yuda Nurisman;F2 GT;Selasa Genap;;;;08:00:00;;;;;;;;;2;69;Z00;0;34611;3042;09.05.2025;09.05.2025
5573834;Mulia Mart;Mekar Sari Jaya Rt005 Rw 002 Kel Mekar Sari Jaya Kec Lambu K;6.28E+12;;2051149;34611;90052301;90052301;Ihwal Bayu Saddera;F4 GT;Rabu;;;;;08:00:00;08:00:00;;;;;;;2;58;Z00;0;34611;3042;09.05.2025;09.05.2025
5573835;Toko Artomoro 2;Panggung Jaya Rt013 Rw002 Kel Panggung Jaya Kec Rawajitu Uta;6.29E+12;;2051138;34684;90052301;90052301;Ihwal Bayu Saddera;F4 GT;Sabtu;;;;;;;;;;;08:00:00;08:00:00;2;67;Z00;0;34684;3042;09.05.2025;09.05.2025
5574645;TK. EGO;DS. INDRALOKA MUKTI RT 002 RW 001 KEL INDRALOKA MUKTI;8.23E+10;;2051180;34595;90052442;90052442;Rudi Anggoro;F2 GT;Selasa Genap;;;;08:00:00;;;;;;;;;2;69;Z00;0;34595;3042;13.05.2025;13.10.2025
5575573;TOKO RENGAS CENDUNG;RENGAS CENDUNG RT002 RW 004;8.13E+10;;2051184;34684;90052418;90052418;Yuda Nurisman;F2 GT;Rabu Genap;;;;;;08:00:00;;;;;;;2;14;Z00;0;34684;3042;15.05.2025;15.05.2025
5575574;TOKO RIFKI;JL POROS INDO LAMPUNG RT.001 RW.002;8.51E+10;;2051184;34684;90052418;90052418;Yuda Nurisman;F2 GT;Senin Genap;;08:00:00;;;;;;;;;;;2;14;Z00;0;34684;3042;15.05.2025;15.05.2025
5648925;TK KANG SARNO;JL GEDUNG AJI RT RW/RW 017/005 KEC GEDUNG AJI BARU;8.56E+10;;2051137;34596;90052449;90052449;Beni Saputra;F2 GT;Rabu Genap;;;;;;08:00:00;;;;;;;2;58;Z00;0;34596;3042;13.10.2025;13.10.2025
5576440;TK.ARSHA;INDRALOKA JAYA;8.24E+10;;2051180;34593;90052442;90052442;Rudi Anggoro;F2 GT;Selasa Genap;;;;08:00:00;;;;;;;;;2;69;Z00;0;34593;3042;19.05.2025;19.05.2025
5648926;TK SANIA;MAKARTI TAMA RT/RW 001/003 KEC GEDUNG AJI B;8.52E+10;;2051135;34595;90052449;90052449;Beni Saputra;F2 GT;Rabu Genap;;;;;;08:00:00;;;;;;;2;58;Z00;0;34595;3042;13.10.2025;13.10.2025
5650602;TK ABIYA;JL POROS RAWA JITU RT 005 RW 004 KEL GEDUNG KARYA JITU;8.22E+10;;2051136;34593;90052449;90052449;Beni Saputra;F2 GT;Rabu Genap;;;;;;08:00:00;;;;;;;2;14;Z00;0;34593;3042;15.10.2025;05.12.2025
5577101;TOKO AMANAH;INDRA LOKA II RT/RW 023/006;8.22E+10;;2051180;34684;90052442;90052442;Rudi Anggoro;F2 GT;Selasa Genap;;;;08:00:00;;;;;;;;;2;69;Z00;0;34684;3042;20.05.2025;20.05.2025
5577102;TOKO MBA NING;INDRALOKA JAYA RT 016 RW 004;8.56E+10;;2051180;34596;90052442;90052442;Rudi Anggoro;F2 GT;Selasa Genap;;;;08:00:00;;;;;;;;;2;69;Z00;0;34596;3042;20.05.2025;20.05.2025
5579211;TOKO ARA MART;LABUHAN MULYA RT 05 RW 01;8.23E+10;;2051171;34697;90052442;90052442;Rudi Anggoro;F2 GT;Kamis Ganjil;;;;;;;08:00:00;;;;;;2;58;Z00;0;34697;3042;26.05.2025;26.05.2025
5579223;TOKO ASYIFA;PURWAJAYA RT/RW 001/006;8.54E+10;;2051173;34682;90052418;90052418;Yuda Nurisman;F2 GT;Jumat Genap;;;;;;;;;;08:00:00;;;2;69;Z00;0;34682;3042;26.05.2025;26.05.2025
5579224;TOKO PAKNDUT;INDRALOKA MUKTI RT/RW 007/003;8.13E+10;;2051180;34697;90052301;90052301;Ihwal Bayu Saddera;F4 GT;Kamis;;;;;;;08:00:00;08:00:00;;;;;2;58;Z00;0;34697;3042;26.05.2025;26.05.2025
5691351;TK KANTIN ROUDLOTUL FALAH;SUKA BHAKTIRT/RW 014/004 KEC GEDUNG AJI BARU;8.21E+10;;2051138;34593;90052449;90052449;Beni Saputra;F2 GT;Rabu Genap;;;;;;08:00:00;;;;;;;2;58;Z00;0;34593;3042;24.11.2025;24.11.2025
5580211;TOKO REJEKI BERKAH;PASAR MULYA ASRI RT/RW 009/001;8.31E+10;;2051086;34691;90052418;90052418;Yuda Nurisman;F2 GT;Kamis Genap;;;;;;;;08:00:00;;;;;2;14;Z00;0;34691;3042;28.05.2025;28.05.2025
5580212;TOKO YANI;TUNAS JAYA RT/RW 020/004;8.57E+10;;2051152;34388;90052442;90052442;Rudi Anggoro;F2 GT;Rabu Ganjil;;;;;08:00:00;;;;;;;;2;14;Z00;0;34388;3042;28.05.2025;28.05.2025
5580814;TOKO MENIK;BANGUN JAYA RT/RW 012/004;8.23E+10;;2051152;34684;90052442;90052442;Rudi Anggoro;F2 GT;Rabu Ganjil;;;;;08:00:00;;;;;;;;2;14;Z00;0;34684;3042;30.05.2025;30.05.2025
5580815;TOKO YANTI;KEBUN DALEM RT/RW 002/005;8.58E+10;;2051169;34684;90052301;90052301;Ihwal Bayu Saddera;F4 GT;Kamis;;;;;;;08:00:00;08:00:00;;;;;2;58;Z00;0;34684;3042;30.05.2025;30.05.2025
5580817;TOKO IMEH;TRI TUNGGAL JAYA RT/RW 004/001;6.28E+12;;2051152;34684;90052301;90052301;Ihwal Bayu Saddera;F4 GT;Kamis;;;;;;;08:00:00;08:00:00;;;;;2;13;Z00;0;34684;3042;30.05.2025;30.05.2025
5580819;SRC HENI;BUKO POSO RT 001 RW 007 KEL BUKO POSO KEC WAY SERDANG;8.23E+10;;2051169;34684;90052442;90052442;Rudi Anggoro;F2 GT;Senin Ganjil;08:00:00;;;;;;;;;;;;2;14;Z00;0;34684;3042;30.05.2025;30.05.2025
5580821;TOKO SETIAWATI;JAYA MURNI RT/RW 014/001;8.52E+10;;2051152;34684;90052442;90052442;Rudi Anggoro;F2 GT;Kamis Ganjil;;;;;;;08:00:00;;;;;;2;14;Z00;0;34684;3042;30.05.2025;30.05.2025
5581264;TK.SEMBAKO EKO;PULUNG KENCANA RT/RW 000/000 KEL.PULUNG KENCANA KEC.TULANG;8.14E+10;;2051238;34682;90052418;90052418;Yuda Nurisman;F2 GT;Kamis Ganjil;;;;;;;08:00:00;;;;;;2;69;Z00;0;34593;3042;02.06.2025;02.06.2025
5581401;TOKO SRC RAFFA 31;JL ASPOL NO 228 RT/RW 000/000;8.13E+10;;2051184;34596;90052418;90052418;Yuda Nurisman;F2 GT;Rabu Genap;;;;;;08:00:00;;;;;;;2;14;Z00;0;34596;3042;02.06.2025;02.06.2025
5581407;TOKO KUSRIN;TRI MAKMUR JAYA RT/RW 001/004;8.23E+10;;2051176;34682;90052418;90052418;Yuda Nurisman;F2 GT;Selasa Genap;;;;08:00:00;;;;;;;;;2;14;Z00;0;34682;3042;02.06.2025;02.06.2025
5581441;TOKO IBU DESNA;JL TULANG BAWANG GUNUNG KEMALA RT/RW 002/004;8.13E+10;;2051176;34682;90052418;90052418;Yuda Nurisman;F2 GT;Rabu Genap;;;;;;08:00:00;;;;;;;2;69;Z00;0;34682;3042;02.06.2025;02.06.2025
5581442;TK JASMIN;TRI MAKMUR JAYA RT 001 RW 002 KEL TRI MAKMUR JAYA;8.23E+10;;2051176;34682;90052418;90052418;Yuda Nurisman;F2 GT;Selasa Genap;;;;08:00:00;;;;;;;;;2;69;Z00;0;34682;3042;02.06.2025;02.06.2025
5582813;TOKO SUSI;SETIA BUMI RT/RW 001/009;8.14E+10;;2051630;34682;90052442;90052442;Rudi Anggoro;F2 GT;Senin Genap;;08:00:00;;;;;;;;;;;2;14;Z00;0;34682;3042;05.06.2025;05.06.2025
5582814;TOKO FAHRI CELL;MULYO JADI RT/RW 026/004;6.29E+12;;2051630;34682;90052442;90052442;Rudi Anggoro;F2 GT;Senin Genap;;08:00:00;;;;;;;;;;;2;69;Z00;0;34682;3042;05.06.2025;05.06.2025
5746418;WR MBOK DELES;MAKARTI TAMA RT/RW 005/007 KEC GEDUNG AJI BARU;8.58E+10;;2051136;34595;90052449;90052449;Beni Saputra;F2 GT;Rabu Genap;;;;;;08:00:00;;;;;;;2;14;Z00;0;34595;3042;08.01.2026;08.01.2026
5746420;R.A FROZEN FOOD;JL LINTAS RAWAJITU KEL MAKARTI TAMA KEC GEDUNG AJI BARU;8.24E+10;;2051136;34595;90052449;90052449;Beni Saputra;F2 GT;Rabu Genap;;;;;;08:00:00;;;;;;;2;14;Z00;0;34595;3042;08.01.2026;08.01.2026
5793843;TK SRITARNO;SUKA BHAKTI RT 006 RW 002 KEC GEDUNG AJI BARU;6.28E+12;;2051138;34593;90052449;90052449;Beni Saputra;F2 GT;Rabu Genap;;;;;;08:00:00;;;;;;;2;14;Z00;0;34593;3042;26.02.2026;26.02.2026
5584322;IRWAN BRI LINK;INDRALOKA II RT 003 RW 001 KEL INDRALOKA II KEC WAY KENANGA;6.28E+12;;2051145;34593;90052301;90052301;Ihwal Bayu Saddera;F4 GT;Kamis;;;;;;;08:00:00;08:00:00;;;;;2;13;Z00;0;34593;3042;09.06.2025;09.06.2025
5796121;TK MUTMAINAH;SIDOMEKAR RT015 RW005 KEC GEDUNG AJI BARU;6.28E+12;;2051136;34593;90052449;90052449;Beni Saputra;F2 GT;Rabu Genap;;;;;;08:00:00;;;;;;;2;14;Z00;0;34593;3042;02.03.2026;02.03.2026
5586137;KOP PONPES NURANI SYIFA;DAYA ASRI RT/RW 002/005 KEL.DAYA ASRI KEC.TUMIJAJAR;8.24E+10;;2051077;34593;90052418;90052418;Yuda Nurisman;F2 GT;Kamis Ganjil;;;;;;;08:00:00;;;;;;2;69;Z00;0;34593;3042;12.06.2025;12.06.2025
5586318;TK NENENG;PANCA WARNA RT 002 RW 006 KEL PANCA WARNA KEC WAY SERDANG;6.29E+12;;2051171;34698;90052442;90052442;Rudi Anggoro;F2 GT;Kamis Genap;;;;;;;;08:00:00;;;;;2;69;Z00;0;34593;3042;13.06.2025;13.06.2025
5586456;TOKO MBA YULI;BANGUN JAYA;8.54E+10;;2051143;34697;90052442;90052442;Rudi Anggoro;F2 GT;Jumat Genap;;;;;;;;;;08:00:00;;;2;14;Z00;0;34697;3042;13.06.2025;13.06.2025
5586458;TOKO ANDRIAN RIFAI;BANGUN JAYA RT/RW 004/002;8.22E+10;;2051143;34697;90052442;90052442;Rudi Anggoro;F2 GT;Jumat Genap;;;;;;;;;;08:00:00;;;2;69;Z00;0;34697;3042;13.06.2025;13.06.2025
5586459;TK FADIL;BANGUN JAYA RT 004 RW 001 KEL BANGUN JAYA KEC TANJUNG RAYA;6.28E+12;;2051143;34697;90052442;90052442;Rudi Anggoro;F2 GT;Jumat Genap;;;;;;;;;;08:00:00;;;2;58;Z00;0;34593;3042;13.06.2025;13.06.2025
5586461;TOKO ENZI;SINAR LAGA RT/RW 016/005;8.23E+10;;2051143;34697;90052442;90052442;Rudi Anggoro;F2 GT;Jumat Genap;;;;;;;;;;08:00:00;;;2;69;Z00;0;34697;3042;13.06.2025;13.06.2025
5587475;TK DESTA JAYA;JL TALANG TEMBESU NO 389 RT 002 RW 004 KEL UJUNG GUNUNG;6.28E+12;;2051178;34593;90052301;90052301;Ihwal Bayu Saddera;F4 GT;Rabu;;;;;08:00:00;08:00:00;;;;;;;2;13;Z00;0;34593;3042;16.06.2025;16.06.2025
5799088;TK YAYUK HIDAYAH;SIDOMEKAR RT 019 RW 006 KEC GEDUNG AJI BARU TBB;8.54E+10;;2051136;34593;90052449;90052449;Beni Saputra;F2 GT;Rabu Genap;;;;;;08:00:00;;;;;;;2;14;Z00;0;34593;3042;06.03.2026;06.03.2026
5588994;TOKO 2 R;INDRALOKA JAYA RT/RW 011/003;8.22E+10;;2051180;34593;90052442;90052442;Rudi Anggoro;F2 GT;Selasa Genap;;;;08:00:00;;;;;;;;;2;69;Z00;0;34593;3042;19.06.2025;19.06.2025
5589043;TOKO MALIK;BUKA POSO RT/RW 005/002;8.22E+10;;2051169;34593;90052442;90052442;Rudi Anggoro;F2 GT;Senin Ganjil;08:00:00;;;;;;;;;;;;2;58;Z00;0;34593;3042;19.06.2025;19.06.2025
5590174;TK VINA;JL III UGI RT/RW 001/002;8.78E+10;;2051184;34593;90052418;90052418;Yuda Nurisman;F2 GT;Rabu Genap;;;;;;08:00:00;;;;;;;2;69;Z00;0;34593;3042;23.06.2025;23.06.2025
5590175;KOP PONPES LIRBOYO 16 MESUJI;JL RADEN INTAN RT/RW 003/001 KEL MUKTI KARYA KEC PANCA JAYA;8.88E+11;;2051141;34593;90052301;90052301;Ihwal Bayu Saddera;F4 GT;Jumat;;;;;;;;;08:00:00;08:00:00;;;2;13;Z00;0;34593;3042;23.06.2025;23.06.2025
5590296;TK NDESO CELL;PULUNG KENCANA RT 002 RW 001 KEL PULUNG KENCANA KEC TULANG;8.22E+10;;2051237;34593;90052418;90052418;Yuda Nurisman;F2 GT;Kamis Ganjil;;;;;;;08:00:00;;;;;;2;69;Z00;0;34593;3042;23.06.2025;25.09.2025
5590937;RR CELL;TOTO KATON RT/RW 010/004;8.23E+10;;2051570;34593;90052442;90052442;Rudi Anggoro;F2 GT;Senin Genap;;08:00:00;;;;;;;;;;;2;14;Z00;0;34593;3042;24.06.2025;24.06.2025
5591720;KOPRASI SMAN 1 PANAWARTAMA;JL PATOHA BOGA TAMA RT/RW 002/002;8.53E+10;;2051134;34698;90052301;90052301;Ihwal Bayu Saddera;F4 GT;Sabtu;;;;;;;;;;;08:00:00;08:00:00;2;13;Z00;0;34698;3042;26.06.2025;26.06.2025
5821570;TK AK ANANDA KREASI;SIDO MUKTI RT 009 RW 003 KEC GEDUNG AJI BARU;;8.23E+10;2051136;34595;90052449;90052449;Beni Saputra;F2 GT;Rabu Genap;;;;;;08:00:00;;;;;;;2;14;Z00;0;34595;3042;17.04.2026;17.04.2026
5835935;TK RANMEL;SIDO MUKTI RT 22 RW 6 KEC GEDUNG AJI BARU;;8.22E+10;2051137;34595;90052449;90052449;Beni Saputra;F2 GT;Rabu Genap;;;;;;08:00:00;;;;;;;2;14;Z00;0;34595;3042;11.06.2026;11.06.2026
459207;TK.DINI;SIDOMULYO RT.1-5 KEL.SIDOMULYO KEC.PENAWAR TAMA;8.54E+10;;2051132;34593;90052449;90052449;Beni Saputra;F2 GT;Sabtu Ganjil;;;;;;;;;;;08:00:00;;2;14;Z00;0;34593;3042;10.07.2019;20.01.2025
602333;TK.SUMBER LESTARI;SIDO MULYO RT 002 RW 009 KEL SIDOMULYO KEC PENAWAR TAMA;8.22E+10;;2051132;34593;90052449;90052449;Beni Saputra;F2 GT;Sabtu Ganjil;;;;;;;;;;;08:00:00;;2;13;Z00;0;34593;3042;22.10.2020;05.11.2025
5594185;TOKO IRAWAN;GUNUNG AGUNG RT/RW 012/007;8.23E+10;;2051150;34691;90052442;90052442;Rudi Anggoro;F2 GT;Rabu Genap;;;;;;08:00:00;;;;;;;2;14;Z00;0;34691;3042;02.07.2025;02.07.2025
5595099;TK ROMINSAH;TANJUNG MENANG RAYA RT/RW 002/001;8.23E+10;;2051573;34697;90052301;90052301;Ihwal Bayu Saddera;F4 GT;Jumat;;;;;;;;;08:00:00;08:00:00;;;2;58;Z00;0;34697;3042;04.07.2025;04.07.2025
5595100;TK BU ASTRI;DESA TANJUNG MENANG RT/RW 004/003;8.24E+10;;2051573;34697;90052442;90052442;Rudi Anggoro;F2 GT;Jumat Genap;;;;;;;;;;08:00:00;;;2;14;Z00;0;34697;3042;04.07.2025;04.07.2025
5595101;TK ELVANO;DESA MARGOJADI RT 1 RW 3 KEL MARGOJADI KEC MESUJI TIMUR;8.24E+10;;2051573;34697;90052442;90052442;Rudi Anggoro;F2 GT;Jumat Ganjil;;;;;;;;;08:00:00;;;;2;58;Z00;0;34697;3042;04.07.2025;04.07.2025
2571357;TK.ARMA;TRI TUNGGAL JAYA RT.8-3 KEL.TRI TUNGGAL JAYA KEC.PENAWAR;8.13E+10;;2051398;34593;90052449;90052449;Beni Saputra;F2 GT;Sabtu Ganjil;;;;;;;;;;;08:00:00;;2;69;Z00;0;34593;3042;05.01.2023;20.01.2025
5596058;TK PARTINI;JL MUTIARA BUNDA ,TUNGGAL WARGA RT/RW 001/003;8.23E+09;;2051148;34682;90052418;90052418;Yuda Nurisman;F2 GT;Jumat Genap;;;;;;;;;;08:00:00;;;2;14;Z00;0;34682;3042;07.07.2025;07.07.2025
5596071;TK MBA ITA;BANJAR AGUNG RT/RW 003/003;8.54E+10;;2051148;34682;90052301;90052301;Ihwal Bayu Saddera;F4 GT;Senin;08:00:00;08:00:00;;;;;;;;;;;2;13;Z00;0;34682;3042;07.07.2025;07.07.2025
5442799;WR.SUMBER REZEKI;SIDOMULYO KEL.SIDOMULYO KEC.PENAWAR TAMA;8.20E+10;;2051010;34593;90052449;90052449;Beni Saputra;F2 GT;Sabtu Ganjil;;;;;;;;;;;08:00:00;;2;58;Z00;0;34593;3042;09.01.2025;09.01.2025
5596138;TK DEVI PAGAR BUANA;PAGAR BUANA RT 013 RW 004 KEL PAGAR BUANA KEC WAY KENANGA;6.29E+12;;2051175;34593;90052418;90052418;Yuda Nurisman;F2 GT;Senin Ganjil;08:00:00;;;;;;;;;;;;2;14;Z00;0;34593;3042;07.07.2025;20.04.2026
5450067;TK AYU PLASTIK;SIDO MULYO RT 001RW 001 KEL.SIDO MULYO;8.22E+10;;2051132;34593;90052449;90052449;Beni Saputra;F2 GT;Sabtu Ganjil;;;;;;;;;;;08:00:00;;2;13;Z00;0;34593;3042;13.01.2025;22.08.2025
5597295;TK ABDULRAHMAN;INDRALOKA II RT/RW 014/004, KEC WAY KENANGA,;8.22E+10;;2051180;34684;90052442;90052442;Rudi Anggoro;F2 GT;Selasa Genap;;;;08:00:00;;;;;;;;;2;58;Z00;0;34684;3042;10.07.2025;10.07.2025
5597403;WR HASKIA;MAJU JAYA RT 001 RW 001 KEL MAJU JAYA KEC PANCA JAYA;8.23E+10;;2051142;34698;90052442;90052442;Rudi Anggoro;F2 GT;Jumat Genap;;;;;;;;;;08:00:00;;;2;69;Z00;0;34698;3042;10.07.2025;11.09.2025
5597549;TK PAK UDIN;TUNGGAL WARGA BANJAR AGUNG RT/RW 005/007;8.23E+10;;2051148;34682;90052418;90052418;Yuda Nurisman;F2 GT;Jumat Genap;;;;;;;;;;08:00:00;;;2;69;Z00;0;34682;3042;10.07.2025;10.07.2025
5597988;TK AMIN;KAHURIPAN DALEM RT/RW 002/005 KEC. MENGGALA TIMUR;8.52E+10;;2051176;34593;90052418;90052418;Yuda Nurisman;F2 GT;Selasa Ganjil;;;08:00:00;;;;;;;;;;2;69;Z00;0;34593;3042;11.07.2025;11.07.2025
5597991;TK MBAK DEVI;KARYA MURNI JAYA RT/RW 001/001, KEC. BANJAR BARU;6.29E+12;;2051177;34593;90052418;90052418;Yuda Nurisman;F2 GT;Selasa Ganjil;;;08:00:00;;;;;;;;;;2;58;Z00;0;34593;3042;11.07.2025;11.07.2025
5556388;TK.TIARA;TRI TUNGGAL KEL.TRI TUNGGAL JAYA KEC.PENAWAR TAMA;8.58E+10;;2051134;34595;90052449;90052449;Beni Saputra;F2 GT;Sabtu Ganjil;;;;;;;;;;;08:00:00;;2;14;Z00;0;34595;3042;25.03.2025;25.03.2025
5593927;TK BARRA MART;SIDOMULYO RT 002 RW 001 KEL SIDOMULYO;8.58E+10;;2051132;34593;90052449;90052449;Beni Saputra;F2 GT;Sabtu Ganjil;;;;;;;;;;;08:00:00;;2;58;Z00;0;34593;3042;02.07.2025;14.08.2025
5598767;WR OLIVE;WIRA BANGUN RT/RW 006/002, KEC SIMPANG PEMATANG;8.22E+10;;2051146;34698;90052442;90052442;Rudi Anggoro;F2 GT;Sabtu Genap;;;;;;;;;;;;08:00:00;2;58;Z00;0;34698;3042;14.07.2025;14.07.2025
5599912;TK RIVAL CELL;MULYA JAYA RT/RW 005/002, KEC GUNUNG AGUNG;8.23E+10;;2051152;34593;90052442;90052442;Rudi Anggoro;F2 GT;Rabu Genap;;;;;;08:00:00;;;;;;;2;69;Z00;0;34593;3042;16.07.2025;16.07.2025
5599914;TK ARUNA 29 CELL;AGUNG JAYA RT/RW 016/004 WAY KENANGA;8.54E+10;;2051149;34593;90052301;90052301;Ihwal Bayu Saddera;F4 GT;Kamis;;;;;;;08:00:00;08:00:00;;;;;2;58;Z00;0;34593;3042;16.07.2025;16.07.2025
5685600;WR BU NUR;TRI JAYA RT/RW 003/003 KEL TRI JAYA KEC PENAWAR TAMA;6.28E+12;;2051010;34593;90052449;90052449;Beni Saputra;F2 GT;Sabtu Ganjil;;;;;;;;;;;08:00:00;;2;58;Z00;0;34593;3042;19.11.2025;19.11.2025
5601002;WR SARBINI;KIBANG YEKTI JAYA RT 003 RW 001 KEL KIBANG YEKTI JAYA;8.24E+10;;2051392;34593;90052418;90052418;Yuda Nurisman;F2 GT;Senin Ganjil;08:00:00;;;;;;;;;;;;2;69;Z00;0;34593;3042;18.07.2025;25.07.2025
5601003;TK AMANAH SEMBAKO;TOTO KATON RT 013 RW 001 KEL TOTO KATON KEC BATU PUTIH;8.13E+10;;2051570;34593;90052442;90052442;Rudi Anggoro;F2 GT;Senin Genap;;08:00:00;;;;;;;;;;;2;14;Z00;0;34593;3042;18.07.2025;22.12.2025
5601079;TK LASKAR;TUNAS JAYA RT 007 RW 002 KEL TUNAS JAYA;6.28E+12;;2051152;34593;90052301;90052301;Ihwal Bayu Saddera;F4 GT;Kamis;;;;;;;08:00:00;08:00:00;;;;;2;13;Z00;0;34593;3042;18.07.2025;18.07.2025
5601879;KANTIN AZ ZAHRA;DWI WARGA TUNGGAL JAYA RT 006 RW 004 KEL DWI WARGA TUNGGAL;8.54E+10;;2051148;34593;90052301;90052301;Ihwal Bayu Saddera;F4 GT;Selasa;;;08:00:00;08:00:00;;;;;;;;;2;67;Z00;0;34593;3042;21.07.2025;21.07.2025
5685604;TK AURA CELL;DSN SIDOMULYO RT/RW 003/006 KEC PENAWAR AJI;6.29E+12;;2051132;34593;90052449;90052449;Beni Saputra;F2 GT;Sabtu Ganjil;;;;;;;;;;;08:00:00;;2;58;Z00;0;34593;3042;19.11.2025;19.11.2025
5776432;TK PUJI ASTUTI;JALAN DUREN , RT/002 RW/001, KEL SIDOMULYO, KEC PENAWAR TAMA;8.22E+10;;2051132;34593;90052449;90052449;Beni Saputra;F2 GT;Sabtu Ganjil;;;;;;;;;;;08:00:00;;2;14;Z00;0;34593;3042;05.02.2026;05.02.2026
5602132;TK MERDEKA TSM;LABUHAN MAKMUR RT/RW 001/001 KEC WAY SERDANG KAB MESUJI;8.78E+10;;2051169;34593;90052442;90052442;Rudi Anggoro;F2 GT;Kamis Ganjil;;;;;;;08:00:00;;;;;;2;58;Z00;0;34593;3042;21.07.2025;21.07.2025
5802835;TK KENAN;TRI TUNGGAL JAYA RT 006 RW 002 KEC TRI TUNGGAL JAYA;8.23E+10;;2051010;34682;90052449;90052449;Beni Saputra;F2 GT;Sabtu Ganjil;;;;;;;;;;;08:00:00;;2;14;Z00;0;34682;3042;12.03.2026;12.03.2026
271050;TK DANI;JL.KAKAK TUA RT 003 RW 003 NO.16 KEL TRI REJO MULYO;8.24E+10;;2051398;34595;90052449;90052449;Beni Saputra;F2 GT;Sabtu Genap;;;;;;;;;;;;08:00:00;2;69;Z00;0;34595;3042;08.12.2015;22.08.2025
5602160;WR HAPPY;MARGO BHAKTI RT/RW 002/001 KEC WAY SERDANG KAB MESUJI;8.22E+10;;2051171;34593;90052442;90052442;Rudi Anggoro;F2 GT;Kamis Ganjil;;;;;;;08:00:00;;;;;;2;69;Z00;0;34593;3042;21.07.2025;21.07.2025
5602166;TK DAFFA LABUHAN;LABUHAN BATIN RT/RW 004/004 WAY SERDANG;8.53E+10;;2051169;34593;90052442;90052442;Rudi Anggoro;F2 GT;Senin Ganjil;08:00:00;;;;;;;;;;;;2;69;Z00;0;34593;3042;21.07.2025;21.07.2025
5603345;BERKAH MITRA MART;TANJUNG MAS MULYA RT 002 RW 001 KEL TANJUNG MAS MULYA;8.23E+10;;2051153;34595;90052442;90052442;Rudi Anggoro;F2 GT;Jumat Ganjil;;;;;;;;;08:00:00;;;;2;14;Z00;0;34595;3042;23.07.2025;09.01.2026
5604681;TK BU KARTI;KAHURIPAN JAYA RT/RW 004/004 KEC BANJAR BARU;8.14E+10;;2051176;34593;90052418;90052418;Yuda Nurisman;F2 GT;Sabtu Genap;;;;;;;;;;;;08:00:00;2;69;Z00;0;34593;3042;25.07.2025;25.07.2025
5604684;TK AKMAL HADI;KIBANG BUDI JAYA RT/RW 005/001 KEC LAMBU KIBANG;8.13E+10;;2051149;34593;90052418;90052418;Yuda Nurisman;F2 GT;Sabtu Genap;;;;;;;;;;;;08:00:00;2;14;Z00;0;34593;3042;25.07.2025;25.07.2025
5604782;TK KASIANTO;PANCA KARSA PURNA JAYA RT 004 RW 004 KEL PANCA KARSA PURNA;8.20E+10;;2051176;34593;90052418;90052418;Yuda Nurisman;F2 GT;Selasa Ganjil;;;08:00:00;;;;;;;;;;2;58;Z00;0;34593;3042;25.07.2025;25.07.2025
5605770;TK EK MITRA UTAMA;SETIA AGUNG RT/RW 005/003 KEC GUNUNG TERANG;8.52E+10;;2051392;34593;90052442;90052442;Rudi Anggoro;F2 GT;Rabu Genap;;;;;;08:00:00;;;;;;;2;14;Z00;0;34593;3042;28.07.2025;28.07.2025
5605776;TK YULI;JAYA MAKMUR RT/RW 004/001 KEC BANJAR BARU;8.13E+10;;2051176;34593;90052418;90052418;Yuda Nurisman;F2 GT;Sabtu Genap;;;;;;;;;;;;08:00:00;2;13;Z00;0;34593;3042;28.07.2025;28.07.2025
5605792;TK EMBUN CELL;SUKA JAYA RT/RW 001/005 KEC GUNUNG AGUNG,;8.23E+10;;2051151;34593;90052442;90052442;Rudi Anggoro;F2 GT;Rabu Genap;;;;;;08:00:00;;;;;;;2;69;Z00;0;34593;3042;28.07.2025;28.07.2025
5606493;TK MBA RINI;HARAPAN JAYA RT/RW 003/001, KEC SIMPANG PEMATANG,;8.13E+10;;2051146;34593;90052442;90052442;Rudi Anggoro;F2 GT;Sabtu Genap;;;;;;;;;;;;08:00:00;2;58;Z00;0;34593;3042;29.07.2025;29.07.2025
5606500;TK BAROKAH TANI;TRI TUNGGAL JAYA RT/RW 003/005, KEC BANJAR AGUNG,;8.13E+10;;2051164;34593;90052301;90052301;Ihwal Bayu Saddera;F4 GT;Selasa;;;08:00:00;08:00:00;;;;;;;;;2;13;Z00;0;34593;3042;29.07.2025;29.07.2025
315342;TK LINA;JL.P DIPONEGORO RT 020 RW 005 NO.4 KEL SIDO HARJO KEC;8.13E+10;;2051398;34595;90052449;90052449;Beni Saputra;F2 GT;Sabtu Genap;;;;;;;;;;;;08:00:00;2;14;Z00;0;34595;3042;28.10.2016;22.08.2025
2951092;TK SUKANI;JL.GELATIK NO.30 RT 002 RW 004 KEL TRI REJO MULYO;8.58E+10;;2051398;34593;90052449;90052449;Beni Saputra;F2 GT;Sabtu Genap;;;;;;;;;;;;08:00:00;2;13;Z00;0;34593;3042;14.03.2023;24.09.2025
5464249;TK.YUNI;WIRA TAMA RT.11-4 KEL.WIRA TAMA;6.28E+12;;2051135;34593;90052449;90052449;Beni Saputra;F2 GT;Sabtu Genap;;;;;;;;;;;;08:00:00;2;14;Z00;0;34593;3042;20.01.2025;20.01.2025
5607926;TK ZIDAN;PENUMANGAN RT/RW 001/011, KEC TULANG BAWANG TENGAH;8.14E+10;;2051085;34593;90052418;90052418;Yuda Nurisman;F2 GT;Jumat Ganjil;;;;;;;;;08:00:00;;;;2;13;Z00;0;34593;3042;01.08.2025;01.08.2025
5608408;SEMBAKO SATIA;SIDO AGUNG RT 006 RW 002 KEL SIDO AGUNG KEC WAY KENANGA;8.23E+10;;2051392;34595;90052418;90052418;Yuda Nurisman;F2 GT;Senin Ganjil;08:00:00;;;;;;;;;;;;2;14;Z00;0;34595;3042;02.08.2025;02.04.2026
5609045;TK ZZUZZU;PULUNG KENCANA RT 001 RW 005 KEL PULUNG KENCANA KEC TULANG;8.22E+10;;2051085;34593;90052418;90052418;Yuda Nurisman;F2 GT;Kamis Ganjil;;;;;;;08:00:00;;;;;;2;58;Z00;0;34593;3042;04.08.2025;04.08.2025
5609046;TK AGENG;TIRTA KENCANA RT 029 RW 005 KEL TIRTA KENCANA KEC TULANG;8.54E+10;;2051239;34593;90052301;90052301;Ihwal Bayu Saddera;F4 GT;Senin;08:00:00;08:00:00;;;;;;;;;;;2;13;Z00;0;34593;3042;04.08.2025;04.08.2025
5609122;WR ANGGUN;GUNUNG AGUNG RT/RW 020/005 KEC GUNUNG TERANG;8.22E+10;;2051151;34593;90052442;90052442;Rudi Anggoro;F2 GT;Rabu Genap;;;;;;08:00:00;;;;;;;2;14;Z00;0;34593;3042;04.08.2025;04.08.2025
5609129;TK MBA MILA;KIBANG BUDI JAYA RT/RW 026/008, KEC LAMBU KIBANG;8.23E+10;;2051149;34593;90052418;90052418;Yuda Nurisman;F2 GT;Sabtu Genap;;;;;;;;;;;;08:00:00;2;69;Z00;0;34593;3042;04.08.2025;04.08.2025
5609135;TK BU TATIK;SAKTI JAYA RT/RW 002/004 KEC BATU PUTIH;8.58E+10;;2051570;34593;90052442;90052442;Rudi Anggoro;F2 GT;Senin Genap;;08:00:00;;;;;;;;;;;2;58;Z00;0;34593;3042;04.08.2025;04.08.2025
5534919;SRC.YANTO;WIRATAMA KEL.WIRATAMA KEC.PENAWAR TAMA;8.23E+10;;2051010;34697;90052449;90052449;Beni Saputra;F2 GT;Sabtu Genap;;;;;;;;;;;;08:00:00;2;69;Z00;0;34697;3042;28.02.2025;28.02.2025
5564196;TK.SISKA FOOD;WIRATAMA KEL.WIRATAMA KEC.PENAWAR TAMA;8.58E+10;;2051010;34593;90052449;90052449;Beni Saputra;F2 GT;Sabtu Genap;;;;;;;;;;;;08:00:00;2;69;Z00;0;34593;3042;15.04.2025;15.04.2025
5613353;WR KITO CELL;KIBANG YEKTI JAYA RT 012 RW 004 KEL KIBANG YEKTI JAYA;8.23E+10;;2051392;34593;90052418;90052418;Yuda Nurisman;F2 GT;Senin Ganjil;08:00:00;;;;;;;;;;;;2;58;Z00;0;34593;3042;11.08.2025;29.08.2025
5613380;TK KRISNA ATK;BUJUK AGUNG RT 001 RW 004 KEL BUJUK AGUNG;8.17E+10;;2051179;34593;90052442;90052442;Rudi Anggoro;F2 GT;Selasa Genap;;;;08:00:00;;;;;;;;;2;69;Z00;0;34593;3042;11.08.2025;11.08.2025
5774342;TK ZEN BAROKAH;WIRA AGUNG SARI RT 004 RW 002 KEL WIRA AGUNG SARI;8.81E+11;;2051398;34693;90052449;90052449;Beni Saputra;F2 GT;Sabtu Genap;;;;;;;;;;;;08:00:00;2;14;Z00;0;34593;3042;03.02.2026;03.02.2026
5614899;TK KAHFI;SUKA MAJU RT 001 RW 004 KEL.SUKA MAJU;8.12E+10;;2051164;34593;90052301;90052301;Ihwal Bayu Saddera;F4 GT;Selasa;;;08:00:00;08:00:00;;;;;;;;;2;67;Z00;0;34593;3042;13.08.2025;13.08.2025
5614900;WR BERKAH TERNAK;PANCA KARSA PURNA JAYA RT 002 RW 004 KEL PANCA;8.23E+10;;2051176;34593;90052418;90052418;Yuda Nurisman;F2 GT;Selasa Ganjil;;;08:00:00;;;;;;;;;;2;13;Z00;0;34593;3042;13.08.2025;13.08.2025
5781773;TK YULI;TRI REJO MULYO RT 001 RW 005 KEC PENAWAR TAMA;8.59E+10;;2051010;34595;90052449;90052449;Beni Saputra;F2 GT;Sabtu Genap;;;;;;;;;;;;08:00:00;2;14;Z00;0;34595;3042;11.02.2026;11.02.2026
5617331;WR SAFA;LEBUH DALEM RT 001 RW 005 KEL LEBUH DALEM KEC MENGGALA TIMUR;8.53E+10;;2051176;34593;90052418;90052418;Yuda Nurisman;F2 GT;Rabu Genap;;;;;;08:00:00;;;;;;;2;13;Z00;0;34593;3042;18.08.2025;04.09.2025
5617996;TK SAYURAN DIAH;LABUHAN BARU RT 003 RW 002 KEL LABUHAN BARU KEC WAY SERDANG;8.53E+10;;2051171;34593;90052442;90052442;Rudi Anggoro;F2 GT;Kamis Genap;;;;;;;;08:00:00;;;;;2;58;Z00;0;34593;3042;19.08.2025;19.08.2025
5782274;TK ABYAN;Wiratama RT/008 RW/002 KECAMATAN PENAWAR TAMA;8.53E+10;;2051134;34593;90052449;90052449;Beni Saputra;F2 GT;Sabtu Genap;;;;;;;;;;;;08:00:00;2;14;Z00;0;34593;3042;11.02.2026;11.02.2026
5617998;TK HANIFAH;PANCA WARNA RT 002 RW 005 KEL PANCA WARNA KEC WAY SERDANG;6.28E+12;;2051171;34593;90052442;90052442;Rudi Anggoro;F2 GT;Kamis Genap;;;;;;;;08:00:00;;;;;2;13;Z00;0;34593;3042;19.08.2025;19.08.2025
5619304;TK ROSYID;TOTO KATON RT/RW 012/003, BATU PUTIH;8.23E+10;;2051570;34593;90052442;90052442;Rudi Anggoro;F2 GT;Senin Genap;;08:00:00;;;;;;;;;;;2;13;Z00;0;34593;3042;21.08.2025;21.08.2025
5619308;TK MBA YUNI;MULYA JAYA RT/RW 002/001, KEC GUNUNG AGUNG;8.13E+10;;2051152;34593;90052442;90052442;Rudi Anggoro;F2 GT;Rabu Genap;;;;;;08:00:00;;;;;;;2;69;Z00;0;34593;3042;21.08.2025;21.08.2025
5622876;TK MBA ENDANG;SUKA JAYA RT 002 RW 003 KEL SUKA JAYA KEC GUNUNG AGUNG;6.29E+12;;2051152;34595;90052442;90052442;Rudi Anggoro;F2 GT;Rabu Genap;;;;;;08:00:00;;;;;;;2;13;Z00;0;34595;3042;27.08.2025;29.09.2025
5623012;TK RIO;INDRALOKA 1 RT/RW 001/001, KEC WAY KENANGA;8.54E+10;;2051145;34593;90052442;90052442;Rudi Anggoro;F2 GT;Senin Ganjil;08:00:00;;;;;;;;;;;;2;69;Z00;0;34593;3042;27.08.2025;27.08.2025
5782276;TK BU ENDANG;Wiratama RT/005 RW/002 KECAMATAN PENAWARTAMA;8.23E+10;;2051134;34593;90052449;90052449;Beni Saputra;F2 GT;Sabtu Genap;;;;;;;;;;;;08:00:00;2;14;Z00;0;34593;3042;11.02.2026;11.02.2026
5625017;WR UCOK;MARGO MULYO RT 007 RW 004 KEL MARGO MULYO KEC MESUJI TIMUR;6.28E+12;;2051573;34697;90052442;90052442;Rudi Anggoro;F2 GT;Jumat Ganjil;;;;;;;;;08:00:00;;;;2;69;Z00;0;34697;3042;30.08.2025;04.09.2025
5626247;TK DUA PUTRI;TEBING KARYA MANDIRI RT 004 RW 002 KEL TEBING KARYA MANDIRI;6.28E+12;;2051573;34593;90052442;90052442;Rudi Anggoro;F2 GT;Jumat Genap;;;;;;;;;;08:00:00;;;2;69;Z00;0;34593;3042;02.09.2025;02.09.2025
5627359;TK YUDI;MUARA TENANG TIMUR RT 011 RW 004 KEL MUARA TENANG TIMUR;6.28E+12;;2051573;34593;90052442;90052442;Rudi Anggoro;F2 GT;Jumat Genap;;;;;;;;;;08:00:00;;;2;58;Z00;0;34593;3042;04.09.2025;04.09.2025
5630618;TK EMPAT PUTRA JAYA;DUSUN IV GN MEKAR RT/RW 001/004 KEC TERUSAN NUNYAI;8.58E+10;;2051381;34593;90052301;90052301;Ihwal Bayu Saddera;F4 GT;Senin;08:00:00;08:00:00;;;;;;;;;;;2;13;Z00;0;34593;3042;11.09.2025;11.09.2025
5630620;TK ASIH;MEKAR ASRI RT/RW 013/003, KEC TULANG BAWANG TENGAH;8.24E+10;;2051086;34593;90052418;90052418;Yuda Nurisman;F2 GT;Kamis Genap;;;;;;;;08:00:00;;;;;2;69;Z00;0;34593;3042;11.09.2025;11.09.2025
5631907;TK SENA;KARYA MURNI JAYA RT 003 RW 001 KEL KARYA MURNI JAYA;8.57E+10;;2051177;34593;90052418;90052418;Yuda Nurisman;F2 GT;Selasa Ganjil;;;08:00:00;;;;;;;;;;2;69;Z00;0;34593;3042;15.09.2025;15.09.2025
5783275;TK RINI;WIRATAMA RT 012 RW 003 KEL WIRATAMA KEC PENAWAR TAMA;8.57E+09;;2051134;34595;90052449;90052449;Beni Saputra;F2 GT;Sabtu Genap;;;;;;;;;;;;08:00:00;2;14;Z00;0;34593;3042;12.02.2026;12.02.2026
5828228;TK FERA;TRI REJO MULYO KEC PENAWAR TAMA;;8.13E+10;2051010;34595;90052449;90052449;Beni Saputra;F2 GT;Sabtu Genap;;;;;;;;;;;;08:00:00;2;14;Z00;0;34595;3042;07.05.2026;07.05.2026
5829070;TK ZAINAL;JL POROS RT 001 RW 005 KEC PENAWAR TAMA;;8.22E+10;2051132;34595;90052449;90052449;Beni Saputra;F2 GT;Sabtu Genap;;;;;;;;;;;;08:00:00;2;14;Z00;0;34595;3042;11.05.2026;11.05.2026
5835375;TK DENSHA CELL;WIRA AGUNG SARI RT 6 RW 3 KEC PENAWAR TAMA;;8.58E+10;2051398;34593;90052449;90052449;Beni Saputra;F2 GT;Sabtu Genap;;;;;;;;;;;;08:00:00;2;14;Z00;0;34593;3042;09.06.2026;09.06.2026
5635503;TK SUJIO LAS;SUKA JAYA RT/RW 003/002 KEC GUNUNG AGUNG;8.14E+10;;2051152;34593;90052442;90052442;Rudi Anggoro;F2 GT;Rabu Genap;;;;;;08:00:00;;;;;;;2;13;Z00;0;34593;3042;22.09.2025;22.09.2025
5635505;TK UNTUNG WIJAYA;TEBING TINGGI RT/RW 002/003 KEC MESUJI TIMUR;8.23E+10;;2051573;34593;90052301;90052301;Ihwal Bayu Saddera;F4 GT;Jumat;;;;;;;;;08:00:00;08:00:00;;;2;13;Z00;0;34593;3042;22.09.2025;22.09.2025
5635623;TK CAHAYA SUCI;TIRTA MAKMUR RT 001 RW 001 KEL TIRTA MAKMUR KEC TULANG;8.19E+10;;2051237;34593;90052418;90052418;Yuda Nurisman;F2 GT;Rabu Ganjil;;;;;08:00:00;;;;;;;;2;58;Z00;0;34593;3042;22.09.2025;25.09.2025
5635674;TK TEH ELIS;CEMPAKA JAYA RT/RW 007/003 KEC MENGGALA TIMUR;8.23E+10;;2051176;34593;90052418;90052418;Yuda Nurisman;F2 GT;Selasa Genap;;;;08:00:00;;;;;;;;;2;58;Z00;0;34593;3042;22.09.2025;22.09.2025
5636980;TOKO AYU SRI WIJI ANTI;PULUNG KENCANA RT 006 RW 005 KEL PULUNG KENCANA KEC TULANG;8.54E+10;;2051237;34593;90052418;90052418;Yuda Nurisman;F2 GT;Kamis Ganjil;;;;;;;08:00:00;;;;;;2;14;Z00;0;34593;3042;24.09.2025;15.12.2025
5637010;TK KARTIKA;SIMPANG MESUJI RT/RW 001/001 KEC SIMPANG PEMATANG;8.14E+10;;2051146;34593;90052442;90052442;Rudi Anggoro;F2 GT;Selasa Ganjil;;;08:00:00;;;;;;;;;;2;58;Z00;0;34593;3042;24.09.2025;24.09.2025
5637011;TK ATHARAZKA;WIRABANGUN RT/RW 005/001 KEC SIMPANG PEMATANG;8.23E+10;;2051146;34593;90052442;90052442;Rudi Anggoro;F2 GT;Sabtu Genap;;;;;;;;;;;;08:00:00;2;69;Z00;0;34593;3042;24.09.2025;24.09.2025
5637584;WR UPIN IPIN;GEDUNG ASRI RT 002 RW 001 KEL GEDUNG ASRI KEC PENAWAR AJI;6.28E+12;;2051167;34593;90052301;90052301;Ihwal Bayu Saddera;F4 GT;Selasa;;;08:00:00;08:00:00;;;;;;;;;2;67;Z00;0;34593;3042;25.09.2025;25.09.2025
5835376;TK DENSHA CELL;WIRA AGUNG SARI RT 6 RW 3 KEC PENAWAR TAMA;;8.58E+10;2051398;34593;90052449;90052449;Beni Saputra;F2 GT;Sabtu Genap;;;;;;;;;;;;08:00:00;2;14;Z00;0;34593;3042;09.06.2026;09.06.2026
339179;TK.ATASYA;BANJAR DEWA SUKU 2 RT.1 KEL.BANJAR DEWA KEC.BANJAR AGUNG;8.14E+10;;2051176;34595;90052449;90052449;Beni Saputra;F2 GT;Selasa Ganjil;;;08:00:00;;;;;;;;;;2;14;Z00;0;34595;3042;02.05.2017;03.01.2025
429012;TK.YULI;BANJAR AGUNG RT.3-2 NO.25 KEL.BANJAR AGUNG KEC.BANJAR AGUNG;8.23E+10;;2051148;34593;90052449;90052449;Beni Saputra;F2 GT;Selasa Ganjil;;;08:00:00;;;;;;;;;;2;69;Z00;0;34593;3042;13.09.2018;09.07.2025
5638474;TK UMI PRINCES;TIUH TOHOU RT/RW 004/001 KEC MENGGALA;8.20E+10;;2051185;34593;90052418;90052418;Yuda Nurisman;F2 GT;Senin Genap;;08:00:00;;;;;;;;;;;2;58;Z00;0;34593;3042;26.09.2025;26.09.2025
4987446;TK.RIO;PENAWAR REJO RT.3-3 KEL.PENAWAR REJO KEC.BANJAR MARGO;6.29E+12;;2051164;34593;90052449;90052449;Beni Saputra;F2 GT;Selasa Ganjil;;;08:00:00;;;;;;;;;;2;14;Z00;0;34593;3042;07.05.2024;01.07.2025
5640385;TK SUMBER RIZKY;INDRALOKA I RT/RW 004/002 KEC WAY KENANGA SAMPING LAPAK SAWI;8.22E+10;;2051145;34593;90052442;90052442;Rudi Anggoro;F2 GT;Senin Ganjil;08:00:00;;;;;;;;;;;;2;58;Z00;0;34593;3042;30.09.2025;30.09.2025
5647167;NANO CELL;JL SILIWANGI RT/RW 030/004 KEL MULYO ASRI KEC TULANG BAWANG;8.23E+10;;2051086;34693;90052418;90052418;Yuda Nurisman;F2 GT;Kamis Genap;;;;;;;;08:00:00;;;;;2;58;Z00;0;34693;3042;10.10.2025;10.10.2025
5647168;WR BUNDA FATIMAH;DAYA ASRI RT/RW 008/001 KEL DAYA ASRI KEC TUMIJAJAR;8.54E+10;;2051077;34691;90052418;90052418;Yuda Nurisman;F2 GT;Kamis Ganjil;;;;;;;08:00:00;;;;;;2;58;Z00;0;34691;3042;10.10.2025;10.10.2025
5647283;TK HERI;JL LINTAS SUMATERA DSN 2 RT RW 002/002 TERUSAN NUNYAI;6.28E+11;;2051086;34167;90052418;90052418;Yuda Nurisman;F2 GT;Senin Genap;;08:00:00;;;;;;;;;;;2;13;Z00;0;34167;3042;10.10.2025;10.10.2025
5413641;TK SITI ASIYAH;BANJAR DEWA RT 001 RW 001 KEL BANJAR DEWA KEC BANJAR AGUNG;8.53E+10;;2051176;34682;90052449;90052449;Beni Saputra;F2 GT;Selasa Ganjil;;;08:00:00;;;;;;;;;;2;69;Z00;0;34682;3042;24.12.2024;24.12.2024
5436940;TK.AFDI;DESA BANJAR AGUNG KEL.BANJAR AGUNG KEC.BANJARA AGUNG;8.13E+10;;2051148;34682;90052449;90052449;Beni Saputra;F2 GT;Selasa Ganjil;;;08:00:00;;;;;;;;;;2;58;Z00;0;34682;3042;06.01.2025;06.01.2025
5531597;TK.ARSYILA;PENAWAR REJO KEL.PENAWAR REJO KEC.BANJAR MARGO;8.13E+10;;2051131;34684;90052449;90052449;Beni Saputra;F2 GT;Selasa Ganjil;;;08:00:00;;;;;;;;;;2;14;Z00;0;34684;3042;26.02.2025;26.02.2025
5648927;TK MBA INAH;BUKO POSO RT/RW 002/02 KEC WAY SERDANG;8.79E+10;;2051169;34684;90052442;90052442;Rudi Anggoro;F2 GT;Senin Ganjil;08:00:00;;;;;;;;;;;;2;58;Z00;0;34684;3042;13.10.2025;13.10.2025
5649384;TK AL HAMDULILAH;JL KAMPUNG TUA BLOK C RT/RW KEL KAGUNGAN RAHAYU;8.58E+10;;2051185;34693;90052418;90052418;Yuda Nurisman;F2 GT;Senin Genap;;08:00:00;;;;;;;;;;;2;58;Z00;0;34693;3042;13.10.2025;13.10.2025
5559583;TK.ALFARO;PENAWAR REJO KEL.PENAWAR REJO KEC.BANJAR MARGO;0 85268573479;;2051131;34684;90052449;90052449;Beni Saputra;F2 GT;Selasa Ganjil;;;08:00:00;;;;;;;;;;2;58;Z00;0;34684;3042;07.04.2025;07.04.2025
5563257;TOKO ANTIKA;BANJAR AGUNG KEL.BANJAR AGUNG KEC.BANJAR AGUNG;8.14E+10;;2051148;34682;90052449;90052449;Beni Saputra;F2 GT;Selasa Ganjil;;;08:00:00;;;;;;;;;;2;14;Z00;0;34682;3042;14.04.2025;14.04.2025
5652441;TK FAHRI;DUSUN 02 RT/RW 003/002 KEC TERUSAN NYUN;8.39E+10;;2051086;34693;90052418;90052418;Yuda Nurisman;F2 GT;Senin Genap;;08:00:00;;;;;;;;;;;2;13;Z00;0;34693;3042;17.10.2025;17.10.2025
5654914;SRC ANANDA 2;JL LINTAS SUMATERA RT/RW 004/006 KEL BUJUK AGUNG KEC BANJAR;8.23E+10;;2051179;34684;90052442;90052442;Rudi Anggoro;F2 GT;Selasa Genap;;;;08:00:00;;;;;;;;;2;69;Z00;0;34684;3042;20.10.2025;20.10.2025
5573832;Kantin Lentera Berkah;Banjar Agung Rt 011 Rw 002 Kel gedung Jaya Kec Rawa Pitu;8.57E+10;;2051148;34611;90052449;90052449;Beni Saputra;F2 GT;Selasa Ganjil;;;08:00:00;;;;;;;;;;2;90;Z00;0;34611;3042;09.05.2025;09.05.2025
5576441;AFIFA MART;JL LINTAS SUMATRA;8.13E+10;;2051148;34682;90052449;90052449;Beni Saputra;F2 GT;Selasa Ganjil;;;08:00:00;;;;;;;;;;2;69;Z00;0;34682;3042;19.05.2025;19.05.2025
5577099;TK FAJRI;BANJAR AGUNG RT/RW 000/003;8.13E+10;;2051148;34596;90052449;90052449;Beni Saputra;F2 GT;Selasa Ganjil;;;08:00:00;;;;;;;;;;2;14;Z00;0;34596;3042;20.05.2025;20.05.2025
5663556;WARUNG MUSASA;JL WAY ABUNG KEL GUNUNG BATIN UDIK KEC TERUSAN NYUNYAI;8.95E+11;;2051086;34693;90052418;90052418;Yuda Nurisman;F2 GT;Senin Genap;;08:00:00;;;;;;;;;;;2;58;Z00;0;34693;3042;30.10.2025;30.10.2025
5677192;TK ALLDELL;JL ZA PAGAR ALAM KEL TALANG BATU KEC MESUJI TIMUR;6.28E+11;;2051146;34698;90052442;90052442;Rudi Anggoro;F2 GT;Jumat Ganjil;;;;;;;;;08:00:00;;;;2;13;Z00;0;34698;3042;12.11.2025;12.11.2025
5593535;TOKO SILVI;PANAWAR REJO RT/RW 004/005;8.52E+10;;2051131;34593;90052449;90052449;Beni Saputra;F2 GT;Selasa Ganjil;;;08:00:00;;;;;;;;;;2;69;Z00;0;34593;3042;01.07.2025;01.07.2025
5677198;TK RINDI;BUKO POSO RT/RW 002/002 KEL BUKO POSO KEC WAT SERDANG;8.23E+11;;2051169;34684;90052442;90052442;Rudi Anggoro;F2 GT;Senin Ganjil;08:00:00;;;;;;;;;;;;2;58;Z00;0;34684;3042;12.11.2025;12.11.2025
5677199;TK SITI SEMBAKO;KAHURIPAN JAYA RT/RW 002/001 KEL KAHURIPAN JAYA KEC BANJAR B;8.78E+10;;2051176;34682;90052418;90052418;Yuda Nurisman;F2 GT;Rabu Genap;;;;;;08:00:00;;;;;;;2;58;Z00;0;34682;3042;12.11.2025;12.11.2025
5594031;TK YULI;BANJAR AGUNG RT 001 RW 002 KEL BANJAR AGUNG KEC BANJAR AGUNG;6.29E+12;;2051148;34593;90052449;90052449;Beni Saputra;F2 GT;Selasa Ganjil;;;08:00:00;;;;;;;;;;2;58;Z00;0;34593;3042;02.07.2025;02.07.2025
5598760;TK EKA UNIT 1;PENAWAR REJO RT/RW 001/003 KEC BANJAR MARGO;8.53E+10;;2051164;34593;90052449;90052449;Beni Saputra;F2 GT;Selasa Ganjil;;;08:00:00;;;;;;;;;;2;14;Z00;0;34593;3042;14.07.2025;14.07.2025
5602135;TK RUS;BANJAR AGUNG RT/RW 002/003, KEC BANJAR AGUNG;8.54E+10;;2051148;34593;90052449;90052449;Beni Saputra;F2 GT;Selasa Ganjil;;;08:00:00;;;;;;;;;;2;69;Z00;0;34593;3042;21.07.2025;21.07.2025
5602137;TK AHMAD;JL LINTAS TIMUR, BANJAR AGUNG, RT/RW 003/003;8.14E+10;;2051148;34682;90052449;90052449;Beni Saputra;F2 GT;Selasa Ganjil;;;08:00:00;;;;;;;;;;2;14;Z00;0;34682;3042;21.07.2025;21.07.2025
5685599;TK LINA;SINAR LAGA RT/RW 004/001 KEC TANJUNG RAYA;8.13E+10;;2051142;34697;90052442;90052442;Rudi Anggoro;F2 GT;Jumat Genap;;;;;;;;;;08:00:00;;;2;14;Z00;0;34697;3042;19.11.2025;19.11.2025
5652439;TK ALBI;BANJAR AGUNG RT/RW 002/003 KEC BANJAR AGUNG;8.54E+10;;2051148;34682;90052449;90052449;Beni Saputra;F2 GT;Selasa Ganjil;;;08:00:00;;;;;;;;;;2;69;Z00;0;34682;3042;17.10.2025;17.10.2025
5727480;TK SILVI;PENAWAR REJO RT 04/04 BANJAR MARGO;6.28E+12;;2051180;34684;90052449;90052449;Beni Saputra;F2 GT;Selasa Ganjil;;;08:00:00;;;;;;;;;;2;14;Z00;0;34684;3042;22.12.2025;22.12.2025
5781862;TK SHERLY;BANJAR DEWA RT 004 RW 003 KEC BANJAR AGUNG;6.28E+12;;2051175;34593;90052449;90052449;Beni Saputra;F2 GT;Selasa Ganjil;;;08:00:00;;;;;;;;;;2;14;Z00;0;34593;3042;11.02.2026;11.02.2026
5783284;TK LIA;PENAWAR REJO RT002 RW003 KEC BANJAR MARGO;6.28E+12;;2051145;34593;90052449;90052449;Beni Saputra;F2 GT;Selasa Ganjil;;;08:00:00;;;;;;;;;;2;14;Z00;0;34593;3042;12.02.2026;12.02.2026
5824153;TK MIKHA;BANJAR DEWA RT 002 RW 004 KEC BANJAR AGUNG;6.28E+12;;2051175;34595;90052449;90052449;Beni Saputra;F2 GT;Selasa Ganjil;;;08:00:00;;;;;;;;;;2;14;Z00;0;34595;3042;23.04.2026;23.04.2026
202647;TK. MUH RONI;RAWAPITU SP2 RT.11-04 KEL.BATANG HARI KEC.RAWAPITU;8.23E+10;8.57E+10;2051186;34595;90052449;90052449;Beni Saputra;F2 GT;Selasa Genap;;;;08:00:00;;;;;;;;;2;14;Z00;0;34595;3042;04.10.2013;19.05.2025
202658;TK.ELI;RAWAPITU SP2 JL.CEMPAKA RT.12-4 KEL.BATANGHARI KEC.RAWAPITU;8.23E+10;;2051186;34595;90052449;90052449;Beni Saputra;F2 GT;Selasa Genap;;;;08:00:00;;;;;;;;;2;14;Z00;0;34595;3042;04.10.2013;19.05.2025
202662;TK.SUMBER SARI;SUMBER SARI RT.18-06 KEL.SUMBER SARI KEC.PENAWAR AJI;8.13E+10;;2051186;34595;90052449;90052449;Beni Saputra;F2 GT;Selasa Genap;;;;08:00:00;;;;;;;;;2;69;Z00;0;34595;3042;04.10.2013;16.06.2025
209673;TK. ASFA JAYA;KARYA MAKMUR RT.2-1 KEL.KARYA MAKMUR KEC.PENAWAR AJI;8.13E+10;;2051167;34595;90052449;90052449;Beni Saputra;F2 GT;Selasa Genap;;;;08:00:00;;;;;;;;;2;14;Z00;0;34595;3042;09.01.2014;19.05.2025
230239;TK. ARUM;JL.ARJUNA RT.1-1 KEL.BATANG HARI KEC.RAWA PITU;8.52E+10;;2051186;34595;90052449;90052449;Beni Saputra;F2 GT;Selasa Genap;;;;08:00:00;;;;;;;;;2;69;Z00;0;34595;3042;08.10.2014;19.05.2025
244517;TK. ALIA;PANCA TUNGGAL JAYA RT.1-5 KEC.PANCA TUNGGAL JAYA;8.22E+10;;2051186;34595;90052449;90052449;Beni Saputra;F2 GT;Selasa Genap;;;;08:00:00;;;;;;;;;2;14;Z00;0;34595;3042;01.04.2015;19.05.2025
776965;TK.EDI PURNOMO;PANCA TUNGGAL JAYA RT.20-5 KEL.PANCA TUNGGAL JAYA;8.23E+10;;2051186;34595;90052449;90052449;Beni Saputra;F2 GT;Selasa Genap;;;;08:00:00;;;;;;;;;2;14;Z00;0;34595;3042;07.04.2021;19.05.2025
5695285;TK ZIAN;MURNI JAYA RT/RW 007/002 KEC TUMI JAJAR TUBABA;8.58E+10;;2051086;34692;90052418;90052418;Yuda Nurisman;F2 GT;Kamis Ganjil;;;;;;;08:00:00;;;;;;2;14;Z00;0;34692;3042;27.11.2025;27.11.2025
5702876;WR BU SITI;BUJUK AGUNG RT/RW 001/003 KEC BANJAR MARGO;8.22E+10;;2051169;34593;90052442;90052442;Rudi Anggoro;F2 GT;Selasa Genap;;;;08:00:00;;;;;;;;;2;14;Z00;0;34593;3042;03.12.2025;03.12.2025
1989611;TK.BUDIARSO;PANCA TUNGGAL JAYA RT.21-5 KEL.PANCA TUNGGAL JAYA KEC.;8.52E+10;;2051186;34593;90052449;90052449;Beni Saputra;F2 GT;Selasa Genap;;;;08:00:00;;;;;;;;;2;69;Z00;0;34593;3042;11.08.2022;16.06.2025
5708551;TK MBAK NENG;BALAM JAYA RT 013 RW 005 KEL BALAM JAYA KEC WAY KENANGA;8.22E+10;;2051145;34595;90052418;90052418;Yuda Nurisman;F2 GT;Senin Ganjil;08:00:00;;;;;;;;;;;;2;14;Z00;0;34595;3042;08.12.2025;03.03.2026
2893116;WR.KHOTIJAH;KARYA MAKMUR RT.11-5 KEL.KARYA MAKMUR KEC.PENAWAR AJI;8.58E+10;;2051186;34593;90052449;90052449;Beni Saputra;F2 GT;Selasa Genap;;;;08:00:00;;;;;;;;;2;14;Z00;0;34593;3042;03.03.2023;16.06.2025
2893154;WR.SELA;MULYO DADI RT.4-2 KEL.MULYO DADI KEC.RAWA PITU;8.57E+10;;2051186;34593;90052449;90052449;Beni Saputra;F2 GT;Selasa Genap;;;;08:00:00;;;;;;;;;2;58;Z00;0;34593;3042;03.03.2023;19.05.2025
5709134;TK SIMARMATA;JL RAYA TULUNG RANDU UNIT 6;8.58E+09;;2051149;34388;90052418;90052418;Yuda Nurisman;F2 GT;Sabtu Genap;;;;;;;;;;;;08:00:00;2;14;Z00;0;34388;3042;08.12.2025;08.12.2025
5709135;TK MAK ITAK;MUARA TENANG RT/RW 003/001 KEC TANJUNG RAYA;8.12E+10;;2051141;34597;90052442;90052442;Rudi Anggoro;F2 GT;Jumat Ganjil;;;;;;;;;08:00:00;;;;2;14;Z00;0;34597;3042;08.12.2025;08.12.2025
5710254;TK RAMIYAH;TIRTA KENCANA RT 014 RW 004 KEC TULANG BAWANG TENGAH;8.22E+10;;2051085;34693;90052418;90052418;Yuda Nurisman;F2 GT;Rabu Ganjil;;;;;08:00:00;;;;;;;;2;14;Z00;0;34693;3042;09.12.2025;09.12.2025
5710255;TK BAGUS;DESA PANARAGAN JAYA RT/RW 001/003 KEC TULANG BAWANG TENGAH;8.22E+10;;2051085;34693;90052418;90052418;Yuda Nurisman;F2 GT;Rabu Ganjil;;;;;08:00:00;;;;;;;;2;14;Z00;0;34693;3042;09.12.2025;09.12.2025
5710256;AGFIT CELL;PANARAGAN RT 005 RW 007 KEC TULANG BAWANG TENGAH;8.95E+10;;2051085;34693;90052418;90052418;Yuda Nurisman;F2 GT;Rabu Ganjil;;;;;08:00:00;;;;;;;;2;14;Z00;0;34693;3042;09.12.2025;09.12.2025
5710272;TK ANIS;MARGA SARI RT/RW 002/003 KEC GUNUNG TERANG;6.28E+12;;2051570;34683;90052442;90052442;Rudi Anggoro;F2 GT;Senin Genap;;08:00:00;;;;;;;;;;;2;14;Z00;0;34683;3042;09.12.2025;09.12.2025
5710273;TK NAZWA;MARGO DADI RT 008 RW 003 KEC BATU PUTIH;6.28E+12;;2051570;34683;90052442;90052442;Rudi Anggoro;F2 GT;Senin Genap;;08:00:00;;;;;;;;;;;2;14;Z00;0;34683;3042;09.12.2025;09.12.2025
5711692;TK ABDUL MAZID;INDRALOKA II RW 3 RT 11 KEC WAY KENANGA,;8.53E+10;;2051169;34684;90052442;90052442;Rudi Anggoro;F2 GT;Selasa Genap;;;;08:00:00;;;;;;;;;2;14;Z00;0;34684;3042;10.12.2025;10.12.2025
5711889;MULY CELL;JL PS INDRALOKA 2 RT 027 RW 006 KEL INDRALOKA II;6.29E+12;;2051169;34684;90052442;90052442;Rudi Anggoro;F2 GT;Selasa Genap;;;;08:00:00;;;;;;;;;2;14;Z00;0;34684;3042;10.12.2025;10.12.2025
5713229;IDM FRESH LINTAS TIMUR I;JL LINTAS TIMUR RT 001 RW 001 KEL DWI WARGA TUNGGAL JAYA;8.32E+10;;2051148;34593;90052301;90052301;Ihwal Bayu Saddera;F4 GT;Selasa;;;08:00:00;08:00:00;;;;;;;;;1;43;Z30;5.000.000;34593;3042;11.12.2025;11.12.2025
5714922;TK YOGI;PS KAGUNGAN RATU KEC TULANG BAWANG UDIK;6.28E+12;;2051085;34691;90052418;90052418;Yuda Nurisman;F2 GT;Rabu Ganjil;;;;;08:00:00;;;;;;;;2;14;Z00;0;34691;3042;12.12.2025;12.12.2025
5714923;TK MUSTIKA;MULYA JAYA RT/RW 004/001KEC TULANG BAWANG TENGAH;8.58E+10;;2051085;34693;90052418;90052418;Yuda Nurisman;F2 GT;Kamis Ganjil;;;;;;;08:00:00;;;;;;2;14;Z00;0;34693;3042;12.12.2025;12.12.2025
5718207;TK RH;PENUMANGAN BARU RT 012 RW 005;6.28E+12;;2051239;34693;90052418;90052418;Yuda Nurisman;F2 GT;Jumat Ganjil;;;;;;;;;08:00:00;;;;2;14;Z00;0;34693;3042;15.12.2025;15.12.2025
5719979;TK BU NENG 2;PANCA WARNA RT/RW 002/006 KEC WAY SERDANG;8.12E+10;;2051171;34684;90052442;90052442;Rudi Anggoro;F2 GT;Kamis Genap;;;;;;;;08:00:00;;;;;2;14;Z00;0;34684;3042;16.12.2025;16.12.2025
5719980;TK SABAR SUBUR;LABUHAN BATIN RT/RW 001/001 KEC WAY SERDANG;8.24E+10;;2051171;34684;90052442;90052442;Rudi Anggoro;F2 GT;Kamis Ganjil;;;;;;;08:00:00;;;;;;2;14;Z00;0;34684;3042;16.12.2025;16.12.2025
5721269;TK LINA;WARGA INDAH JAYA RT 001 RW 002 KEL WARGA INDAH JAYA;8.58E+10;;2051152;34684;90052418;90052418;Yuda Nurisman;F2 GT;Senin Ganjil;08:00:00;;;;;;;;;;;;2;14;Z00;0;34593;3042;17.12.2025;17.12.2025
5721277;SWD CELL 2;SUMBER JAYA KEC GUNUNG AGUNG;8.22E+10;;2051169;34684;90052442;90052442;Rudi Anggoro;F2 GT;Rabu Ganjil;;;;;08:00:00;;;;;;;;2;14;Z00;0;34684;3042;17.12.2025;17.12.2025
5722278;TK YANI;TIRTA KENCANA RT 032 RW 006 KEC TULANG BAWANG TENGAH;8.22E+10;;2051239;34693;90052418;90052418;Yuda Nurisman;F2 GT;Jumat Ganjil;;;;;;;;;08:00:00;;;;2;14;Z00;0;34693;3042;18.12.2025;18.12.2025
2893180;TK.GHOFUR;RAWA PITU SP2-4 RT.14-5 KEL.BATANG HARI KEC.RAWA PITU;8.22E+10;;2051186;34593;90052449;90052449;Beni Saputra;F2 GT;Selasa Genap;;;;08:00:00;;;;;;;;;2;58;Z00;0;34593;3042;03.03.2023;22.05.2025
5727481;TK RIKO;MULYA JAYA KEC GUNUNG AGUNG;8.13E+10;;2051152;34684;90052442;90052442;Rudi Anggoro;F2 GT;Rabu Genap;;;;;;08:00:00;;;;;;;2;14;Z00;0;34684;3042;22.12.2025;22.12.2025
5728963;TK INDRA BADAI;DSN I GUNUNG BATIN BARU RT 007 RW 000 KEC GUNUNG BATIN BARU;8.52E+10;;2051381;34167;90052418;90052418;Yuda Nurisman;F2 GT;Senin Genap;;08:00:00;;;;;;;;;;;2;14;Z00;0;34167;3042;23.12.2025;18.05.2026
5735222;WR MBA TIKA;WIRA JAYA RT 026 RW 004 KEL WIRA JAYA KEC TANJUNG RAYA;6.28E+12;;2051143;34593;90052442;90052442;Rudi Anggoro;F2 GT;Jumat Genap;;;;;;;;;;08:00:00;;;2;14;Z00;0;34593;3042;29.12.2025;02.01.2026
5735248;TK VANIA;TUNAS JAYA KEC GUNUNG AGUNG;8.22E+10;;2051169;34684;90052442;90052442;Rudi Anggoro;F2 GT;Rabu Ganjil;;;;;08:00:00;;;;;;;;2;14;Z00;0;34684;3042;29.12.2025;29.12.2025
5743846;WR YOMAN;JL SINDANG GAYUR NO 5 KEL MULYA ASRI KEC TULANG BAWANG TENGA;;8.13E+10;2051086;34693;90052418;90052418;Yuda Nurisman;F2 GT;Kamis Genap;;;;;;;;08:00:00;;;;;2;14;Z00;0;34693;3042;06.01.2026;06.01.2026
5743847;TK KENZIE F.J;MULYA ASRI RT/RW 020/003 KEL MULYO ASRI KEC TUBA TENGAH;6.28E+12;;2051086;34693;90052418;90052418;Yuda Nurisman;F2 GT;Kamis Genap;;;;;;;;08:00:00;;;;;2;14;Z00;0;34693;3042;06.01.2026;06.01.2026
5743848;TK ERNA;MEKAR JAYA KEC BANJAR MARGO;;8.13E+10;2051169;34684;90052418;90052418;Yuda Nurisman;F2 GT;Senin Ganjil;08:00:00;;;;;;;;;;;;2;14;Z00;0;34684;3042;06.01.2026;06.01.2026
5743849;TK JAYA MAKMUR;MARGA ASRI RT/RW 012/003 KEL MARGA ASRI KEC TUBABA;;8.58E+10;2051086;34693;90052418;90052418;Yuda Nurisman;F2 GT;Kamis Genap;;;;;;;;08:00:00;;;;;2;14;Z00;0;34693;3042;06.01.2026;06.01.2026
5746417;TK IBU SITI;JL CENDRAWASIH RT/RW 004/001 KEC PENAWAR TAMA;8.13E+10;;2051398;34595;90052442;90052442;Rudi Anggoro;F2 GT;Selasa Genap;;;;08:00:00;;;;;;;;;2;14;Z00;0;34595;3042;08.01.2026;08.01.2026
3387443;WR HUSMUK;WONO REJO RT 021 RW 007 KEL WONO REJO KEC PENAWAR AJI;6.29E+12;;2051186;34593;90052449;90052449;Beni Saputra;F2 GT;Selasa Genap;;;;08:00:00;;;;;;;;;2;58;Z00;0;34593;3042;06.06.2023;19.08.2025
5587480;TOKO MAS SHOLIKIN;KARYA MAKMUR RT/RW 015/006;8.23E+10;;2051186;34593;90052449;90052449;Beni Saputra;F2 GT;Selasa Genap;;;;08:00:00;;;;;;;;;2;14;Z00;0;34593;3042;16.06.2025;16.06.2025
5606956;TK GALI;GEDUNG REJO SAKTI RT/RW 011/003 KEC PENAWAR AJI;8.16E+10;;2051166;34593;90052449;90052449;Beni Saputra;F2 GT;Selasa Genap;;;;08:00:00;;;;;;;;;2;69;Z00;0;34593;3042;30.07.2025;30.07.2025
5746422;WR SELVI;DUSUN BESUKI RT/RW 002/001 KEL SUKO BINANGUN KEC WAY SEPUTIH;;8.14E+10;2051169;34684;90052418;90052418;Yuda Nurisman;F2 GT;Senin Ganjil;08:00:00;;;;;;;;;;;;2;14;Z00;0;34684;3042;08.01.2026;08.01.2026
5746612;TK MD;DESA BANGUN JAYA KEL BANGUN JAYA KEC GUNUNG AGUNG;8.57E+10;;2051169;34595;90052442;90052442;Rudi Anggoro;F2 GT;Rabu Ganjil;;;;;08:00:00;;;;;;;;2;14;Z00;0;34595;3042;08.01.2026;08.01.2026
5746613;TK MD;DESA BANGUN JAYA KEL BANGUN JAYA KEC GUNUNG AGUNG;8.57E+10;;2051169;34595;90052442;90052442;Rudi Anggoro;F2 GT;Rabu Ganjil;;;;;08:00:00;;;;;;;;2;42;Z00;0;34595;3042;08.01.2026;08.01.2026
5611147;TK BERKAH R3;GEDUNG ASRI RT 003 RW 001 KEL GEDUNG ASRI;8.54E+10;;2051167;34593;90052449;90052449;Beni Saputra;F2 GT;Selasa Genap;;;;08:00:00;;;;;;;;;2;58;Z00;0;34593;3042;07.08.2025;17.10.2025
5761086;TK MBA RHE;JL DEWA RUCI WAY KENANGA KAB TULANG BAWANG BARAT 34684;8.24E+10;;2051145;34684;90052442;90052442;Rudi Anggoro;F2 GT;Senin Ganjil;08:00:00;;;;;;;;;;;;2;14;Z00;0;34684;3042;21.01.2026;21.01.2026
5686881;TK CINTA OLSHOP;GEDUNG ASRI RT/RW 006/002 KEC PENAWAR AJI;8.22E+10;;2051186;34593;90052449;90052449;Beni Saputra;F2 GT;Selasa Genap;;;;08:00:00;;;;;;;;;2;58;Z00;0;34593;3042;20.11.2025;20.11.2025
5761088;WR SITI;GEDUNG SRI MULYO, WAY SERDANG, KAB MESUJI LAMPUNG;8.23E+10;;2051171;34698;90052442;90052442;Rudi Anggoro;F2 GT;Kamis Ganjil;;;;;;;08:00:00;;;;;;2;14;Z00;0;34698;3042;21.01.2026;21.01.2026
5762144;TK IRA MAKMUR;SETIA BUMI,GUNUNG TERANG,KAB TULANG BAWANG BARAT;8.12E+10;;2051151;34683;90052442;90052442;Rudi Anggoro;F2 GT;Senin Genap;;08:00:00;;;;;;;;;;;2;14;Z00;0;34683;3042;22.01.2026;22.01.2026
5762145;TK TATA BRILINK;MULYA JAYA KEC GN AGUNG KAB TULANG BAWANG BARAT 34684;8.21E+10;;2051152;34684;90052442;90052442;Rudi Anggoro;F2 GT;Rabu Genap;;;;;;08:00:00;;;;;;;2;14;Z00;0;34684;3042;22.01.2026;22.01.2026
5762147;TK RUMIYATI;TUNGGAL WARGA,BANJAR AGUNG,KAB TULANG BAWANG34684;;8.14E+10;2051148;34684;90052418;90052418;Yuda Nurisman;F2 GT;Jumat Genap;;;;;;;;;;08:00:00;;;2;14;Z00;0;34684;3042;22.01.2026;22.01.2026
5762148;WR ASMARA CELL;MARGA SARI, GUNUNG TERANG,KAB TULANG BAWANG BARAT;8.58E+10;;2051570;34683;90052442;90052442;Rudi Anggoro;F2 GT;Senin Genap;;08:00:00;;;;;;;;;;;2;14;Z00;0;34683;3042;22.01.2026;22.01.2026
5762149;TK NIZARFA;TOTO KATON, KEC GUNUNG TERANG KAB TULANG BAWANG BARAT 34683;8.23E+10;;2051570;34683;90052442;90052442;Rudi Anggoro;F2 GT;Senin Genap;;08:00:00;;;;;;;;;;;2;14;Z00;0;34683;3042;22.01.2026;22.01.2026
5767597;ZZU ZZU MART;MULYA KENCANA RT 001 RW 001 KEL MULYA KENCANA KEC TULANG;6.29E+12;;2051237;34693;90052418;90052418;Yuda Nurisman;F2 GT;Jumat Ganjil;;;;;;;;;08:00:00;;;;2;14;Z00;0;34693;3042;27.01.2026;27.01.2026
5686882;TK HANI CELL;GEDUNG ASRI RT/RW 003/003 KEC PENAWAR AJI;8.14E+10;;2051186;34593;90052449;90052449;Beni Saputra;F2 GT;Selasa Genap;;;;08:00:00;;;;;;;;;2;58;Z00;0;34593;3042;20.11.2025;20.11.2025
5774312;TK ARIS;JL. PETAMBURAN MESUJI;;8.54E+10;2051142;34697;90052442;90052442;Rudi Anggoro;F2 GT;Sabtu Ganjil;;;;;;;;;;;08:00:00;;2;14;Z00;0;34697;3042;03.02.2026;03.02.2026
5774313;TK WAYAN;JL ZA PAGAR ALAM MUKTI KARYA MESUJI TIMUR;8.22E+10;;2051146;34697;90052442;90052442;Rudi Anggoro;F2 GT;Jumat Genap;;;;;;;;;;08:00:00;;;2;14;Z00;0;34697;3042;03.02.2026;03.02.2026
5774315;TK DEFRANDRO;GEDUNG BOGA KEC. WAY SERDANG SIMPANG PEMATANG;;8.22E+10;2051146;34697;90052442;90052442;Rudi Anggoro;F2 GT;Selasa Ganjil;;;08:00:00;;;;;;;;;;2;14;Z00;0;34697;3042;03.02.2026;03.02.2026
5774316;SRC MUNAWAROH;JL. ZA PAGAR ALAM KEC PANCA JAYA MESUJI;8.54E+10;;2051426;34697;90052442;90052442;Rudi Anggoro;F2 GT;Jumat Ganjil;;;;;;;;;08:00:00;;;;2;14;Z00;0;34697;3042;03.02.2026;03.02.2026
5774317;TK MEME;DESA MAJU JAYA JALUR 6 MESUJI;8.23E+10;;2051426;34697;90052442;90052442;Rudi Anggoro;F2 GT;Jumat Genap;;;;;;;;;;08:00:00;;;2;14;Z00;0;34697;3042;03.02.2026;03.02.2026
5686978;TK QORI;JL ABUNG 9RT/RW 008/002KEL SUMBER AGUNGKEC RAWA PITU;8.53E+10;;2051136;34593;90052449;90052449;Beni Saputra;F2 GT;Selasa Genap;;;;08:00:00;;;;;;;;;2;58;Z00;0;34593;3042;20.11.2025;20.11.2025
5775166;TK LEA;MEKAR JAYA RT 004 RW 004 KEL MEKAR JAYA KEC GUNUNG AGUNG;8.23E+10;;2051152;34683;90052442;90052442;Rudi Anggoro;F2 GT;Rabu Genap;;;;;;08:00:00;;;;;;;2;14;Z00;0;34683;3042;04.02.2026;04.02.2026
5836878;TK MARNO CELL;PANCA TUNGGAL JAYA RT 023 RW 005 KEC PENAWAR AJI;;8.13E+10;2051167;34595;90052449;90052449;Beni Saputra;F2 GT;Selasa Genap;;;;08:00:00;;;;;;;;;2;14;Z00;0;34595;3042;17.06.2026;17.06.2026
5776430;TK SOFYAN;MEKAR JAYA RT/RW:001/007 KEL.MEKAR JAYA KEC.GUNUNG AGUNG;6.29E+12;;2051152;34683;90052442;90052442;Rudi Anggoro;F2 GT;Rabu Genap;;;;;;08:00:00;;;;;;;2;14;Z00;0;34683;3042;05.02.2026;05.02.2026
5776431;TK YANI;JL SUDIRMAN. KEC SUKA JAYA;;8.58E+10;2051152;34683;90052442;90052442;Rudi Anggoro;F2 GT;Rabu Genap;;;;;;08:00:00;;;;;;;2;14;Z00;0;34683;3042;05.02.2026;05.02.2026
330172;TK.RUKUN JAYA;KP.TUNGGAL WARGA RT.4-1 NO.35 KEL.TUNGGAL WARGA KEC.BANJAR;8.14E+10;;2051148;34595;90052449;90052449;Beni Saputra;F2 GT;Senin Ganjil;08:00:00;;;;;;;;;;;;2;14;Z00;0;34595;3042;01.02.2017;02.06.2025
5777644;TK WARNIATI;BAWANG TIRTO MULYO, RT/002 RW/001, KECAMATAN BANJAR BARU;;8.79E+10;2051176;34593;90052418;90052418;Yuda Nurisman;F2 GT;Selasa Ganjil;;;08:00:00;;;;;;;;;;2;14;Z00;0;34593;3042;06.02.2026;06.02.2026
5781100;TK KEYSA;SRI RAHAYU RT 006 RW 001 KEL KAGUNGAN RAHAYU KEC MENGGALA;6.29E+13;;2051185;34596;90052418;90052418;Yuda Nurisman;F2 GT;Senin Genap;;08:00:00;;;;;;;;;;;2;14;Z00;0;34596;3042;10.02.2026;27.02.2026
5781741;TK RENDI;BUMI HARAPAN, RT 006 RW 002, KEL BUMI HARAPN KEC WAY SERDANG;8.22E+10;;2051171;34697;90052442;90052442;Rudi Anggoro;F2 GT;Kamis Genap;;;;;;;;08:00:00;;;;;2;14;Z00;0;34697;3042;11.02.2026;11.02.2026
5781743;TK VINA;INDRALOKA 1 RT 005 RW 002 KEL INDRALOKA IKEC WAY KENANGA;;8.22E+10;2051171;34593;90052442;90052442;Rudi Anggoro;F2 GT;Senin Ganjil;08:00:00;;;;;;;;;;;;2;14;Z00;0;34593;3042;11.02.2026;11.02.2026
1735362;ITA/MARLIYAH;PURWA JAYA RT.3-3 KEL.PURWA JAYA KEC.BANJAR MARGO;6.28E+12;;2051148;34593;90052449;90052449;Beni Saputra;F2 GT;Senin Ganjil;08:00:00;;;;;;;;;;;;2;69;Z00;0;34593;3042;12.04.2022;23.12.2024
1957638;TK.AROFAT;PURWA JAYA RT.2-5 KEL.PURWA JAYA KEC.BANJAR MARGO;8.24E+10;;2051148;34593;90052449;90052449;Beni Saputra;F2 GT;Senin Ganjil;08:00:00;;;;;;;;;;;;2;69;Z00;0;34593;3042;03.08.2022;23.12.2024
5781864;TOKO RITA;SUKA JAYA RT 007 RW 002 KEC GUNUNG AGUNG TBB;8.13E+10;;2051152;34684;90052442;90052442;Rudi Anggoro;F2 GT;Rabu Ganjil;;;;;08:00:00;;;;;;;;2;14;Z00;0;34684;3042;11.02.2026;11.02.2026
5781865;TK AISRIAH;MULYA SARI RT 016 RW 005 KEC GUNUNG AGUNG TBB;;8.60E+10;2051169;34683;90052418;90052418;Yuda Nurisman;F2 GT;Senin Ganjil;08:00:00;;;;;;;;;;;;2;14;Z00;0;34683;3042;11.02.2026;11.02.2026
3211332;TK.NAYMAR;DWI WARGA TUNGGAL JAYA RT.3-5 KEL.DWI WARGA TUNGGAL JAYA;8.53E+10;;2051148;34593;90052449;90052449;Beni Saputra;F2 GT;Senin Ganjil;08:00:00;;;;;;;;;;;;2;14;Z00;0;34593;3042;03.05.2023;23.12.2024
3211334;TK GABRIEL;DWI WARGA TUNGGAL JAYA RT 001 RW 001 KEL DWI WARGA TUNGGAL;8.53E+10;;2051148;34593;90052449;90052449;Beni Saputra;F2 GT;Senin Ganjil;08:00:00;;;;;;;;;;;;2;58;Z00;0;34593;3042;03.05.2023;01.10.2025
3639417;WR MUZINAH;DWI WARGA TUNGGAL JAYA RT.5-4 KEL.DWI WARGA TUNGGAL JAYA;8.53E+10;;2051148;34593;90052449;90052449;Beni Saputra;F2 GT;Senin Ganjil;08:00:00;;;;;;;;;;;;2;69;Z00;0;34593;3042;20.07.2023;06.01.2025
5782367;TK HERI;TOTOMULYO SP3B RT002 RW001 KEC GUNUNG TERANG;;8.57E+10;2051152;34593;90052442;90052442;Rudi Anggoro;F2 GT;Senin Genap;;08:00:00;;;;;;;;;;;2;14;Z00;0;34593;3042;11.02.2026;11.02.2026
5782370;TK SUHERI;BUMI HARAPAN SP3 RT 002 RW 006 WAY SERDANG;8.54E+10;;2051171;34684;90052442;90052442;Rudi Anggoro;F2 GT;Kamis Genap;;;;;;;;08:00:00;;;;;2;14;Z00;0;34684;3042;11.02.2026;11.02.2026
5782371;TK BUDE RANA;BALAM ASRI RT 006 RW 002 KEC WAY KENANGA;;8.23E+10;2051169;34684;90052442;90052442;Rudi Anggoro;F2 GT;Senin Ganjil;08:00:00;;;;;;;;;;;;2;14;Z00;0;34684;3042;11.02.2026;11.02.2026
5782401;TK VINA;PANCA MULYA RT 003 RW 002 KEL PANCA MULYA KEC BANJAR BARU;;8.22E+10;2051148;34593;90052418;90052418;Yuda Nurisman;F2 GT;Selasa Ganjil;;;08:00:00;;;;;;;;;;2;14;Z00;0;34593;3042;11.02.2026;11.02.2026
5782405;RM CINTAA NAVIRI;SIMPANG PEMATANG RT 018 RW 009 KEL SIMPANG PEMATANG;;8.22E+10;2051146;34698;90052442;90052442;Rudi Anggoro;F2 GT;Selasa Ganjil;;;08:00:00;;;;;;;;;;2;14;Z00;0;34698;3042;11.02.2026;11.02.2026
3861921;MARS CELL;PURWA JAYA RT.3-2 KEL.PURWA JAYA KEC.BANJAR MARGO;8.54E+10;;2051173;34595;90052449;90052449;Beni Saputra;F2 GT;Senin Ganjil;08:00:00;;;;;;;;;;;;2;69;Z00;0;34595;3042;24.08.2023;14.07.2025
5405990;TK.SARIMANAH;DWI WARGA TUNGGAL JAYA KEL.DWI WARGA TUNGGAL JAYA KEC.BANJAR;6.29E+12;;2051148;34682;90052449;90052449;Beni Saputra;F2 GT;Senin Ganjil;08:00:00;;;;;;;;;;;;2;58;Z00;0;34684;3042;20.12.2024;20.12.2024
5405991;TL.BU MIYEM;TUNGGAL WARGA KEL.TUNGGAL WARGA KEC.BANJAR AGUNG;8.22E+10;;2051148;34682;90052449;90052449;Beni Saputra;F2 GT;Senin Ganjil;08:00:00;;;;;;;;;;;;2;14;Z00;0;34682;3042;20.12.2024;20.12.2024
5784388;TK REGA;KEBUN DALAM RT 001 RW 005 KEC WAY SERDANG MESUJI;;8.22E+10;2051169;34684;90052442;90052442;Rudi Anggoro;F2 GT;Kamis Genap;;;;;;;;08:00:00;;;;;2;14;Z00;0;34684;3042;13.02.2026;13.02.2026
5468466;TK.BARAN;KP.KEMANG RT.1 RW.6 DWI WARGA TUNGGAL JAYA KEL.DWI WARGA TUN;8.74E+09;;2051148;34682;90052449;90052449;Beni Saputra;F2 GT;Senin Ganjil;08:00:00;;;;;;;;;;;;2;58;Z00;0;34682;3042;22.01.2025;22.01.2025
5596053;TK LIDIA;DWI WARGA TUNGGAL JAYA JL PERINTIS RT/RW 005/003;8.22E+10;;2051148;34682;90052449;90052449;Beni Saputra;F2 GT;Senin Ganjil;08:00:00;;;;;;;;;;;;2;69;Z00;0;34682;3042;07.07.2025;07.07.2025
5786553;TK FAREL;INDRALOKA 1 RT007 RW003 KECAMATAN WAY KENANGA TBB;;8.24E+10;2051169;34593;90052442;90052442;Rudi Anggoro;F2 GT;Senin Ganjil;08:00:00;;;;;;;;;;;;2;14;Z00;0;34593;3042;16.02.2026;16.02.2026
5788266;TK LULUK;MERCU BUANA RT 001 RW 001 KEC WAY KENANGA;;8.54E+10;2051175;34684;90052418;90052418;Yuda Nurisman;F2 GT;Jumat Genap;;;;;;;;;;08:00:00;;;2;14;Z00;0;34684;3042;18.02.2026;18.02.2026
5788993;TK BAGAS;BANGUN JAYA RT 004 RW 004 KEC GUNUNG AGUNG;;8.22E+10;2051169;34684;90052442;90052442;Rudi Anggoro;F2 GT;Rabu Ganjil;;;;;08:00:00;;;;;;;;2;14;Z00;0;34684;3042;19.02.2026;19.02.2026
5789892;IDM POINT REST AREA KM 215 B2;JL TOL KAYU AGUNG BAKAUHENI KEL MULYO SARI KEC GUNUNG AGUNG;8.32E+10;;2051175;34593;90052301;90052301;Ihwal Bayu Saddera;F4 GT;Kamis;;;;;;;08:00:00;08:00:00;;;;;1;43;Z30;5.000.000;34593;3042;20.02.2026;20.02.2026
5791456;TK IZAM CELL;KAGUNGAN RATU RT 004 RW 004 TBB;;8.14E+09;2051085;34691;90052418;90052418;Yuda Nurisman;F2 GT;Rabu Ganjil;;;;;08:00:00;;;;;;;;2;14;Z00;0;34691;3042;23.02.2026;23.02.2026
5791457;TK TIYAS;INDRALOKA MUKTI RT 013 RW 004 KEC WAY KENANGA;6.29E+12;;2051169;34593;90052442;90052442;Rudi Anggoro;F2 GT;Selasa Genap;;;;08:00:00;;;;;;;;;2;14;Z00;0;34593;3042;23.02.2026;23.02.2026
5791458;TK SUMARNO HARTATI;MEKAR JAYA RT/001 RW/002 KECAMATAN BANJAR MARGO;6.28E+12;;2051145;34593;90052418;90052418;Yuda Nurisman;F2 GT;Senin Ganjil;08:00:00;;;;;;;;;;;;2;14;Z00;0;34593;3042;23.02.2026;23.02.2026
5791670;TK SHE FY ANG;PAGAR BUANA, RT 001 RT 002 KEC WAY KENANGA;6.29E+12;;2051169;34593;90052418;90052418;Yuda Nurisman;F2 GT;Senin Ganjil;08:00:00;;;;;;;;;;;;2;14;Z00;0;34593;3042;23.02.2026;23.02.2026
5596073;TK ALFA SAMAROT;JL MUTIARA BUNDATUNGGAL WARGA RT/RW 001/001;8.22E+10;;2051148;34682;90052449;90052449;Beni Saputra;F2 GT;Senin Ganjil;08:00:00;;;;;;;;;;;;2;69;Z00;0;34682;3042;07.07.2025;07.07.2025
5596362;WR.SURYA SEMBAKO;DWI WARGA TUNGGAL JAYA RT/RW 001/007 KEL.DWI WARGA TUNGGAL;8.22E+10;;2051148;34682;90052449;90052449;Beni Saputra;F2 GT;Senin Ganjil;08:00:00;;;;;;;;;;;;2;69;Z00;0;34593;3042;08.07.2025;08.07.2025
5793413;TK MUSLIMAH;PANARAGAN JAYA RT 003 RW 008 KEC TULANG BAWANG TENGAH;8.52E+10;;2051085;34693;90052418;90052418;Yuda Nurisman;F2 GT;Rabu Ganjil;;;;;08:00:00;;;;;;;;2;14;Z00;0;34693;3042;25.02.2026;25.02.2026
5793414;TK BAROKAH;PANARAGAN JAYA RT 001 RW 004 KEC TULANG BAWANG TENGAH;6.29E+12;;2051085;34693;90052418;90052418;Yuda Nurisman;F2 GT;Rabu Ganjil;;;;;08:00:00;;;;;;;;2;14;Z00;0;34693;3042;25.02.2026;25.02.2026
5793415;TK DAVID CELL;MESUJI SUKA AGUNG RT 004 RW 004 KEC WAY SERDANG;8.23E+10;;2051382;30681;90052442;90052442;Rudi Anggoro;F2 GT;Sabtu Genap;;;;;;;;;;;;08:00:00;2;14;Z00;0;30681;3042;25.02.2026;25.02.2026
5793416;TK SEMBAKO DEA;SUKA AGUNG RT 003 RW 004 KEC WAY SERDANG;8.23E+10;;2051382;30681;90052442;90052442;Rudi Anggoro;F2 GT;Sabtu Genap;;;;;;;;;;;;08:00:00;2;14;Z00;0;30681;3042;25.02.2026;25.02.2026
5793419;TK NIA;HADIMULYO RT 003 RW 005 KEC WAY SERDANG;8.22E+10;;2051146;30681;90052442;90052442;Rudi Anggoro;F2 GT;Sabtu Genap;;;;;;;;;;;;08:00:00;2;14;Z00;0;30681;3042;25.02.2026;25.02.2026
5793421;TK SUHARNO;TANJUNG SARI SUKU PURWOSARI RT 001 RW 001 KEC TANJUNG RAYA;;8.22E+10;2051144;30681;90052442;90052442;Rudi Anggoro;F2 GT;Sabtu Ganjil;;;;;;;;;;;08:00:00;;2;14;Z00;0;30681;3042;25.02.2026;25.02.2026
5793432;TK ARIEF MART;HARAPAN MUKTI, RT/010 RW/004 KECAMATAN TANJUNG RAYA;;8.23E+10;2051144;30681;90052442;90052442;Rudi Anggoro;F2 GT;Sabtu Ganjil;;;;;;;;;;;08:00:00;;2;14;Z00;0;30681;3042;25.02.2026;25.02.2026
5600469;TK DEDI ES;PURWA JAYA RT/RW 006/002, BANJAR MARGO;8.87E+10;;2051148;34593;90052449;90052449;Beni Saputra;F2 GT;Senin Ganjil;08:00:00;;;;;;;;;;;;2;14;Z00;0;34593;3042;17.07.2025;17.07.2025
5606919;TK HJ HERLIN BAKERY;TRI TUNGGAL JAYA RT 005 RW 002 KEL TRI TUNGGAL JAYA;8.13E+09;;2051148;34593;90052449;90052449;Beni Saputra;F2 GT;Senin Ganjil;08:00:00;;;;;;;;;;;;2;69;Z00;0;34593;3042;30.07.2025;30.07.2025
5795732;TK SITI;TANJUNG MAS REJO, RT 007 RW 003 KEC MESUJI TIMUR;;8.52E+10;2051153;34697;90052442;90052442;Rudi Anggoro;F2 GT;Jumat Ganjil;;;;;;;;;08:00:00;;;;2;14;Z00;0;34697;3042;02.03.2026;02.03.2026
5795733;TK NURYADI;BRABASAN RT 004 RW 002 KEC TANJUNG RAYA;;8.14E+10;2051142;30681;90052442;90052442;Rudi Anggoro;F2 GT;Sabtu Ganjil;;;;;;;;;;;08:00:00;;2;14;Z00;0;30681;3042;02.03.2026;02.03.2026
5613795;WR TEH TATIK;DWI WARGA TUNGGAL JAYA RT 004 RW 002 KEL DWI WARGA;8.24E+10;;2051148;34593;90052449;90052449;Beni Saputra;F2 GT;Senin Ganjil;08:00:00;;;;;;;;;;;;2;13;Z00;0;34593;3042;12.08.2025;12.08.2025
5796670;TK RAVA;MULYA JAYA RT 008 RW 002 KEC GUNUNG AGUNG;;8.12E+10;2051152;34595;90052442;90052442;Rudi Anggoro;F2 GT;Rabu Genap;;;;;;08:00:00;;;;;;;2;14;Z00;0;34595;3042;03.03.2026;03.03.2026
5632628;TK UMMY PRASMANAN;DWI WARGA TUNGGAL JAYA RT/RW 002/003, KEC BANJAR AGUNG;8.78E+10;;2051148;34593;90052449;90052449;Beni Saputra;F2 GT;Senin Ganjil;08:00:00;;;;;;;;;;;;2;69;Z00;0;34593;3042;16.09.2025;16.09.2025
5797654;TK DUA D;KAGUNGAN RAHAYU WONO KERTO RT 010 RW 004 KEC TBB;;8.13E+10;2051086;34593;90052418;90052418;Yuda Nurisman;F2 GT;Senin Genap;;08:00:00;;;;;;;;;;;2;14;Z00;0;34593;3042;04.03.2026;04.03.2026
5648881;TK YUMNA;DWI WARGA TUNGGAL JAYA RT 003 RW 001 KEC BANJAR AGUNG;8.13E+09;;2051148;34593;90052449;90052449;Beni Saputra;F2 GT;Senin Ganjil;08:00:00;;;;;;;;;;;;2;69;Z00;0;34593;3042;13.10.2025;13.10.2025
5761087;TK ENI;JL BRAWIJAYA DWI WARGA TUNGGAL JAYA KEC BANJAR AGUNG KAB TUB;6.28E+12;;2051148;34684;90052449;90052449;Beni Saputra;F2 GT;Senin Ganjil;08:00:00;;;;;;;;;;;;2;14;Z00;0;34684;3042;21.01.2026;21.01.2026
5786265;TK WISNU;DWI WARGA TUNGGAL JAYA RT 004 RW 007 KEL DWI WARGA TUNGGAL;8.53E+10;;2051148;34593;90052449;90052449;Beni Saputra;F2 GT;Senin Ganjil;08:00:00;;;;;;;;;;;;2;14;Z00;0;34593;3042;16.02.2026;16.02.2026
5791676;TK TUNAS NAULI;JL CEMP. DWI WARGA TUNGGAL JAYA RT 007 RW 004;8.24E+10;;2051175;34595;90052449;90052449;Beni Saputra;F2 GT;Senin Ganjil;08:00:00;;;;;;;;;;;;2;14;Z00;0;34595;3042;23.02.2026;23.02.2026
5829200;TK HAJI MUL;DWI WARGA TUNGGALJAYA RT 008 RW 003 KEC BANJAR AGUNG;8.24E+10;;2051145;34595;90052449;90052449;Beni Saputra;F2 GT;Senin Ganjil;08:00:00;;;;;;;;;;;;2;14;Z00;0;34595;3042;11.05.2026;11.05.2026
5810128;TK NURI;JL LINTAS SUMATERA KAHURIPAN DALAM KEC MENGGALA TIMUR;;8.78E+10;2051176;34682;90052418;90052418;Yuda Nurisman;F2 GT;Rabu Genap;;;;;;08:00:00;;;;;;;2;14;Z00;0;34682;3042;26.03.2026;26.03.2026
5835387;TK AJENG;PURWAJAYA RT 2 RW 1 KEL PURWAJAYA KEC BANJAR MARGO;;8.53E+10;2051175;34684;90052449;90052449;Beni Saputra;F2 GT;Senin Ganjil;08:00:00;;;;;;;;;;;;2;14;Z00;0;34684;3042;09.06.2026;09.06.2026
5812200;TK FAREED;MEKAR SARI JAYA RT 008 RW 003 KEC LAMBU KIBANG;6.29E+12;;2051149;34388;90052418;90052418;Yuda Nurisman;F2 GT;Sabtu Ganjil;;;;;;;;;;;08:00:00;;2;14;Z00;0;34388;3042;30.03.2026;30.03.2026
5813315;TK SRC DEVIS MART;JL IV UJUNG GUNUNG ILIR RT 001 RW 002 KEC MENGGALA;;8.14E+10;2051184;34611;90052418;90052418;Yuda Nurisman;F2 GT;Rabu Genap;;;;;;08:00:00;;;;;;;2;14;Z00;0;34611;3042;01.04.2026;01.04.2026
5813316;TK MARDI;MENGGALA;;8.20E+10;2051184;34611;90052418;90052418;Yuda Nurisman;F2 GT;Rabu Genap;;;;;;08:00:00;;;;;;;2;14;Z00;0;34611;3042;01.04.2026;01.04.2026
5813317;TK BHAS;JL KUBURAN KIBANG TRI JAYA RT 014 RW 003 KEC LAMBU KIBANG;8.24E+10;;2051149;34683;90052418;90052418;Yuda Nurisman;F2 GT;Senin Ganjil;08:00:00;;;;;;;;;;;;2;14;Z00;0;34593;3042;01.04.2026;01.04.2026
5815760;TK FIRDAUS;JL. 1 UJUNG GUNUNG RT 000 RW 000 KEC MENGGALA;;8.24E+10;2051184;34388;90052418;90052418;Yuda Nurisman;F2 GT;Rabu Ganjil;;;;;08:00:00;;;;;;;;2;14;Z00;0;34388;3042;06.04.2026;06.04.2026
5815989;TK FENDA;JL. LINTAS SUMATERA KECMENGGALA TIMUR;6.28E+12;;2051176;34682;90052418;90052418;Yuda Nurisman;F2 GT;Rabu Genap;;;;;;08:00:00;;;;;;;2;14;Z00;0;34682;3042;06.04.2026;06.04.2026
5816468;TK HANA;KARTA RT 002 RW 002 KEC TULANG BAWANG UDIK;6.28E+12;;2051077;34691;90052418;90052418;Yuda Nurisman;F2 GT;Rabu Ganjil;;;;;08:00:00;;;;;;;;2;14;Z00;0;34691;3042;07.04.2026;07.04.2026
209215;TK. OPIK;JL. LINTAS RINGIN SARI NO.18A RT.3-5 KEL.RINGIN SARI;8.14E+10;;2051183;34595;90052449;90052449;Beni Saputra;F2 GT;Senin Genap;;08:00:00;;;;;;;;;;;2;58;Z00;0;34595;3042;02.01.2014;19.03.2025
1776372;ARSY GABE;DSN.PENAWAR JAYA RT.2-2 KEL.PENAWAR JAYA KEC.BANJAR MARGO;8.22E+10;;2051131;34595;90052449;90052449;Beni Saputra;F2 GT;Senin Genap;;08:00:00;;;;;;;;;;;2;14;Z00;0;34593;3042;20.05.2022;24.12.2024
5818400;TK TINI;SIMPANG PEMATANG RT 013 RW 007 KEC SIMAPNG PEMATANG;8.53E+10;;2051146;34698;90052442;90052442;Rudi Anggoro;F2 GT;Selasa Ganjil;;;08:00:00;;;;;;;;;;2;14;Z00;0;34698;3042;10.04.2026;10.04.2026
5818403;TK LENI;LABUHAN BATIN RT 003 RW 003 KEC WAY SERDANG;;8.20E+10;2051169;34684;90052442;90052442;Rudi Anggoro;F2 GT;Selasa Genap;;;;08:00:00;;;;;;;;;2;14;Z00;0;34684;3042;10.04.2026;10.04.2026
5818404;TK HADI JAYA;BUJUK AGUNG RT 003 RW 001 KEC BANJAR MARGO;;8.24E+10;2051169;34684;90052442;90052442;Rudi Anggoro;F2 GT;Selasa Genap;;;;08:00:00;;;;;;;;;2;14;Z00;0;34684;3042;10.04.2026;10.04.2026
5819849;TK BAROKAH MART;SRI RAHAYU BLOK C KEC MENGGALA;;8.52E+10;2051086;34693;90052418;90052418;Yuda Nurisman;F2 GT;Senin Genap;;08:00:00;;;;;;;;;;;2;14;Z00;0;34693;3042;14.04.2026;14.04.2026
2145200;SITI;PENAWAR REJO RT 002 RW 002 KEL PENAWAR REJO KEC BANJAR MARGO;8.15E+10;;2051131;34595;90052449;90052449;Beni Saputra;F2 GT;Senin Genap;;08:00:00;;;;;;;;;;;2;14;Z00;0;34593;3042;22.09.2022;16.04.2026
5820411;TK DENIS FOX;SUMBER JAYA RT 004 RW 002 KEL SUMBER JAYA KEC GUNUNG AGUNG;8.58E+10;;2051152;34595;90052442;90052442;Rudi Anggoro;F2 GT;Rabu Ganjil;;;;;08:00:00;;;;;;;;2;14;Z00;0;34595;3042;15.04.2026;12.06.2026
5820906;TK RISA;GEDUNG SRI MULYO RT 002 RW 001 WAY SERDANG;;8.23E+10;2051171;34698;90052442;90052442;Rudi Anggoro;F2 GT;Kamis Ganjil;;;;;;;08:00:00;;;;;;2;14;Z00;0;34698;3042;16.04.2026;16.04.2026
5821568;TK SUMBER JAYA;KIBANG BUDI JAYA RT 021 RW 007 KEC LAMBU KIBANG;;8.24E+10;2051149;34388;90052418;90052418;Yuda Nurisman;F2 GT;Sabtu Genap;;;;;;;;;;;;08:00:00;2;14;Z00;0;34388;3042;17.04.2026;17.04.2026
2476600;TK.RUDI;PENAWAR REJO RT.3-2 KEL.PENAWAR REJO KEC.PENAWAR REJO;8.24E+10;8.24E+10;2051131;34593;90052449;90052449;Beni Saputra;F2 GT;Senin Genap;;08:00:00;;;;;;;;;;;2;69;Z00;0;34593;3042;16.12.2022;18.06.2025
5821577;TK BERKAH SUKSES MAKMUR;KAHURIPAN JAYA RT 001 RW 005 KEC BANJAR BARU;8.22E+10;;2051149;34682;90052418;90052418;Yuda Nurisman;F2 GT;Sabtu Genap;;;;;;;;;;;;08:00:00;2;14;Z00;0;34593;3042;17.04.2026;17.04.2026
5822584;TK HUSNA FROZEN;BRABASAN RT 003 RW 005 KEC TANJUNG RAYA;;8.53E+10;2051146;34698;90052442;90052442;Rudi Anggoro;F2 GT;Sabtu Ganjil;;;;;;;;;;;08:00:00;;2;14;Z00;0;34698;3042;20.04.2026;20.04.2026
2951041;TK.BU KOM;AGUNG JAYA RT.2-1 KEL.BUJUK AGUNG KEC.BANJAR MARGO;8.14E+10;;2051179;34593;90052449;90052449;Beni Saputra;F2 GT;Senin Genap;;08:00:00;;;;;;;;;;;2;69;Z00;0;34593;3042;14.03.2023;21.02.2025
5823547;TK MS ALFA;CANDRA MUKTI RT 016 RW 003 KEC TULANG BAWANG TENGAH;;8.24E+10;2051077;34693;90052418;90052418;Yuda Nurisman;F2 GT;Kamis Ganjil;;;;;;;08:00:00;;;;;;2;14;Z00;0;34693;3042;22.04.2026;22.04.2026
5823584;TK MARYONO;TEGAL REJO 1 RT 004 RW 007 KEC MENGGALA;;8.54E+10;2051238;34693;90052418;90052418;Yuda Nurisman;F2 GT;Senin Genap;;08:00:00;;;;;;;;;;;2;14;Z00;0;34693;3042;22.04.2026;22.04.2026
3303441;TK YONO;SUKA MAJU RT 001 RW 004 KEL SUKA MAJU KEC BANJAR MARGO;8.52E+10;;2051164;34595;90052449;90052449;Beni Saputra;F2 GT;Senin Genap;;08:00:00;;;;;;;;;;;2;14;Z00;0;34593;3042;18.05.2023;22.01.2026
5824190;TK HUNAIYAH;GUNUNG KATUN TANJUNGAN RT 001 RW 004 KEC.TULANG BAWANG UDIK;;8.53E+10;2051085;34691;90052418;90052418;Yuda Nurisman;F2 GT;Rabu Ganjil;;;;;08:00:00;;;;;;;;2;14;Z00;0;34691;3042;23.04.2026;23.04.2026
5824552;TK TITIK;TOTO KATON RT 012 RW 005 KEC BATU PUTIH;;8.58E+10;2051570;34683;90052442;90052442;Rudi Anggoro;F2 GT;Senin Genap;;08:00:00;;;;;;;;;;;2;14;Z00;0;34683;3042;24.04.2026;24.04.2026
5825810;TK BANGPUTRA CELL;BANGUN JAYA RT 008 RW 003 KEC GUNUNG AGUNG;;8.23E+10;2051152;34684;90052442;90052442;Rudi Anggoro;F2 GT;Rabu Ganjil;;;;;08:00:00;;;;;;;;2;14;Z00;0;34684;3042;28.04.2026;28.04.2026
5825811;TK APRI MART;TERANG BUMI AGUNG RT 007 RW 002 KEC GUNUNG TERANG;;8.58E+10;2051152;34684;90052442;90052442;Rudi Anggoro;F2 GT;Rabu Genap;;;;;;08:00:00;;;;;;;2;14;Z00;0;34684;3042;28.04.2026;28.04.2026
5827408;TK TIARA;SETIA AGUNG RT 012 RW 006 KEC GUNUNG TERANG;;8.87E+10;2051152;34684;90052442;90052442;Rudi Anggoro;F2 GT;Rabu Genap;;;;;;08:00:00;;;;;;;2;14;Z00;0;34684;3042;04.05.2026;04.05.2026
5827594;WR BUMTI;BUJUNG SARI MARGA RT 003 RW 001 KEC PAGAR DEWA;;8.58E+10;2051149;34388;90052418;90052418;Yuda Nurisman;F2 GT;Selasa Genap;;;;08:00:00;;;;;;;;;2;14;Z00;0;34388;3042;05.05.2026;05.05.2026
5827646;TK MELIA;SETIA AGUNG RT 015 RW 008 KEC GUNUNG TERANG;;8.53E+10;2051152;34684;90052442;90052442;Rudi Anggoro;F2 GT;Rabu Genap;;;;;;08:00:00;;;;;;;2;14;Z00;0;34684;3042;05.05.2026;05.05.2026
5828000;TK HARNIA PRAMIDA;JL PAHLAWAN TALANG TEMBESU MENGGALA SELATAN;;8.60E+10;2051184;34611;90052418;90052418;Yuda Nurisman;F2 GT;Rabu Genap;;;;;;08:00:00;;;;;;;2;14;Z00;0;34611;3042;06.05.2026;06.05.2026
5828018;TK BAYU;GUNUNG KEMALA RT 002 RW 002 KEC MENGGALA TIMUR;;8.52E+10;2051176;34693;90052418;90052418;Yuda Nurisman;F2 GT;Rabu Genap;;;;;;08:00:00;;;;;;;2;14;Z00;0;34693;3042;06.05.2026;06.05.2026
3382569;TK ENDRO;AGUNG JAYA RT 001 RW 006 KEL AGUNG JAYA KEC BANJAR MARGO;8.54E+10;;2051179;34595;90052449;90052449;Beni Saputra;F2 GT;Senin Genap;;08:00:00;;;;;;;;;;;2;58;Z00;0;34595;3042;05.06.2023;07.08.2025
3389113;ST12 CELL;AGUNG JAYA RT 001 RW 003 KEL AGUNG JAYA KEC BANJAR MARGO;8.22E+10;;2051179;34595;90052449;90052449;Beni Saputra;F2 GT;Senin Genap;;08:00:00;;;;;;;;;;;2;14;Z00;0;34595;3042;06.06.2023;22.05.2026
3416350;TK PAKDE RIYANTO;CATUR KARYA BUANA JAYA RT 004 RW 001 KEL CATUR KARYA BUANA;6.28E+12;;2051183;34595;90052449;90052449;Beni Saputra;F2 GT;Senin Genap;;08:00:00;;;;;;;;;;;2;14;Z00;0;34595;3042;12.06.2023;11.05.2026
3591527;TK.WULAN;TRI TUNGGAL JAYA RT.1-1 KEL.TRI TUNGGAL JAYA KEC.BANJAR;8.53E+10;;2051163;34595;90052449;90052449;Beni Saputra;F2 GT;Senin Genap;;08:00:00;;;;;;;;;;;2;58;Z00;0;34595;3042;12.07.2023;24.12.2024
4091940;TK ARIF;JL LINTAS RAWAJITU RT 001 RW 001 KEL TRI TUNGGAL KEC BANJAR;8.13E+10;;2051163;34593;90052449;90052449;Beni Saputra;F2 GT;Senin Genap;;08:00:00;;;;;;;;;;;2;69;Z00;0;34593;3042;05.10.2023;26.08.2025
5222050;WR BU ERNA;AGUNG DALAM RT 005 RW 001 KEL AGUNG DALAM KEC BANJAR MARGO;8.58E+10;;2051131;34593;90052449;90052449;Beni Saputra;F2 GT;Senin Genap;;08:00:00;;;;;;;;;;;2;58;Z00;0;34593;3042;21.08.2024;01.09.2025
5829475;TK WULANDARI;MUKTIKARYA RT 020 RW 006 KEC PANCA JAYA;;8.53E+10;2051146;34692;90052442;90052442;Rudi Anggoro;F2 GT;Jumat Ganjil;;;;;;;;;08:00:00;;;;2;14;Z00;0;34692;3042;12.05.2026;12.05.2026
5829479;TK MEI;BARABASAN RT 001 RW 001 KEC TANJUNG RAYA;;8.23E+10;2051142;34692;90052442;90052442;Rudi Anggoro;F2 GT;Jumat Genap;;;;;;;;;;08:00:00;;;2;14;Z00;0;34692;3042;12.05.2026;12.05.2026
5830125;TK ABIL CELL;AJI JAYA RT 008 RW 005 KEC SIMPANG PEMATANG;;8.54E+10;2051146;34698;90052442;90052442;Rudi Anggoro;F2 GT;Selasa Ganjil;;;08:00:00;;;;;;;;;;2;14;Z00;0;34698;3042;15.05.2026;15.05.2026
5286712;TK.MERIYANTI;AGUNG JAYA RT.4-4 KEL.AGUNG JAYA KEC.BANJAR MARGO;8.53E+10;;2051179;34593;90052449;90052449;Beni Saputra;F2 GT;Senin Genap;;08:00:00;;;;;;;;;;;2;14;Z00;0;34593;3042;03.10.2024;04.03.2025
5442798;TK.YANI;JL.PENAWAR JAYA KEL.PENAWAR REJO KEC.BANJAR MARGO;8.23E+10;;2051148;34682;90052449;90052449;Beni Saputra;F2 GT;Senin Genap;;08:00:00;;;;;;;;;;;2;69;Z00;0;34682;3042;09.01.2025;09.01.2025
5831230;TK NELI;JL 4 BENGKEL RT 003 RW 002 KEC MENGGALA;6.28E+12;;2051184;34596;90052418;90052418;Yuda Nurisman;F2 GT;Rabu Genap;;;;;;08:00:00;;;;;;;2;14;Z00;0;34596;3042;20.05.2026;20.05.2026
5831740;TK ENDANG;BUJUK AGUNG RT 005 RW 003 KEC.BANJAR MARGO;;8.13E+10;2051169;34684;90052442;90052442;Rudi Anggoro;F2 GT;Selasa Genap;;;;08:00:00;;;;;;;;;2;14;Z00;0;34684;3042;22.05.2026;22.05.2026
5832301;TK YANTO;SUKA JAYA RT 005 RW 002 KEC GUNUNG AGUNG;;8.54E+10;2051152;34683;90052442;90052442;Rudi Anggoro;F2 GT;Rabu Genap;;;;;;08:00:00;;;;;;;2;14;Z00;0;34683;3042;25.05.2026;25.05.2026
5832655;TK FEBI;BERASAN MAKMUR RT 3 RW 3 KEL BERASAN MAKMUR KEC TANJUNG RAYA;;8.58E+10;2051682;34692;90052442;90052442;Rudi Anggoro;F2 GT;Sabtu Ganjil;;;;;;;;;;;08:00:00;;2;14;Z00;0;34692;3042;28.05.2026;28.05.2026
5833036;TK UMA KHUSNUL PONPES;JL.RAYA TULUNG RANDU-UNIT 6 KEC PAGAR DEWA;;8.79E+10;2051149;34593;90052418;90052418;Yuda Nurisman;F2 GT;Sabtu Genap;;;;;;;;;;;;08:00:00;2;14;Z00;0;34593;3042;29.05.2026;29.05.2026
5833040;TK MARSUDI;SAKTI JAYA RT 013 RW 004 KEC BATU PUTIH TBB;;8.58E+10;2051152;34683;90052442;90052442;Rudi Anggoro;F2 GT;Senin Genap;;08:00:00;;;;;;;;;;;2;14;Z00;0;34683;3042;29.05.2026;29.05.2026
5833553;TK IIN;SETIA BUMI RT 022 RW 003 KEC GUNUNG TERANG TBB;;8.78E+10;2051151;34683;90052442;90052442;Rudi Anggoro;F2 GT;Senin Genap;;08:00:00;;;;;;;;;;;2;14;Z00;0;34683;3042;02.06.2026;02.06.2026
5555117;YULIANA;AGUNG JAYA RT.1-1 KEL.AGUNG JAYA KEC. BANJAR MARGO;6.28E+12;;2051179;34595;90052449;90052449;Beni Saputra;F2 GT;Senin Genap;;08:00:00;;;;;;;;;;;2;58;Z00;0;34595;3042;22.03.2025;17.04.2025
5833905;TK ANI;SINAR LAGA RT 11 RW 3 KEL SINAR LAGA KEC TANJUNG RAYA;;8.23E+10;2051141;34692;90052442;90052442;Rudi Anggoro;F2 GT;Jumat Genap;;;;;;;;;;08:00:00;;;2;14;Z00;0;34692;3042;03.06.2026;03.06.2026
5833909;TK NOVI;SINAR LAGA RT 6 RW 3 KEL SINAR LAGA KEC TANJUNG RAYA;;8.23E+10;2051153;34692;90052442;90052442;Rudi Anggoro;F2 GT;Jumat Genap;;;;;;;;;;08:00:00;;;2;14;Z00;0;34692;3042;03.06.2026;03.06.2026
5559582;TK.BU JARIYAH;SUKA MAJU KEL.SUKA MAJU KEC.BANJAR MARGO;8.53E+10;;2051164;34684;90052449;90052449;Beni Saputra;F2 GT;Senin Genap;;08:00:00;;;;;;;;;;;2;58;Z00;0;34684;3042;07.04.2025;07.04.2025
5580180;TOKO 81;PERUMAHAN TUNGGAL ESTATE BLOK D NO 81 RT/RW 002/004;8.59E+10;;2051148;34682;90052449;90052449;Beni Saputra;F2 GT;Senin Genap;;08:00:00;;;;;;;;;;;2;69;Z00;0;34682;3042;28.05.2025;28.05.2025
5598765;TK HAFIDZ;PENAWAR REJO RT/RW 002/001 KEC BANJAR MARGO;8.24E+10;;2051131;34593;90052449;90052449;Beni Saputra;F2 GT;Senin Genap;;08:00:00;;;;;;;;;;;2;58;Z00;0;34593;3042;14.07.2025;14.07.2025
5612285;TK MBA SULIS;JL.SIMPANG PENAWAR RT 009 RW 003 KEL TRI TUNGGAL JAYA;6.29E+12;;2051131;34593;90052449;90052449;Beni Saputra;F2 GT;Senin Genap;;08:00:00;;;;;;;;;;;2;13;Z00;0;34593;3042;09.08.2025;25.08.2025
5835374;TK SUNDARI;BRABASAN RT 6 RW 3 KEL BRABASAN KEC TANJUNG RAYA;;8.23E+10;2051142;34698;90052442;90052442;Rudi Anggoro;F2 GT;Sabtu Ganjil;;;;;;;;;;;08:00:00;;2;14;Z00;0;34698;3042;09.06.2026;09.06.2026
5623014;TK SATRIA ALANG ALANG;AGUNG DALAM RT/RW 004/001, KEC BANJAR MARGO;6.28E+12;;2051164;34593;90052449;90052449;Beni Saputra;F2 GT;Senin Genap;;08:00:00;;;;;;;;;;;2;13;Z00;0;34593;3042;27.08.2025;27.08.2025
5637586;TK BU WIJI;SUKA MAJU RT/RW 001/002 BANJAR MARGO;8.51E+10;;2051134;34593;90052449;90052449;Beni Saputra;F2 GT;Senin Genap;;08:00:00;;;;;;;;;;;2;13;Z00;0;34593;3042;25.09.2025;25.09.2025
5655907;TRISNO CELL;SUKA MAJU RT/RW 002/005 KEC BANJAR MARGO;6.28E+12;;2051164;34682;90052449;90052449;Beni Saputra;F2 GT;Senin Genap;;08:00:00;;;;;;;;;;;2;13;Z00;0;34682;3042;21.10.2025;21.10.2025
5784390;TK VENNY;AGUNG JAYA, RT 005 RW 005 KEC BANJAR MARGO TB;8.23E+10;;2051180;34593;90052449;90052449;Beni Saputra;F2 GT;Senin Genap;;08:00:00;;;;;;;;;;;2;14;Z00;0;34593;3042;13.02.2026;13.02.2026
5835515;TK RINI;KAGUNGAN RATU RT 4 RW 1 KEC TULANG BAWANG UDIK;8.13E+10;;2051085;34691;90052418;90052418;Yuda Nurisman;F2 GT;Rabu Ganjil;;;;;08:00:00;;;;;;;;2;14;Z00;0;34691;3042;09.06.2026;09.06.2026
5819850;TK BALQIS;AGUNG DALAM RT 005 RW 005 KEC BANJAR MARGO;;8.24E+10;2051180;34684;90052449;90052449;Beni Saputra;F2 GT;Senin Genap;;08:00:00;;;;;;;;;;;2;14;Z00;0;34684;3042;14.04.2026;14.04.2026
5835837;TK CENDIKIA CELL;SIDO MUKTI RT 4 RW 2 KEL MEKAR JAYA KEC GUNUNG AGUNG;;8.54E+10;2051152;34683;90052442;90052442;Rudi Anggoro;F2 GT;Rabu Genap;;;;;;08:00:00;;;;;;;2;14;Z00;0;34683;3042;10.06.2026;10.06.2026
5835888;TK CANTIKA;TERANG BUMI AGUNG RT 13 RW 4 KEC GUNUNG TERANG;;8.54E+10;2051152;34684;90052442;90052442;Rudi Anggoro;F2 GT;Rabu Genap;;;;;;08:00:00;;;;;;;2;14;Z00;0;34684;3042;11.06.2026;11.06.2026
5835901;TK DAMAYANTI;SUMBER REJO RT 12 RW 2 KEL SUMBER REJO KEC LAMBU KIBANG;6.28E+12;;2051151;34683;90052418;90052418;Yuda Nurisman;F2 GT;Sabtu Ganjil;;;;;;;;;;;08:00:00;;2;14;Z00;0;34683;3042;11.06.2026;11.06.2026
5828506;TK MEYSHA;TRI TUNGGAL JAYA RT 001 RE 001 KEC BANJAR MARGO;;8.23E+10;2051179;34682;90052449;90052449;Beni Saputra;F2 GT;Senin Genap;;08:00:00;;;;;;;;;;;2;14;Z00;0;34682;3042;08.05.2026;08.05.2026
5835936;TOKO ADI;BAWANG SAKTI JAYA RT 3 RW 5 KEC BANJAR BARU;;8.54E+10;2051176;34596;90052418;90052418;Yuda Nurisman;F2 GT;Selasa Genap;;;;08:00:00;;;;;;;;;2;14;Z00;0;34596;3042;11.06.2026;11.06.2026
5836256;TK BINTANG BERKAH;GEDUNG BOGA RT 3 RW 5 KEC WAY SERDANG;;8.23E+10;2051171;34684;90052442;90052442;Rudi Anggoro;F2 GT;Kamis Ganjil;;;;;;;08:00:00;;;;;;2;14;Z00;0;34684;3042;12.06.2026;12.06.2026
5836257;TK MB LIS;HADI MULYO KEC WAY SERDANG KAB MESUJI;;8.58E+10;2051171;34684;90052442;90052442;Rudi Anggoro;F2 GT;Kamis Ganjil;;;;;;;08:00:00;;;;;;2;14;Z00;0;34684;3042;12.06.2026;12.06.2026
5836849;TK RAHES;PANCA WARNA RT 002 RW 002 KEL PANCA WARNA KEC WAY SERDANG;;8.24E+10;2051171;34684;90052442;90052442;Rudi Anggoro;F2 GT;Kamis Genap;;;;;;;;08:00:00;;;;;2;14;Z00;0;34684;3042;17.06.2026;17.06.2026
5836850;WR SEMBAKO NURUL HIDAYAH;PANCA WARNA RT 001 RW 003 KEL PANCA WARNA KEC WAY SERDANG;;8.23E+10;2051171;34684;90052442;90052442;Rudi Anggoro;F2 GT;Kamis Genap;;;;;;;;08:00:00;;;;;2;14;Z00;0;34684;3042;17.06.2026;17.06.2026
5836852;TK SAKNAWATI;TOTO MULYO RT 002 RW 001 KEL TOTO MULYO KEC GUNUNG TERANG;;8.24E+10;2051152;34683;90052442;90052442;Rudi Anggoro;F2 GT;Senin Genap;;08:00:00;;;;;;;;;;;2;14;Z00;0;34683;3042;17.06.2026;17.06.2026
5833605;TK TIKA;AGUNG JAYA KEC.BANJAR MARGO KAB.TULANG BAWANG;;8.22E+10;2051180;34684;90052449;90052449;Beni Saputra;F2 GT;Senin Genap;;08:00:00;;;;;;;;;;;2;14;Z00;0;34684;3042;02.06.2026;02.06.2026
5836915;TK TAMARA ABADI;BALAI MURNI JAYA RT 004 RW 001 KEC BANJAR BARU;;8.57E+10;2051164;34682;90052418;90052418;Yuda Nurisman;F2 GT;Selasa Ganjil;;;08:00:00;;;;;;;;;;2;14;Z00;0;34682;3042;17.06.2026;17.06.2026
5836916;TK SABRINA;KURIPAN DALAM RT 002 RW 005 KEC MENGGALA TIMUR;;8.20E+10;2051176;34619;90052418;90052418;Yuda Nurisman;F2 GT;Selasa Ganjil;;;08:00:00;;;;;;;;;;2;14;Z00;0;34619;3042;17.06.2026;17.06.2026
5836941;TK BU SUL;GUNUNG SARI RT 011 RW 003 KEC LAMBU KIBANG;;8.52E+10;2051149;34683;90052418;90052418;Yuda Nurisman;F2 GT;Sabtu Ganjil;;;;;;;;;;;08:00:00;;2;14;Z00;0;34683;3042;17.06.2026;17.06.2026
;;;;;;;;;;;;;;;;;;;;;;;;2;58;Z00;0;34593;3042;11.08.2025;29.08.2025
;;;;;;;;;;;;;;;;;;;;;;;;2;58;Z00;0;34593;3042;11.08.2025;29.08.2025
;;;;;;;;;;;;;;;;;;;;;;;;2;69;Z00;0;34593;3042;11.08.2025;11.08.2025
;;;;;;;;;;;;;;;;;;;;;;;;2;69;Z00;0;34593;3042;11.08.2025;11.08.2025
;;;;;;;;;;;;;;;;;;;;;;;;2;13;Z00;0;34593;3042;12.08.2025;12.08.2025
;;;;;;;;;;;;;;;;;;;;;;;;2;13;Z00;0;34593;3042;12.08.2025;12.08.2025
;;;;;;;;;;;;;;;;;;;;;;;;2;67;Z00;0;34593;3042;13.08.2025;13.08.2025
;;;;;;;;;;;;;;;;;;;;;;;;2;67;Z00;0;34593;3042;13.08.2025;13.08.2025
;;;;;;;;;;;;;;;;;;;;;;;;2;13;Z00;0;34593;3042;13.08.2025;13.08.2025
;;;;;;;;;;;;;;;;;;;;;;;;2;13;Z00;0;34593;3042;13.08.2025;13.08.2025
;;;;;;;;;;;;;;;;;;;;;;;;2;58;Z00;0;34593;3042;14.08.2025;14.08.2025
;;;;;;;;;;;;;;;;;;;;;;;;2;58;Z00;0;34593;3042;14.08.2025;14.08.2025
;;;;;;;;;;;;;;;;;;;;;;;;2;13;Z00;0;34593;3042;18.08.2025;04.09.2025
;;;;;;;;;;;;;;;;;;;;;;;;2;13;Z00;0;34593;3042;18.08.2025;04.09.2025
;;;;;;;;;;;;;;;;;;;;;;;;2;13;Z00;0;34593;3042;18.08.2025;04.09.2025
;;;;;;;;;;;;;;;;;;;;;;;;2;58;Z00;0;34593;3042;19.08.2025;19.08.2025
;;;;;;;;;;;;;;;;;;;;;;;;2;58;Z00;0;34593;3042;19.08.2025;19.08.2025
;;;;;;;;;;;;;;;;;;;;;;;;2;58;Z00;0;34593;3042;19.08.2025;19.08.2025
;;;;;;;;;;;;;;;;;;;;;;;;2;58;Z00;0;34593;3042;19.08.2025;19.08.2025
;;;;;;;;;;;;;;;;;;;;;;;;2;58;Z00;0;34593;3042;19.08.2025;19.08.2025
;;;;;;;;;;;;;;;;;;;;;;;;2;13;Z00;0;34593;3042;19.08.2025;19.08.2025
;;;;;;;;;;;;;;;;;;;;;;;;2;13;Z00;0;34593;3042;19.08.2025;19.08.2025
;;;;;;;;;;;;;;;;;;;;;;;;2;13;Z00;0;34593;3042;19.08.2025;19.08.2025
;;;;;;;;;;;;;;;;;;;;;;;;2;13;Z00;0;34593;3042;21.08.2025;21.08.2025
;;;;;;;;;;;;;;;;;;;;;;;;2;13;Z00;0;34593;3042;21.08.2025;21.08.2025
;;;;;;;;;;;;;;;;;;;;;;;;2;69;Z00;0;34593;3042;21.08.2025;21.08.2025
;;;;;;;;;;;;;;;;;;;;;;;;2;69;Z00;0;34593;3042;21.08.2025;21.08.2025
;;;;;;;;;;;;;;;;;;;;;;;;2;13;Z00;0;34595;3042;27.08.2025;29.09.2025
;;;;;;;;;;;;;;;;;;;;;;;;2;13;Z00;0;34595;3042;27.08.2025;29.09.2025
;;;;;;;;;;;;;;;;;;;;;;;;2;13;Z00;0;34595;3042;27.08.2025;29.09.2025
;;;;;;;;;;;;;;;;;;;;;;;;2;69;Z00;0;34593;3042;27.08.2025;27.08.2025
;;;;;;;;;;;;;;;;;;;;;;;;2;69;Z00;0;34593;3042;27.08.2025;27.08.2025
;;;;;;;;;;;;;;;;;;;;;;;;2;13;Z00;0;34593;3042;27.08.2025;27.08.2025
;;;;;;;;;;;;;;;;;;;;;;;;2;13;Z00;0;34593;3042;27.08.2025;27.08.2025
;;;;;;;;;;;;;;;;;;;;;;;;2;69;Z00;0;34697;3042;30.08.2025;04.09.2025
;;;;;;;;;;;;;;;;;;;;;;;;2;69;Z00;0;34697;3042;30.08.2025;04.09.2025
;;;;;;;;;;;;;;;;;;;;;;;08:00:00;2;69;Z00;0;34697;3042;30.08.2025;04.09.2025
;;;;;;;;;;;;;;;;;;;;;;;;2;69;Z00;0;34593;3042;02.09.2025;02.09.2025
;;;;;;;;;;;;;;;;;;;;;;;;2;69;Z00;0;34593;3042;02.09.2025;02.09.2025
;;;;;;;;;;;;;;;;;;;;;;;;2;69;Z00;0;34593;3042;02.09.2025;02.09.2025
;;;;;;;;;;;;;;;;;;;;;;;;2;58;Z00;0;34593;3042;04.09.2025;04.09.2025
;;;;;;;;;;;;;;;;;;;;;;;;2;58;Z00;0;34593;3042;04.09.2025;04.09.2025
;;;;;;;;;;;;;;;;;;;;;;08:00:00;08:00:00;2;58;Z00;0;34593;3042;04.09.2025;04.09.2025
;;;;;;;;;;;;;;;;;;;;;;;;2;13;Z00;0;34593;3042;11.09.2025;11.09.2025
;;;;;;;;;;;;;;;;;;;;;;;;2;13;Z00;0;34593;3042;11.09.2025;11.09.2025
;;;;;;;;;;;;;;;;;;;;;;;;2;69;Z00;0;34593;3042;11.09.2025;11.09.2025
;;;;;;;;;;;;;;;;;;;;;;;;2;69;Z00;0;34593;3042;11.09.2025;11.09.2025
;;;;;;;;;;;;;;;;;;;;;;;;2;69;Z00;0;34593;3042;15.09.2025;15.09.2025
;;;;;;;;;;;;;;;;;;;;;;;;2;69;Z00;0;34593;3042;15.09.2025;15.09.2025
;;;;;;;;;;;;;;;;;;;;;;;;2;69;Z00;0;34593;3042;15.09.2025;15.09.2025
;;;;;;;;;;;;;;;;;;;;;;;;2;69;Z00;0;34593;3042;16.09.2025;16.09.2025
;;;;;;;;;;;;;;;;;;;;;;;;2;69;Z00;0;34593;3042;16.09.2025;16.09.2025
;;;;;;;;;;;;;;;;;;;;;;;;2;58;Z00;0;34593;3042;19.09.2025;19.09.2025
;;;;;;;;;;;;;;;;;;;;;;;;2;58;Z00;0;34593;3042;19.09.2025;19.09.2025
;;;;;;;;;;;;;;;;;;;;;;;;2;58;Z00;0;34593;3042;19.09.2025;19.09.2025
;;;;;;;;;;;;;;;;;;;;;;;;2;58;Z00;0;34593;3042;19.09.2025;19.09.2025
;;;;;;;;;;;;;;;;;;;;;;;;2;58;Z00;0;34593;3042;19.09.2025;19.09.2025
;;;;;;;;;;;;;;;;;;;;;;;;2;58;Z00;0;34593;3042;19.09.2025;19.09.2025
;;;;;;;;;;;;;;;;;;;;;;;;2;13;Z00;0;34593;3042;22.09.2025;22.09.2025
;;;;;;;;;;;;;;;;;;;;;;;;2;13;Z00;0;34593;3042;22.09.2025;22.09.2025
;;;;;;;;;;;;;;;;;;;;;;;;2;13;Z00;0;34593;3042;22.09.2025;22.09.2025
;;;;;;;;;;;;;;;;;;;;;;;;2;13;Z00;0;34593;3042;22.09.2025;22.09.2025
;;;;;;;;;;;;;;;;;;;;;;;;2;58;Z00;0;34593;3042;22.09.2025;25.09.2025
;;;;;;;;;;;;;;;;;;;;;;;;2;58;Z00;0;34593;3042;22.09.2025;25.09.2025
;;;;;;;;;;;;;;;;;;;;;;;;2;58;Z00;0;34593;3042;22.09.2025;25.09.2025
;;;;;;;;;;;;;;;;;;;;;;;;2;58;Z00;0;34593;3042;22.09.2025;22.09.2025
;;;;;;;;;;;;;;;;;;;;;;;;2;58;Z00;0;34593;3042;22.09.2025;22.09.2025
;;;;;;;;;;;;;;;;;;;;;;;;2;14;Z00;0;34593;3042;24.09.2025;15.12.2025
;;;;;;;;;;;;;;;;;;;;;;;;2;14;Z00;0;34593;3042;24.09.2025;15.12.2025
;;;;;;;;;;;;;;;;;;;;;;;;2;14;Z00;0;34593;3042;24.09.2025;15.12.2025
;;;;;;;;;;;;;;;;;;;;;;;;2;58;Z00;0;34593;3042;24.09.2025;24.09.2025
;;;;;;;;;;;;;;;;;;;;;;;;2;58;Z00;0;34593;3042;24.09.2025;24.09.2025
;;;;;;;;;;;;;;;;;;;;;;;08:00:00;2;69;Z00;0;34593;3042;24.09.2025;24.09.2025
;;;;;;;;;;;;;;;;;;;;;;;08:00:00;2;69;Z00;0;34593;3042;24.09.2025;24.09.2025
;;;;;;;;;;;;;;;;;;;;;;;;2;67;Z00;0;34593;3042;25.09.2025;25.09.2025
;;;;;;;;;;;;;;;;;;;;;;;;2;67;Z00;0;34593;3042;25.09.2025;25.09.2025
;;;;;;;;;;;;;;;;;;;;;;;;2;67;Z00;0;34593;3042;25.09.2025;25.09.2025
;;;;;;;;;;;;;;;;;;;;;;;;2;13;Z00;0;34593;3042;25.09.2025;25.09.2025
;;;;;;;;;;;;;;;;;;;;;;;;2;13;Z00;0;34593;3042;25.09.2025;25.09.2025
;;;;;;;;;;;;;;;;;;;;;;;;2;13;Z00;0;34593;3042;25.09.2025;25.09.2025
;;;;;;;;;;;;;;;;;;;;;;;;2;13;Z00;0;34593;3042;25.09.2025;25.09.2025
;;;;;;;;;;;;;;;;;;;;;;;;2;13;Z00;0;34593;3042;25.09.2025;25.09.2025
;;;;;;;;;;;;;;;;;;;;;;;;2;13;Z00;0;34593;3042;26.09.2025;26.09.2025
;;;;;;;;;;;;;;;;;;;;;;;;2;13;Z00;0;34593;3042;26.09.2025;26.09.2025
;;;;;;;;;;;;;;;;;;;;;;;;2;58;Z00;0;34593;3042;26.09.2025;26.09.2025
;;;;;;;;;;;;;;;;;;;;;;;;2;58;Z00;0;34593;3042;26.09.2025;26.09.2025
;;;;;;;;;;;;;;;;;;;;;;;;2;13;Z00;0;34593;3042;30.09.2025;30.09.2025
;;;;;;;;;;;;;;;;;;;;;;;;2;13;Z00;0;34593;3042;30.09.2025;30.09.2025
;;;;;;;;;;;;;;;;;;;;;;;;2;58;Z00;0;34593;3042;30.09.2025;30.09.2025
;;;;;;;;;;;;;;;;;;;;;;;;2;58;Z00;0;34593;3042;30.09.2025;30.09.2025
;;;;;;;;;;;;;;;;;;;;;;;;2;58;Z00;0;34693;3042;10.10.2025;10.10.2025
;;;;;;;;;;;;;;;;;;;;;;;;2;58;Z00;0;34693;3042;10.10.2025;10.10.2025
;;;;;;;;;;;;;;;;;;;;;;;;2;58;Z00;0;34691;3042;10.10.2025;10.10.2025
;;;;;;;;;;;;;;;;;;;;;;;;2;58;Z00;0;34691;3042;10.10.2025;10.10.2025
;;;;;;;;;;;;;;;;;;;;;;;;2;13;Z00;0;34167;3042;10.10.2025;10.10.2025
;;;;;;;;;;;;;;;;;;;;;;;;2;13;Z00;0;34167;3042;10.10.2025;10.10.2025
;;;;;;;;;;;;;;;;;;;;;;;;2;69;Z00;0;34593;3042;13.10.2025;13.10.2025
;;;;;;;;;;;;;;;;;;;;;;;;2;69;Z00;0;34593;3042;13.10.2025;13.10.2025
;;;;;;;;;;;;;;;;;;;;;;;;2;69;Z00;0;34593;3042;13.10.2025;13.10.2025
;;;;;;;;;;;;;;;;;;;;;;;;2;58;Z00;0;34596;3042;13.10.2025;13.10.2025
;;;;;;;;;;;;;;;;;;;;;;;;2;58;Z00;0;34596;3042;13.10.2025;13.10.2025
;;;;;;;;;;;;;;;;;;;;;;;;2;58;Z00;0;34595;3042;13.10.2025;13.10.2025
;;;;;;;;;;;;;;;;;;;;;;;;2;58;Z00;0;34595;3042;13.10.2025;13.10.2025
;;;;;;;;;;;;;;;;;;;;;;;;2;58;Z00;0;34684;3042;13.10.2025;13.10.2025
;;;;;;;;;;;;;;;;;;;;;;;;2;58;Z00;0;34684;3042;13.10.2025;13.10.2025
;;;;;;;;;;;;;;;;;;;;;;;;2;58;Z00;0;34693;3042;13.10.2025;13.10.2025
;;;;;;;;;;;;;;;;;;;;;;;;2;58;Z00;0;34693;3042;13.10.2025;13.10.2025
;;;;;;;;;;;;;;;;;;;;;;;;2;14;Z00;0;34593;3042;15.10.2025;05.12.2025
;;;;;;;;;;;;;;;;;;;;;;;;2;14;Z00;0;34593;3042;15.10.2025;05.12.2025
;;;;;;;;;;;;;;;;;;;;;;;;2;14;Z00;0;34593;3042;15.10.2025;05.12.2025
;;;;;;;;;;;;;;;;;;;;;;;;2;69;Z00;0;34682;3042;17.10.2025;17.10.2025
;;;;;;;;;;;;;;;;;;;;;;;;2;69;Z00;0;34682;3042;17.10.2025;17.10.2025
;;;;;;;;;;;;;;;;;;;;;;;;2;13;Z00;0;34693;3042;17.10.2025;17.10.2025
;;;;;;;;;;;;;;;;;;;;;;;;2;13;Z00;0;34693;3042;17.10.2025;17.10.2025
;;;;;;;;;;;;;;;;;;;;;;;;2;69;Z00;0;34684;3042;20.10.2025;20.10.2025
;;;;;;;;;;;;;;;;;;;;;;;;2;69;Z00;0;34684;3042;20.10.2025;20.10.2025
;;;;;;;;;;;;;;;;;;;;;;;;2;69;Z00;0;34596;3042;20.10.2025;20.10.2025
;;;;;;;;;;;;;;;;;;;;;;;;2;69;Z00;0;34596;3042;20.10.2025;20.10.2025
;;;;;;;;;;;;;;;;;;;;;;;;2;13;Z00;0;34682;3042;21.10.2025;21.10.2025
;;;;;;;;;;;;;;;;;;;;;;;;2;13;Z00;0;34682;3042;21.10.2025;21.10.2025
;;;;;;;;;;;;;;;;;;;;;;;;2;13;Z00;0;34593;3042;23.10.2025;23.10.2025
;;;;;;;;;;;;;;;;;;;;;;;;2;13;Z00;0;34593;3042;23.10.2025;23.10.2025
;;;;;;;;;;;;;;;;;;;;;;;;2;58;Z00;0;34693;3042;30.10.2025;30.10.2025
;;;;;;;;;;;;;;;;;;;;;;;;2;58;Z00;0;34693;3042;30.10.2025;30.10.2025
;;;;;;;;;;;;;;;;;;;;;;;;2;13;Z00;0;34698;3042;12.11.2025;12.11.2025
;;;;;;;;;;;;;;;;;;;;;;;;2;13;Z00;0;34698;3042;12.11.2025;12.11.2025
;;;;;;;;;;;;;;;;;;;;;;;;2;58;Z00;0;34595;3042;12.11.2025;12.11.2025
;;;;;;;;;;;;;;;;;;;;;;;;2;58;Z00;0;34595;3042;12.11.2025;12.11.2025
;;;;;;;;;;;;;;;;;;;;;;;;2;58;Z00;0;34684;3042;12.11.2025;12.11.2025
;;;;;;;;;;;;;;;;;;;;;;;;2;58;Z00;0;34684;3042;12.11.2025;12.11.2025
;;;;;;;;;;;;;;;;;;;;;;;;2;58;Z00;0;34682;3042;12.11.2025;12.11.2025
;;;;;;;;;;;;;;;;;;;;;;;;2;58;Z00;0;34682;3042;12.11.2025;12.11.2025
;;;;;;;;;;;;;;;;;;;;;;;;2;58;Z00;0;34593;3042;18.11.2025;18.11.2025
;;;;;;;;;;;;;;;;;;;;;;;;2;58;Z00;0;34593;3042;18.11.2025;18.11.2025
;;;;;;;;;;;;;;;;;;;;;;;;2;58;Z00;0;34593;3042;18.11.2025;18.11.2025
;;;;;;;;;;;;;;;;;;;;;;;;2;58;Z00;0;34593;3042;18.11.2025;18.11.2025
;;;;;;;;;;;;;;;;;;;;;;;;2;13;Z00;0;34593;3042;18.11.2025;18.11.2025
;;;;;;;;;;;;;;;;;;;;;;;;2;13;Z00;0;34593;3042;18.11.2025;18.11.2025
;;;;;;;;;;;;;;;;;;;;;;;;2;13;Z00;0;34593;3042;18.11.2025;18.11.2025
;;;;;;;;;;;;;;;;;;;;;;;;2;13;Z00;0;34593;3042;18.11.2025;18.11.2025
;;;;;;;;;;;;;;;;;;;;;;;;2;14;Z00;0;34697;3042;19.11.2025;19.11.2025
;;;;;;;;;;;;;;;;;;;;;;;;2;14;Z00;0;34697;3042;19.11.2025;19.11.2025
;;;;;;;;;;;;;;;;;;;;;;08:00:00;;2;58;Z00;0;34593;3042;19.11.2025;19.11.2025
;;;;;;;;;;;;;;;;;;;;;;08:00:00;;2;58;Z00;0;34593;3042;19.11.2025;19.11.2025
;;;;;;;;;;;;;;;;;;;;;;;;2;58;Z00;0;34593;3042;19.11.2025;19.11.2025
;;;;;;;;;;;;;;;;;;;;;;;;2;58;Z00;0;34593;3042;19.11.2025;19.11.2025
;;;;;;;;;;;;;;;;;;;;;;08:00:00;;2;58;Z00;0;34593;3042;19.11.2025;19.11.2025
;;;;;;;;;;;;;;;;;;;;;;08:00:00;;2;58;Z00;0;34593;3042;19.11.2025;19.11.2025
;;;;;;;;;;;;;;;;;;;;;;;;2;58;Z00;0;34593;3042;20.11.2025;20.11.2025
;;;;;;;;;;;;;;;;;;;;;;;;2;58;Z00;0;34593;3042;20.11.2025;20.11.2025
;;;;;;;;;;;;;;;;;;;;;;;;2;58;Z00;0;34593;3042;20.11.2025;20.11.2025
;;;;;;;;;;;;;;;;;;;;;;;;2;58;Z00;0;34593;3042;20.11.2025;20.11.2025
;;;;;;;;;;;;;;;;;;;;;;;;2;14;Z00;0;34593;3042;20.11.2025;20.11.2025
;;;;;;;;;;;;;;;;;;;;;;;;2;14;Z00;0;34593;3042;20.11.2025;20.11.2025
;;;;;;;;;;;;;;;;;;;;;;;;2;58;Z00;0;34593;3042;20.11.2025;20.11.2025
;;;;;;;;;;;;;;;;;;;;;;;;2;58;Z00;0;34593;3042;20.11.2025;20.11.2025
;;;;;;;;;;;;;;;;;;;;;;;;2;58;Z00;0;34593;3042;21.11.2025;21.11.2025
;;;;;;;;;;;;;;;;;;;;;;;;2;58;Z00;0;34593;3042;21.11.2025;21.11.2025
;;;;;;;;;;;;;;;;;;;;;;;;2;13;Z00;0;34593;3042;21.11.2025;21.11.2025
;;;;;;;;;;;;;;;;;;;;;;;;2;13;Z00;0;34593;3042;21.11.2025;21.11.2025
;;;;;;;;;;;;;;;;;;;;;;;;2;58;Z00;0;34593;3042;21.11.2025;21.11.2025
;;;;;;;;;;;;;;;;;;;;;;;;2;58;Z00;0;34593;3042;21.11.2025;21.11.2025
;;;;;;;;;;;;;;;;;;;;;;;;2;58;Z00;0;34593;3042;24.11.2025;24.11.2025
;;;;;;;;;;;;;;;;;;;;;;;;2;58;Z00;0;34593;3042;24.11.2025;24.11.2025
;;;;;;;;;;;;;;;;;;;;;;;;2;14;Z00;0;34595;3042;26.11.2025;26.11.2025
;;;;;;;;;;;;;;;;;;;;;;;;2;14;Z00;0;34595;3042;26.11.2025;26.11.2025
;;;;;;;;;;;;;;;;;;;;;;;;2;14;Z00;0;34692;3042;27.11.2025;27.11.2025
;;;;;;;;;;;;;;;;;;;;;;;;2;14;Z00;0;34692;3042;27.11.2025;27.11.2025
;;;;;;;;;;;;;;;;;;;;;;;;2;14;Z00;0;34593;3042;03.12.2025;03.12.2025
;;;;;;;;;;;;;;;;;;;;;;;;2;14;Z00;0;34593;3042;03.12.2025;03.12.2025
;;;;;;;;;;;;;;;;;;;;;;;;2;14;Z00;0;34596;3042;05.12.2025;05.12.2025
;;;;;;;;;;;;;;;;;;;;;;;;2;14;Z00;0;34596;3042;05.12.2025;05.12.2025
;;;;;;;;;;;;;;;;;;;;;;;;2;14;Z00;0;34595;3042;08.12.2025;03.03.2026
;;;;;;;;;;;;;;;;;;;;;;;;2;14;Z00;0;34595;3042;08.12.2025;03.03.2026
;;;;;;;;;;;;;;;;;;;;;;;;2;14;Z00;0;34595;3042;08.12.2025;03.03.2026
;;;;;;;;;;;;;;;;;;;;;;;;2;14;Z00;0;34593;3042;08.12.2025;08.12.2025
;;;;;;;;;;;;;;;;;;;;;;;;2;14;Z00;0;34593;3042;08.12.2025;08.12.2025
;;;;;;;;;;;;;;;;;;;;;;;;2;14;Z00;0;34684;3042;08.12.2025;08.12.2025
;;;;;;;;;;;;;;;;;;;;;;;;2;14;Z00;0;34684;3042;08.12.2025;08.12.2025
;;;;;;;;;;;;;;;;;;;;;;;08:00:00;2;14;Z00;0;34388;3042;08.12.2025;08.12.2025
;;;;;;;;;;;;;;;;;;;;;;;08:00:00;2;14;Z00;0;34388;3042;08.12.2025;08.12.2025
;;;;;;;;;;;;;;;;;;;;;;;;2;14;Z00;0;34597;3042;08.12.2025;08.12.2025
;;;;;;;;;;;;;;;;;;;;;;;;2;14;Z00;0;34597;3042;08.12.2025;08.12.2025
;;;;;;;;;;;;;;;;;;;;;;;;2;14;Z00;0;34693;3042;09.12.2025;09.12.2025
;;;;;;;;;;;;;;;;;;;;;;;;2;14;Z00;0;34693;3042;09.12.2025;09.12.2025
;;;;;;;;;;;;;;;;;;;;;;;;2;14;Z00;0;34693;3042;09.12.2025;09.12.2025
;;;;;;;;;;;;;;;;;;;;;;;;2;14;Z00;0;34693;3042;09.12.2025;09.12.2025
;;;;;;;;;;;;;;;;;;;;;;;;2;14;Z00;0;34693;3042;09.12.2025;09.12.2025
;;;;;;;;;;;;;;;;;;;;;;;;2;14;Z00;0;34693;3042;09.12.2025;09.12.2025
;;;;;;;;;;;;;;;;;;;;;;;;2;14;Z00;0;34683;3042;09.12.2025;09.12.2025
;;;;;;;;;;;;;;;;;;;;;;;;2;14;Z00;0;34683;3042;09.12.2025;09.12.2025
;;;;;;;;;;;;;;;;;;;;;;;;2;14;Z00;0;34683;3042;09.12.2025;09.12.2025
;;;;;;;;;;;;;;;;;;;;;;;;2;14;Z00;0;34683;3042;09.12.2025;09.12.2025
;;;;;;;;;;;;;;;;;;;;;;;;2;14;Z00;0;34684;3042;10.12.2025;10.12.2025
;;;;;;;;;;;;;;;;;;;;;;;;2;14;Z00;0;34684;3042;10.12.2025;10.12.2025
;;;;;;;;;;;;;;;;;;;;;;;;2;14;Z00;0;34684;3042;10.12.2025;10.12.2025
;;;;;;;;;;;;;;;;;;;;;;;;2;14;Z00;0;34684;3042;10.12.2025;10.12.2025
;;;;;;;;;;;;;;;;;;;;;;;08:00:00;2;14;Z00;0;34684;3042;10.12.2025;10.12.2025
;;;;;;;;;;;;;;;;;;;;;;;;1;43;Z30;5.000.000;34593;3042;11.12.2025;11.12.2025
;;;;;;;;;;;;;;;;;;;;;;;;1;43;Z30;5.000.000;34593;3042;11.12.2025;11.12.2025
;;;;;;;;;;;;;;;;;;;;;;;;2;14;Z00;0;34691;3042;12.12.2025;12.12.2025
;;;;;;;;;;;;;;;;;;;;;;;;2;14;Z00;0;34691;3042;12.12.2025;12.12.2025
;;;;;;;;;;;;;;;;;;;;;;;;2;14;Z00;0;34693;3042;12.12.2025;12.12.2025
;;;;;;;;;;;;;;;;;;;;;;;;2;14;Z00;0;34693;3042;12.12.2025;12.12.2025
;;;;;;;;;;;;;;;;;;;;;;;;2;14;Z00;0;34693;3042;15.12.2025;15.12.2025
;;;;;;;;;;;;;;;;;;;;;;;;2;14;Z00;0;34693;3042;15.12.2025;15.12.2025
;;;;;;;;;;;;;;;;;;;;;;;;2;14;Z00;0;34684;3042;16.12.2025;16.12.2025
;;;;;;;;;;;;;;;;;;;;;;;;2;14;Z00;0;34684;3042;16.12.2025;16.12.2025
;;;;;;;;;;;;;;;;;;;;;;;;2;14;Z00;0;34684;3042;16.12.2025;16.12.2025
;;;;;;;;;;;;;;;;;;;;;;;;2;14;Z00;0;34684;3042;16.12.2025;16.12.2025
;;;;;;;;;;;;;;;;;;;;;;;;2;14;Z00;0;34593;3042;17.12.2025;17.12.2025
;;;;;;;;;;;;;;;;;;;;;;;;2;14;Z00;0;34593;3042;17.12.2025;17.12.2025
;;;;;;;;;;;;;;;;;;;;;;;;2;14;Z00;0;34593;3042;17.12.2025;17.12.2025
;;;;;;;;;;;;;;;;;;;;;;;;2;14;Z00;0;34684;3042;17.12.2025;17.12.2025
;;;;;;;;;;;;;;;;;;;;;;;;2;14;Z00;0;34684;3042;17.12.2025;17.12.2025
;;;;;;;;;;;;;;;;;;;;;;;;2;14;Z00;0;34693;3042;18.12.2025;18.12.2025
;;;;;;;;;;;;;;;;;;;;;;;;2;14;Z00;0;34693;3042;18.12.2025;18.12.2025
;;;;;;;;;;;;;;;;;;;;;;;;2;14;Z00;0;34684;3042;22.12.2025;22.12.2025
;;;;;;;;;;;;;;;;;;;;;;;;2;14;Z00;0;34684;3042;22.12.2025;22.12.2025
;;;;;;;;;;;;;;;;;;;;;;;;2;14;Z00;0;34684;3042;22.12.2025;22.12.2025
;;;;;;;;;;;;;;;;;;;;;;;;2;14;Z00;0;34684;3042;22.12.2025;22.12.2025
;;;;;;;;;;;;;;;;;;;;;;;;2;14;Z00;0;34167;3042;23.12.2025;18.05.2026
;;;;;;;;;;;;;;;;;;;;;;;;2;14;Z00;0;34167;3042;23.12.2025;18.05.2026
;;;;;;;;;;;;;;;;;;;;;;;;2;14;Z00;0;34167;3042;23.12.2025;18.05.2026
;;;;;;;;;;;;;;;;;;;;;;;;2;14;Z00;0;34593;3042;29.12.2025;02.01.2026
;;;;;;;;;;;;;;;;;;;;;;;;2;14;Z00;0;34593;3042;29.12.2025;02.01.2026
;;;;;;;;;;;;;;;;;;;;;;;;2;14;Z00;0;34593;3042;29.12.2025;02.01.2026
;;;;;;;;;;;;;;;;;;;;;;;;2;14;Z00;0;34684;3042;29.12.2025;29.12.2025
;;;;;;;;;;;;;;;;;;;;;;;;2;14;Z00;0;34684;3042;29.12.2025;29.12.2025
;;;;;;;;;;;;;;;;;;;;;;;;2;14;Z00;0;34693;3042;06.01.2026;06.01.2026
;;;;;;;;;;;;;;;;;;;;;;;;2;14;Z00;0;34693;3042;06.01.2026;06.01.2026
;;;;;;;;;;;;;;;;;;;;;;;;2;14;Z00;0;34693;3042;06.01.2026;06.01.2026
;;;;;;;;;;;;;;;;;;;;;;;;2;14;Z00;0;34693;3042;06.01.2026;06.01.2026
;;;;;;;;;;;;;;;;;;;;;;;;2;14;Z00;0;34684;3042;06.01.2026;06.01.2026
;;;;;;;;;;;;;;;;;;;;;;;;2;14;Z00;0;34684;3042;06.01.2026;06.01.2026
;;;;;;;;;;;;;;;;;;;;;;;;2;14;Z00;0;34693;3042;06.01.2026;06.01.2026
;;;;;;;;;;;;;;;;;;;;;;;;2;14;Z00;0;34693;3042;06.01.2026;06.01.2026
;;;;;;;;;;;;;;;;;;;;;;;;2;14;Z00;0;34595;3042;08.01.2026;08.01.2026
;;;;;;;;;;;;;;;;;;;;;;;;2;14;Z00;0;34595;3042;08.01.2026;08.01.2026
;;;;;;;;;;;;;;;;;;;;;;;;2;14;Z00;0;34595;3042;08.01.2026;08.01.2026
;;;;;;;;;;;;;;;;;;;;;;;;2;14;Z00;0;34595;3042;08.01.2026;08.01.2026
;;;;;;;;;;;;;;;;;;;;;;;;2;14;Z00;0;34595;3042;08.01.2026;08.01.2026
;;;;;;;;;;;;;;;;;;;;;;;;2;14;Z00;0;34595;3042;08.01.2026;08.01.2026
;;;;;;;;;;;;;;;;;;;;;;;;2;14;Z00;0;34593;3042;08.01.2026;08.01.2026
;;;;;;;;;;;;;;;;;;;;;;;;2;14;Z00;0;34593;3042;08.01.2026;08.01.2026
;;;;;;;;;;;;;;;;;;;;;;;;2;14;Z00;0;34593;3042;08.01.2026;08.01.2026
;;;;;;;;;;;;;;;;;;;;;;;;2;14;Z00;0;34684;3042;08.01.2026;08.01.2026
;;;;;;;;;;;;;;;;;;;;;;;;2;14;Z00;0;34684;3042;08.01.2026;08.01.2026
;;;;;;;;;;;;;;;;;;;;;;;;2;14;Z00;0;34595;3042;08.01.2026;08.01.2026
;;;;;;;;;;;;;;;;;;;;;;;;2;14;Z00;0;34595;3042;08.01.2026;08.01.2026
;;;;;;;;;;;;;;;;;;;;;;;;2;42;Z00;0;34595;3042;08.01.2026;08.01.2026
;;;;;;;;;;;;;;;;;;;;;;;;2;42;Z00;0;34595;3042;08.01.2026;08.01.2026
;;;;;;;;;;;;;;;;;;;;;;;;2;14;Z00;0;34595;3042;13.01.2026;17.06.2026
;;;;;;;;;;;;;;;;;;;;;;;;2;14;Z00;0;34595;3042;13.01.2026;17.06.2026
;;;;;;;;;;;;;;;;;;;;;;;;2;14;Z00;0;34595;3042;13.01.2026;17.06.2026
;;;;;;;;;;;;;;;;;;;;;;;;2;14;Z00;0;34684;3042;21.01.2026;21.01.2026
;;;;;;;;;;;;;;;;;;;;;;;;2;14;Z00;0;34684;3042;21.01.2026;21.01.2026
;;;;;;;;;;;;;;;;;;;;;;;;2;14;Z00;0;34684;3042;21.01.2026;21.01.2026
;;;;;;;;;;;;;;;;;;;;;;;;2;14;Z00;0;34684;3042;21.01.2026;21.01.2026
;;;;;;;;;;;;;;;;;;;;;;;;2;14;Z00;0;34698;3042;21.01.2026;21.01.2026
;;;;;;;;;;;;;;;;;;;;;;;;2;14;Z00;0;34698;3042;21.01.2026;21.01.2026
;;;;;;;;;;;;;;;;;;;;;;;;2;14;Z00;0;34683;3042;22.01.2026;22.01.2026
;;;;;;;;;;;;;;;;;;;;;;;;2;14;Z00;0;34683;3042;22.01.2026;22.01.2026
;;;;;;;;;;;;;;;;;;;;;;;;2;14;Z00;0;34684;3042;22.01.2026;22.01.2026
;;;;;;;;;;;;;;;;;;;;;;;;2;14;Z00;0;34684;3042;22.01.2026;22.01.2026
;;;;;;;;;;;;;;;;;;;;;;;;2;14;Z00;0;34684;3042;22.01.2026;22.01.2026
;;;;;;;;;;;;;;;;;;;;;;;;2;14;Z00;0;34684;3042;22.01.2026;22.01.2026
;;;;;;;;;;;;;;;;;;;;;;;;2;14;Z00;0;34683;3042;22.01.2026;22.01.2026
;;;;;;;;;;;;;;;;;;;;;;;;2;14;Z00;0;34683;3042;22.01.2026;22.01.2026
;;;;;;;;;;;;;;;;;;;;;;;;2;14;Z00;0;34683;3042;22.01.2026;22.01.2026
;;;;;;;;;;;;;;;;;;;;;;;;2;14;Z00;0;34683;3042;22.01.2026;22.01.2026
;;;;;;;;;;;;;;;;;;;;;;;;2;14;Z00;0;34693;3042;27.01.2026;27.01.2026
;;;;;;;;;;;;;;;;;;;;;;;;2;14;Z00;0;34693;3042;27.01.2026;27.01.2026
;;;;;;;;;;;;;;;;;;;;;;;;2;14;Z00;0;34595;3042;27.01.2026;27.01.2026
;;;;;;;;;;;;;;;;;;;;;;;;2;14;Z00;0;34595;3042;27.01.2026;27.01.2026
;;;;;;;;;;;;;;;;;;;;;;08:00:00;;2;14;Z00;0;34697;3042;03.02.2026;03.02.2026
;;;;;;;;;;;;;;;;;;;;;;08:00:00;;2;14;Z00;0;34697;3042;03.02.2026;03.02.2026
;;;;;;;;;;;;;;;;;;;;;;;;2;14;Z00;0;34697;3042;03.02.2026;03.02.2026
;;;;;;;;;;;;;;;;;;;;;;;;2;14;Z00;0;34697;3042;03.02.2026;03.02.2026
;;;;;;;;;;;;;;;;;;;;;;;;2;14;Z00;0;34697;3042;03.02.2026;03.02.2026
;;;;;;;;;;;;;;;;;;;;;;;;2;14;Z00;0;34697;3042;03.02.2026;03.02.2026
;;;;;;;;;;;;;;;;;;;;;;;;2;14;Z00;0;34697;3042;03.02.2026;03.02.2026
;;;;;;;;;;;;;;;;;;;;;;;;2;14;Z00;0;34697;3042;03.02.2026;03.02.2026
;;;;;;;;;;;;;;;;;;;;;;;;2;14;Z00;0;34697;3042;03.02.2026;03.02.2026
;;;;;;;;;;;;;;;;;;;;;;;;2;14;Z00;0;34697;3042;03.02.2026;03.02.2026
;;;;;;;;;;;;;;;;;;;;;;;08:00:00;2;14;Z00;0;34593;3042;03.02.2026;03.02.2026
;;;;;;;;;;;;;;;;;;;;;;;08:00:00;2;14;Z00;0;34593;3042;03.02.2026;03.02.2026
;;;;;;;;;;;;;;;;;;;;;;08:00:00;08:00:00;2;14;Z00;0;34593;3042;03.02.2026;03.02.2026
;;;;;;;;;;;;;;;;;;;;;;;;2;14;Z00;0;34683;3042;04.02.2026;04.02.2026
;;;;;;;;;;;;;;;;;;;;;;;;2;14;Z00;0;34683;3042;04.02.2026;04.02.2026
;;;;;;;;;;;;;;;;;;;;;;;;2;14;Z00;0;34683;3042;04.02.2026;04.02.2026
;;;;;;;;;;;;;;;;;;;;;;;;2;14;Z00;0;34595;3042;05.02.2026;05.02.2026
;;;;;;;;;;;;;;;;;;;;;;;;2;14;Z00;0;34595;3042;05.02.2026;05.02.2026
;;;;;;;;;;;;;;;;;;;;;;;;2;14;Z00;0;34683;3042;05.02.2026;05.02.2026
;;;;;;;;;;;;;;;;;;;;;;;;2;14;Z00;0;34683;3042;05.02.2026;05.02.2026
;;;;;;;;;;;;;;;;;;;;;;;;2;14;Z00;0;34683;3042;05.02.2026;05.02.2026
;;;;;;;;;;;;;;;;;;;;;;;;2;14;Z00;0;34683;3042;05.02.2026;05.02.2026
;;;;;;;;;;;;;;;;;;;;;;08:00:00;;2;14;Z00;0;34593;3042;05.02.2026;05.02.2026
;;;;;;;;;;;;;;;;;;;;;;08:00:00;;2;14;Z00;0;34593;3042;05.02.2026;05.02.2026
;;;;;;;;;;;;;;;;;;;;;;;;2;14;Z00;0;34593;3042;06.02.2026;06.02.2026
;;;;;;;;;;;;;;;;;;;;;;;;2;14;Z00;0;34593;3042;06.02.2026;06.02.2026
;;;;;;;;;;;;;;;;;;;;;;;;2;14;Z00;0;34596;3042;10.02.2026;27.02.2026
;;;;;;;;;;;;;;;;;;;;;;;;2;14;Z00;0;34596;3042;10.02.2026;27.02.2026
;;;;;;;;;;;;;;;;;;;;;;;;2;14;Z00;0;34596;3042;10.02.2026;27.02.2026
;;;;;;;;;;;;;;;;;;;;;;;;2;14;Z00;0;34697;3042;11.02.2026;11.02.2026
;;;;;;;;;;;;;;;;;;;;;;;;2;14;Z00;0;34697;3042;11.02.2026;11.02.2026
;;;;;;;;;;;;;;;;;;;;;;;;2;14;Z00;0;34593;3042;11.02.2026;11.02.2026
;;;;;;;;;;;;;;;;;;;;;;;;2;14;Z00;0;34593;3042;11.02.2026;11.02.2026
;;;;;;;;;;;;;;;;;;;;;;;08:00:00;2;14;Z00;0;34595;3042;11.02.2026;11.02.2026
;;;;;;;;;;;;;;;;;;;;;;;08:00:00;2;14;Z00;0;34595;3042;11.02.2026;11.02.2026
;;;;;;;;;;;;;;;;;;;;;;;;2;14;Z00;0;34593;3042;11.02.2026;11.02.2026
;;;;;;;;;;;;;;;;;;;;;;;;2;14;Z00;0;34593;3042;11.02.2026;11.02.2026
;;;;;;;;;;;;;;;;;;;;;;;;2;14;Z00;0;34684;3042;11.02.2026;11.02.2026
;;;;;;;;;;;;;;;;;;;;;;;;2;14;Z00;0;34684;3042;11.02.2026;11.02.2026
;;;;;;;;;;;;;;;;;;;;;;;;2;14;Z00;0;34683;3042;11.02.2026;11.02.2026
;;;;;;;;;;;;;;;;;;;;;;;;2;14;Z00;0;34683;3042;11.02.2026;11.02.2026
;;;;;;;;;;;;;;;;;;;;;;;08:00:00;2;14;Z00;0;34593;3042;11.02.2026;11.02.2026
;;;;;;;;;;;;;;;;;;;;;;;08:00:00;2;14;Z00;0;34593;3042;11.02.2026;11.02.2026
;;;;;;;;;;;;;;;;;;;;;;;08:00:00;2;14;Z00;0;34593;3042;11.02.2026;11.02.2026
;;;;;;;;;;;;;;;;;;;;;;;08:00:00;2;14;Z00;0;34593;3042;11.02.2026;11.02.2026
;;;;;;;;;;;;;;;;;;;;;;;;2;14;Z00;0;34593;3042;11.02.2026;11.02.2026
;;;;;;;;;;;;;;;;;;;;;;;;2;14;Z00;0;34593;3042;11.02.2026;11.02.2026
;;;;;;;;;;;;;;;;;;;;;;;;2;14;Z00;0;34593;3042;11.02.2026;11.02.2026
;;;;;;;;;;;;;;;;;;;;;;;;2;14;Z00;0;34593;3042;11.02.2026;11.02.2026
;;;;;;;;;;;;;;;;;;;;;;;;2;14;Z00;0;34684;3042;11.02.2026;11.02.2026
;;;;;;;;;;;;;;;;;;;;;;;;2;14;Z00;0;34684;3042;11.02.2026;11.02.2026
;;;;;;;;;;;;;;;;;;;;;;;;2;14;Z00;0;34684;3042;11.02.2026;11.02.2026
;;;;;;;;;;;;;;;;;;;;;;;;2;14;Z00;0;34684;3042;11.02.2026;11.02.2026
;;;;;;;;;;;;;;;;;;;;;;;;2;14;Z00;0;34593;3042;11.02.2026;11.02.2026
;;;;;;;;;;;;;;;;;;;;;;;;2;14;Z00;0;34593;3042;11.02.2026;11.02.2026
;;;;;;;;;;;;;;;;;;;;;;;;2;14;Z00;0;34698;3042;11.02.2026;11.02.2026
;;;;;;;;;;;;;;;;;;;;;;;;2;14;Z00;0;34698;3042;11.02.2026;11.02.2026
;;;;;;;;;;;;;;;;;;;;;;;08:00:00;2;14;Z00;0;34593;3042;12.02.2026;12.02.2026
;;;;;;;;;;;;;;;;;;;;;;;08:00:00;2;14;Z00;0;34593;3042;12.02.2026;12.02.2026
;;;;;;;;;;;;;;;;;;;;;;;;2;14;Z00;0;34593;3042;12.02.2026;12.02.2026
;;;;;;;;;;;;;;;;;;;;;;;;2;14;Z00;0;34593;3042;12.02.2026;12.02.2026
;;;;;;;;;;;;;;;;;;;;;;;;2;14;Z00;0;34593;3042;12.02.2026;12.02.2026
;;;;;;;;;;;;;;;;;;;;;;;;2;14;Z00;0;34593;3042;12.02.2026;12.02.2026
;;;;;;;;;;;;;;;;;;;;;;;;2;14;Z00;0;34593;3042;12.02.2026;12.02.2026
;;;;;;;;;;;;;;;;;;;;;;;;2;14;Z00;0;34684;3042;13.02.2026;13.02.2026
;;;;;;;;;;;;;;;;;;;;;;;;2;14;Z00;0;34684;3042;13.02.2026;13.02.2026
;;;;;;;;;;;;;;;;;;;;;;;;2;14;Z00;0;34593;3042;13.02.2026;13.02.2026
;;;;;;;;;;;;;;;;;;;;;;;;2;14;Z00;0;34593;3042;13.02.2026;13.02.2026
;;;;;;;;;;;;;;;;;;;;;;;;2;14;Z00;0;34593;3042;16.02.2026;16.02.2026
;;;;;;;;;;;;;;;;;;;;;;;;2;14;Z00;0;34593;3042;16.02.2026;16.02.2026
;;;;;;;;;;;;;;;;;;;;;;;;2;14;Z00;0;34593;3042;16.02.2026;16.02.2026
;;;;;;;;;;;;;;;;;;;;;;;;2;14;Z00;0;34593;3042;16.02.2026;16.02.2026
;;;;;;;;;;;;;;;;;;;;;;;;2;14;Z00;0;34684;3042;18.02.2026;18.02.2026
;;;;;;;;;;;;;;;;;;;;;;;;2;14;Z00;0;34684;3042;18.02.2026;18.02.2026
;;;;;;;;;;;;;;;;;;;;;;;;2;14;Z00;0;34684;3042;19.02.2026;19.02.2026
;;;;;;;;;;;;;;;;;;;;;;;;2;14;Z00;0;34684;3042;19.02.2026;19.02.2026
;;;;;;;;;;;;;;;;;;;;;;;;1;43;Z30;5.000.000;34593;3042;20.02.2026;20.02.2026
;;;;;;;;;;;;;;;;;;;;;;;;1;43;Z30;5.000.000;34593;3042;20.02.2026;20.02.2026
;;;;;;;;;;;;;;;;;;;;;;;;2;14;Z00;0;34691;3042;23.02.2026;23.02.2026
;;;;;;;;;;;;;;;;;;;;;;;;2;14;Z00;0;34691;3042;23.02.2026;23.02.2026
;;;;;;;;;;;;;;;;;;;;;;;;2;14;Z00;0;34593;3042;23.02.2026;23.02.2026
;;;;;;;;;;;;;;;;;;;;;;;;2;14;Z00;0;34593;3042;23.02.2026;23.02.2026
;;;;;;;;;;;;;;;;;;;;;;;;2;14;Z00;0;34593;3042;23.02.2026;23.02.2026
;;;;;;;;;;;;;;;;;;;;;;;;2;14;Z00;0;34593;3042;23.02.2026;23.02.2026
;;;;;;;;;;;;;;;;;;;;;;;;2;14;Z00;0;34593;3042;23.02.2026;23.02.2026
;;;;;;;;;;;;;;;;;;;;;;;;2;14;Z00;0;34593;3042;23.02.2026;23.02.2026
;;;;;;;;;;;;;;;;;;;;;;;;2;14;Z00;0;34595;3042;23.02.2026;23.02.2026
;;;;;;;;;;;;;;;;;;;;;;;;2;14;Z00;0;34595;3042;23.02.2026;23.02.2026
;;;;;;;;;;;;;;;;;;;;;;;;2;14;Z00;0;34595;3042;25.02.2026;25.02.2026
;;;;;;;;;;;;;;;;;;;;;;;;2;14;Z00;0;34595;3042;25.02.2026;25.02.2026
;;;;;;;;;;;;;;;;;;;;;;;;2;14;Z00;0;34693;3042;25.02.2026;25.02.2026
;;;;;;;;;;;;;;;;;;;;;;;;2;14;Z00;0;34693;3042;25.02.2026;25.02.2026
;;;;;;;;;;;;;;;;;;;;;;;;2;14;Z00;0;34693;3042;25.02.2026;25.02.2026
;;;;;;;;;;;;;;;;;;;;;;;;2;14;Z00;0;34693;3042;25.02.2026;25.02.2026
;;;;;;;;;;;;;;;;;;;;;;;08:00:00;2;14;Z00;0;30681;3042;25.02.2026;25.02.2026
;;;;;;;;;;;;;;;;;;;;;;;08:00:00;2;14;Z00;0;30681;3042;25.02.2026;25.02.2026
;;;;;;;;;;;;;;;;;;;;;;;08:00:00;2;14;Z00;0;30681;3042;25.02.2026;25.02.2026
;;;;;;;;;;;;;;;;;;;;;;;08:00:00;2;14;Z00;0;30681;3042;25.02.2026;25.02.2026
;;;;;;;;;;;;;;;;;;;;;;;08:00:00;2;14;Z00;0;30681;3042;25.02.2026;25.02.2026
;;;;;;;;;;;;;;;;;;;;;;;08:00:00;2;14;Z00;0;30681;3042;25.02.2026;25.02.2026
;;;;;;;;;;;;;;;;;;;;;;08:00:00;;2;14;Z00;0;30681;3042;25.02.2026;25.02.2026
;;;;;;;;;;;;;;;;;;;;;;08:00:00;;2;14;Z00;0;30681;3042;25.02.2026;25.02.2026
;;;;;;;;;;;;;;;;;;;;;;08:00:00;;2;14;Z00;0;30681;3042;25.02.2026;25.02.2026
;;;;;;;;;;;;;;;;;;;;;;08:00:00;;2;14;Z00;0;30681;3042;25.02.2026;25.02.2026
;;;;;;;;;;;;;;;;;;;;;;;;2;14;Z00;0;34593;3042;26.02.2026;26.02.2026
;;;;;;;;;;;;;;;;;;;;;;;;2;14;Z00;0;34593;3042;26.02.2026;26.02.2026
;;;;;;;;;;;;;;;;;;;;;;;;2;14;Z00;0;34593;3042;27.02.2026;27.02.2026
;;;;;;;;;;;;;;;;;;;;;;;;2;14;Z00;0;34593;3042;27.02.2026;27.02.2026
;;;;;;;;;;;;;;;;;;;;;;;;2;14;Z00;0;34697;3042;02.03.2026;02.03.2026
;;;;;;;;;;;;;;;;;;;;;;;;2;14;Z00;0;34697;3042;02.03.2026;02.03.2026
;;;;;;;;;;;;;;;;;;;;;;08:00:00;;2;14;Z00;0;30681;3042;02.03.2026;02.03.2026
;;;;;;;;;;;;;;;;;;;;;;08:00:00;;2;14;Z00;0;30681;3042;02.03.2026;02.03.2026
;;;;;;;;;;;;;;;;;;;;;;;;2;14;Z00;0;34593;3042;02.03.2026;02.03.2026
;;;;;;;;;;;;;;;;;;;;;;;;2;14;Z00;0;34593;3042;02.03.2026;02.03.2026
;;;;;;;;;;;;;;;;;;;;;;;;2;14;Z00;0;34595;3042;03.03.2026;03.03.2026
;;;;;;;;;;;;;;;;;;;;;;;;2;14;Z00;0;34595;3042;03.03.2026;03.03.2026
;;;;;;;;;;;;;;;;;;;;;;;;2;14;Z00;0;34593;3042;03.03.2026;03.03.2026
;;;;;;;;;;;;;;;;;;;;;;;;2;14;Z00;0;34593;3042;03.03.2026;03.03.2026
;;;;;;;;;;;;;;;;;;;;;;;;2;14;Z00;0;34593;3042;04.03.2026;04.03.2026
;;;;;;;;;;;;;;;;;;;;;;;;2;14;Z00;0;34593;3042;04.03.2026;04.03.2026
;;;;;;;;;;;;;;;;;;;;;;;;2;14;Z00;0;34593;3042;06.03.2026;06.03.2026
;;;;;;;;;;;;;;;;;;;;;;;;2;14;Z00;0;34593;3042;06.03.2026;06.03.2026
;;;;;;;;;;;;;;;;;;;;;;;;2;14;Z00;0;34596;3042;06.03.2026;06.03.2026
;;;;;;;;;;;;;;;;;;;;;;;;2;14;Z00;0;34596;3042;06.03.2026;06.03.2026
;;;;;;;;;;;;;;;;;;;;;;;;2;14;Z00;0;34682;3042;06.03.2026;06.03.2026
;;;;;;;;;;;;;;;;;;;;;;;;2;14;Z00;0;34682;3042;06.03.2026;06.03.2026
;;;;;;;;;;;;;;;;;;;;;;08:00:00;;2;14;Z00;0;34682;3042;12.03.2026;12.03.2026
;;;;;;;;;;;;;;;;;;;;;;08:00:00;;2;14;Z00;0;34682;3042;12.03.2026;12.03.2026
;;;;;;;;;;;;;;;;;;;;;;;;2;14;Z00;0;34682;3042;12.03.2026;12.03.2026
;;;;;;;;;;;;;;;;;;;;;;;;2;14;Z00;0;34682;3042;12.03.2026;12.03.2026
;;;;;;;;;;;;;;;;;;;;;;;;2;14;Z00;0;34682;3042;26.03.2026;26.03.2026
;;;;;;;;;;;;;;;;;;;;;;;;2;14;Z00;0;34682;3042;26.03.2026;26.03.2026
;;;;;;;;;;;;;;;;;;;;;;;;2;14;Z00;0;34682;3042;26.03.2026;26.03.2026
;;;;;;;;;;;;;;;;;;;;;;;;2;14;Z00;0;34682;3042;26.03.2026;26.03.2026
;;;;;;;;;;;;;;;;;;;;;;08:00:00;;2;14;Z00;0;34388;3042;30.03.2026;30.03.2026
;;;;;;;;;;;;;;;;;;;;;;08:00:00;;2;14;Z00;0;34388;3042;30.03.2026;30.03.2026
;;;;;;;;;;;;;;;;;;;;;;;;2;14;Z00;0;34611;3042;01.04.2026;01.04.2026
;;;;;;;;;;;;;;;;;;;;;;;;2;14;Z00;0;34611;3042;01.04.2026;01.04.2026
;;;;;;;;;;;;;;;;;;;;;;;;2;14;Z00;0;34611;3042;01.04.2026;01.04.2026
;;;;;;;;;;;;;;;;;;;;;;;;2;14;Z00;0;34611;3042;01.04.2026;01.04.2026
;;;;;;;;;;;;;;;;;;;;;;;;2;14;Z00;0;34593;3042;01.04.2026;01.04.2026
;;;;;;;;;;;;;;;;;;;;;;;;2;14;Z00;0;34593;3042;01.04.2026;01.04.2026
;;;;;;;;;;;;;;;;;;;;;;;;2;14;Z00;0;34593;3042;01.04.2026;01.04.2026
;;;;;;;;;;;;;;;;;;;;;;;;2;14;Z00;0;34388;3042;06.04.2026;06.04.2026
;;;;;;;;;;;;;;;;;;;;;;;;2;14;Z00;0;34388;3042;06.04.2026;06.04.2026
;;;;;;;;;;;;;;;;;;;;;;;;2;14;Z00;0;34682;3042;06.04.2026;06.04.2026
;;;;;;;;;;;;;;;;;;;;;;;;2;14;Z00;0;34682;3042;06.04.2026;06.04.2026
;;;;;;;;;;;;;;;;;;;;;;;;2;14;Z00;0;34691;3042;07.04.2026;07.04.2026
;;;;;;;;;;;;;;;;;;;;;;;;2;14;Z00;0;34691;3042;07.04.2026;07.04.2026
;;;;;;;;;;;;;;;;;;;;;;;;2;14;Z00;0;34682;3042;09.04.2026;09.04.2026
;;;;;;;;;;;;;;;;;;;;;;;;2;14;Z00;0;34682;3042;09.04.2026;09.04.2026
;;;;;;;;;;;;;;;;;;;;;;;;2;14;Z00;0;34593;3042;09.04.2026;09.04.2026
;;;;;;;;;;;;;;;;;;;;;;;;2;14;Z00;0;34593;3042;09.04.2026;09.04.2026
;;;;;;;;;;;;;;;;;;;;;;;;2;14;Z00;0;34698;3042;10.04.2026;10.04.2026
;;;;;;;;;;;;;;;;;;;;;;;;2;14;Z00;0;34698;3042;10.04.2026;10.04.2026
;;;;;;;;;;;;;;;;;;;;;;;;2;14;Z00;0;34684;3042;10.04.2026;10.04.2026
;;;;;;;;;;;;;;;;;;;;;;;;2;14;Z00;0;34684;3042;10.04.2026;10.04.2026
;;;;;;;;;;;;;;;;;;;;;;;;2;14;Z00;0;34684;3042;10.04.2026;10.04.2026
;;;;;;;;;;;;;;;;;;;;;;;;2;14;Z00;0;34684;3042;10.04.2026;10.04.2026
;;;;;;;;;;;;;;;;;;;;;;;;2;14;Z00;0;34693;3042;14.04.2026;14.04.2026
;;;;;;;;;;;;;;;;;;;;;;;;2;14;Z00;0;34693;3042;14.04.2026;14.04.2026
;;;;;;;;;;;;;;;;;;;;;;;;2;14;Z00;0;34684;3042;14.04.2026;14.04.2026
;;;;;;;;;;;;;;;;;;;;;;;;2;14;Z00;0;34684;3042;14.04.2026;14.04.2026
;;;;;;;;;;;;;;;;;;;;;;;;2;14;Z00;0;34595;3042;15.04.2026;12.06.2026
;;;;;;;;;;;;;;;;;;;;;;;;2;14;Z00;0;34595;3042;15.04.2026;12.06.2026
;;;;;;;;;;;;;;;;;;;;;;;;2;14;Z00;0;34595;3042;15.04.2026;12.06.2026
;;;;;;;;;;;;;;;;;;;;;;;;2;14;Z00;0;34698;3042;16.04.2026;16.04.2026
;;;;;;;;;;;;;;;;;;;;;;;;2;14;Z00;0;34698;3042;16.04.2026;16.04.2026
;;;;;;;;;;;;;;;;;;;;;;;08:00:00;2;14;Z00;0;34388;3042;17.04.2026;17.04.2026
;;;;;;;;;;;;;;;;;;;;;;;08:00:00;2;14;Z00;0;34388;3042;17.04.2026;17.04.2026
;;;;;;;;;;;;;;;;;;;;;;;;2;14;Z00;0;34595;3042;17.04.2026;17.04.2026
;;;;;;;;;;;;;;;;;;;;;;;;2;14;Z00;0;34595;3042;17.04.2026;17.04.2026
;;;;;;;;;;;;;;;;;;;;;;;08:00:00;2;14;Z00;0;34593;3042;17.04.2026;17.04.2026
;;;;;;;;;;;;;;;;;;;;;;;08:00:00;2;14;Z00;0;34593;3042;17.04.2026;17.04.2026
;;;;;;;;;;;;;;;;;;;;;;;;2;14;Z00;0;34593;3042;17.04.2026;17.04.2026
;;;;;;;;;;;;;;;;;;;;;;08:00:00;;2;14;Z00;0;34698;3042;20.04.2026;20.04.2026
;;;;;;;;;;;;;;;;;;;;;;08:00:00;;2;14;Z00;0;34698;3042;20.04.2026;20.04.2026
;;;;;;;;;;;;;;;;;;;;;;;;2;14;Z00;0;34596;3042;21.04.2026;21.04.2026
;;;;;;;;;;;;;;;;;;;;;;;;2;14;Z00;0;34596;3042;21.04.2026;21.04.2026
;;;;;;;;;;;;;;;;;;;;;;;;2;14;Z00;0;34693;3042;22.04.2026;22.04.2026
;;;;;;;;;;;;;;;;;;;;;;;;2;14;Z00;0;34693;3042;22.04.2026;22.04.2026
;;;;;;;;;;;;;;;;;;;;;;;;2;14;Z00;0;34693;3042;22.04.2026;22.04.2026
;;;;;;;;;;;;;;;;;;;;;;;;2;14;Z00;0;34693;3042;22.04.2026;22.04.2026
;;;;;;;;;;;;;;;;;;;;;;;;2;14;Z00;0;34595;3042;23.04.2026;23.04.2026
;;;;;;;;;;;;;;;;;;;;;;;;2;14;Z00;0;34595;3042;23.04.2026;23.04.2026
;;;;;;;;;;;;;;;;;;;;;;;;2;14;Z00;0;34691;3042;23.04.2026;23.04.2026
;;;;;;;;;;;;;;;;;;;;;;;;2;14;Z00;0;34691;3042;23.04.2026;23.04.2026
;;;;;;;;;;;;;;;;;;;;;;;;2;14;Z00;0;34683;3042;24.04.2026;24.04.2026
;;;;;;;;;;;;;;;;;;;;;;;;2;14;Z00;0;34683;3042;24.04.2026;24.04.2026
;;;;;;;;;;;;;;;;;;;;;;;;2;14;Z00;0;34684;3042;28.04.2026;28.04.2026
;;;;;;;;;;;;;;;;;;;;;;;;2;14;Z00;0;34684;3042;28.04.2026;28.04.2026
;;;;;;;;;;;;;;;;;;;;;;;;2;14;Z00;0;34684;3042;28.04.2026;28.04.2026
;;;;;;;;;;;;;;;;;;;;;;;;2;14;Z00;0;34684;3042;28.04.2026;28.04.2026
;;;;;;;;;;;;;;;;;;;;;;;;2;14;Z00;0;34684;3042;04.05.2026;04.05.2026
;;;;;;;;;;;;;;;;;;;;;;;;2;14;Z00;0;34684;3042;04.05.2026;04.05.2026
;;;;;;;;;;;;;;;;;;;;;;;;2;14;Z00;0;34388;3042;05.05.2026;05.05.2026
;;;;;;;;;;;;;;;;;;;;;;;;2;14;Z00;0;34388;3042;05.05.2026;05.05.2026
;;;;;;;;;;;;;;;;;;;;;;;;2;14;Z00;0;34684;3042;05.05.2026;05.05.2026
;;;;;;;;;;;;;;;;;;;;;;;;2;14;Z00;0;34684;3042;05.05.2026;05.05.2026
;;;;;;;;;;;;;;;;;;;;;;;;2;14;Z00;0;34611;3042;06.05.2026;06.05.2026
;;;;;;;;;;;;;;;;;;;;;;;;2;14;Z00;0;34611;3042;06.05.2026;06.05.2026
;;;;;;;;;;;;;;;;;;;;;;;;2;14;Z00;0;34693;3042;06.05.2026;06.05.2026
;;;;;;;;;;;;;;;;;;;;;;;;2;14;Z00;0;34693;3042;06.05.2026;06.05.2026
;;;;;;;;;;;;;;;;;;;;;;;;2;14;Z00;0;34682;3042;07.05.2026;07.05.2026
;;;;;;;;;;;;;;;;;;;;;;;;2;14;Z00;0;34682;3042;07.05.2026;07.05.2026
;;;;;;;;;;;;;;;;;;;;;;;08:00:00;2;14;Z00;0;34595;3042;07.05.2026;07.05.2026
;;;;;;;;;;;;;;;;;;;;;;;08:00:00;2;14;Z00;0;34595;3042;07.05.2026;07.05.2026
;;;;;;;;;;;;;;;;;;;;;;;;2;14;Z00;0;34596;3042;08.05.2026;08.05.2026
;;;;;;;;;;;;;;;;;;;;;;;;2;14;Z00;0;34596;3042;08.05.2026;08.05.2026
;;;;;;;;;;;;;;;;;;;;;;;;2;14;Z00;0;34682;3042;08.05.2026;08.05.2026
;;;;;;;;;;;;;;;;;;;;;;;;2;14;Z00;0;34682;3042;08.05.2026;08.05.2026
;;;;;;;;;;;;;;;;;;;;;;;08:00:00;2;14;Z00;0;34595;3042;11.05.2026;11.05.2026
;;;;;;;;;;;;;;;;;;;;;;;08:00:00;2;14;Z00;0;34595;3042;11.05.2026;11.05.2026
;;;;;;;;;;;;;;;;;;;;;;;;2;14;Z00;0;34595;3042;11.05.2026;11.05.2026
;;;;;;;;;;;;;;;;;;;;;;;;2;14;Z00;0;34595;3042;11.05.2026;11.05.2026
;;;;;;;;;;;;;;;;;;;;;;;;2;14;Z00;0;34692;3042;12.05.2026;12.05.2026
;;;;;;;;;;;;;;;;;;;;;;;;2;14;Z00;0;34692;3042;12.05.2026;12.05.2026
;;;;;;;;;;;;;;;;;;;;;;;;2;14;Z00;0;34692;3042;12.05.2026;12.05.2026
;;;;;;;;;;;;;;;;;;;;;;;;2;14;Z00;0;34692;3042;12.05.2026;12.05.2026
;;;;;;;;;;;;;;;;;;;;;;;;2;14;Z00;0;34698;3042;15.05.2026;15.05.2026
;;;;;;;;;;;;;;;;;;;;;;;;2;14;Z00;0;34698;3042;15.05.2026;15.05.2026
;;;;;;;;;;;;;;;;;;;;;;;;2;14;Z00;0;34596;3042;15.05.2026;15.05.2026
;;;;;;;;;;;;;;;;;;;;;;;;2;14;Z00;0;34596;3042;15.05.2026;15.05.2026
;;;;;;;;;;;;;;;;;;;;;;;;2;14;Z00;0;34595;3042;20.05.2026;20.05.2026
;;;;;;;;;;;;;;;;;;;;;;;;2;14;Z00;0;34595;3042;20.05.2026;20.05.2026
;;;;;;;;;;;;;;;;;;;;;;;;2;14;Z00;0;34596;3042;20.05.2026;20.05.2026
;;;;;;;;;;;;;;;;;;;;;;;;2;14;Z00;0;34596;3042;20.05.2026;20.05.2026
;;;;;;;;;;;;;;;;;;;;;;;;2;14;Z00;0;34684;3042;22.05.2026;22.05.2026
;;;;;;;;;;;;;;;;;;;;;;;;2;14;Z00;0;34684;3042;22.05.2026;22.05.2026
;;;;;;;;;;;;;;;;;;;;;;;;2;14;Z00;0;34683;3042;25.05.2026;25.05.2026
;;;;;;;;;;;;;;;;;;;;;;;;2;14;Z00;0;34683;3042;25.05.2026;25.05.2026
;;;;;;;;;;;;;;;;;;;;;;08:00:00;;2;14;Z00;0;34692;3042;28.05.2026;28.05.2026
;;;;;;;;;;;;;;;;;;;;;;08:00:00;;2;14;Z00;0;34692;3042;28.05.2026;28.05.2026
;;;;;;;;;;;;;;;;;;;;;;;08:00:00;2;14;Z00;0;34593;3042;29.05.2026;29.05.2026
;;;;;;;;;;;;;;;;;;;;;;;08:00:00;2;14;Z00;0;34593;3042;29.05.2026;29.05.2026
;;;;;;;;;;;;;;;;;;;;;;;;2;14;Z00;0;34683;3042;29.05.2026;29.05.2026
;;;;;;;;;;;;;;;;;;;;;;;;2;14;Z00;0;34683;3042;29.05.2026;29.05.2026
;;;;;;;;;;;;;;;;;;;;;;;;2;14;Z00;0;34683;3042;02.06.2026;02.06.2026
;;;;;;;;;;;;;;;;;;;;;;;;2;14;Z00;0;34683;3042;02.06.2026;02.06.2026
;;;;;;;;;;;;;;;;;;;;;;;;2;14;Z00;0;34684;3042;02.06.2026;02.06.2026
;;;;;;;;;;;;;;;;;;;;;;;;2;14;Z00;0;34684;3042;02.06.2026;02.06.2026
;;;;;;;;;;;;;;;;;;;;;;;;2;14;Z00;0;34692;3042;03.06.2026;03.06.2026
;;;;;;;;;;;;;;;;;;;;;;;;2;14;Z00;0;34692;3042;03.06.2026;03.06.2026
;;;;;;;;;;;;;;;;;;;;;;;;2;14;Z00;0;34692;3042;03.06.2026;03.06.2026
;;;;;;;;;;;;;;;;;;;;;;;;2;14;Z00;0;34692;3042;03.06.2026;03.06.2026
;;;;;;;;;;;;;;;;;;;;;;;;2;14;Z00;0;34684;3042;05.06.2026;05.06.2026
;;;;;;;;;;;;;;;;;;;;;;;;2;14;Z00;0;34684;3042;05.06.2026;05.06.2026
;;;;;;;;;;;;;;;;;;;;;;;;2;14;Z00;0;34681;3042;05.06.2026;05.06.2026
;;;;;;;;;;;;;;;;;;;;;;;;2;14;Z00;0;34681;3042;05.06.2026;05.06.2026
;;;;;;;;;;;;;;;;;;;;;;;;2;14;Z00;0;34681;3042;05.06.2026;05.06.2026
;;;;;;;;;;;;;;;;;;;;;;;;2;14;Z00;0;34681;3042;05.06.2026;05.06.2026
;;;;;;;;;;;;;;;;;;;;;;;;2;14;Z00;0;34681;3042;05.06.2026;05.06.2026
;;;;;;;;;;;;;;;;;;;;;;;;2;14;Z00;0;34681;3042;05.06.2026;05.06.2026
;;;;;;;;;;;;;;;;;;;;;;08:00:00;;2;14;Z00;0;34698;3042;09.06.2026;09.06.2026
;;;;;;;;;;;;;;;;;;;;;;08:00:00;;2;14;Z00;0;34698;3042;09.06.2026;09.06.2026
;;;;;;;;;;;;;;;;;;;;;;;08:00:00;2;14;Z00;0;34593;3042;09.06.2026;09.06.2026
;;;;;;;;;;;;;;;;;;;;;;;08:00:00;2;14;Z00;0;34593;3042;09.06.2026;09.06.2026
;;;;;;;;;;;;;;;;;;;;;;;08:00:00;2;14;Z00;0;34593;3042;09.06.2026;09.06.2026
;;;;;;;;;;;;;;;;;;;;;;;08:00:00;2;14;Z00;0;34593;3042;09.06.2026;09.06.2026
;;;;;;;;;;;;;;;;;;;;;;;;2;14;Z00;0;34593;3042;09.06.2026;09.06.2026
;;;;;;;;;;;;;;;;;;;;;;;;2;14;Z00;0;34593;3042;09.06.2026;09.06.2026
;;;;;;;;;;;;;;;;;;;;;;;;2;14;Z00;0;34684;3042;09.06.2026;09.06.2026
;;;;;;;;;;;;;;;;;;;;;;;;2;14;Z00;0;34684;3042;09.06.2026;09.06.2026
;;;;;;;;;;;;;;;;;;;;;;;;2;14;Z00;0;34691;3042;09.06.2026;09.06.2026
;;;;;;;;;;;;;;;;;;;;;;;;2;14;Z00;0;34691;3042;09.06.2026;09.06.2026
;;;;;;;;;;;;;;;;;;;;;;;;2;14;Z00;0;34595;3042;10.06.2026;10.06.2026
;;;;;;;;;;;;;;;;;;;;;;;;2;14;Z00;0;34595;3042;10.06.2026;10.06.2026
;;;;;;;;;;;;;;;;;;;;;;;;2;14;Z00;0;34683;3042;10.06.2026;10.06.2026
;;;;;;;;;;;;;;;;;;;;;;;;2;14;Z00;0;34683;3042;10.06.2026;10.06.2026
;;;;;;;;;;;;;;;;;;;;;;;;2;14;Z00;0;34684;3042;11.06.2026;11.06.2026
;;;;;;;;;;;;;;;;;;;;;;;;2;14;Z00;0;34684;3042;11.06.2026;11.06.2026
;;;;;;;;;;;;;;;;;;;;;;08:00:00;;2;14;Z00;0;34683;3042;11.06.2026;11.06.2026
;;;;;;;;;;;;;;;;;;;;;;08:00:00;;2;14;Z00;0;34683;3042;11.06.2026;11.06.2026
;;;;;;;;;;;;;;;;;;;;;;;;2;14;Z00;0;34595;3042;11.06.2026;11.06.2026
;;;;;;;;;;;;;;;;;;;;;;;;2;14;Z00;0;34595;3042;11.06.2026;11.06.2026
;;;;;;;;;;;;;;;;;;;;;;;;2;14;Z00;0;34596;3042;11.06.2026;11.06.2026
;;;;;;;;;;;;;;;;;;;;;;;;2;14;Z00;0;34596;3042;11.06.2026;11.06.2026
;;;;;;;;;;;;;;;;;;;;;;;;2;14;Z00;0;34684;3042;12.06.2026;12.06.2026
;;;;;;;;;;;;;;;;;;;;;;;;2;14;Z00;0;34684;3042;12.06.2026;12.06.2026
;;;;;;;;;;;;;;;;;;;;;;;;2;14;Z00;0;34684;3042;12.06.2026;12.06.2026
;;;;;;;;;;;;;;;;;;;;;;;;2;14;Z00;0;34684;3042;12.06.2026;12.06.2026
;;;;;;;;;;;;;;;;;;;;;;;;2;14;Z00;0;34684;3042;17.06.2026;17.06.2026
;;;;;;;;;;;;;;;;;;;;;;;;2;14;Z00;0;34684;3042;17.06.2026;17.06.2026
;;;;;;;;;;;;;;;;;;;;;;;;2;14;Z00;0;34684;3042;17.06.2026;17.06.2026
;;;;;;;;;;;;;;;;;;;;;;;;2;14;Z00;0;34684;3042;17.06.2026;17.06.2026
;;;;;;;;;;;;;;;;;;;;;;;;2;14;Z00;0;34683;3042;17.06.2026;17.06.2026
;;;;;;;;;;;;;;;;;;;;;;;;2;14;Z00;0;34683;3042;17.06.2026;17.06.2026
;;;;;;;;;;;;;;;;;;;;;;;;2;14;Z00;0;34595;3042;17.06.2026;17.06.2026
;;;;;;;;;;;;;;;;;;;;;;;;2;14;Z00;0;34595;3042;17.06.2026;17.06.2026
;;;;;;;;;;;;;;;;;;;;;;;;2;14;Z00;0;34682;3042;17.06.2026;17.06.2026
;;;;;;;;;;;;;;;;;;;;;;;;2;14;Z00;0;34682;3042;17.06.2026;17.06.2026
;;;;;;;;;;;;;;;;;;;;;;;;2;14;Z00;0;34619;3042;17.06.2026;17.06.2026
;;;;;;;;;;;;;;;;;;;;;;;;2;14;Z00;0;34619;3042;17.06.2026;17.06.2026
;;;;;;;;;;;;;;;;;;;;;;08:00:00;;2;14;Z00;0;34683;3042;17.06.2026;17.06.2026
;;;;;;;;;;;;;;;;;;;;;;08:00:00;;2;14;Z00;0;34683;3042;17.06.2026;17.06.2026
;;;;;;;;;;;;;;;;;;;;;;SatFrom1;SatFrom2;DChl;CGrp;PayT;Cred.limit;Post.Code;Plnt;Created on;Created on
5834541;TK ARJUNA FROZEN;AGUNG JAYA RT 4 RW 4 KEL AGUNG JAYA KEC BANJAR MARGO;;8.13E+10;2051180;34684;90052449;90052449;Beni Saputra;F2 GT;Senin Genap;;08:00:00;;;;;;;;;;;2;14;Z00;0;34684;3042;05.06.2026;05.06.2026
