Customer,Name 1,Street,Personnel Number,Personnel Name,JWK SALESMAN,Latitude,Longitude,Cycle,Optimized JWK
92144,ADELIA,PS BRABASAN RT 001 RW 001 KEL BRABASAN KEC TANJUNG RAYA,90052442,Rudi Anggoro,SABTU GANJIL,-3.991809,105.337311,Ganjil,SENIN GANJIL
92181,PARLINDUNGAN,PS. PANARAGAN JAYA RT.2-9 KEL.PANARAGAN JAYA KEC.TULANG,90052418,Yuda Nurisman,RABU GANJIL,-4.522421,105.088747,Ganjil,KAMIS GANJIL
105697,TK KARDI,SIMPANG PEMATANG RT 017 RW 009 KEL SIMPANG PEMATANG,90052442,Rudi Anggoro,SELASA GANJIL,-4.021392,105.2438,Ganjil,RABU GANJIL
108339,TK ULAN,GEDUNG RAM RT 003 RW 001 KEL GEDUNG RAM KEC TANJUNG RAYA,90052442,Rudi Anggoro,SABTU GANJIL,-3.963642,105.362018,Ganjil,SABTU GANJIL
146712,TK TUTI,PS PANARAGAN JAYA RT 004 RW 004 KEL PANARAGAN JAYA,90052418,Yuda Nurisman,RABU GANJIL,-4.52166,105.090332,Ganjil,KAMIS GANJIL
189587,TOKO AMEL,INDRALOKA II RT.16-4 KEL.INDRALOKA II KEC.WAY KENANGA,90052301,Ihwal Bayu Saddera,KAMIS,-4.2047688,105.1983312,Weekly,RABU
189597,TOKO. NUR,PASAR HI RT.2-8 KEL.MAKARTI TAMA KEC.GEDUNG AJI BARU,90052301,Ihwal Bayu Saddera,SABTU,-4.179278,105.526161,Weekly,RABU
191375,TK HENDRI,SIDANG GUNUNG TIGA RT 003 RW 001 KEL SIDANG GUNUNG TIGA,90052449,Beni Saputra,JUMAT GENAP,,,Genap,
192035,TK. REKINTA 96,PS. IPIL BLOK A2 WONOAGUNG KEC. RAWAJITU SELATAN,90052449,Beni Saputra,JUMAT GANJIL,-4.2158245,105.6670145,Ganjil,SABTU GANJIL
195818,TK ANUGERAH,INDRALOKA II RT 009 RW 003 KEL INDRALOKA II KEC WAY KENANGA,90052442,Rudi Anggoro,SELASA GENAP,-4.193555,105.217743,Genap,SENIN GENAP
195825,TK. NINGSIH,TRI MAKMUR JAYA RT.4-4 KEL.TRI MAKMUR JAYA KEC.MENGGALA,90052418,Yuda Nurisman,SELASA GENAP,-4.39448,105.278961,Genap,RABU GENAP
195829,TK. DANI,BAWANG SAKTI JAYA RT.01-07 KEL.BAWANG SAKTI JAYA KEC.BANJAR,90052418,Yuda Nurisman,SELASA GENAP,-4.393678,105.266648,Genap,RABU GENAP
195830,TK. ATIK,PS. RAWAJITU BLOK D NO.1 RT.2-2 KEL.GEDUNG KARYA JITU,90052449,Beni Saputra,JUMAT GANJIL,-4.2119285,105.739699,Ganjil,SENIN GANJIL
197188,TK.SINAR JAWA,KEBUN DALEM RT.4-3 KEL.KEBUN DALAM KEC.WAY SERDANG,90052442,Rudi Anggoro,KAMIS GENAP,-4.1884011,105.1070437,Genap,KAMIS GENAP
197190,ANUGERAH II,BAWANG TIRTO MULYO RT.2-6 KEL.BAWANG TIRTO MULYO KEC.BANJAR,90052301,Ihwal Bayu Saddera,SENIN,-4.371168,105.269918,Weekly,JUMAT
201663,TK. SINAR MULIA,KEJADIAN RT.4-2 KEL.KEJADIAN KEC.WAY SERDANG,90052442,Rudi Anggoro,KAMIS GANJIL,-4.1995968,105.0736133,Ganjil,JUMAT GANJIL
202518,TK. EKO,MULYA KENCANA RT.3-2 KEL.MULYA KENCANA KEC.TULANG BAWANG,90052418,Yuda Nurisman,SENIN GENAP,-4.5648619,105.1637768,Genap,SELASA GENAP
202647,TK. MUH RONI,RAWAPITU SP2 RT.11-04 KEL.BATANG HARI KEC.RAWAPITU,90052449,Beni Saputra,SELASA GENAP,-4.3010792,105.5587237,Genap,KAMIS GENAP
202658,TK.ELI,RAWAPITU SP2 JL.CEMPAKA RT.12-4 KEL.BATANGHARI KEC.RAWAPITU,90052449,Beni Saputra,SELASA GENAP,-4.3014052,105.5554195,Genap,KAMIS GENAP
202662,TK.SUMBER SARI,SUMBER SARI RT.18-06 KEL.SUMBER SARI KEC.PENAWAR AJI,90052449,Beni Saputra,SELASA GENAP,-4.3152645,105.5205408,Genap,SELASA GENAP
207988,TK SAPRI,JL ASPOL NO 302 LK UGU RT 001 RW 003 KEL UJUNG GUNUNG,90052418,Yuda Nurisman,SENIN GENAP,-4.550824,105.220524,Genap,SELASA GENAP
209205,TK. AKBAR,INDRALOKA I RT 005 RW 002 KEL INDRALOKA I KEC WAY KENANGA,90052442,Rudi Anggoro,SENIN GANJIL,-4.197516,105.160672,Ganjil,KAMIS GANJIL
209208,TK BU YANI,GEDUNG HARAPAN RT 005 RW 002 KEL GEDUNG HARAPAN KEC PENAWAR,90052449,Beni Saputra,KAMIS GENAP,-4.282876,105.497543,Genap,KAMIS GENAP
209210,TK EKA,GEDUNG RAM RT 012 RW 003 KEL GEDUNG RAM KEC TANJUNG RAYA,90052442,Rudi Anggoro,SABTU GANJIL,-3.964071,105.362633,Ganjil,SABTU GANJIL
209215,TK. OPIK,JL. LINTAS RINGIN SARI NO.18A RT.3-5 KEL.RINGIN SARI,90052449,Beni Saputra,SENIN GENAP,-4.238653,105.343156,Genap,SELASA GENAP
209673,TK. ASFA JAYA,KARYA MAKMUR RT.2-1 KEL.KARYA MAKMUR KEC.PENAWAR AJI,90052449,Beni Saputra,SELASA GENAP,-4.2804965,105.5196251,Genap,KAMIS GENAP
209693,TK. ZENURI,INDRALOKA I RT.3-1 KEL.INDRALOKA I KEC.WAY KENANGA,90052301,Ihwal Bayu Saddera,KAMIS,-4.1961523,105.1644503,Weekly,SENIN
220398,TK. MELI,JL.ASPOL NO.95 LK.UGU RT.1-2 KEL.UJUNG GUNUNG KEC.MENGGALA,90052418,Yuda Nurisman,RABU GENAP,-4.4812521,105.2345428,Genap,KAMIS GENAP
227532,TK.MARTINI,KIBANG BUDI JAYA RT.4-1 KEL.KIBANG BUDI JAYA KEC.LAMBU,90052418,Yuda Nurisman,SABTU GANJIL,-4.332688,105.157629,Ganjil,JUMAT GANJIL
230239,TK. ARUM,JL.ARJUNA RT.1-1 KEL.BATANG HARI KEC.RAWA PITU,90052449,Beni Saputra,SELASA GENAP,-4.3041043,105.54261,Genap,SELASA GENAP
230241,TK.BU GITO,PS.MEDASARI RT.2-5 KEL.MEDA SARI KEC.RAWA JITU SELATAN,90052449,Beni Saputra,JUMAT GENAP,-4.2117359,105.7041048,Genap,SENIN GENAP
230243,TK. GG,LABUHAN BARU RT.1-4 KEL.LABUHAN BARU KEC.WAY SERDANG,90052442,Rudi Anggoro,KAMIS GANJIL,-4.1398475,,Ganjil,
231320,TK DOLI,GEDONG BOGA RT 002 RW 006 KEL GEDUNG BOGA KEC.WAY SERDANG,90052442,Rudi Anggoro,KAMIS GANJIL,-4.089592,105.190111,Ganjil,KAMIS GANJIL
235360,TK. MUTIAH,PANCA WARNA RT.1-5 KEL.PANCA WARNA KEC.WAY SERDANG,90052442,Rudi Anggoro,KAMIS GENAP,-4.1673546,105.1112618,Genap,RABU GENAP
241364,TK. DILA JAYA,DAYA ASRI RT.2-2 KEL.DAYA ASRI KEC.TUMIJAJAR,90052418,Yuda Nurisman,KAMIS GANJIL,-4.6313157,105.0866033,Ganjil,SABTU GANJIL
244517,TK. ALIA,PANCA TUNGGAL JAYA RT.1-5 KEC.PANCA TUNGGAL JAYA,90052449,Beni Saputra,SELASA GENAP,-4.3133739,105.5013787,Genap,SELASA GENAP
244518,TK.PAK DWI,MUKTI KARYA RT.2-1 KEL.MUKTI KARYA KEC.PANCA JAYA,90052301,Ihwal Bayu Saddera,JUMAT,-3.996096,105.2879552,Weekly,SENIN
247709,TK. BIMA SP 1C,TUNAS JAYA RT.18-3 KEL.TUNAS JAYA KEC.GUNUNUNG AGUNG,90052442,Rudi Anggoro,RABU GANJIL,-4.242022,105.058958,Ganjil,SELASA GANJIL
248302,TK.PRATAMA,WIRA BANGUN RT.6-6 KEL.WIRA BANGUN KEC.SIMPANG PEMATANG,90052442,Rudi Anggoro,SABTU GENAP,-3.9988184,105.1687647,Genap,RABU GENAP
249784,TK.AULIA,WIRA BANGUN RT.1-6 KEL.WIRA BANGUN KEC.SIMPANG PEMATANG,90052442,Rudi Anggoro,SABTU GENAP,-3.999416,105.166351,Genap,RABU GENAP
257798,TK.MARIYANI,INDRALOKA II RT.21-5 KEL.INDRALOKA II KEC.WAY KENANGA,90052301,Ihwal Bayu Saddera,KAMIS,-4.217163,105.207826,Weekly,JUMAT
262633,TK ERSON,TATA KOTA RT 011 RW 013 KEL BUMI DEPASENA MULYA KEC RAWAJITU,90052449,Beni Saputra,JUMAT GANJIL,-4.212134,105.767714,Ganjil,SENIN GANJIL
271050,TK DANI,JL.KAKAK TUA RT 003 RW 003 NO.16 KEL TRI REJO MULYO,90052449,Beni Saputra,SABTU GENAP,-4.180706,105.449596,Genap,JUMAT GENAP
271055,TK.NADIA,KIBANG BUDIJAYA RT.24-8 KEL.KIBANG BUDI JAYA,90052418,Yuda Nurisman,SABTU GANJIL,-4.3419288,105.1747159,Ganjil,SENIN GANJIL
274466,TK.ROHADI,DS.WONO AGUNG RT.2-7 NO.51 KEL.WONO AGUNG,90052301,Ihwal Bayu Saddera,SABTU,-4.217079,105.667388,Weekly,RABU
281567,TK.KAILA,PANARAGAN JAYA RT.1-3 NO.51 KEL.PANARAGAN JAYA KEC.TULANG,90052418,Yuda Nurisman,RABU GANJIL,-4.5220771,105.0910755,Ganjil,KAMIS GANJIL
293924,TK MANDA,DAYA MURNI LK III RT 002 RW 001 KEL DAYA MURNI KEC TUMIJAJAR,90052418,Yuda Nurisman,KAMIS GANJIL,-4.630741,105.075958,Ganjil,SABTU GANJIL
293925,TK.PANDU,DAYA MURNI RT.2-1 NO.29 KEL.DAYA MURNI KEC.TULANG BAWANG,90052418,Yuda Nurisman,KAMIS GANJIL,-4.6310296,105.0761648,Ganjil,SABTU GANJIL
298159,TK.SEMPURNA,MULYA KENCANA RT.7-3 KEL.MULYA KENCANA KEC.TULANG BAWANG,90052418,Yuda Nurisman,SENIN GENAP,-4.566798,105.155211,Genap,KAMIS GENAP
305157,TK ANANDA,BUJUK AGUNG RT 004 RW 006 KEL BUJUK AGUNG KEC BANJAR,90052442,Rudi Anggoro,SELASA GENAP,-4.193833,105.232511,Genap,SENIN GENAP
315342,TK LINA,JL.P DIPONEGORO RT 020 RW 005 NO.4 KEL SIDO HARJO KEC,90052449,Beni Saputra,SABTU GENAP,-4.180992,105.418947,Genap,JUMAT GENAP
315345,TK.DEWI KURNIA,JL.DAHLIA RT.20-5 KEL.SIDOHARJO KEC.PENAWAR TAMA,90052449,Beni Saputra,RABU GANJIL,-4.180274,105.4120749,Ganjil,JUMAT GANJIL
321034,TK.PUTU METRO,BUKO POSO RT 002 RW 004 KEL BUKO POSO KEC WAY SERDANG,90052442,Rudi Anggoro,SENIN GANJIL,-4.176809,105.148589,Ganjil,JUMAT GANJIL
329969,TK.MITA BOGATAMA,KP.AIR MERAH BOGA TAMA RT.3-5 KEL.BOGATAMA KEC.PENAWAR TAMA,90052449,Beni Saputra,RABU GANJIL,-4.1860173,105.4969263,Ganjil,KAMIS GANJIL
330172,TK.RUKUN JAYA,KP.TUNGGAL WARGA RT.4-1 NO.35 KEL.TUNGGAL WARGA KEC.BANJAR,90052449,Beni Saputra,SENIN GANJIL,-4.2835266,105.2198886,Ganjil,RABU GANJIL
339179,TK.ATASYA,BANJAR DEWA SUKU 2 RT.1 KEL.BANJAR DEWA KEC.BANJAR AGUNG,90052449,Beni Saputra,SELASA GANJIL,-4.32524,105.2209603,Ganjil,SELASA GANJIL
342532,TK RAFELA,PANARAGAN JAYA RT 001 RW 006 KEL PANARAGAN JAYA KEC.TULANG,90052418,Yuda Nurisman,RABU GANJIL,-4.51913,105.089777,Ganjil,KAMIS GANJIL
344680,TK.IQBAL ROMLI,JL.KH AHMAD DAHLAN RT.6-3 KEL.GEDUNG KARYA JITU,90052449,Beni Saputra,JUMAT GANJIL,-4.2036136,105.7387881,Ganjil,SENIN GANJIL
344684,TK.FATNAN,KP.KEBUN DALAM RT.2-6 KEL.KEBUN DALAM KEC.WAY SERDANG,90052442,Rudi Anggoro,KAMIS GENAP,-4.188049,105.115012,Genap,KAMIS GENAP
355740,TK.TEGUH,SRI RAHAYU RT.10-1 KEL.KAGUNGAN RAHAYU KEC.MENGGALA,90052418,Yuda Nurisman,SENIN GENAP,-4.5733379,105.1839779,Genap,SELASA GENAP
358137,TK.JAYA ABADI WIRA BANGUN,WIRA BANGUN RT.2-1 KEL.WIRA BANGUN KEC.SIMPANG PEMATANG,90052442,Rudi Anggoro,SABTU GENAP,-3.9982695,105.1806811,Genap,RABU GENAP
364601,TK.DENTA,INDRALOKA II RT.3-1 KEL.INDRALOKA II,90052442,Rudi Anggoro,SELASA GENAP,-4.182157,105.189942,Genap,KAMIS GENAP
372600,TK NISA,SRI RAHAYU RT 003 RW 001 KEL KAGUNGAN RAHAYU KEC MENGGALA,90052418,Yuda Nurisman,SENIN GENAP,-4.572947,105.187308,Genap,SELASA GENAP
423963,TK KAYANG PIDADA,MEDASARI RT 003 RW 005 KEL MEDA SARI KEC RAWA JITU SELATAN,90052449,Beni Saputra,JUMAT GENAP,-4.210883,105.70396,Genap,SENIN GENAP
427055,TK.KASIO,KARYA BHAKTI RT.2-2 KEL.KARYA BHAKTI KEC.MERAKSA AJI,90052449,Beni Saputra,KAMIS GANJIL,-4.274184,105.414988,Ganjil,KAMIS GANJIL
427242,TOSERBA PS TRAYA,SUKA JAYA RT.7-2 KEL.SUKA JAYA KEC.GUNUNG TERANG,90052442,Rudi Anggoro,SENIN GENAP,-4.331483,105.062012,Genap,SELASA GENAP
427426,TK.JAYA TOTO KATON,TOTO KATON RT.4-2 KEL.TOTO KATON KEC.GUNUNG TERANG,90052301,Ihwal Bayu Saddera,RABU,-4.357161,105.028012,Weekly,SELASA
429012,TK.YULI,BANJAR AGUNG RT.3-2 NO.25 KEL.BANJAR AGUNG KEC.BANJAR AGUNG,90052449,Beni Saputra,SELASA GANJIL,-4.295762,105.217722,Ganjil,SELASA GANJIL
429014,ANDIK,PANARAGAN JAYA INDAH RT.3-1 NO.21 KEL.PANARAGAN JAYA,90052418,Yuda Nurisman,RABU GANJIL,-4.5238389,105.0976942,Ganjil,KAMIS GANJIL
429304,TK TEGAR,TOTO KATON RT 004 RW 001 KEL TOTO KATON KEC BATU PUTIH,90052442,Rudi Anggoro,SENIN GENAP,-4.3582790000000005,105.027214,Genap,SELASA GENAP
429382,TK ANIS,MARGA JAYA RT 014 RW 004 KEL MARGA JAYA KEC GUNUNG AGUNG,90052442,Rudi Anggoro,RABU GENAP,-4.294553,105.068495,Genap,JUMAT GENAP
433020,TK PAK HUDA,CEMPAKA JAYA RT 005 RW 001 KEL.CEMPAKA JAYA KEC.MENGGALA,90052418,Yuda Nurisman,SELASA GENAP,-4.38346,105.301923,Genap,RABU GENAP
434837,TK.TAMI,DS.WONO AGUNG RT.4-5 KEL.WONO AGUNG KEC.RAWAJITU SELATAN,90052449,Beni Saputra,JUMAT GENAP,-4.2171684,105.666985,Genap,SENIN GENAP
434839,TK.TIFAH,SAKTI JAYA RT.13-4 KEL.SAKTI JAYA KEC.BATU PUTIH,90052442,Rudi Anggoro,SENIN GENAP,-4.306998,105.014485,Genap,SELASA GENAP
438091,TK.SULASTRI,MUKTI KARYA RT.17-2 KEL.MUKTI KARYA KEC.PANCA JAYA,90052442,Rudi Anggoro,SELASA GANJIL,-4.003575,105.284339,Ganjil,RABU GANJIL
443876,TK.SUMINI,MEKAR SARI RT.1-3 KEL.MEKAR SARI KEC.TANJUNG RAYA,90052442,Rudi Anggoro,SABTU GANJIL,-3.9546454,105.3250885,Ganjil,SABTU GANJIL
443881,TK.EDI,TEGAL MULYO RT.12-4 KEL.KIBANG MULYA JAYA KEC.LAMBU KIBANG,90052418,Yuda Nurisman,SENIN GANJIL,-4.323994,105.12758,Ganjil,JUMAT GANJIL
451320,TK.ROPINTA,PULUNG KENCANA RT.5-2 KEL.PULUNG KENCANA,90052301,Ihwal Bayu Saddera,SENIN,-4.591917,105.104847,Weekly,SELASA
451321,TK ISAH,LABUHAN MULYA RT 002 RW 003 KEL LABUHAN MULYA KEC WAY,90052442,Rudi Anggoro,KAMIS GANJIL,-4.138183,105.095913,Ganjil,JUMAT GANJIL
455005,TK RUDI ANDILA,SIDO MUKTI RT 018 RW 004 KEL SIDO MUKTI KEC GEDUNG AJI BARU,90052449,Beni Saputra,RABU GENAP,-4.179713,105.527499,Genap,JUMAT GENAP
459207,TK.DINI,SIDOMULYO RT.1-5 KEL.SIDOMULYO KEC.PENAWAR TAMA,90052449,Beni Saputra,SABTU GANJIL,-4.186176,105.379507,Ganjil,JUMAT GANJIL
459210,TK.HAFIS,RINGIN SARI RT.4-2 KEL.RINGIN SARI KEC.PANCA JAYA,90052301,Ihwal Bayu Saddera,JUMAT,-3.991494,105.3366452,Weekly,SENIN
459212,TK.EDI DKM,DWI KARYA MUSTIKA RT.5-1 KEL.DWI KARYA MUSTIKA,90052442,Rudi Anggoro,JUMAT GANJIL,-4.041575,105.496605,Ganjil,SENIN GANJIL
459218,TK.SAIKUDIN,PENUMANGAN RT.1-3 KEL.PENUMANGAN KEC.TULANG BAWANG TENGAH,90052418,Yuda Nurisman,JUMAT GANJIL,-4.4952956,105.1369547,Ganjil,JUMAT GANJIL
464225,TK.TATA FOOD,DWI WARGA TUNGGAL JAYA RT.7-2 KEL.DWI WARGA TUNGGAL JAYA,90052418,Yuda Nurisman,JUMAT GENAP,-4.283239,105.214411,Genap,SENIN GENAP
472244,TK BU JOKO,GEDUNG BOGA RT 001 RW 006 KEL GEDUNG BOGA KEC WAY SERDANG,90052442,Rudi Anggoro,KAMIS GANJIL,-4.089724,105.189359,Ganjil,KAMIS GANJIL
475062,SRC SUSI,KIBANG BUDI JAYA RT.11-3 KEL.KIBANG BUDI JAYA KEC.LAMBU,90052301,Ihwal Bayu Saddera,RABU,-4.3382109,105.1533851,Weekly,SABTU
487183,TK.DWI BUJUK,BUJUK AGUNG RT.2-3 NO.16 KEL.BUJUK AGUNG KEC.BANJAR MARGO,90052442,Rudi Anggoro,SELASA GENAP,-4.20396,105.245378,Genap,SENIN GENAP
499790,TK HENDRA SIREGAR,KAGUNGAN RATU RT 005 RW 007 KEL KAGUNGAN RATU,90052418,Yuda Nurisman,KAMIS GANJIL,-4.568745,105.1479,Ganjil,SELASA GANJIL
515340,TK.RIZAL ULIMA,JL.RAYA GUNUNG SAKTI RT.1/1 KEL.MENGGALA SELATAN,90052301,Ihwal Bayu Saddera,SENIN,-4.487577,105.237196,Weekly,SELASA
515345,TK ISMI,MULYO SARI RT 019 RW 003 KEL MULYO SARI KEC BATU PUTIH,90052442,Rudi Anggoro,SENIN GENAP,-4.355736,104.9992541,Genap,SELASA GENAP
524026,TK.HETI JAYA,WARGA MAKMUR JAYA RT.5-7 KEL.WARGA MAKMUR JAYA,90052418,Yuda Nurisman,JUMAT GENAP,-4.2878418,105.1890189,Genap,SENIN GENAP
539993,TK.AZAHRA,WARGA MAKMUR JAYA RT.2-3 KEL.WARGA MAKMUR JAYA,90052418,Yuda Nurisman,JUMAT GENAP,-4.2872075,105.1899453,Genap,SENIN GENAP
547547,TK.YUSYAM,TRI MUKTI JAYA RT.2-4 KEL.TRI MUKTI JAYA KEC.BANJAR AGUNG,90052301,Ihwal Bayu Saddera,SELASA,-4.2881067,105.2958622,Weekly,JUMAT
552960,TK AGUNG JITU,GEDUNG KARYA JITU RT 002 RW 002 KEL GEDUNG KARYA JITU,90052449,Beni Saputra,JUMAT GANJIL,,,Ganjil,
552965,TK.CINTA,PANCA WARNA WAY SERDANG RT.1-1 KEL.PANCA WARNA,90052442,Rudi Anggoro,KAMIS GENAP,-4.1593459,105.107724,Genap,RABU GENAP
592529,TK.SABITA,BUKO POSO RT.1-1 KEL.BUKO POSO KEC.WAY SERDANG,90052442,Rudi Anggoro,SENIN GANJIL,-4.1800944,105.1631693,Ganjil,KAMIS GANJIL
592536,TK.FIRMAN U6,PS.UNIT6 KIBANG BUDI JAYA RT.1-1 KEL.KIBANG BUDI JAYA,90052418,Yuda Nurisman,SABTU GANJIL,-4.331445,105.158634,Ganjil,JUMAT GANJIL
592537,TK.MAK YUS,KP.SUKA BHAKTI RT.13-4 KEL.SUKA BHAKTI KEC.GEDUNG AJI BARU,90052449,Beni Saputra,RABU GENAP,-4.2218873,105.6372128,Genap,SENIN GENAP
592538,TK.SRI UTAMI,BUKO POSO RT 004 RW 007 KEL BUKO POSO KEC WAY SERDANG,90052442,Rudi Anggoro,SENIN GANJIL,-4.197278,105.154575,Ganjil,JUMAT GANJIL
602297,TK.KRISNA BUJUK,BUJUK AGUNG RT.4-4 KEL.BUJUK AGUNG KEC.BANJAR MARGO,90052442,Rudi Anggoro,SELASA GENAP,-4.1974899,105.2351547,Genap,SENIN GENAP
602304,TK.YANA BUJUK,INDRALOKA JAYA RT.17-5 KEL.INDRALOKA JAYA KEC.WAY KENANGA,90052301,Ihwal Bayu Saddera,JUMAT,-4.196623,105.213066,Weekly,SENIN
602305,TK.FERRO,MULYA JAYA SP3C RT.3-1 KEL.MULYA JAYA KEC.GUNUNG AGUNG,90052442,Rudi Anggoro,RABU GENAP,-4.260287,105.1059749,Genap,JUMAT GENAP
602309,TK BUDI WALUYO,BANGUN JAYA RT 008 RW 003 KEL BANGUN JAYA KEC GUNUNG AGUNG,90052442,Rudi Anggoro,RABU GANJIL,-4.250275,105.087727,Ganjil,SELASA GANJIL
602312,TK.NADA SP3C,MULYA JAYA SP3C RT.7-2 KEL.MULYA JAYA KEC.GUNUNG AGUNG,90052442,Rudi Anggoro,RABU GENAP,-4.2608724,105.1061723,Genap,JUMAT GENAP
602314,TK WAHYUNI SP3C,MULYA JAYA SP3C RT 006 RW 002 KEL MULYA JAYA KEC GUNUNG,90052442,Rudi Anggoro,RABU GENAP,-4.261105,105.106237,Genap,JUMAT GENAP
602315,TK.HETI KEJADIAN,KEJADIAN RT.3-3 KEL.KEJADIAN KEC.WAY SERDANG,90052442,Rudi Anggoro,KAMIS GANJIL,-4.201277,105.076965,Ganjil,JUMAT GANJIL
602328,TK.IDA BUANA,MERCU BUANA RT.3-1 KEL.MERCU BUANA KEC.WAY KENANGA,90052301,Ihwal Bayu Saddera,KAMIS,-4.2641871,105.1536417,Weekly,KAMIS
602333,TK.SUMBER LESTARI,SIDO MULYO RT 002 RW 009 KEL SIDOMULYO KEC PENAWAR TAMA,90052449,Beni Saputra,SABTU GANJIL,-4.177219,105.379615,Ganjil,JUMAT GANJIL
602337,TK HERI MESUJI,ADI LUHUR RT 001 RW 001 KEL ADI LUHUR KEC PANCA JAYA,90052442,Rudi Anggoro,SELASA GANJIL,-3.953363,105.28788,Ganjil,RABU GANJIL
605980,TK NUR MULYA KENCANA,MULYA KENCANA RT 001 RW 005 KEL MULYA KENCANA KEC TULANG,90052418,Yuda Nurisman,KAMIS GENAP,-4.574442,105.149729,Genap,KAMIS GENAP
605981,TK.TUTI ASTRA,ASTRA KSETRA RT.2-2 KEL.ASTRA KSETRA KEC.MENGGALA,90052418,Yuda Nurisman,SENIN GENAP,-4.6319927,105.2130765,Genap,SELASA GENAP
610300,TK.GILANG PADASUKA,GILANG TUNGGAL MAKARTA RT.4-1 KEL.GILANG TUNGGAL MAKARTA,90052418,Yuda Nurisman,SELASA GENAP,-4.405002,105.205162,Genap,KAMIS GENAP
616572,TK BU IIN,AGUNG JAYA RT 005 RW 002 KEL AGUNG JAYA KEC WAY KENANGA,90052301,Ihwal Bayu Saddera,KAMIS,-4.275882,105.145058,Weekly,KAMIS
617801,TK SUYATNO,TOTO KATON RT 007 RW 003 KEL TOTO KATON KEC BATU PUTIH,90052301,Ihwal Bayu Saddera,RABU,-4.348743,105.037685,Weekly,KAMIS
617802,TK.BU MAKSUM,MARGO MULYO 10-4 KEL.MARGO MULYO KEC.GUNUNG TERANG,90052301,Ihwal Bayu Saddera,RABU,-4.3244975,105.0146731,Weekly,KAMIS
776965,TK.EDI PURNOMO,PANCA TUNGGAL JAYA RT.20-5 KEL.PANCA TUNGGAL JAYA,90052449,Beni Saputra,SELASA GENAP,-4.3121432,105.5031926,Genap,SELASA GENAP
830993,TK.RARERO,GEDUNG MULYA RT.15-4 KEL.GEDUNG MULYA KEC.TANJUNG RAYA,90052442,Rudi Anggoro,SABTU GANJIL,-3.963482,105.362715,Ganjil,SABTU GANJIL
1137955,TK.LINA HI,MAKARTI TAMA HI RT.2-8 KEL.MAKARTI TAMA KEC.GEDUNG AJI BARU,90052301,Ihwal Bayu Saddera,SABTU,-4.1790625,105.5280835,Weekly,RABU
1418989,TK KARSITIN,KIBANG BUDI JAYA RT 003 RW 001 KEL KIBANG BUDI JAYA,90052418,Yuda Nurisman,SABTU GENAP,-4.333092,105.162213,Genap,JUMAT GENAP
1516283,TK.TUGIONO,MEKAR JAYA RT.1-6 KEL.MEKAR JAYA KEC.GUNUNG AGUNG,90052442,Rudi Anggoro,RABU GANJIL,-4.2455527,105.0370981,Ganjil,SELASA GANJIL
1698611,TK.EKO SUSILO,KIBANG YEKTI JAYA RT.12-4 KEL.KIBANG YEKTI JAYA,90052301,Ihwal Bayu Saddera,RABU,-4.3245179,105.129188,Weekly,KAMIS
1713738,TK RAMIDI,SAKTI JAYA RT 005 RW 002 KEL SAKTI JAYA KEC BATU PUTIH,90052301,Ihwal Bayu Saddera,RABU,-4.297905,105.025369,Weekly,KAMIS
1714864,TK.ULVA TRAYA,JL.A YANI RT.10-3 KEL.MULYO JADI KEC.GUNUNG TERANG,90052442,Rudi Anggoro,SENIN GENAP,-4.334355,105.062358,Genap,SELASA GENAP
1719828,TK GLADYS,KARTA RAHARJA RT 003 RW 001 KEL KARTA RAHARJA,90052418,Yuda Nurisman,KAMIS GANJIL,-4.6186875,105.0501875,Ganjil,KAMIS GANJIL
1719863,TK SUJIYANTI,EKA MULYA RT 001 RW 002 KEL EKA MULYA KEC MESUJI TIMUR,90052301,Ihwal Bayu Saddera,JUMAT,-4.011564,105.503083,Weekly,RABU
1719869,TK ISTIMEWA JAYA,DWI WARGA TUNGGAL JAYA RT 002 RW 001 KEL DWI WARGA TUNGGAL,90052418,Yuda Nurisman,JUMAT GENAP,-4.283524,105.197564,Genap,SENIN GENAP
1732377,TOKO DINI CEEL,MULYA JAYA RT.14-4 KEL.MULYA JAYA KEC.GUNUNG AGUNG,90052301,Ihwal Bayu Saddera,RABU,-4.258349,105.10317,Weekly,KAMIS
1735362,ITA/MARLIYAH,PURWA JAYA RT.3-3 KEL.PURWA JAYA KEC.BANJAR MARGO,90052449,Beni Saputra,SENIN GANJIL,-4.273503,105.222529,Ganjil,RABU GANJIL
1736629,TK MUNTARI,TIYUH MARGA ASRI RT 026 RW 004 KEL MULYO ASRI,90052418,Yuda Nurisman,KAMIS GENAP,-4.63193,105.140032,Genap,SABTU GENAP
1736690,EM MART,DSN-KEL.MARGO MULYO RT.16-5 NO.110 KEC.TUMIJAJAR,90052418,Yuda Nurisman,KAMIS GENAP,-4.6436336,105.1243585,Genap,SABTU GENAP
1736847,TK.ASA A1,MUKTI KARYA RT.5-2 KEL.MUKTI KARYA KEC.PANCA JAYA,90052442,Rudi Anggoro,SELASA GANJIL,-4.0047825,105.2871936,Ganjil,RABU GANJIL
1758842,TK.WIN,KIBANG BUDI JAYA RT.3-1 KEL.KIBANG BUDI JAYA KEC.LAMBU,90052301,Ihwal Bayu Saddera,RABU,-4.332823,105.161128,Weekly,SABTU
1758952,TK.SITI DARMAN,KIBANG TRI JAYA RT.13-3 KEL.KIBANG TRI JAYA KEC.LAMBU KIBANG,90052418,Yuda Nurisman,SENIN GANJIL,-4.315545,105.1589773,Ganjil,SENIN GANJIL
1765051,WR BU ANI,BALAM JAYA RT 015 RW 006 KEL BALAM JAYA KEC WAY KENANGA,90052418,Yuda Nurisman,SENIN GANJIL,-4.246198,105.165344,Ganjil,SENIN GANJIL
1776372,ARSY GABE,DSN.PENAWAR JAYA RT.2-2 KEL.PENAWAR JAYA KEC.BANJAR MARGO,90052449,Beni Saputra,SENIN GENAP,-4.2447008,105.2553209,Genap,RABU GENAP
1795214,WR NABILA,TUNGGAL WARGA RT 002 RW 005 KEL TUNGGAL WARGA,90052418,Yuda Nurisman,JUMAT GENAP,-4.281974,105.210812,Genap,SENIN GENAP
1809532,YANTI,KAGUNGAN RATU RT.4-1 KEL.KAGUNGAN RATU KEC.TULANG BAWANG,90052418,Yuda Nurisman,RABU GANJIL,-4.5462611,105.0825837,Ganjil,KAMIS GANJIL
1818596,TK ARI,INDRALOKA I RT 006 RW 002 KEL INDRALOKA I KEC WAY KENANGA,90052442,Rudi Anggoro,SENIN GANJIL,-4.197459,105.157727,Ganjil,SELASA GANJIL
1843881,TOKO ULFA,GUNUNG AGUNG RT.3-4 KEL.GUNUNG AGUNG KEC.GUNUNG TERANG,90052301,Ihwal Bayu Saddera,RABU,-4.2981114,105.0986762,Weekly,KAMIS
1853163,WR VIRAL,MEKAR SARI JAYA RT.6-2 KEL.MEKAR SARI JAYA KEC.LAMBU KIBANG,90052301,Ihwal Bayu Saddera,RABU,-4.3612997,105.1721912,Weekly,JUMAT
1871419,WR MURNIATI,MEKAR JAYA RT 002 RW 003 KEL MEKAR JAYA KEC GUNUNG AGUNG,90052442,Rudi Anggoro,RABU GENAP,-4.267194,105.036217,Genap,JUMAT GENAP
1871999,TK.STAR MART,PENUMANGAN BARU RT.11-5 KEL.PENUMANGAN BARU KEC.TULANG,90052418,Yuda Nurisman,JUMAT GANJIL,-4.4905256,105.1489663,Ganjil,JUMAT GANJIL
1874275,RASYA,KAGUNGAN RATU RT.5-6 KEL.KAGUNGAN RATU KEC.TULANG BAWANG,90052418,Yuda Nurisman,RABU GANJIL,-4.5760409,105.0576874,Ganjil,KAMIS GANJIL
1898289,TK BU RIA,MEDASARI RT 004 RW 005 KEL MEDA SARI KEC RAWA JITU SELATAN,90052301,Ihwal Bayu Saddera,SABTU,-4.21148,105.704474,Weekly,RABU
1898956,WR.BU SUM,TUNAS JAYA RT.13-2 KEL.TUNAS JAYA KEC.GUNUNG AGUNG,90052301,Ihwal Bayu Saddera,KAMIS,-4.2348218,105.0503184,Weekly,KAMIS
1905630,TK.IDA C1,SINAR LAGA RT.1-4 KEL.SINAR LAGA KEC.TANJUNG RAYA,90052301,Ihwal Bayu Saddera,JUMAT,-3.9667207,105.4000298,Weekly,SENIN
1905635,TK.LINA PENUMANGAN,PENUMANGAN BARU RT.6-6 KEL.PENUMANGAN BARU KEC.TULANG BAWANG,90052418,Yuda Nurisman,JUMAT GANJIL,-4.503113,105.1473975,Ganjil,SELASA GANJIL
1925587,AFDAL,BALAI PANJANG RT.2-2 KEL.LINGAI KEC.MENGGALA TIMUR,90052418,Yuda Nurisman,SELASA GANJIL,-4.349293,105.282489,Ganjil,RABU GANJIL
1950141,DESI,GILANG TUNGGAL MAKARTA RT.14-3 KEL.GILANG TUNGGAL MAKARTA,90052418,Yuda Nurisman,SELASA GENAP,-4.3876343,105.1884485,Genap,JUMAT GENAP
1957638,TK.AROFAT,PURWA JAYA RT.2-5 KEL.PURWA JAYA KEC.BANJAR MARGO,90052449,Beni Saputra,SENIN GANJIL,-4.276109,105.222304,Ganjil,RABU GANJIL
1971468,SYAFIQ,KIBANG MULYA JAYA RT 006 RW 002 KEL KIBANG MULYA JAYA,90052418,Yuda Nurisman,SABTU GANJIL,-4.366203,105.138845,Ganjil,JUMAT GANJIL
1985408,WR LILIK,WARGA MAKMUR JAYA RT 004 RW 001 KEL WARGA MAKMUR JAYA,90052418,Yuda Nurisman,JUMAT GENAP,-4.286101,105.189348,Genap,SENIN GENAP
1989611,TK.BUDIARSO,PANCA TUNGGAL JAYA RT.21-5 KEL.PANCA TUNGGAL JAYA KEC.,90052449,Beni Saputra,SELASA GENAP,-4.3126624,105.5021281,Genap,SELASA GENAP
2001336,WR.MBAK RINA,BAWANG TIRTO MULYO RT.1-7 KEL.BAWANG TIRTO MULYO,90052418,Yuda Nurisman,SELASA GANJIL,-4.368719,105.272398,Ganjil,RABU GANJIL
2001664,WR.ARSYILA,CEMPAKA DALAM RT.3-1 KEL.CEMPAKA DALEM KEC.MENGGALA TIMUR,90052418,Yuda Nurisman,SELASA GENAP,-4.391294,105.284999,Genap,RABU GENAP
2018843,WR.SAMSUL,KARYA MURNI JAYA RT.2-1 KEL.KARYA MURNI JAYA KEC.BANJAR BARU,90052418,Yuda Nurisman,SELASA GANJIL,-4.348156,105.3175633,Ganjil,RABU GANJIL
2030166,WR P SLAMIT /RATNA,DSN.WARGA INDAH JAYA RT.2-3 KEL.WARGA INDAH JAYA KEC.BANJAR,90052418,Yuda Nurisman,SENIN GANJIL,-4.289847,105.164766,Ganjil,SENIN GANJIL
2058527,LITA,GUNUNG SARI RT.2-1 KEL.GUNUNG SARI KEC.LAMBU KIBANG,90052301,Ihwal Bayu Saddera,RABU,-4.361702,105.154422,Weekly,SELASA
2077120,SUBUR,MEKAR JAYA RT.1-3 KEL.MEKAR JAYA KEC.BANJAR BARU,90052418,Yuda Nurisman,SELASA GANJIL,-4.350482,105.307219,Ganjil,RABU GANJIL
2082044,WR.PUTRI,TEGAL MAKMUR RT.5-2 KEL.KIBANG MULYA JAYA KEC.LAMBU KIBANG,90052418,Yuda Nurisman,SABTU GENAP,-4.3265057,105.132468,Genap,JUMAT GENAP
2127393,WR.NABILA JAYA,DSN JAYA BARU RT.3-5 KEL.LEBUH DALEM KEC.MENGGALA TIMUR,90052418,Yuda Nurisman,RABU GENAP,-4.378473,105.249497,Genap,RABU GENAP
2145200,SITI,PENAWAR REJO RT 002 RW 002 KEL PENAWAR REJO KEC BANJAR MARGO,90052449,Beni Saputra,SENIN GENAP,-4.262306,105.247197,Genap,RABU GENAP
2207295,RISA,KIBANG YEKTI JAYA RT 004 RW 002 KEL KIBANG YEKTI JAYA,90052418,Yuda Nurisman,SENIN GANJIL,-4.301932,105.125799,Ganjil,SENIN GANJIL
2257594,TK.MUJIATI BUANA,MERCUBUANA RT.12-3 KEL. MERCU BUANA KEC.WAY KENANGA,90052418,Yuda Nurisman,SENIN GANJIL,-4.259469,105.162525,Ganjil,SENIN GANJIL
2308866,SEPKA,SETIA BUMI RT.23-3 KEL.SETIA BUMI KEC.GUNUNG TERANG,90052442,Rudi Anggoro,SENIN GENAP,-4.4504205,105.0687326,Genap,SELASA GENAP
2317429,WR BU SRI,TUNGGAL WARGA RT.1-3 KEL.TUNGGAL WARGA KEC.BANJAR AGUNG,90052418,Yuda Nurisman,JUMAT GENAP,-4.282085,105.213944,Genap,SENIN GENAP
2320824,MARYAM,JAYA MAKMUR RT 004 RW 003 KEL JAYA MAKMUR KEC BANJAR BARU,90052418,Yuda Nurisman,SABTU GENAP,-4.364488,105.205914,Genap,JUMAT GENAP
2325538,ALFAN,DSN.MEKAR JAYA RT.3-2 KEL.MEKARJAYA KEC.BANJAR BARU,90052418,Yuda Nurisman,SELASA GANJIL,-4.3504825,105.3064311,Ganjil,RABU GANJIL
2334920,TK.SISWANTO,BRABASAN RT.2-6 KEL.BRABASAN KEC.TANJUNG RAYA,90052442,Rudi Anggoro,SABTU GANJIL,-3.9776499,105.341923,Ganjil,SABTU GANJIL
2360303,TK ENDANG GALON,JL.SOEKARNO HATTA NO.04 RT 007 RW 003 KEL TANJUNG MAS REJO,90052442,Rudi Anggoro,JUMAT GANJIL,-3.997745,105.563013,Ganjil,SENIN GANJIL
2376216,TK.MUJIONO,PENUMANGAN BARU RT.3-6 KEL.PENUMANGAN BARU KEC.TULANG BAWANG,90052418,Yuda Nurisman,JUMAT GANJIL,-4.497652,105.143777,Ganjil,JUMAT GANJIL
2476600,TK.RUDI,PENAWAR REJO RT.3-2 KEL.PENAWAR REJO KEC.PENAWAR REJO,90052449,Beni Saputra,SENIN GENAP,-4.260252,105.248127,Genap,RABU GENAP
2567639,DIKI,TIRTA KENCANA RT.34-6 KEL.TIRTA KENCANA KEC.TULANG BAWANG,90052301,Ihwal Bayu Saddera,SENIN,-4.5402949,105.1346601,Weekly,SELASA
2571353,TK.KENZO,TUNGGAL WARGA RT.5-7 KEL.TUNGGAL WARGA KEC.BANJAR AGUNG,90052418,Yuda Nurisman,JUMAT GENAP,-4.2827533,105.204818,Genap,SENIN GENAP
2571356,TK.DILLA,JL.CEMPAKA NO.01 RT.3-1 KEL.SIDOHARJO KEC.PENAWAR TAMA,90052301,Ihwal Bayu Saddera,SABTU,-4.1735023,105.4137426,Weekly,RABU
2571357,TK.ARMA,TRI TUNGGAL JAYA RT.8-3 KEL.TRI TUNGGAL JAYA KEC.PENAWAR,90052449,Beni Saputra,SABTU GANJIL,-4.144955,105.416807,Ganjil,JUMAT GANJIL
2571358,TK.MBAK YUNI,SP 6 MUARA TENANG BLOK 12-38-3 RT.19-4 KEL.BUMI DIPASENA,90052442,Rudi Anggoro,JUMAT GANJIL,-3.998373,105.3824701,Ganjil,SENIN GANJIL
2577342,IDA,CANDRA KENCANA RT.2-1 KEL.CANDRA KENCANA KEC.TULANG BAWANG,90052418,Yuda Nurisman,KAMIS GENAP,-4.6008761,105.1412177,Genap,KAMIS GENAP
2640698,TK DM FAMILY,DSN TULUNG DAGANG RT 002 RW 002 KEL LEBUH DALEM,90052418,Yuda Nurisman,SELASA GENAP,,,Genap,
2641906,CAK YONO,TIRTA KENCANA RT.33-6 KEL.TIRTA KENCANA KEC.TULANG BAWANG,90052418,Yuda Nurisman,JUMAT GANJIL,-4.5424433,105.1334179,Ganjil,SELASA GANJIL
2743532,TK IMRON,CANDRA KENCANA RT 004 RW 004 KEL CANDRA KENCANA KEC TULANG,90052418,Yuda Nurisman,KAMIS GENAP,-4.602235,105.135016,Genap,SABTU GENAP
2760065,WR SAWAL/PURWANTI,BANJAR AGUNG RT.2-4 KEL.BANJAR AGUNG KEC.BANJAR AGUNG,90052301,Ihwal Bayu Saddera,SELASA,-4.294763,105.2189683,Weekly,SABTU
2774923,WR KOKOM,KARYA MURNI JAYA RT 002 RW 003 KEL KARYA MURNI JAYA,90052418,Yuda Nurisman,SELASA GANJIL,-4.353973,105.3090261,Ganjil,RABU GANJIL
2814699,TK FAJAR,TIRTA KENCANA RT.25-7 KEL.TIRTA KENCANA KEC.TULANG BAWANG,90052418,Yuda Nurisman,JUMAT GANJIL,-4.5350419,105.1354027,Ganjil,SELASA GANJIL
2824059,MUKLIS,BALAM ASRI RT.1-3 KEL.BALAM ASRI KEC.WAYKENANGA,90052418,Yuda Nurisman,SENIN GANJIL,-4.2305918,105.1622111,Ganjil,SENIN GANJIL
2856916,WR NURKHOLIS,MARGA JAYA INDAH RT.3-1 KEL.MARGA JAYA INDAH KEC.PAGAR DEWA,90052301,Ihwal Bayu Saddera,RABU,-4.380317,105.185766,Weekly,SELASA
2888265,TK.YITNO,ADI LUHUR RT.1-1 KEL.ADI LUHUR KEC.PANCA JAYA,90052442,Rudi Anggoro,SELASA GANJIL,-3.95312,105.285568,Ganjil,RABU GANJIL
2888268,TK.MAK KAR,ADI LUHUR RT.5-1 KEL.ADI LUHUR KEC.PANCA JAYA,90052301,Ihwal Bayu Saddera,JUMAT,-3.959689,105.28468,Weekly,SENIN
2888271,TK.DITA,ADI LUHUR RT.7-1 KEL.ADI LUHUR KEC.PANCA JAYA,90052442,Rudi Anggoro,SELASA GANJIL,-3.958468,105.283326,Ganjil,RABU GANJIL
2888274,TK IBU MUNAWAROH,AJI JAYA RT 001 RW 005 KEL AJI JAYA KEC SIMPANG PEMATANG,90052442,Rudi Anggoro,SELASA GANJIL,-3.99564,105.252873,Ganjil,RABU GANJIL
2888276,TK AZAH,BANGUN JAYA RT 009 RW 003 KEL BANGUN JAYA KEC TANJUNG RAYA,90052442,Rudi Anggoro,JUMAT GENAP,-3.918309,105.429811,Genap,SENIN GENAP
2888292,TK.ARDI,BERASAN MAKMUR RT.2-7 KEL.BERASAN MAKMUR KEC.TANJUNG RAYA,90052301,Ihwal Bayu Saddera,JUMAT,-4.0191951,105.2759709,Weekly,SENIN
2888298,TK.TIKA,BERASAN MAKMUR RT.3-5 KEL.BERASAN MAKMUR KEC.TANJUNG RAYA,90052442,Rudi Anggoro,SABTU GANJIL,-3.996936,105.334138,Ganjil,KAMIS GANJIL
2888321,TK.AMEL,DWI KARYA MUSTIKA RT.12-3 KEL.DWI KARYA MUSTIKA,90052442,Rudi Anggoro,JUMAT GANJIL,-4.041404,105.490501,Ganjil,SENIN GANJIL
2888327,TK.BU SARTI,DWI KARYA MUSTIKA RT.5-2 KEL.DWI KARYA MUSTIKA,90052442,Rudi Anggoro,JUMAT GANJIL,-4.041405,105.493689,Ganjil,SENIN GANJIL
2888337,TK MAJU JAYA BERSAMA,FAJAR BARU RT 007 RW 002 KEL FAJAR BARU KEC PANCA JAYA,90052442,Rudi Anggoro,SELASA GANJIL,-3.921031,105.258932,Ganjil,RABU GANJIL
2888362,TK ARFAN,JL.SOEKARNO HATTA NO.09 RT 007 RW 003 KEL TANJUNG MAS REJO,90052442,Rudi Anggoro,JUMAT GANJIL,-3.992424,105.558376,Ganjil,SENIN GANJIL
2888367,TK.SRC ITA,MARGO JAYA RT.7-3 KEL.MARGO JAYA KEC.MESUJI TIMUR,90052301,Ihwal Bayu Saddera,JUMAT,-4.009307,105.440249,Weekly,RABU
2888394,TK ATIKA,MUKTI JAYA RT 003 RW 002 KEL MUKTI JAYA KEC TANJUNG RAYA,90052442,Rudi Anggoro,JUMAT GENAP,-3.934578,105.400153,Genap,SABTU GENAP
2888417,TK.AZKA,SIDOMULYO RT.1-5 KEL.SIDO MULYO KEC.MESUJI,90052301,Ihwal Bayu Saddera,JUMAT,-3.89776,105.421208,Weekly,SENIN
2888424,TK PRABU,SIMPANG MESUJI RT 001 RW 007 KEL SIMPANG MESUJI KEC SIMPANG,90052442,Rudi Anggoro,SELASA GANJIL,-3.995692,105.249192,Ganjil,RABU GANJIL
2888442,TK.IBU PUJI,SRIWIJAYA RT.10-2 KEL.SRIWIJAYA KEC.TANJUNG RAYA,90052301,Ihwal Bayu Saddera,JUMAT,-3.9513244,105.4413911,Weekly,SENIN
2888443,TK.EIRA,SRIWIJAYA RT.3-2 KEL.SRIWIJAYA KEC.TANJUNG RAYA,90052301,Ihwal Bayu Saddera,JUMAT,-3.9524616,105.4392997,Weekly,SENIN
2888472,TK.MAS LILIK,TANJUNG SARI RT.16-5 KEL.TANJUNG SARI KEC.TANJUNG RAYA,90052301,Ihwal Bayu Saddera,JUMAT,-3.917674,105.352702,Weekly,SENIN
2888479,TK.NAZQI,WIRA BANGUN RT.2-2 KEL.WIRA BANGUN KEC.SIMPANG PEMATANG,90052442,Rudi Anggoro,SABTU GENAP,-3.9923406,105.1687996,Genap,RABU GENAP
2888483,TK.DIAN,WIRA BANGUN RT.32-6 KEL.WIRA BANGUN KEC.SIMPANG PEMATANG,90052442,Rudi Anggoro,SABTU GENAP,-3.999308,105.164198,Genap,RABU GENAP
2888500,TK.LAILA,WONOSARI RT 004 RW 001 KEL WONOSARI KEC MESUJI TIMUR,90052442,Rudi Anggoro,JUMAT GANJIL,-4.030055,105.518738,Ganjil,SENIN GANJIL
2893016,WR.NOVI,AJI JAYA KNPI RT.2-2 KEL.AJI JAYA KNPI KEC.GEDUNG AJI,90052449,Beni Saputra,KAMIS GANJIL,-4.2978412,105.3637945,Ganjil,KAMIS GANJIL
2893050,WR TOWIYAH,GEDUNG KARYA JITU RT 001 RW 001 KEL GEDUNG KARYA JITU KEC,90052449,Beni Saputra,JUMAT GANJIL,-4.217687,105.741868,Ganjil,SENIN GANJIL
2893052,WR SIHONO,GEDUNG KARYA JITU RT 003 RW 002 KEL GEDUNG KARYA JITU,90052449,Beni Saputra,JUMAT GENAP,-4.209104,105.740539,Genap,SENIN GENAP
2893057,WR.TASYA,GEDUNG KARYA JITU RT.6-3 KEL.GEDUNG KARYA JITU,90052449,Beni Saputra,JUMAT GANJIL,-4.2141025,105.7360157,Ganjil,SENIN GANJIL
2893073,WR.DAFA,GEDUNG REJO SAKTI RT.4-1 KEL.GEDUNG REJO SAKTI,90052301,Ihwal Bayu Saddera,SELASA,-4.27987,105.491303,Weekly,JUMAT
2893079,WR ARIS,GEDUNG REJO SAKTI RT 007 RW 003 KEL GEDUNG REJO SAKTI,90052449,Beni Saputra,KAMIS GENAP,-4.284893,105.48792,Genap,KAMIS GENAP
2893116,WR.KHOTIJAH,KARYA MAKMUR RT.11-5 KEL.KARYA MAKMUR KEC.PENAWAR AJI,90052449,Beni Saputra,SELASA GENAP,-4.2969382,105.5232193,Genap,KAMIS GENAP
2893128,TK.MAJU JAYA,PADUAN RAJAWALI RT.2-1 KEL.PADUAN RAJAWALI KEC.MERAKSA AJI,90052449,Beni Saputra,KAMIS GANJIL,-4.2880566,105.4150388,Ganjil,KAMIS GANJIL
2893131,WR.SABILA,MAKARTI TAMA RT.1-8 KEL.MAKARTI TAMA KEC.GEDUNG AJI BARU,90052449,Beni Saputra,RABU GENAP,-4.1993858,105.5558226,Genap,SABTU GENAP
2893135,TK.RIKA,MAKARTI TAMA RT.2-9 KEL.MAKARTI TAMA KEC.GEDUNG AJI BARU,90052449,Beni Saputra,RABU GANJIL,-4.190318,105.526088,Ganjil,SABTU GANJIL
2893136,WR.LOLI,MAKARTI TAMA RT.3-10 KEL.MAKARTI TAMA KEC.GEDUNG AJI BARU,90052449,Beni Saputra,RABU GANJIL,-4.1800135,105.5214561,Ganjil,SABTU GANJIL
2893137,WR RUSMINI,MAKARTI TAMA RT 003 RW 009 KEL MAKARTI TAMA KEC GEDUNG AJI,90052449,Beni Saputra,RABU GANJIL,-4.199522,105.5297,Ganjil,SABTU GANJIL
2893154,WR.SELA,MULYO DADI RT.4-2 KEL.MULYO DADI KEC.RAWA PITU,90052449,Beni Saputra,SELASA GENAP,-4.3037191,105.5826601,Genap,SENIN GENAP
2893167,WR.FAHRUR,PANGGUNG JAYA RT.8-4 KEL.PANGGUNG JAYA KEC.RAWA JITU UTARA,90052449,Beni Saputra,JUMAT GANJIL,-4.1529165,105.6507268,Ganjil,SABTU GANJIL
2893169,WR IMAM JAYA,PASAR BATANG RT 003 RW 001 KEL PASAR BATANG KEC PENAWAR AJI,90052449,Beni Saputra,KAMIS GENAP,,,Genap,
2893180,TK.GHOFUR,RAWA PITU SP2-4 RT.14-5 KEL.BATANG HARI KEC.RAWA PITU,90052449,Beni Saputra,SELASA GENAP,-4.3009157,105.5681185,Genap,SELASA GENAP
2893182,WR.YOGI,SIDANG BANDAR ANOM RT.2-4 KEL.SIDANG BANDAR ANOM,90052449,Beni Saputra,JUMAT GANJIL,-4.1711957,105.6618737,Ganjil,SENIN GANJIL
2893188,WR SULYANA,SIDANG GUNUNG TIGA RT 013 RW 003 KEL SIDANG GUNUNG TIGA,90052449,Beni Saputra,JUMAT GENAP,,,Genap,
2893190,WR.ARIYANTO,SIDANG GUNUNG TIGA RT.4-1 KEL.SIDANG GUNUNG TIGA KEC.RAWA,90052449,Beni Saputra,JUMAT GENAP,-4.216463,105.638728,Genap,SABTU GENAP
2893201,WR MBAK RONA,SIDOMEKAR RT 010 RW 003 KEL SIDOMEKAR KEC GEDUNG AJI BARU,90052449,Beni Saputra,RABU GENAP,-4.196024,105.550213,Genap,KAMIS GENAP
2893205,WR.ZOYA,SIDOMEKAR RT.19-6 KEL.SIDOMEKAR KEC.GEDUNG AJI BARU,90052449,Beni Saputra,RABU GENAP,-4.190086,105.544635,Genap,JUMAT GENAP
2893213,WR.UMI MASRUROH,SUKA BHAKTI RT.15-4 KEL.SUKA BHAKTI KEC.GEDUNG AJI BARU,90052449,Beni Saputra,JUMAT GENAP,-4.221696,105.640189,Genap,SENIN GENAP
2893228,WR.MBAH MINEN,SUKARAME RT.5-2 KEL.SUKARAME KEC.MERAKSA AJI,90052301,Ihwal Bayu Saddera,SELASA,-4.282541,105.455304,Weekly,JUMAT
2893243,TK.ALEXI,TELOGO REJO RT.18-4 KEL.TELOGO REJO KEC.RAWA JITU UTARA,90052449,Beni Saputra,JUMAT GANJIL,-4.1231216,105.6589139,Ganjil,SENIN GANJIL
2894592,TK AMI,CANDRA JAYA RT.7-2 KEL.CANDRA JAYA KEC.TULANG BAWANG TENGAH,90052418,Yuda Nurisman,KAMIS GENAP,-4.5977066,105.1480443,Genap,KAMIS GENAP
2913549,WR DEVI SRIAMI,PASAR BATANG RT 010 RW 003 KEL BATANG HARI KEC PENAWAR AJI,90052449,Beni Saputra,KAMIS GENAP,,,Genap,
2913560,WR KHOTIJAH,BANGUN REJO RT 005 RW 003 KEL BANGUN REJO KEC MERAKSA AJI,90052449,Beni Saputra,KAMIS GENAP,,,Genap,
2913584,WR MAS PUR,GEDUNG ASRI RT 016 RW 006 KEL GEDUNG ASRI KEC PENAWAR AJI,90052301,Ihwal Bayu Saddera,SELASA,-4.257012,105.531013,Weekly,RABU
2913594,WR SERLY,GEDUNG REJO SAKTI RT 012 RW 004 KEL GEDUNG REJO SAKTI,90052449,Beni Saputra,KAMIS GENAP,-4.268793,105.488637,Genap,KAMIS GENAP
2913602,WR.SRI WAHYUNI,KARYA BHAKTI RT.2-1 KEL.KARYA BHAKTI KEC.MERAKSA AJI,90052449,Beni Saputra,KAMIS GENAP,-4.2780036,105.4092269,Genap,SELASA GENAP
2913605,WR.JAYA MANDIRI,DS.KECUBUNG MULYA RT.3-4 KEL.KECUBUNG RAYA KEC.GEDUNG AJI,90052449,Beni Saputra,KAMIS GENAP,-4.291219,105.3827896,Genap,SELASA GENAP
2913651,WR MBAK TITIN,DS PASAR BATANG RT 011 RW 004 KEL BATANG HARI KEC PENAWAR,90052449,Beni Saputra,KAMIS GENAP,-4.237193,105.490404,Genap,KAMIS GENAP
2913659,TK ARIS,SIMPANG PEMATANG RT 002 RW 001 KEL SIMPANG PEMATANG,90052442,Rudi Anggoro,SELASA GANJIL,-4.008909,105.247844,Ganjil,RABU GANJIL
2913697,TK AZAM,WONOSARI RT 002 RW 001 KEL WONOSARI KEC MESUJI TIMUR,90052442,Rudi Anggoro,JUMAT GANJIL,-4.024547,105.51426,Ganjil,SENIN GANJIL
2951041,TK.BU KOM,AGUNG JAYA RT.2-1 KEL.BUJUK AGUNG KEC.BANJAR MARGO,90052449,Beni Saputra,SENIN GENAP,-4.220035,105.26377,Genap,RABU GENAP
2951050,TK.RIA JAYA,AJI MURNI JAYA RT.3-2 KEL.AJI MURNI JAYA KEC.GEDUNG AJI,90052418,Yuda Nurisman,SELASA GANJIL,-4.3287541,105.3299547,Ganjil,RABU GANJIL
2951052,TK.LATANSA,BALAI MURNI JAYA RT.3-2 KEL.BALAI MURNI JAYA KEC.BANJAR BARU,90052418,Yuda Nurisman,SELASA GANJIL,-4.344926,105.312394,Ganjil,RABU GANJIL
2951057,TK.SOKA CAKAT,BINA MARGA RT.2-3 KEL.MENGGALA KEC.MENGGALA TIMUR,90052418,Yuda Nurisman,RABU GENAP,-4.419652,105.268787,Genap,RABU GENAP
2951061,TK.GEMI JAYA,BUKO POSO RT.4-6 KEL.BUKO POSO KEC.WAY SERDANG,90052301,Ihwal Bayu Saddera,KAMIS,-4.1721718,105.1527932,Weekly,SENIN
2951063,TK.CICI,CEMPAKA JAYA RT.1-4 KEL.CEMPAKA JAYA KEC.MENGGALA TIMUR,90052418,Yuda Nurisman,SELASA GENAP,-4.382322,105.303404,Genap,RABU GENAP
2951079,WR.YULI,GEDUNG SRI MULYO RT.2-5 KEL.GEDUNG SRI MULYO KEC.WAY SERDANG,90052442,Rudi Anggoro,KAMIS GANJIL,-4.0955244,105.1496426,Ganjil,JUMAT GANJIL
2951092,TK SUKANI,JL.GELATIK NO.30 RT 002 RW 004 KEL TRI REJO MULYO,90052449,Beni Saputra,SABTU GENAP,-4.180601,105.4563,Genap,JUMAT GENAP
2951105,TK.AISYAH,KARYA MURNI JAYA RT.2-2 KEL.KARYA MURNI JAYA KEC.BANJAR BARU,90052418,Yuda Nurisman,SELASA GANJIL,-4.347733,105.314276,Ganjil,RABU GANJIL
2951121,TK.NAJWA,LABUHAN MULYA RT.1-3 KEL.LABUHAN MULYA KEC.WAY SERDANG,90052442,Rudi Anggoro,KAMIS GANJIL,-4.1381916,105.0937695,Ganjil,JUMAT GANJIL
2951126,TK.AFNAN,LABUHAN MULYA RT.2-5 KEL.LABUHAN MULYA KEC.WAY SERDANG,90052442,Rudi Anggoro,KAMIS GANJIL,-4.1380123,105.090353,Ganjil,JUMAT GANJIL
2951147,TK.SANI,PANCA MULYA RT.1-5 KEL.PANCA MULYA KEC.BANJAR BARU,90052418,Yuda Nurisman,SABTU GENAP,-4.3508671,105.1972183,Genap,JUMAT GENAP
2951168,WR BU WAGIYEM,PULO GADUNG RT 006 RW 002 KEL PULO GADUNG KEC PENAWAR TAMA,90052449,Beni Saputra,RABU GANJIL,,,Ganjil,
2951179,TK.INDAH,SUMBER REJO RT.2-2 KEL.SUMBER REJO KEC.LAMBU KIBANG,90052418,Yuda Nurisman,SABTU GANJIL,-4.351777,105.119341,Ganjil,JUMAT GANJIL
2951328,TK.AIDA,PENAWAR BARU RT.2-1 KEL.PENAWAR BARU KEC.GEDUNG AJI,90052418,Yuda Nurisman,SELASA GANJIL,-4.342235,105.3259566,Ganjil,RABU GANJIL
2951347,TK DANI CELL,SUMBER REJO RT 016 RW 002 KEL SUMBER REJO KEC LAMBU KIBANG,90052418,Yuda Nurisman,SABTU GANJIL,,,Ganjil,
3121782,TK.KIYAI AZKHA,KAGUNGAN DALAM RT.1-3 KEL.KAGUNGAN DALAM KEC.MENGGALA,90052301,Ihwal Bayu Saddera,SENIN,-4.573078,105.213553,Weekly,SELASA
3121795,TK YULI,MULYA JAYA RT 025 RW 005 KEL MULYA JAYA KEC TULANG BAWANG,90052418,Yuda Nurisman,JUMAT GANJIL,-4.571193,105.140376,Ganjil,SELASA GANJIL
3121804,TK DATATRONIK,MULYA KENCANA RT 004 RW 003 KEL MULYA KENCANA KEC TULANG,90052418,Yuda Nurisman,JUMAT GANJIL,-4.56634,105.148165,Ganjil,SELASA GANJIL
3121807,TK.NOVA JAYA,PULUNG KENCANA RT.2-2 KEL.PULUNG KENCANA KEC.TULANG BAWANG,90052418,Yuda Nurisman,KAMIS GANJIL,-4.589421,105.101457,Ganjil,SELASA GANJIL
3121821,TK.JAYA PRANATA,BANDAR DEWA RT.1-1 KEL.BANDAR DEWA KEC.TULANG BAWANG TENGAH,90052301,Ihwal Bayu Saddera,SENIN,-4.4716945,105.0837058,Weekly,SELASA
3121914,TK RADAL,MULYA KENCANA RT 006 RW 005 KEL MULYA KENCANA KEC TULANG,90052418,Yuda Nurisman,KAMIS GENAP,-4.583588,105.151244,Genap,KAMIS GENAP
3121959,TK KARMINI,PANARAGAN JAYA UTAMA RT 002 RW 005 KEC TULANG BAWANG TENGAH,90052418,Yuda Nurisman,RABU GANJIL,-4.521168,105.068782,Ganjil,KAMIS GANJIL
3121970,TK HASIM,PANARAGAN RT 003 RW 003 KEL PANARAGAN KEC TULANG BAWANG,90052418,Yuda Nurisman,RABU GANJIL,-4.477535,105.08227,Ganjil,JUMAT GANJIL
3122013,TK MURNI,PULUNG KENCANA RT 006 RW 005 KEL PULUNG KENCANA KEC TULANG,90052418,Yuda Nurisman,KAMIS GANJIL,-4.58973,105.096605,Ganjil,SELASA GANJIL
3122023,TK.KIRANA CELL,SAKTI JAYA RT.5-2 KEL.SAKTI JAYA KEC.GUNUNG TERANG,90052442,Rudi Anggoro,SENIN GENAP,-4.2975808,105.0270995,Genap,JUMAT GENAP
3122049,TK.TUTI RIYANI,TIRTA KENCANA RW.1-2 KEL.TIRTA KENCANA KEC.TULANG BAWANG,90052418,Yuda Nurisman,RABU GANJIL,-4.549961,105.111413,Ganjil,KAMIS GANJIL
3122068,TK MBK YULI,TOTO MULYO RT 001 RW 001 KEL TOTOMULYO KEC GUNUNG TERANG,90052442,Rudi Anggoro,SENIN GENAP,-4.312623,105.063685,Genap,SELASA GENAP
3211332,TK.NAYMAR,DWI WARGA TUNGGAL JAYA RT.3-5 KEL.DWI WARGA TUNGGAL JAYA,90052449,Beni Saputra,SENIN GANJIL,-4.288212,105.221169,Ganjil,RABU GANJIL
3211334,TK GABRIEL,DWI WARGA TUNGGAL JAYA RT 001 RW 001 KEL DWI WARGA TUNGGAL,90052449,Beni Saputra,SENIN GANJIL,-4.277713,105.218738,Ganjil,RABU GANJIL
3211337,TK.ANDI MART,BANGUN JAYA RT.13-3 KEL.BANGUN JAYA KEC.TANJUNG RAYA,90052442,Rudi Anggoro,JUMAT GENAP,-3.9155156,105.4279717,Genap,SENIN GENAP
3211343,TK MILA YANI H1,MAKARTI TAMA RT 002 RW 008 KEL.MAKARTI TAMA,90052449,Beni Saputra,RABU GENAP,-4.179833,105.527579,Genap,JUMAT GENAP
3212792,TK ARVI,DSN DAYA MURNI RT 002 RW 002 KEL DAYA MURNI KEC TUMIJAJAR,90052418,Yuda Nurisman,KAMIS GANJIL,-4.623523,105.061551,Ganjil,SABTU GANJIL
3212803,SRC SUKIRNO,MARGA KENCANA RT.4-1 KEL.MARGA KENCANA KEC.TULANG BAWANG,90052418,Yuda Nurisman,KAMIS GANJIL,-4.5974981,105.0854181,Ganjil,SELASA GANJIL
3212806,TK VIKA,MARGA KENCANA RT 007 RW 002 KEL MARGA KENCANA,90052418,Yuda Nurisman,KAMIS GANJIL,-4.6246654,105.0671755,Ganjil,SABTU GANJIL
3212970,TK ANUGERAH,CANDRA KENCANA RT 027 RW 005 KEL CANDRA KENCANA KEC TULANG,90052418,Yuda Nurisman,KAMIS GENAP,-4.60296,105.136697,Genap,SABTU GENAP
3212971,WR BUDE ARI,CANDRA KENCANA RT 027 RW 005 KEL CANDRA KENCANA KEC TULANG,90052418,Yuda Nurisman,KAMIS GENAP,-4.606685,105.13482,Genap,SABTU GENAP
3245760,TK.RASKA,BUKO POSO RT.1-7 KEL.BUKO POSO KEC.WAY SERDANG,90052442,Rudi Anggoro,SENIN GANJIL,-4.192391,105.169226,Ganjil,KAMIS GANJIL
3245761,TK R-TANJUNG,PULUNG KENCANA RT 006 RW 004 KEL PULUNG KENCANA KEC TULANG,90052418,Yuda Nurisman,KAMIS GANJIL,-4.58975,105.104915,Ganjil,SELASA GANJIL
3245764,TK.SEMBAKO ALIF RIFKI,TRI TUNGGAL JAYA RT.6-2 KEL.TRI TUNGGAL JAYA KEC.BANJAR,90052301,Ihwal Bayu Saddera,SELASA,-4.2996336,105.2383197,Weekly,JUMAT
3303441,TK YONO,SUKA MAJU RT 001 RW 004 KEL SUKA MAJU KEC BANJAR MARGO,90052449,Beni Saputra,SENIN GENAP,-4.268849,105.2876111,Genap,RABU GENAP
3321827,TK.DUA PUTRI,TIRTA KENCANA RT.23-4 KEL.TIRTA KENCANA KEC.TULANG BAWANG,90052418,Yuda Nurisman,RABU GANJIL,-4.548698,105.12023,Ganjil,KAMIS GANJIL
3382569,TK ENDRO,AGUNG JAYA RT 001 RW 006 KEL AGUNG JAYA KEC BANJAR MARGO,90052449,Beni Saputra,SENIN GENAP,-4.212211,105.253264,Genap,RABU GENAP
3387443,WR HUSMUK,WONO REJO RT 021 RW 007 KEL WONO REJO KEC PENAWAR AJI,90052449,Beni Saputra,SELASA GENAP,-4.277827,105.54516,Genap,KAMIS GENAP
3389113,ST12 CELL,AGUNG JAYA RT 001 RW 003 KEL AGUNG JAYA KEC BANJAR MARGO,90052449,Beni Saputra,SENIN GENAP,,,Genap,
3398547,TK SRC EKO BOWO,MUARA TENANG TIMUR RT 001 RW 001 KEL MUARA TENANG TIMUR,90052442,Rudi Anggoro,JUMAT GANJIL,-4.000809,105.382675,Ganjil,SENIN GANJIL
3398549,TK.SEMBAKO MBAH JINEM,MULYA KENCANA RT.5-2 KEL.MULYA KENCANA KEC.TULANG BAWANG,90052301,Ihwal Bayu Saddera,SENIN,-4.562627,105.1657811,Weekly,SELASA
3398550,TK.ITA,JL.MAHAROW BATANG RT.4-2 NO.280 KEL.MENGGALA TENGAH,90052418,Yuda Nurisman,SENIN GENAP,-4.5552499,105.2161402,Genap,SELASA GENAP
3416350,TK PAKDE RIYANTO,CATUR KARYA BUANA JAYA RT 004 RW 001 KEL CATUR KARYA BUANA,90052449,Beni Saputra,SENIN GENAP,,,Genap,
3427068,WR LESTARI/ENI LINA KUSMIATI,WARGA MAKMUR JAYA RT 003 RW 005 KEL WARGA MAKMUR JAYA,90052418,Yuda Nurisman,JUMAT GENAP,-4.286449,105.191181,Genap,SENIN GENAP
3435705,WR.SRC DARMADI,BAWANG SAKTI JAYA RT.2-1 KEL.BAWANG SAKTI JAYA,90052418,Yuda Nurisman,SELASA GENAP,-4.397541,105.26422,Genap,RABU GENAP
3464053,WR IIN,TITRA KENCANA RT.32-8 KEL.TIRTA KENCANA KEC.TULANG BAWANG,90052418,Yuda Nurisman,JUMAT GANJIL,-4.5288252,105.1330239,Ganjil,SELASA GANJIL
3584685,TK FAISAL,MUARA TENANG RT 012 RW 004 KEL MUARA TENANG KEC TANJUNG RAYA,90052442,Rudi Anggoro,JUMAT GENAP,,,Genap,
3591527,TK.WULAN,TRI TUNGGAL JAYA RT.1-1 KEL.TRI TUNGGAL JAYA KEC.BANJAR,90052449,Beni Saputra,SENIN GENAP,-4.235294,105.283686,Genap,RABU GENAP
3639417,WR MUZINAH,DWI WARGA TUNGGAL JAYA RT.5-4 KEL.DWI WARGA TUNGGAL JAYA,90052449,Beni Saputra,SENIN GANJIL,-4.2879688,105.2208433,Ganjil,RABU GANJIL
3692859,TK FAIZ,WIRA BANGUN RT.1-5 KEL.WIRA BANGUN KEC.SIMPANG PEMATANG,90052442,Rudi Anggoro,SABTU GENAP,-3.988973,105.168587,Genap,RABU GENAP
3730312,TOKO PAK SURYANI (PAK SUR),ADI KARYA MULYA RT.1-1 KEL.ADI KARYA MULYA KEC.PACA JAYA,90052442,Rudi Anggoro,SELASA GANJIL,-3.978357,105.280368,Ganjil,RABU GANJIL
3781370,WR PATMI,MEKAR SARI JAYA RT.5-2 KEL.MEKAR SARI JAYA KEC.LAMBU KIBANG,90052418,Yuda Nurisman,SABTU GANJIL,-4.351753,105.171292,Ganjil,JUMAT GANJIL
3781399,TK SUSI ARSA,BALAM ASRI RT.2-2 KEL.BALAM ASRI KEC.WAY KENANGA,90052301,Ihwal Bayu Saddera,KAMIS,-4.2434965,105.161887,Weekly,KAMIS
3781455,TK.TUNAS JAYA,MORIS JAYA RT.1-1 KEL.MORIS JAYA KEC.BANJAR AGUNG,90052449,Beni Saputra,KAMIS GANJIL,-4.284858,105.272545,Ganjil,KAMIS GANJIL
3781460,TK MARMI,CATUR KARYA BUANA JAYA RT.1-4 KEL.CATUR KARYA BUANA JAYA,90052301,Ihwal Bayu Saddera,SELASA,-4.2354665,105.3086553,Weekly,JUMAT
3831172,ETIH FARIDA,PAGAR JAYA RT.3-1 KEL.PAGAR JAYA KEC.LAMBU KIBANG,90052418,Yuda Nurisman,SABTU GANJIL,-4.367414,105.153542,Ganjil,JUMAT GANJIL
3831653,SANTI,PAGAR JAYA RT.8-2 KEL.PAGAR JAYA KEC.LAMBU KIBANG,90052418,Yuda Nurisman,SABTU GANJIL,-4.367572,105.14809,Ganjil,JUMAT GANJIL
3860167,TOKO GALIH,SUKA MANDIRI RT.1-1 KEL.SUKA MANDIRI KEC.WAY SERDANG,90052442,Rudi Anggoro,KAMIS GANJIL,-4.0681577,105.1899096,Ganjil,KAMIS GANJIL
3861425,WR MAK YUN,BUJUNG SARI MARGA RT.2-2 KEL.BUJUNG SARI MARGA KEC.PAGAR,90052418,Yuda Nurisman,SELASA GENAP,-4.383562,105.181093,Genap,JUMAT GENAP
3861921,MARS CELL,PURWA JAYA RT.3-2 KEL.PURWA JAYA KEC.BANJAR MARGO,90052449,Beni Saputra,SENIN GANJIL,-4.267199,105.222737,Ganjil,RABU GANJIL
3903210,WR RITA,MUARA TENANG TIMUR RT.9-3 KEL.MUARA TENANG TIMUR,90052442,Rudi Anggoro,JUMAT GENAP,-4.0009,105.39331,Genap,SABTU GENAP
3907339,TOKO MBA ENDANG,FAJAR BARU RT.12-6 KEL.FAJAR BARU KEC.PANCA JAYA,90052301,Ihwal Bayu Saddera,JUMAT,-3.9192409,105.2861757,Weekly,SENIN
3971628,WR KEISHA,TOTO MULYO RT 003 RW 001 KEL TOTO MULYO KEC GUNUNG TERANG,90052442,Rudi Anggoro,SENIN GENAP,-4.31649,105.064499,Genap,SELASA GENAP
4079244,WR DWI PRASETYO,LESUNG BHAKTI JAYA RT.12-3 KEL.LESUNG BHAKTI JAYA KEC.LAMBU,90052418,Yuda Nurisman,SELASA GENAP,-4.4021818,105.2244722,Genap,JUMAT GENAP
4091523,TK.INTAN,AGUNG JAYA RT 008 RW 002 KEL AGUNG JAYA KEC WAY KENANGA,90052301,Ihwal Bayu Saddera,KAMIS,-4.273953,105.147287,Weekly,KAMIS
4091662,TK BU KATINAH,KIBANG MULYA JAYA RT 012 RW 004 KEL KIBANG MULYA KEC LAMBU,90052418,Yuda Nurisman,SENIN GANJIL,-4.323824,105.126928,Ganjil,JUMAT GANJIL
4091667,TK.ADHE CELL,MEKAR JAYA RT 002 RW 002 KEL MEKAR JAYA KEC GUNUNG AGUNG,90052301,Ihwal Bayu Saddera,KAMIS,-4.265023,105.036638,Weekly,KAMIS
4091680,TK.BABE,TRI TUNGGAL JAYA RT.1-5 KEL.TRI TUNGGAL JAYA,90052449,Beni Saputra,KAMIS GANJIL,-4.3104402,105.2474719,Ganjil,SELASA GANJIL
4091686,TK BUNGA WMJ,WARGA MAKMUR JAYA RT 001 RW 004 KEL WARGA MAKMUR JAYA,90052418,Yuda Nurisman,JUMAT GENAP,-4.283979,105.188692,Genap,SENIN GENAP
4091813,TK.BU WINDI,KIBANG TRI JAYA RT.18-4 KEL.KIBANG TRI JAYA KEC.LAMBU KIBANG,90052418,Yuda Nurisman,SENIN GANJIL,-4.304377,105.16024,Ganjil,SENIN GANJIL
4091939,WR.MELSI,JL LINTAS TIMUR RT 005 RW 3 KEL CAHYOU RANDU KEC PAGAR DEWA,90052418,Yuda Nurisman,SELASA GANJIL,-4.350506,105.227068,Ganjil,RABU GANJIL
4091940,TK ARIF,JL LINTAS RAWAJITU RT 001 RW 001 KEL TRI TUNGGAL KEC BANJAR,90052449,Beni Saputra,SENIN GENAP,-4.235396,105.286153,Genap,RABU GENAP
4102456,WR ANISSA,WIRA BANGUN RT 004 RW 002 KEL WIRA BANGUN KEC SIMPANG,90052442,Rudi Anggoro,SABTU GENAP,-3.997028,105.174508,Genap,RABU GENAP
4145736,TOKO MBAK DWI,GUNUNG AGUNG RT.18-5 KEL.GUNUNG AGUNG KEC.GUNUNG TERANG,90052442,Rudi Anggoro,RABU GENAP,-4.2892338,105.097252,Genap,JUMAT GENAP
4209075,TK HAFIZ,INDRALOKA JAYA RT.5-6 KEL.INDRALOKA II KEC.WAY KENANGA,90052442,Rudi Anggoro,SELASA GENAP,-4.196678,105.212641,Genap,KAMIS GENAP
4325131,WR SITI AMINAH,WIRA BANGUN RT 006 RW 001 KEL WIRA BANGUN KEC SIMPANG,90052442,Rudi Anggoro,SABTU GENAP,-3.996947,105.17266500000001,Genap,RABU GENAP
4347547,SENTRA MART,SUKA JAYA RT.6-3 KEL.SUKA JAYA KEC.GUNUNG AGUNG,90052301,Ihwal Bayu Saddera,KAMIS,-4.2453081,105.0434028,Weekly,KAMIS
4351496,TK.ANAYA,MARGA KENCANA RT.12-3 KEL.MARGA KENCANA KEC.TULANG BAWANG,90052301,Ihwal Bayu Saddera,SENIN,-4.6049379,105.079024,Weekly,SELASA
4359452,WR TUTIK MARYANTI,TEGAL ARUM RT.2-1 KEL.KIBANG MULYA JAYA KEC.LAMBU KIBANG,90052418,Yuda Nurisman,SABTU GENAP,-4.326132,105.13507,Genap,JUMAT GENAP
4431209,TK.GEMBULS BUJUNG BURING,BUJUNG BURING RT.12-6 KEL.BUJUNG BURING KEC.TANJUNG RAYA,90052442,Rudi Anggoro,SABTU GANJIL,-3.917626,105.353813,Ganjil,SABTU GANJIL
4443253,TK.CANDRA,AJI JAYA KNPI RT.1-5 KEL.AJI JAYA KNPI KEC.GEDUNG AJI,90052449,Beni Saputra,KAMIS GANJIL,-4.2948697,105.3591392,Ganjil,KAMIS GANJIL
4456325,WR AL FATIH,CANDRA JAYA RT 010 RW 003 KEL CANDRA JAYA KEC TULANG BAWANG,90052418,Yuda Nurisman,KAMIS GANJIL,,,Ganjil,
4496123,TK.SIWI MUARA TENANG,SRIWIJAYA RT.6-3 KEL.SRIWIJAYA KEC.TANJUNG RAYA,90052442,Rudi Anggoro,JUMAT GANJIL,-3.9980294,105.3816698,Ganjil,SENIN GANJIL
4554258,WR SUSI,PANARAGAN JAYA RT.3-7 KEL.PANARAGAN JAYA KEC.TULANG BAWANG,90052418,Yuda Nurisman,RABU GANJIL,-4.5048573,105.0904717,Ganjil,KAMIS GANJIL
4582342,TK.FIFIT,MUARA TENANG TIMUR RT.2-1 KEL.MUARA TENANG TIMUR KEC.TANJUNG,90052442,Rudi Anggoro,JUMAT GANJIL,-4.000927,105.3850926,Ganjil,SENIN GANJIL
4582353,DEGA MART,BOGA TAMA RT.4-5 KEL.BOGA TAMA KEC.PENAWAR TAMA,90052449,Beni Saputra,RABU GANJIL,-4.182402,105.505109,Ganjil,SABTU GANJIL
4583718,TOKO BIRU,TIYUH TUNGGAL WARGA RT 02 RW 04 KEC BANJAR AGUNG,90052418,Yuda Nurisman,JUMAT GENAP,-4.285308,105.213155,Genap,SENIN GENAP
4612520,TK.MOKHAMAD,DSN KAUMAN RT.11-1 KEL.WONO AGUNG KEC.RAWAJITU SELATAN,90052449,Beni Saputra,JUMAT GENAP,-4.2167163,105.6678534,Genap,SENIN GENAP
4627679,TK.PAK GOFUR DKM,DWI KARYA MUSTIKA RT.18-4 KEL.DWI KARYA MUSTIKA,90052442,Rudi Anggoro,JUMAT GANJIL,-4.216404,105.2924594,Ganjil,KAMIS GANJIL
4716660,TK.INDO KUOTA,GEDUNG KARYA JITU RT.1-1 KEL.GEDUNG KARYA JITU,90052301,Ihwal Bayu Saddera,SABTU,-4.2132593,105.7358625,Weekly,RABU
4726456,TK.LATIF,SUKA BHAKTI RT.11-3 KEL.SUKA BHAKTI KEC.GEDUNG AJI BARU,90052449,Beni Saputra,RABU GENAP,-4.2212456,105.6281084,Genap,SABTU GENAP
4796981,TK SRI,MULYA JAYA RT 006 RW 002 KEL MULYA JAYA KEC GUNUNG AGUNG,90052442,Rudi Anggoro,RABU GENAP,-4.262865,105.108064,Genap,JUMAT GENAP
4919297,TK ANA YANTI,TRI MULYA JAYA RT 004 RW 003 KEL TRI MULYA JAYA KEC BANJAR,90052449,Beni Saputra,KAMIS GANJIL,-4.295467,105.314226,Ganjil,KAMIS GANJIL
4987446,TK.RIO,PENAWAR REJO RT.3-3 KEL.PENAWAR REJO KEC.BANJAR MARGO,90052449,Beni Saputra,SELASA GANJIL,-4.272531,105.2371661,Ganjil,KAMIS GANJIL
5028918,TK.HANIN,DAYA MURNI RT 003 RW 002 KEL DAYA MURNI KEC TUMIJAJAR,90052418,Yuda Nurisman,KAMIS GANJIL,-4.588839,105.101917,Ganjil,SELASA GANJIL
5028919,TK.MBAK RINA MARGO MULYO,MARGO MULYO RT.1-1 KEL.MARGO MULYO KEC.MESUJI TIMUR,90052442,Rudi Anggoro,JUMAT GANJIL,-4.003837,105.4393872,Ganjil,SENIN GANJIL
5073987,TK.RMD,TIRTA KENCANA RT 017 RW 005 KEL TIRTA KENCANA KEC TULANG,90052418,Yuda Nurisman,JUMAT GANJIL,-4.546157,105.132946,Ganjil,SELASA GANJIL
5123554,WR SRI KHOTIMAH,KIBANG YEKTI JAYA RT 021 RW 007 KEL KIBANG YEKTI JAYA,90052418,Yuda Nurisman,SENIN GANJIL,-4.322152,105.121446,Ganjil,JUMAT GANJIL
5125577,WR NABILA,BERASAN MAKMUR RT.2-7 KEL.BERASAN MAKMUR KEC.TANJUNG RAYA,90052442,Rudi Anggoro,JUMAT GENAP,-4.0076434,105.317631,Genap,SABTU GENAP
5191265,TK.INA,BUJUK AGUNG RT.2-2 KEL.BUJUK AGUNG KEC.BANJAR MARGO,90052442,Rudi Anggoro,SELASA GENAP,-4.203738,105.243867,Genap,SENIN GENAP
5191266,TK AL BAROKAH,WONOREJO RT 006 RW 002 KEL WONO REJO KEC GUNUNG AGUNG,90052418,Yuda Nurisman,SENIN GANJIL,,,Ganjil,
5194371,WR. LESEHAN,KEBUN DALAM RT.2-2 KEL.KEBUN DALAM KEC.WAY SERDANG,90052442,Rudi Anggoro,KAMIS GENAP,-4.187903,105.105551,Genap,KAMIS GENAP
5209343,WR. NUR,DESA MARGA JAYA RT.2-1 KEL.MARGA JAYA KEC.GUNUNG AGUNG,90052442,Rudi Anggoro,RABU GENAP,-4.2974373,105.0562001,Genap,JUMAT GENAP
5216885,WR. MBA YUNI,SUMBER JAYA RT.8-3 KEL.SUMBER JAYA KEC.GUNUNG AGUNG,90052442,Rudi Anggoro,RABU GENAP,,,Genap,
5222050,WR BU ERNA,AGUNG DALAM RT 005 RW 001 KEL AGUNG DALAM KEC BANJAR MARGO,90052449,Beni Saputra,SENIN GENAP,-4.258847,105.268457,Genap,RABU GENAP
5234737,WR BU MIMIN,DESA TUNAS JAYA SP1 MENGGALA C RT 023 RW 003 KEL GUNUNG,90052442,Rudi Anggoro,RABU GANJIL,-4.243417,105.063892,Ganjil,SELASA GANJIL
5235061,TK SEMBAKO YUMNA,JL.KH MUSTOFA RT 001 RW 001 KEL MARGA KENCANA KEC TULANG,90052418,Yuda Nurisman,KAMIS GANJIL,-4.591017,105.087221,Ganjil,SELASA GANJIL
5238992,TK ADAM TRAYA,MULYO JADI RT 013 RW 004 KEL MULYO JADI KEC GUNUNG TERANG,90052442,Rudi Anggoro,SENIN GENAP,-4.333303,105.063537,Genap,SELASA GENAP
5239176,TOKO AGUS,INDRALOKA II RT.9-3 KEL.INDRALOKA II KEC.WAY KENANGA,90052442,Rudi Anggoro,SELASA GENAP,-4.1981499,105.1973366,Genap,KAMIS GENAP
5258862,TK.ANDINI ETHANOL,WARGA MAKMUR JAYA RT.3-5 KEL.WARGA MAKMUR JAYA,90052418,Yuda Nurisman,JUMAT GENAP,-4.285458,105.193031,Genap,SENIN GENAP
5258863,TK.CITRA MART,DWI WARGA TUNGGAL JAYA RT.001-004 KEL.DWI WARGA TUNGGAL,90052449,Beni Saputra,KAMIS GANJIL,-4.3013918,105.2411974,Ganjil,SELASA GANJIL
5258882,TK.BERKAH DILI MANDIRI,PANCA WARNA RT.2-4 KEL.PANCA WARNA,90052301,Ihwal Bayu Saddera,KAMIS,-4.1611118,105.1085903,Weekly,SENIN
5265097,TK.AAN INDRALOKA 1,INDRALOKA I RT.1-1 KEL.INDRALOKA I KEC.WAY KENANGA,90052442,Rudi Anggoro,SENIN GANJIL,-4.1922652,105.1720531,Ganjil,KAMIS GANJIL
5268271,TK SRIWAHYUNI,DUSUN CEMPAKA JAYA RT 002 RW 002 KEC MENGALA TIMUR,90052418,Yuda Nurisman,SELASA GENAP,-4.385208,105.302089,Genap,RABU GENAP
5270130,WR ILMA,MEKAR JAYA RT.4-6 KEL.MEKAR JAYA KEC.GUNUNG AGUNG,90052442,Rudi Anggoro,RABU GANJIL,-4.246558,105.033868,Ganjil,SELASA GANJIL
5273529,TK.SALMA,INDRALOKA I RT11-4 KEL.INDRALOKA I KEC.WAY KENANGA,90052442,Rudi Anggoro,KAMIS GENAP,-4.2018424,105.151451,Genap,KAMIS GENAP
5277555,TK.HANIN MULYA,MULYA KENCANA RT.25-5 KEL.MULYA JAYA,90052301,Ihwal Bayu Saddera,SENIN,-4.57012,105.141,Weekly,SELASA
5282980,TK.SRI MULYA,KECUBUNG MULYA RT.3-4 KEL.KECUBUNG MULYA,90052301,Ihwal Bayu Saddera,SELASA,-4.2907751,105.3806549,Weekly,JUMAT
5286712,TK.MERIYANTI,AGUNG JAYA RT.4-4 KEL.AGUNG JAYA KEC.BANJAR MARGO,90052449,Beni Saputra,SENIN GENAP,-4.2089399,105.2550125,Genap,RABU GENAP
5294336,WR LESTARI,MULYA SARI RT.3-1KEL.MULYA SARI KEC.GUNUNG AGUNG,90052442,Rudi Anggoro,RABU GANJIL,-4.248562,105.1261281,Ganjil,SELASA GANJIL
5303769,TK.ATHA,CANDRA MUKTI RT.5-1 KEL.CANDRA MUKTI KEC.TULANG BAWANG,90052418,Yuda Nurisman,KAMIS GANJIL,-4.614217,105.111459,Ganjil,SABTU GANJIL
5312882,WR MBAK VIVIN,GEDUNG KARYA JITU RT 000 RW 000 KEL GEDUNG KARYA JITU,90052449,Beni Saputra,JUMAT GENAP,-4.2093896,105.7373909,Genap,SENIN GENAP
5341310,WR.DIAN DIANA,KECUBUNG MULYA RT.3-2 KEL.KECUBUNG MULYA KEC.GEDUNG AJI,90052449,Beni Saputra,KAMIS GENAP,-4.2911763,105.3874288,Genap,SELASA GENAP
5361995,MITRA UMART,KARYA MAKMUR RT 005 RW 003 KEL KARYA MAKMUR KEC PENAWAR AJI,90052301,Ihwal Bayu Saddera,SELASA,-4.281914,105.518868,Weekly,RABU
5363055,TK.ZIAN BAROKAH,AGUNG JAYA RT.6-2 KEL.AGUNG JAYA KEC.WAY KENANGA,90052418,Yuda Nurisman,SENIN GANJIL,-4.2715759,105.1448511,Ganjil,SENIN GANJIL
5386913,WR.SUKANI,SUKA BHAKTI RT.13-4 KEL.SUKA BHAKTI KEC.GEDUNG AJI,90052301,Ihwal Bayu Saddera,SABTU,-4.223845,105.637798,Weekly,RABU
5392897,TOKO NAILA,SUMBER REJO RT.10-2 KEL.SUMBER REJO KEC.LAMBU KIBANG,90052301,Ihwal Bayu Saddera,RABU,-4.360245,105.113357,Weekly,SELASA
5405987,TK.EDI,"JL.ETHANOL ,TUNGGAL WARGA KEL.TUNGGAL WARGA KEC.BANJAR AGUNG",90052418,Yuda Nurisman,JUMAT GENAP,-4.2827636,105.202638,Genap,SENIN GENAP
5405989,TK.CAHYO MAKMUR,"JL.ETHANOL , WARGA MAKMUR JAYA KEL.WARGA MAKMUR JAYA KEC.BAN",90052418,Yuda Nurisman,JUMAT GENAP,-4.285155,105.193807,Genap,SENIN GENAP
5405990,TK.SARIMANAH,DWI WARGA TUNGGAL JAYA KEL.DWI WARGA TUNGGAL JAYA KEC.BANJAR,90052449,Beni Saputra,SENIN GANJIL,-4.288575,105.22034,Ganjil,RABU GANJIL
5405991,TL.BU MIYEM,TUNGGAL WARGA KEL.TUNGGAL WARGA KEC.BANJAR AGUNG,90052449,Beni Saputra,SENIN GANJIL,-4.29031,105.22021,Ganjil,SELASA GANJIL
5405992,TK.DAFFA DEPPI,JL.SIMAMORA PENAWAR JAYA KEL.PENAWAR JAYA KEC.BANJAR MARGO,90052301,Ihwal Bayu Saddera,JUMAT,-4.249362,105.245256,Weekly,JUMAT
5406068,TK AGUNG,KIBANG BUDI JAYA KEL.KIBANG BUDI JAYA KEC.LAMBU KIBANG,90052418,Yuda Nurisman,SABTU GANJIL,-4.33591,105.165055,Ganjil,JUMAT GANJIL
5413640,TK.KASYHATI,DWI WARGA TUNGGAL JAYA KEL.DWI WARGA TUNGGAL JAYA KEC.BANJAR,90052449,Beni Saputra,KAMIS GANJIL,-4.29446,105.226006,Ganjil,SELASA GANJIL
5413641,TK SITI ASIYAH,BANJAR DEWA RT 001 RW 001 KEL BANJAR DEWA KEC BANJAR AGUNG,90052449,Beni Saputra,SELASA GANJIL,-4.324093,105.222573,Ganjil,SELASA GANJIL
5424801,TK.MERI,DUSUN TAWAN INDAH KEL.LEBUH DALAM KEC.MENGGALA TIMUR,90052418,Yuda Nurisman,SELASA GENAP,-4.400917,105.260848,Genap,RABU GENAP
5424802,TK.NOVI,GUNUNG SAKTI KEL.LEBUH DALAM KEC.MENGGALA TIMUR,90052418,Yuda Nurisman,RABU GENAP,-4.4235899,105.2596561,Genap,RABU GENAP
5424904,TK.ALI YANI,BAWANG SAKTI JAYA KEL.BAWANG SAKTI JAYA KEC.BANJAR BARU,90052418,Yuda Nurisman,SELASA GENAP,-4.391346,105.268466,Genap,RABU GENAP
5430058,VITA,LESUNG BHAKTI JAYA KEL.LESUNG BHAKTI JAYA KEC.LAMBU KIBANG,90052418,Yuda Nurisman,SELASA GENAP,-4.399795,105.23666,Genap,RABU GENAP
5431845,TK.BU MUL,DWI WARGA TUNGGAL JATA KEL.DWI WARGA TUNGGAL JAYA KEC.BANJAR,90052301,Ihwal Bayu Saddera,SELASA,-4.285088,105.226896,Weekly,SABTU
5436940,TK.AFDI,DESA BANJAR AGUNG KEL.BANJAR AGUNG KEC.BANJARA AGUNG,90052449,Beni Saputra,SELASA GANJIL,-4.311566,105.223222,Ganjil,SELASA GANJIL
5442798,TK.YANI,JL.PENAWAR JAYA KEL.PENAWAR REJO KEC.BANJAR MARGO,90052449,Beni Saputra,SENIN GENAP,-4.2434339,105.246572,Genap,RABU GENAP
5442799,WR.SUMBER REZEKI,SIDOMULYO KEL.SIDOMULYO KEC.PENAWAR TAMA,90052449,Beni Saputra,SABTU GANJIL,-4.1834225,105.3750936,Ganjil,JUMAT GANJIL
5442878,ZYA CELL,DUSUN MARGA JAYA KEL.MENGGALA KEC.MENGGALA TIMUR,90052418,Yuda Nurisman,RABU GENAP,-4.427135,105.26032,Genap,RABU GENAP
5445048,TK.OLIV,JL.IMAM BONJOL KEL.SIDODADI KEC.PENAWAR TAMA,90052449,Beni Saputra,RABU GANJIL,-4.1988317,105.4112451,Ganjil,JUMAT GANJIL
5450000,TK.ZAQKY MART,SAKTI JAYA RT.8-3 KEL.SAKTI JAYA KEC.BATU PUTIH,90052442,Rudi Anggoro,SENIN GENAP,-4.2979489,105.017409,Genap,JUMAT GENAP
5450002,TK.WATIK,KEJADIAN RT.5-2 KEL.KEJADIAN KEC.WAY SERDANG,90052442,Rudi Anggoro,KAMIS GANJIL,-4.1977895,105.0758349,Ganjil,JUMAT GANJIL
5450066,TK.MR CELL,AJI MURNI JAYA RT/RW 004/001 KEL.AJI MURNI JAYA,90052418,Yuda Nurisman,SELASA GANJIL,-4.327663,105.3263161,Ganjil,RABU GANJIL
5450067,TK AYU PLASTIK,SIDO MULYO RT 001RW 001 KEL.SIDO MULYO,90052449,Beni Saputra,SABTU GANJIL,-4.176825,105.379816,Ganjil,JUMAT GANJIL
5450118,TK MBAK RUM,LABUHAN MULYA RT.1-1 KEL.LABUHAN MULYA,90052301,Ihwal Bayu Saddera,KAMIS,-4.1409056,105.1032038,Weekly,SENIN
5450813,BAKSO TENIS TETELAN,KAMPUNG DWI WARGA TUNGGAL JAYA KEL.DWI WARGA TUNGGALL JAYA K,90052301,Ihwal Bayu Saddera,SELASA,-4.287997,105.221145,Weekly,SABTU
5450814,TK.LISNA,TOTO MULYO KEC.TOTO MULYO KEC.GUNUNG TERANG,90052442,Rudi Anggoro,SENIN GENAP,-4.320606,105.063787,Genap,SELASA GENAP
5450838,TK.AFIKA,TOTO MULYO KEL.TOTO MULYO KEC.GUNUNG TERANG,90052301,Ihwal Bayu Saddera,RABU,-4.32175,105.06062,Weekly,KAMIS
5463688,TK IBU SUNITA,GUNUNG KATUN RT 002 RW 002 KEL GUNUNG KATUN TANJUNGAN,90052418,Yuda Nurisman,RABU GANJIL,-4.513395,105.020887,Ganjil,JUMAT GANJIL
5464249,TK.YUNI,WIRA TAMA RT.11-4 KEL.WIRA TAMA,90052449,Beni Saputra,SABTU GENAP,-4.164316,105.496688,Genap,JUMAT GENAP
5468466,TK.BARAN,KP.KEMANG RT.1 RW.6 DWI WARGA TUNGGAL JAYA KEL.DWI WARGA TUN,90052449,Beni Saputra,SENIN GANJIL,-4.2881137,105.2298235,Ganjil,RABU GANJIL
5479525,TK.MALA,AJI JAYA KNPI KEL.AJI JAYA KNPI KEC.GEDUNG AJI,90052449,Beni Saputra,KAMIS GANJIL,-4.292968,105.362326,Ganjil,KAMIS GANJIL
5479526,SRC YULI,KECUBUNG JAYA KEL.KECUBUNG KEC.GEDUNG AJI,90052301,Ihwal Bayu Saddera,SELASA,-4.297458,105.379705,Weekly,JUMAT
5479621,TK.CAHAYA,JL. IV KIBANG KEL..KIBANG KEC.MENGGALA TENGAH,90052418,Yuda Nurisman,RABU GENAP,-4.4719535,105.2519576,Genap,KAMIS GENAP
5479622,TK.IRWAN,JL.ASPOL LK UGU KEL.UJUNG GUNUNG KEC.MENGGALA,90052418,Yuda Nurisman,RABU GENAP,-4.478295,105.239782,Genap,KAMIS GENAP
5490372,TK.ATIN,DESA SUKAMAJU KEC.SUKAMAJU KEC.BANJAR MARGO,90052301,Ihwal Bayu Saddera,SELASA,-4.267337,105.283923,Weekly,JUMAT
5490503,TK.YOHANES,DESA BINA BUMI KEL.BINA BUMI KEC.MEMAKSA AJI,90052449,Beni Saputra,KAMIS GENAP,-4.2775544,105.455615,Genap,SELASA GENAP
5499512,wr mbk heni,TEGAL SARI RT 009 RW 003 KEL KIBANG MULYA JAYA,90052418,Yuda Nurisman,SABTU GENAP,,,Genap,
5508265,WR.RIFQI,BERASAN MAKMUR KEL.BERASAN MAKMUR KEC.TANJUNG RAYA,90052442,Rudi Anggoro,SABTU GANJIL,-3.993691,105.334775,Ganjil,RABU GANJIL
5508266,AL-FALAH MART,SINAR LAGA KEL.SINAR LAGA KEC.TANJUNG RAYA,90052442,Rudi Anggoro,JUMAT GENAP,-3.9685171,105.4002903,Genap,SABTU GENAP
5509953,KANTIN OMA SMPN1 MENGGALLA,JL.IV KP.MENGGALA KEL.MENGGALA KOTA KEC.MENGGALA,90052418,Yuda Nurisman,RABU GENAP,-4.4650976,105.2562483,Genap,KAMIS GENAP
5510328,Tani mulya,MEKAR JAYA RT.1-1 KEL.MEKAR JAYA KEC.GUNUNG AGUNG,90052442,Rudi Anggoro,RABU GANJIL,-4.2456092,105.0344514,Ganjil,SELASA GANJIL
5515411,TK BABY SHOP ZAFEERA,PADUAN RAJAWALI RT 005 RW 001 KEL PADUAN RAJAWALI,90052449,Beni Saputra,KAMIS GANJIL,-4.279107,105.415043,Ganjil,KAMIS GANJIL
5518848,TOKO SELA,PULUNG KENCANA RT.0-0 KEL.PULUNG KENCANA KEC.TULANG BAWANG,90052301,Ihwal Bayu Saddera,SENIN,-4.5995437,105.1092555,Weekly,SELASA
5521108,TK.RENI TJ.MENANG,WONOSARI KEL.WONOSARI KEC.MESUJI TIMUR,90052442,Rudi Anggoro,JUMAT GENAP,-4.007624,105.463869,Genap,SENIN GENAP
5523237,TK.RIA,JL.CENDANA PEMDA GUNUNG SAKTI KEL.MENGGALA SELATAN KEC.MENGG,90052418,Yuda Nurisman,RABU GENAP,-4.496113,105.222355,Genap,KAMIS GENAP
5528217,SAMUDERA MART,JL.ASPOL NO.095 LK.UGU KEL.UJUNG GUNUNG KEC.MENGGALA,90052418,Yuda Nurisman,RABU GENAP,-4.490233,105.237397,Genap,KAMIS GENAP
5528296,TK.AVISA,UJUNG GUNUNG KEL.UJUNG GUNUNG KEC.MENGGALA,90052301,Ihwal Bayu Saddera,SENIN,-4.4815048,105.239794,Weekly,SELASA
5531597,TK.ARSYILA,PENAWAR REJO KEL.PENAWAR REJO KEC.BANJAR MARGO,90052449,Beni Saputra,SELASA GANJIL,-4.267834,105.239311,Ganjil,JUMAT GANJIL
5534919,SRC.YANTO,WIRATAMA KEL.WIRATAMA KEC.PENAWAR TAMA,90052449,Beni Saputra,SABTU GENAP,-4.167449,105.493052,Genap,JUMAT GENAP
5534934,TK.BU MALA,DUSUN KALIMAN KEL.WONO AGUNG KEC.RAWAJITU SELATAN,90052449,Beni Saputra,JUMAT GENAP,-4.216235,105.666885,Genap,SENIN GENAP
5536035,TOKO SABILA,PANARAGAN JAYA RT.1-5 KEL.PANARAGAN JAYA KEC.TULANG BAWANG,90052301,Ihwal Bayu Saddera,SENIN,-4.5182926,105.0910614,Weekly,SELASA
5539289,TK.IRPAN,MAKARTI TAMA KEL.MAKARTI TAMA KEC.GEDUNG AJI BARU,90052449,Beni Saputra,RABU GANJIL,-4.1814428,105.5231188,Ganjil,SABTU GANJIL
5539290,TK BINTANG,SIDANG GUNUNG TIGA RT 010 RW 002 KEL SIDANG GUNUNG TIGA,90052301,Ihwal Bayu Saddera,SABTU,-4.2174449,105.6324402,Weekly,RABU
5541959,TK MURBI,TRI TUNGGAL JAYA RT 006 RW 002 KEL TRI TUNGGAL JAYA,90052449,Beni Saputra,KAMIS GANJIL,-4.301312,105.241458,Ganjil,SELASA GANJIL
5542039,TK.NIA,BINA BUMI RT.9-7 KEL.BINA BUMI KEC.MERAKSA AJI,90052449,Beni Saputra,KAMIS GENAP,-4.2743847,105.4564521,Genap,SELASA GENAP
5542689,TK.NUR KHASANAH,PANGGUNG JAYA KEL.PANGGUNG JAYA KEC.RAWAJITU UTARA,90052449,Beni Saputra,JUMAT GANJIL,-4.152258,105.663481,Ganjil,SENIN GANJIL
5542690,WR.SARI SENGON,WONO AGUNG KEL.WONO AGUNG KEC.RAWA JITU SELATAN,90052449,Beni Saputra,JUMAT GENAP,-4.205322,105.665166,Genap,SENIN GENAP
5543425,TK.ADILA,KEJADIAN KEL.KEJADIAN KEC.WAY SERDANG,90052442,Rudi Anggoro,KAMIS GANJIL,-4.2072219,105.0588211,Ganjil,SELASA GANJIL
5543426,TK.MAWAR,KEJADIAN KEL.KEJADIAN KEC.WAY SERDANG,90052442,Rudi Anggoro,KAMIS GANJIL,-4.203489,105.0776043,Ganjil,JUMAT GANJIL
5544712,TK.BU SRI,SUKA BHAKTI KEL.SUKA BHAKTI KEC.GEDUNG AJI BARU,90052301,Ihwal Bayu Saddera,SABTU,-4.220575,105.629837,Weekly,RABU
5546732,TK.SRI MARYATI,MAKARITAMA KEL.MAKARITAMA KEC.GEDUNG AJI BARU,90052449,Beni Saputra,RABU GANJIL,-4.183052,105.5268,Ganjil,SABTU GANJIL
5547666,TK.SEMBAKO BUNDA,BUJUNG BURING KEL.BUJUNG BURING KEC.TANJUNG RAYA,90052442,Rudi Anggoro,SABTU GANJIL,-3.92188,105.343148,Ganjil,SABTU GANJIL
5552325,TK.ZALWA,JL.TRI TUNGGAL JAYA KEL.TRI TUNGGAL JAYA KEC.BANJAR AGUNG,90052449,Beni Saputra,KAMIS GANJIL,-4.302642,105.254224,Ganjil,KAMIS GANJIL
5553311,TK.FANY,KEBUN DALAM KELKEBUN DALAM KEC.WAY SERDANG,90052442,Rudi Anggoro,KAMIS GENAP,-4.1875307,105.10369,Genap,KAMIS GENAP
5553312,TK.DELTA,KEBUN DALAM KELKEBUN DALAM KEC.WAY SERDANG,90052442,Rudi Anggoro,KAMIS GENAP,-4.1870399,105.1097564,Genap,KAMIS GENAP
5554333,TK.ABI,GEDUNG HARAPAN KEL.GEDUNG HARAPAN KEC.PENAWAR AJI,90052449,Beni Saputra,KAMIS GENAP,-4.285271,105.490268,Genap,KAMIS GENAP
5554334,TK ASIH,GEDUNG REJO SAKTI RT 007 RW 003 KEL GEDUNG REJO SAKTI,90052301,Ihwal Bayu Saddera,SELASA,-4.279376,105.487982,Weekly,JUMAT
5554733,WR MBK NING,KIBANG YEKTI JAYA RT 014 RW 001 KEL KIBANG YEKTI JAYA,90052301,Ihwal Bayu Saddera,RABU,-4.299825,105.127033,Weekly,KAMIS
5555117,YULIANA,AGUNG JAYA RT.1-1 KEL.AGUNG JAYA KEC. BANJAR MARGO,90052449,Beni Saputra,SENIN GENAP,-4.2182989,105.2640646,Genap,RABU GENAP
5555758,TK.RANGGA,BUKO POSO KEL.BUKA POSO KEC.WAY SERDANG,90052442,Rudi Anggoro,KAMIS GENAP,-4.181586,105.1161733,Genap,SABTU GENAP
5555781,TK.MBAK APRI,SIMPANG MESUJI KEL.SIMPANG MESUJI KEC.SIMPANG PEMATANG,90052301,Ihwal Bayu Saddera,JUMAT,-4.0208533,105.2506941,Weekly,SENIN
5555901,TK.BU EMA,JL.DAHLIA KEL.SIDOHARJO KEC.PENAWAR TAMA,90052449,Beni Saputra,RABU GANJIL,-4.1818345,105.4166454,Ganjil,JUMAT GANJIL
5556387,SRC ANTON P,TRI JAYA KEL.TRI JAYA KEC.PENAWARTAMA,90052301,Ihwal Bayu Saddera,SABTU,-4.144401,105.372556,Weekly,RABU
5556388,TK.TIARA,TRI TUNGGAL KEL.TRI TUNGGAL JAYA KEC.PENAWAR TAMA,90052449,Beni Saputra,SABTU GANJIL,-4.151695,105.414055,Ganjil,JUMAT GANJIL
5559582,TK.BU JARIYAH,SUKA MAJU KEL.SUKA MAJU KEC.BANJAR MARGO,90052449,Beni Saputra,SENIN GENAP,-4.2685878,105.2875755,Genap,RABU GENAP
5559583,TK.ALFARO,PENAWAR REJO KEL.PENAWAR REJO KEC.BANJAR MARGO,90052449,Beni Saputra,SELASA GANJIL,-4.2627311,105.2313641,Ganjil,JUMAT GANJIL
5559584,TK.MUMMY,SRI RAHAYU KEL.KAGUNGAN RAHAYU KEC.MENGGALA,90052418,Yuda Nurisman,SENIN GENAP,-4.571724,105.19258,Genap,SELASA GENAP
5559585,TOKO VIVI MART,MULYA KENCANA KEL.MULYA KENCANA KEC.TULANG BAWANG TENGAH,90052418,Yuda Nurisman,JUMAT GANJIL,-4.569565,105.147869,Ganjil,SELASA GANJIL
5559586,SRC.ERNA,CIMANGGUK II KEL.UJUNG GUNUNG ILIR KEC.MENGGALA,90052418,Yuda Nurisman,SENIN GENAP,-4.560798,105.203694,Genap,SELASA GENAP
5559588,TK.TRIMORDIA,MULYA KENCANA KEL.MULYA KENCANA KEC.TULANG BAWANG TENGAH,90052418,Yuda Nurisman,SENIN GENAP,-4.564527,105.16421,Genap,SELASA GENAP
5559589,TK.IBU MURSINI,GEDUNG DALAM KEL.UJUNG GUNUNG ILIR KEC.MENGGALA,90052418,Yuda Nurisman,SENIN GENAP,-4.552328,105.220723,Genap,SELASA GENAP
5559665,TK.HARIS,CANDRA JAYA KEL.CANDRA JAYA KEC.TULANG BAWANG TENGAH,90052301,Ihwal Bayu Saddera,SENIN,-4.6006566,105.1483819,Weekly,SELASA
5559667,TK.ATTA,MURNI JAYA KEL.MURNI JAYA KEC.TUMIJAJAR,90052418,Yuda Nurisman,KAMIS GANJIL,-4.622752,105.105152,Ganjil,SABTU GANJIL
5560851,TK.ZAIDAH,KECUBUNG JAYA KEL.KECUBUNG JAYA KEC.GEDUNG AJI,90052449,Beni Saputra,KAMIS GENAP,-4.298014,105.39133,Genap,SELASA GENAP
5560852,WR.MARTINI,KECUBUNG JAYA KEL.KECUBUNG JAYA KEC.GEDUNG AJI,90052449,Beni Saputra,KAMIS GENAP,-4.29128,105.3891,Genap,SELASA GENAP
5560855,TK.GISENDA,SUMBER JAYA KEL.SUMBER JAYA KEC.GUNUNG AGUNG,90052442,Rudi Anggoro,RABU GANJIL,-4.243037,105.104645,Ganjil,SELASA GANJIL
5560856,SRC.NAIFA,DESA SUMBER JAYA KEL.SUMBER JAYA KEC.TULANG BAWANG BARAT,90052442,Rudi Anggoro,RABU GANJIL,-4.241025,105.106835,Ganjil,JUMAT GANJIL
5561201,TK JUJUR SPUA,BUDI AJI RT 003 RW 003 KEL BUDI AJI KEC SIMPANG PEMATANG,90052442,Rudi Anggoro,SELASA GANJIL,-3.986007,105.246192,Ganjil,RABU GANJIL
5561591,KOPERASI KANTIN SEHATI,TUNGGAL WARGA KEL.TUNGGAL WARGA KEC.BANJAR AGUNG,90052418,Yuda Nurisman,JUMAT GENAP,-4.283004,105.208557,Genap,SENIN GENAP
5561592,TK.SAKILA,AJI PERMAI TALANG BUAH KEL.AJI PERMAI TALANG BUAH KEC.GEDUNG,90052449,Beni Saputra,KAMIS GANJIL,-4.2969509,105.3398286,Ganjil,KAMIS GANJIL
5561594,TOKO RIZAL,PENUMANGAN KEL.PENUMANGAN KEC.TULANG BAWANG TENGAH,90052418,Yuda Nurisman,JUMAT GANJIL,-4.4903852,105.1522433,Ganjil,RABU GANJIL
5561595,TOKO DALINA,PENUMANGAN KEL.PENUMANGAN KEC.TULANG BAWANG TENGAH,90052418,Yuda Nurisman,JUMAT GANJIL,-4.4904223,105.147702,Ganjil,JUMAT GANJIL
5561596,TOKO MUNANDAR,TIRTA KENCANA KEL.TIRTA KENCANA KEC.TULANG BAWANG TENGAH,90052301,Ihwal Bayu Saddera,SENIN,-4.530291,105.134257,Weekly,SELASA
5562202,GUNS MART,BALAM JAYA RT.14-6 KEL.BALAM JAYA KEC.WAY KENANGA,90052418,Yuda Nurisman,SENIN GANJIL,-4.2501029,105.1721362,Ganjil,SENIN GANJIL
5562882,TOKO AGUS,TRI TUNGGAL JAYA KEL.TRI TUNGGAL JAYA KEC.WAY SERDANG,90052442,Rudi Anggoro,KAMIS GANJIL,-4.194363,105.0676177,Ganjil,JUMAT GANJIL
5562883,TK.MBA AMI,TRI TUNGGAL JAYA KEL.TRI TUNGGAL JAYA KEC.WAY SERDANG,90052442,Rudi Anggoro,KAMIS GANJIL,-4.1999034,105.0690764,Ganjil,JUMAT GANJIL
5562884,TK.BU YEM,WIRA BANGUN KEL.WIRA BANGUN KEC.SIMPANG PEMATANG,90052442,Rudi Anggoro,SABTU GENAP,-3.9937597,105.174163,Genap,RABU GENAP
5562885,TK.ALIFAH CELL,JAYA SAKTI KEL.JAYA SAKTI KEC.SIMPANG PEMATANG,90052442,Rudi Anggoro,SABTU GENAP,-4.01373,105.214243,Genap,RABU GENAP
5562886,KOP.PONDOK PESANTREN DARURROHM,MULYA KENCANA KEL.MULYA KENCANA KEC.TULANG BAWANG TENGAH,90052301,Ihwal Bayu Saddera,SENIN,-4.570733,105.150898,Weekly,SELASA
5562887,TOKO SHERLYN,MULYA KENCANA KEL.MULYA KENCANA KEC.TULANG BAWANG TENGAH,90052418,Yuda Nurisman,KAMIS GENAP,-4.5791638,105.1496043,Genap,KAMIS GENAP
5562888,TK.TRISNA MULYA,CANDRA JAYA KEL.CANDRA JAYA KEC.TULANG BAWANG TENGAH,90052418,Yuda Nurisman,KAMIS GENAP,-4.6108214,105.1551092,Genap,SELASA GENAP
5563256,TOKO ALDI,PAGAR DEWA SUKA MULYA KEL.PAGAR DEWA SUKA MULYA KEC.PAGAR D,90052301,Ihwal Bayu Saddera,RABU,-4.337787,105.1926461,Weekly,SABTU
5563257,TOKO ANTIKA,BANJAR AGUNG KEL.BANJAR AGUNG KEC.BANJAR AGUNG,90052449,Beni Saputra,SELASA GANJIL,-4.3122238,105.2225705,Ganjil,SELASA GANJIL
5564160,RASYA CELL,PANARAGAN JAYA KEL.PANARAGAN JAYA KEC.TULANG BAWANG TENGAH,90052301,Ihwal Bayu Saddera,SENIN,-4.5221811,105.091968,Weekly,SELASA
5564161,TOKO AYU,PANUMPANGAN KEL.PENUMANGAN KEC.TULANG BAWANG TENGAH,90052418,Yuda Nurisman,JUMAT GANJIL,-4.5011676,105.1429193,Ganjil,JUMAT GANJIL
5564162,KANTIN SDN 8 SIMPANG PEMATANG,SIMAPNG PEMATANG KEL.SIMAPANG PEMATANG KEC.SIMPANG PEMATANG,90052301,Ihwal Bayu Saddera,JUMAT,-4.0105345,105.2474932,Weekly,SENIN
5564196,TK.SISKA FOOD,WIRATAMA KEL.WIRATAMA KEC.PENAWAR TAMA,90052449,Beni Saputra,SABTU GENAP,-4.1632867,105.4929013,Genap,JUMAT GENAP
5565355,KANTIN PONPES AL-FALAH,PANARAGAN JAYA KEL.PANARAGAN JAYA KEC.TULANG BAWANG TENGAH,90052418,Yuda Nurisman,RABU GANJIL,-4.5307708,105.0874036,Ganjil,KAMIS GANJIL
5566395,TOKO ARTHA,BUMI HARAPAN KEL.BUMI HARAPAN KEC.WAY SERDANG,90052442,Rudi Anggoro,KAMIS GENAP,-4.2074031,105.1277651,Genap,KAMIS GENAP
5566396,TOKO DIPTA,BUMI HARAPAN KEL.BUMI HARAPAN KEC.WAY SERDANG,90052442,Rudi Anggoro,KAMIS GENAP,-4.2056647,105.1259841,Genap,KAMIS GENAP
5566397,TOKO TAMA,BANGUN JAYA KEL.BANGUN JAYA KEC.GUNUNG AGUNG,90052301,Ihwal Bayu Saddera,RABU,-4.240283,105.0893118,Weekly,KAMIS
5566398,TOKO WIWIN,MULYA SARI KEL.MULYA SARI KEC.GUNUNG AGUNG,90052442,Rudi Anggoro,RABU GANJIL,-4.2391447,105.1282654,Ganjil,SELASA GANJIL
5566399,TK ISMAWATI,AJI JAYA KNPI RT 003 RW 005 KEL AJI JAYA KNPI KEC GEDUNG AJI,90052449,Beni Saputra,KAMIS GANJIL,-4.297071,105.351779,Ganjil,KAMIS GANJIL
5566448,APOTEK 14 FARMA,PANGGUNG JAYA KEL.PANGGUNG JAYA KEC.RAWA JITU UTARA,90052449,Beni Saputra,JUMAT GANJIL,-4.1578528,105.6615505,Ganjil,SENIN GANJIL
5566449,TK FITRI,SIDANG GUNUNG TIGA RT 009 RW 002 KEL SIDANG GUNUNG TIGA,90052449,Beni Saputra,JUMAT GENAP,-4.217672,105.637522,Genap,SABTU GENAP
5566450,TK.2 PUTRI,KECUBUNG RAYA KEL.KECUBUNG RAYA KEC.MERAKSA AJI,90052449,Beni Saputra,KAMIS GENAP,-4.260397,105.412098,Genap,SELASA GENAP
5566822,PAUD & TPQ AL-FAFA,PULUNG KENCANA KEL.PULUNG KENCANA KEC.TULANG BAWANG TENGAH,90052418,Yuda Nurisman,RABU GANJIL,-4.5812171,105.1061106,Ganjil,SELASA GANJIL
5566823,TOKO SALSA,CANDRA MUKTI KEL.CANDRA MULTI KEC.TULANG BAWANG TENGAH,90052418,Yuda Nurisman,KAMIS GANJIL,-4.6085663,105.1140205,Ganjil,SABTU GANJIL
5567363,TK.ALFARIZKI,KAGUNGAN DALAM SEJATI KELBUJUNG TENUK KEC.MENGGALA,90052418,Yuda Nurisman,SENIN GENAP,-4.571046,105.222824,Genap,SELASA GENAP
5567364,TK.BOBY,SIMPANG PEMATANG KEL.SIMPANG PEMATANG KEC.SIMPANG PEMATANG,90052442,Rudi Anggoro,SELASA GANJIL,-4.012548,105.243721,Ganjil,RABU GANJIL
5568406,WR TINDO,INDALOKA I RT 010 RW 004 KEL INDRALOKA I KEC WAY KENANGA,90052442,Rudi Anggoro,SENIN GANJIL,-4.199257,105.148945,Ganjil,JUMAT GANJIL
5569095,TOKO AL FATHAN,PENAWAR BARU KEL.PENAWAR BARU KEC.GEDUNG AJI,90052418,Yuda Nurisman,SELASA GANJIL,-4.3427001,105.3259046,Ganjil,RABU GANJIL
5569169,TK.RAHMA,JL.NANGKA KEL.GEDUNG KARYA JITU KEC.RAWA JITU SELATAN,90052449,Beni Saputra,JUMAT GANJIL,-4.21459,105.741453,Ganjil,SENIN GANJIL
5569170,TK GUNUNG JATI,PENANGKIS MAKMUR RT 002 RW 006 KEL GEDUNG KARYA JITU,90052449,Beni Saputra,JUMAT GANJIL,-4.2110686,105.755503,Ganjil,SENIN GANJIL
5572139,SITI SULASIATINI,TRI DARMA WIRAJAYA RT.4-4 KEL.TRI DARMA WIRAJAYA,90052301,Ihwal Bayu Saddera,SELASA,-4.281451,105.299913,Weekly,JUMAT
5573832,Kantin Lentera Berkah,Banjar Agung Rt 011 Rw 002 Kel gedung Jaya Kec Rawa Pitu,90052449,Beni Saputra,SELASA GANJIL,-4.3196401,105.2170797,Ganjil,SELASA GANJIL
5573833,Toko Ar,Lesung Bhakti Jaya Rt 004 Rw 002 Kel Lesung Bhakti Jaya Kec,90052418,Yuda Nurisman,SELASA GENAP,-4.4030249,105.229844,Genap,JUMAT GENAP
5573834,Mulia Mart,Mekar Sari Jaya Rt005 Rw 002 Kel Mekar Sari Jaya Kec Lambu K,90052301,Ihwal Bayu Saddera,RABU,-4.3574037,105.1715411,Weekly,SABTU
5573835,Toko Artomoro 2,Panggung Jaya Rt013 Rw002 Kel Panggung Jaya Kec Rawajitu Uta,90052301,Ihwal Bayu Saddera,SABTU,-4.1514117,105.660764,Weekly,RABU
5574645,TK. EGO,DS. INDRALOKA MUKTI RT 002 RW 001 KEL INDRALOKA MUKTI,90052442,Rudi Anggoro,SELASA GENAP,-4.208531,105.221674,Genap,SENIN GENAP
5575573,TOKO RENGAS CENDUNG,RENGAS CENDUNG RT002 RW 004,90052418,Yuda Nurisman,RABU GENAP,-4.5058767,105.2083528,Genap,KAMIS GENAP
5575574,TOKO RIFKI,JL POROS INDO LAMPUNG RT.001 RW.002,90052418,Yuda Nurisman,SENIN GENAP,-4.576827,105.235482,Genap,SELASA GENAP
5575734,SUGI CELL,SIDOHARJO RT 009 RW 005 KEL SIDOHARJO KEC PENAWAR TAMA,90052449,Beni Saputra,RABU GANJIL,-4.180187,105.410856,Ganjil,JUMAT GANJIL
5576440,TK.ARSHA,INDRALOKA JAYA,90052442,Rudi Anggoro,SELASA GENAP,-4.2009146,105.2190139,Genap,KAMIS GENAP
5576441,AFIFA MART,JL LINTAS SUMATRA,90052449,Beni Saputra,SELASA GANJIL,-4.2796369,105.2214721,Ganjil,RABU GANJIL
5577099,TK FAJRI,BANJAR AGUNG RT/RW 000/003,90052449,Beni Saputra,SELASA GANJIL,-4.2968663,105.2188781,Ganjil,SELASA GANJIL
5577101,TOKO AMANAH,INDRA LOKA II RT/RW 023/006,90052442,Rudi Anggoro,SELASA GENAP,-4.1998492,105.2056625,Genap,KAMIS GENAP
5577102,TOKO MBA NING,INDRALOKA JAYA RT 016 RW 004,90052442,Rudi Anggoro,SELASA GENAP,-4.202024,105.2191792,Genap,SENIN GENAP
5579211,TOKO ARA MART,LABUHAN MULYA RT 05 RW 01,90052442,Rudi Anggoro,KAMIS GANJIL,-4.1405819,105.089429,Ganjil,JUMAT GANJIL
5579223,TOKO ASYIFA,PURWAJAYA RT/RW 001/006,90052418,Yuda Nurisman,JUMAT GENAP,-4.2852914,105.2127266,Genap,SENIN GENAP
5579224,TOKO PAKNDUT,INDRALOKA MUKTI RT/RW 007/003,90052301,Ihwal Bayu Saddera,KAMIS,-4.2194009,105.2089053,Weekly,JUMAT
5580180,TOKO 81,PERUMAHAN TUNGGAL ESTATE BLOK D NO 81 RT/RW 002/004,90052449,Beni Saputra,SENIN GENAP,-4.2563958,105.2476133,Genap,RABU GENAP
5580211,TOKO REJEKI BERKAH,PASAR MULYA ASRI RT/RW 009/001,90052418,Yuda Nurisman,KAMIS GENAP,-4.6290803,105.1554157,Genap,SABTU GENAP
5580212,TOKO YANI,TUNAS JAYA RT/RW 020/004,90052442,Rudi Anggoro,RABU GANJIL,-4.2421326,105.0636365,Ganjil,SELASA GANJIL
5580814,TOKO MENIK,BANGUN JAYA RT/RW 012/004,90052442,Rudi Anggoro,RABU GANJIL,-4.242827,105.0863847,Ganjil,JUMAT GANJIL
5580815,TOKO YANTI,KEBUN DALEM RT/RW 002/005,90052301,Ihwal Bayu Saddera,KAMIS,-4.1926979,105.1101306,Weekly,KAMIS
5580817,TOKO IMEH,TRI TUNGGAL JAYA RT/RW 004/001,90052301,Ihwal Bayu Saddera,KAMIS,-4.171406,105.0513037,Weekly,KAMIS
5580819,SRC HENI,BUKO POSO RT 001 RW 007 KEL BUKO POSO KEC WAY SERDANG,90052442,Rudi Anggoro,SENIN GANJIL,-4.191247,105.1684878,Ganjil,KAMIS GANJIL
5580821,TOKO SETIAWATI,JAYA MURNI RT/RW 014/001,90052442,Rudi Anggoro,KAMIS GANJIL,-4.2095875,105.0514533,Ganjil,SELASA GANJIL
5581264,TK.SEMBAKO EKO,PULUNG KENCANA RT/RW 000/000 KEL.PULUNG KENCANA KEC.TULANG,90052418,Yuda Nurisman,KAMIS GANJIL,-4.5871151,105.1028102,Ganjil,SELASA GANJIL
5581401,TOKO SRC RAFFA 31,JL ASPOL NO 228 RT/RW 000/000,90052418,Yuda Nurisman,RABU GENAP,-4.4757671,105.2412474,Genap,KAMIS GENAP
5581407,TOKO KUSRIN,TRI MAKMUR JAYA RT/RW 001/004,90052418,Yuda Nurisman,SELASA GENAP,-4.3926308,105.2804998,Genap,RABU GENAP
5581441,TOKO IBU DESNA,JL TULANG BAWANG GUNUNG KEMALA RT/RW 002/004,90052418,Yuda Nurisman,RABU GENAP,-4.4240946,105.2644934,Genap,RABU GENAP
5581442,TK JASMIN,TRI MAKMUR JAYA RT 001 RW 002 KEL TRI MAKMUR JAYA,90052418,Yuda Nurisman,SELASA GENAP,-4.3956592,105.2747971,Genap,RABU GENAP
5582813,TOKO SUSI,SETIA BUMI RT/RW 001/009,90052442,Rudi Anggoro,SENIN GENAP,-4.3256897,105.07615,Genap,SELASA GENAP
5582814,TOKO FAHRI CELL,MULYO JADI RT/RW 026/004,90052442,Rudi Anggoro,SENIN GENAP,-4.3314059,105.0625294,Genap,SELASA GENAP
5583050,TOKO 3 BERSAUDARA,SIDANG BANDAR ANOM RT/RW 002/002,90052449,Beni Saputra,JUMAT GANJIL,-4.1844214,105.6628829,Ganjil,SENIN GANJIL
5583099,TOKO MBA RATNA,WONO AGUNG RT/RW 001/001,90052449,Beni Saputra,JUMAT GENAP,-4.2280647,105.668189,Genap,SENIN GENAP
5584001,TOKO LUCKY,JL KENANGA RT/RW 001/005,90052449,Beni Saputra,JUMAT GANJIL,-4.2149577,105.7342882,Ganjil,SENIN GANJIL
5584322,IRWAN BRI LINK,INDRALOKA II RT 003 RW 001 KEL INDRALOKA II KEC WAY KENANGA,90052301,Ihwal Bayu Saddera,KAMIS,-4.1852158,105.1871818,Weekly,SENIN
5585228,TOKO CHINCHIN DAN GELLANG,BUMI RATU RT/RW 011/03,90052449,Beni Saputra,JUMAT GENAP,-4.2319995,105.6688361,Genap,SENIN GENAP
5586137,KOP PONPES NURANI SYIFA,DAYA ASRI RT/RW 002/005 KEL.DAYA ASRI KEC.TUMIJAJAR,90052418,Yuda Nurisman,KAMIS GANJIL,-4.6347464,105.0851576,Ganjil,SABTU GANJIL
5586318,TK NENENG,PANCA WARNA RT 002 RW 006 KEL PANCA WARNA KEC WAY SERDANG,90052442,Rudi Anggoro,KAMIS GENAP,-4.1553422,105.109737,Genap,RABU GENAP
5586456,TOKO MBA YULI,BANGUN JAYA,90052442,Rudi Anggoro,JUMAT GENAP,-3.9268382,105.4030969,Genap,SABTU GENAP
5586458,TOKO ANDRIAN RIFAI,BANGUN JAYA RT/RW 004/002,90052442,Rudi Anggoro,JUMAT GENAP,-3.9235679,105.4222546,Genap,SENIN GENAP
5586459,TK FADIL,BANGUN JAYA RT 004 RW 001 KEL BANGUN JAYA KEC TANJUNG RAYA,90052442,Rudi Anggoro,JUMAT GENAP,-3.921093,105.4262427,Genap,SENIN GENAP
5586461,TOKO ENZI,SINAR LAGA RT/RW 016/005,90052442,Rudi Anggoro,JUMAT GENAP,-3.9598074,105.4151625,Genap,SENIN GENAP
5587475,TK DESTA JAYA,JL TALANG TEMBESU NO 389 RT 002 RW 004 KEL UJUNG GUNUNG,90052301,Ihwal Bayu Saddera,RABU,-4.406744,105.211946,Weekly,JUMAT
5587480,TOKO MAS SHOLIKIN,KARYA MAKMUR RT/RW 015/006,90052449,Beni Saputra,SELASA GENAP,-4.3056171,105.5220971,Genap,SELASA GENAP
5588994,TOKO 2 R,INDRALOKA JAYA RT/RW 011/003,90052442,Rudi Anggoro,SELASA GENAP,-4.191234,105.226316,Genap,SENIN GENAP
5589043,TOKO MALIK,BUKA POSO RT/RW 005/002,90052442,Rudi Anggoro,SENIN GANJIL,-4.173208,105.166121,Ganjil,KAMIS GANJIL
5590174,TK VINA,JL III UGI RT/RW 001/002,90052418,Yuda Nurisman,RABU GENAP,-4.474213,105.246301,Genap,KAMIS GENAP
5590175,KOP PONPES LIRBOYO 16 MESUJI,JL RADEN INTAN RT/RW 003/001 KEL MUKTI KARYA KEC PANCA JAYA,90052301,Ihwal Bayu Saddera,JUMAT,-3.9949193,105.2845141,Weekly,SENIN
5590296,TK NDESO CELL,PULUNG KENCANA RT 002 RW 001 KEL PULUNG KENCANA KEC TULANG,90052418,Yuda Nurisman,KAMIS GANJIL,-4.600516,105.11157,Ganjil,SELASA GANJIL
5590937,RR CELL,TOTO KATON RT/RW 010/004,90052442,Rudi Anggoro,SENIN GENAP,-4.3595312,105.0284832,Genap,SELASA GENAP
5591720,KOPRASI SMAN 1 PANAWARTAMA,JL PATOHA BOGA TAMA RT/RW 002/002,90052301,Ihwal Bayu Saddera,SABTU,-4.1881681,105.4776818,Weekly,RABU
5592480,TOKO MARZUKI,KECUBUNG MULYA RT/RW 003/002,90052449,Beni Saputra,KAMIS GENAP,-4.288094,105.388275,Genap,SELASA GENAP
5593535,TOKO SILVI,PANAWAR REJO RT/RW 004/005,90052449,Beni Saputra,SELASA GANJIL,-4.2702355,105.2354679,Ganjil,KAMIS GANJIL
5593927,TK BARRA MART,SIDOMULYO RT 002 RW 001 KEL SIDOMULYO,90052449,Beni Saputra,SABTU GANJIL,-4.18567,105.379422,Ganjil,JUMAT GANJIL
5594031,TK YULI,BANJAR AGUNG RT 001 RW 002 KEL BANJAR AGUNG KEC BANJAR AGUNG,90052449,Beni Saputra,SELASA GANJIL,-4.2984908,105.2172027,Ganjil,SELASA GANJIL
5594185,TOKO IRAWAN,GUNUNG AGUNG RT/RW 012/007,90052442,Rudi Anggoro,RABU GENAP,-4.2968763,105.1011747,Genap,JUMAT GENAP
5595099,TK ROMINSAH,TANJUNG MENANG RAYA RT/RW 002/001,90052301,Ihwal Bayu Saddera,JUMAT,-4.02625,105.28153,Weekly,SENIN
5595100,TK BU ASTRI,DESA TANJUNG MENANG RT/RW 004/003,90052442,Rudi Anggoro,JUMAT GENAP,-4.014299,105.463955,Genap,SENIN GENAP
5595101,TK ELVANO,DESA MARGOJADI RT 1 RW 3 KEL MARGOJADI KEC MESUJI TIMUR,90052442,Rudi Anggoro,JUMAT GANJIL,-4.025092,105.2550982,Ganjil,RABU GANJIL
5596053,TK LIDIA,DWI WARGA TUNGGAL JAYA JL PERINTIS RT/RW 005/003,90052449,Beni Saputra,SENIN GANJIL,-4.283982,105.230757,Ganjil,RABU GANJIL
5596058,TK PARTINI,"JL MUTIARA BUNDA ,TUNGGAL WARGA RT/RW 001/003",90052418,Yuda Nurisman,JUMAT GENAP,-4.285353,105.215253,Genap,SENIN GENAP
5596071,TK MBA ITA,BANJAR AGUNG RT/RW 003/003,90052301,Ihwal Bayu Saddera,SENIN,-4.30044,105.220391,Weekly,SABTU
5596073,TK ALFA SAMAROT,JL MUTIARA BUNDATUNGGAL WARGA RT/RW 001/001,90052449,Beni Saputra,SENIN GANJIL,-4.285663,105.220398,Ganjil,RABU GANJIL
5596138,TK DEVI PAGAR BUANA,PAGAR BUANA RT 013 RW 004 KEL PAGAR BUANA KEC WAY KENANGA,90052418,Yuda Nurisman,SENIN GANJIL,-4.221207,105.178708,Ganjil,SENIN GANJIL
5596362,WR.SURYA SEMBAKO,DWI WARGA TUNGGAL JAYA RT/RW 001/007 KEL.DWI WARGA TUNGGAL,90052449,Beni Saputra,SENIN GANJIL,-4.278207,105.230383,Ganjil,RABU GANJIL
5597295,TK ABDULRAHMAN,"INDRALOKA II RT/RW 014/004, KEC WAY KENANGA,",90052442,Rudi Anggoro,SELASA GENAP,-4.194822,105.194718,Genap,KAMIS GENAP
5597403,WR HASKIA,MAJU JAYA RT 001 RW 001 KEL MAJU JAYA KEC PANCA JAYA,90052442,Rudi Anggoro,JUMAT GENAP,-4.016107,105.279734,Genap,SABTU GENAP
5597549,TK PAK UDIN,TUNGGAL WARGA BANJAR AGUNG RT/RW 005/007,90052418,Yuda Nurisman,JUMAT GENAP,-4.28216,105.204131,Genap,SENIN GENAP
5597988,TK AMIN,KAHURIPAN DALEM RT/RW 002/005 KEC. MENGGALA TIMUR,90052418,Yuda Nurisman,SELASA GANJIL,-4.348215,105.254851,Ganjil,RABU GANJIL
5597991,TK MBAK DEVI,"KARYA MURNI JAYA RT/RW 001/001, KEC. BANJAR BARU",90052418,Yuda Nurisman,SELASA GANJIL,-4.345776,105.316858,Ganjil,RABU GANJIL
5598760,TK EKA UNIT 1,PENAWAR REJO RT/RW 001/003 KEC BANJAR MARGO,90052449,Beni Saputra,SELASA GANJIL,-4.275789,105.236959,Ganjil,KAMIS GANJIL
5598765,TK HAFIDZ,PENAWAR REJO RT/RW 002/001 KEC BANJAR MARGO,90052449,Beni Saputra,SENIN GENAP,-4.262137,105.245078,Genap,RABU GENAP
5598767,WR OLIVE,"WIRA BANGUN RT/RW 006/002, KEC SIMPANG PEMATANG",90052442,Rudi Anggoro,SABTU GENAP,-3.982987,105.151746,Genap,RABU GENAP
5599912,TK RIVAL CELL,"MULYA JAYA RT/RW 005/002, KEC GUNUNG AGUNG",90052442,Rudi Anggoro,RABU GENAP,-4.260182,105.108675,Genap,JUMAT GENAP
5599914,TK ARUNA 29 CELL,AGUNG JAYA RT/RW 016/004 WAY KENANGA,90052301,Ihwal Bayu Saddera,KAMIS,-4.275054,105.14721,Weekly,KAMIS
5600469,TK DEDI ES,"PURWA JAYA RT/RW 006/002, BANJAR MARGO",90052449,Beni Saputra,SENIN GANJIL,-4.27002,105.222528,Ganjil,RABU GANJIL
5601002,WR SARBINI,KIBANG YEKTI JAYA RT 003 RW 001 KEL KIBANG YEKTI JAYA,90052418,Yuda Nurisman,SENIN GANJIL,-4.314679,105.128412,Ganjil,SENIN GANJIL
5601003,TK AMANAH SEMBAKO,TOTO KATON RT 013 RW 001 KEL TOTO KATON KEC BATU PUTIH,90052442,Rudi Anggoro,SENIN GENAP,-4.36,105.03095,Genap,SELASA GENAP
5601079,TK LASKAR,TUNAS JAYA RT 007 RW 002 KEL TUNAS JAYA,90052301,Ihwal Bayu Saddera,KAMIS,-4.242929,105.04731,Weekly,KAMIS
5601879,KANTIN AZ ZAHRA,DWI WARGA TUNGGAL JAYA RT 006 RW 004 KEL DWI WARGA TUNGGAL,90052301,Ihwal Bayu Saddera,SELASA,-4.29126,105.222849,Weekly,SABTU
5601884,WR SEMBAKO YAYA,DWI WARGA TUNGGAL JAYA RT 004 RW 001 KEL DWI WARGA TUNGGAL,90052449,Beni Saputra,KAMIS GANJIL,-4.29126,105.222849,Ganjil,RABU GANJIL
5602131,WR TRIO,BANGUN REJO RT/RW 007/004 MERAKSA AJI,90052449,Beni Saputra,KAMIS GENAP,-4.298411,105.455232,Genap,SELASA GENAP
5602132,TK MERDEKA TSM,LABUHAN MAKMUR RT/RW 001/001 KEC WAY SERDANG KAB MESUJI,90052442,Rudi Anggoro,KAMIS GANJIL,-4.156746,105.072033,Ganjil,JUMAT GANJIL
5602135,TK RUS,"BANJAR AGUNG RT/RW 002/003, KEC BANJAR AGUNG",90052449,Beni Saputra,SELASA GANJIL,-4.297776,105.22097,Ganjil,SELASA GANJIL
5602137,TK AHMAD,"JL LINTAS TIMUR, BANJAR AGUNG, RT/RW 003/003",90052449,Beni Saputra,SELASA GANJIL,-4.299607,105.220165,Ganjil,SELASA GANJIL
5602160,WR HAPPY,MARGO BHAKTI RT/RW 002/001 KEC WAY SERDANG KAB MESUJI,90052442,Rudi Anggoro,KAMIS GANJIL,-4.133308,105.117793,Ganjil,JUMAT GANJIL
5602166,TK DAFFA LABUHAN,LABUHAN BATIN RT/RW 004/004 WAY SERDANG,90052442,Rudi Anggoro,SENIN GANJIL,-4.17417,105.187307,Ganjil,KAMIS GANJIL
5603345,BERKAH MITRA MART,TANJUNG MAS MULYA RT 002 RW 001 KEL TANJUNG MAS MULYA,90052442,Rudi Anggoro,JUMAT GANJIL,-3.9760015,105.5929909,Ganjil,SENIN GANJIL
5604681,TK BU KARTI,KAHURIPAN JAYA RT/RW 004/004 KEC BANJAR BARU,90052418,Yuda Nurisman,SABTU GENAP,-4.371161,105.218756,Genap,JUMAT GENAP
5604684,TK AKMAL HADI,KIBANG BUDI JAYA RT/RW 005/001 KEC LAMBU KIBANG,90052418,Yuda Nurisman,SABTU GENAP,-4.332957,105.159105,Genap,JUMAT GENAP
5604782,TK KASIANTO,PANCA KARSA PURNA JAYA RT 004 RW 004 KEL PANCA KARSA PURNA,90052418,Yuda Nurisman,SELASA GANJIL,-4.344325,105.235771,Ganjil,RABU GANJIL
5605770,TK EK MITRA UTAMA,SETIA AGUNG RT/RW 005/003 KEC GUNUNG TERANG,90052442,Rudi Anggoro,RABU GENAP,-4.3169,105.10229,Genap,KAMIS GENAP
5605776,TK YULI,JAYA MAKMUR RT/RW 004/001 KEC BANJAR BARU,90052418,Yuda Nurisman,SABTU GENAP,-4.356786,105.201734,Genap,JUMAT GENAP
5605792,TK EMBUN CELL,"SUKA JAYA RT/RW 001/005 KEC GUNUNG AGUNG,",90052442,Rudi Anggoro,RABU GENAP,-4.266748,105.046534,Genap,JUMAT GENAP
5606493,TK MBA RINI,"HARAPAN JAYA RT/RW 003/001, KEC SIMPANG PEMATANG,",90052442,Rudi Anggoro,SABTU GENAP,-4.00553,105.208468,Genap,RABU GENAP
5606500,TK BAROKAH TANI,"TRI TUNGGAL JAYA RT/RW 003/005, KEC BANJAR AGUNG,",90052301,Ihwal Bayu Saddera,SELASA,-4.305067,105.249242,Weekly,JUMAT
5606918,TK SARI KURING,DWI WARGA TUNGGAL JAYA RT 006 RW 009 KEL DWI WARGA TUNGGAL,90052449,Beni Saputra,KAMIS GANJIL,-4.292393,105.221079,Ganjil,SELASA GANJIL
5606919,TK HJ HERLIN BAKERY,TRI TUNGGAL JAYA RT 005 RW 002 KEL TRI TUNGGAL JAYA,90052449,Beni Saputra,SENIN GANJIL,-4.28804,105.230923,Ganjil,RABU GANJIL
5606956,TK GALI,GEDUNG REJO SAKTI RT/RW 011/003 KEC PENAWAR AJI,90052449,Beni Saputra,SELASA GENAP,-4.282349,105.487981,Genap,KAMIS GENAP
5607926,TK ZIDAN,"PENUMANGAN RT/RW 001/011, KEC TULANG BAWANG TENGAH",90052418,Yuda Nurisman,JUMAT GANJIL,-4.481067,105.152777,Ganjil,JUMAT GANJIL
5608408,SEMBAKO SATIA,SIDO AGUNG RT 006 RW 002 KEL SIDO AGUNG KEC WAY KENANGA,90052418,Yuda Nurisman,SENIN GANJIL,-4.291801,105.138685,Ganjil,SENIN GANJIL
5609045,TK ZZUZZU,PULUNG KENCANA RT 001 RW 005 KEL PULUNG KENCANA KEC TULANG,90052418,Yuda Nurisman,KAMIS GANJIL,-4.603489,105.114291,Ganjil,SELASA GANJIL
5609046,TK AGENG,TIRTA KENCANA RT 029 RW 005 KEL TIRTA KENCANA KEC TULANG,90052301,Ihwal Bayu Saddera,SENIN,-4.548613,105.132528,Weekly,SELASA
5609122,WR ANGGUN,GUNUNG AGUNG RT/RW 020/005 KEC GUNUNG TERANG,90052442,Rudi Anggoro,RABU GENAP,-4.281815,105.097296,Genap,JUMAT GENAP
5609129,TK MBA MILA,"KIBANG BUDI JAYA RT/RW 026/008, KEC LAMBU KIBANG",90052418,Yuda Nurisman,SABTU GENAP,-4.340696,105.185846,Genap,JUMAT GENAP
5609135,TK BU TATIK,SAKTI JAYA RT/RW 002/004 KEC BATU PUTIH,90052442,Rudi Anggoro,SENIN GENAP,-4.299306,105.016134,Genap,SELASA GENAP
5611147,TK BERKAH R3,GEDUNG ASRI RT 003 RW 001 KEL GEDUNG ASRI,90052449,Beni Saputra,SELASA GENAP,-4.263327,105.514495,Genap,KAMIS GENAP
5612285,TK MBA SULIS,JL.SIMPANG PENAWAR RT 009 RW 003 KEL TRI TUNGGAL JAYA,90052449,Beni Saputra,SENIN GENAP,-4.244098,105.256877,Genap,RABU GENAP
5613353,WR KITO CELL,KIBANG YEKTI JAYA RT 012 RW 004 KEL KIBANG YEKTI JAYA,90052418,Yuda Nurisman,SENIN GANJIL,-4.32425,105.128147,Ganjil,JUMAT GANJIL
5613380,TK KRISNA ATK,BUJUK AGUNG RT 001 RW 004 KEL BUJUK AGUNG,90052442,Rudi Anggoro,SELASA GENAP,-4.196805,105.234149,Genap,SENIN GENAP
5613795,WR TEH TATIK,DWI WARGA TUNGGAL JAYA RT 004 RW 002 KEL DWI WARGA,90052449,Beni Saputra,SENIN GANJIL,-4.282564,105.225114,Ganjil,RABU GANJIL
5614899,TK KAHFI,SUKA MAJU RT 001 RW 004 KEL.SUKA MAJU,90052301,Ihwal Bayu Saddera,SELASA,-4.269282,105.292277,Weekly,JUMAT
5614900,WR BERKAH TERNAK,PANCA KARSA PURNA JAYA RT 002 RW 004 KEL PANCA,90052418,Yuda Nurisman,SELASA GANJIL,-4.345253,105.236363,Ganjil,RABU GANJIL
5615465,WR SEMBAKO AGRA,SIDOMEKAR RT 001 RW 001 KEL SIDOMEKAR,90052449,Beni Saputra,RABU GENAP,-4.195888,105.553255,Genap,SABTU GENAP
5617331,WR SAFA,LEBUH DALEM RT 001 RW 005 KEL LEBUH DALEM KEC MENGGALA TIMUR,90052418,Yuda Nurisman,RABU GENAP,-4.380738,105.248373,Genap,RABU GENAP
5617996,TK SAYURAN DIAH,LABUHAN BARU RT 003 RW 002 KEL LABUHAN BARU KEC WAY SERDANG,90052442,Rudi Anggoro,KAMIS GENAP,-4.154122,105.113393,Genap,RABU GENAP
5617997,WR LIA SEMBAKO,"GEDUNG REJO SAKTI RT/RW 005/002, KEC PENAWAR AJI",90052449,Beni Saputra,KAMIS GENAP,-4.281752,105.490798,Genap,KAMIS GENAP
5617998,TK HANIFAH,PANCA WARNA RT 002 RW 005 KEL PANCA WARNA KEC WAY SERDANG,90052442,Rudi Anggoro,KAMIS GENAP,-4.164368,105.11313,Genap,RABU GENAP
5619304,TK ROSYID,"TOTO KATON RT/RW 012/003, BATU PUTIH",90052442,Rudi Anggoro,SENIN GENAP,-4.3589627,105.0271989,Genap,SELASA GENAP
5619308,TK MBA YUNI,"MULYA JAYA RT/RW 002/001, KEC GUNUNG AGUNG",90052442,Rudi Anggoro,RABU GENAP,-4.256772,105.103978,Genap,JUMAT GENAP
5622876,TK MBA ENDANG,SUKA JAYA RT 002 RW 003 KEL SUKA JAYA KEC GUNUNG AGUNG,90052442,Rudi Anggoro,RABU GENAP,-4.270454,105.076199,Genap,JUMAT GENAP
5623012,TK RIO,"INDRALOKA 1 RT/RW 001/001, KEC WAY KENANGA",90052442,Rudi Anggoro,SENIN GANJIL,-4.191363,105.175952,Ganjil,KAMIS GANJIL
5623014,TK SATRIA ALANG ALANG,"AGUNG DALAM RT/RW 004/001, KEC BANJAR MARGO",90052449,Beni Saputra,SENIN GENAP,-4.269243,105.278857,Genap,RABU GENAP
5625017,WR UCOK,MARGO MULYO RT 007 RW 004 KEL MARGO MULYO KEC MESUJI TIMUR,90052442,Rudi Anggoro,JUMAT GANJIL,-4.007398,105.435275,Ganjil,SENIN GANJIL
5626247,TK DUA PUTRI,TEBING KARYA MANDIRI RT 004 RW 002 KEL TEBING KARYA MANDIRI,90052442,Rudi Anggoro,JUMAT GENAP,-4.03201,105.463103,Genap,SENIN GENAP
5627359,TK YUDI,MUARA TENANG TIMUR RT 011 RW 004 KEL MUARA TENANG TIMUR,90052442,Rudi Anggoro,JUMAT GENAP,-3.993416,105.390584,Genap,SABTU GENAP
5630618,TK EMPAT PUTRA JAYA,DUSUN IV GN MEKAR RT/RW 001/004 KEC TERUSAN NUNYAI,90052301,Ihwal Bayu Saddera,SENIN,-4.629202,105.204618,Weekly,SELASA
5630620,TK ASIH,"MEKAR ASRI RT/RW 013/003, KEC TULANG BAWANG TENGAH",90052418,Yuda Nurisman,KAMIS GENAP,-4.63738,105.178192,Genap,SELASA GENAP
5631907,TK SENA,KARYA MURNI JAYA RT 003 RW 001 KEL KARYA MURNI JAYA,90052418,Yuda Nurisman,SELASA GANJIL,-4.348103,105.320037,Ganjil,RABU GANJIL
5632628,TK UMMY PRASMANAN,"DWI WARGA TUNGGAL JAYA RT/RW 002/003, KEC BANJAR AGUNG",90052449,Beni Saputra,SENIN GANJIL,-4.28567,105.22098,Ganjil,RABU GANJIL
5634335,TK OM GONDRONG,MAKARTI TAMA RT/RW 003/002 KEC GEDUNG AJI BARU,90052449,Beni Saputra,RABU GENAP,-4.180998,105.53083,Genap,JUMAT GENAP
5634336,TK FERDINAN,SETIA TAMA RT/RW 005/003 KEC GEDUNG AJI BARU,90052449,Beni Saputra,RABU GANJIL,-4.198256,105.531106,Ganjil,SABTU GANJIL
5634338,TK PUTU LANANG KABEH,SIDO MUKTI RT/RW 022/007 KEC GEDUNG AJI BARU,90052449,Beni Saputra,RABU GANJIL,-4.195597,105.52766,Ganjil,SABTU GANJIL
5635503,TK SUJIO LAS,SUKA JAYA RT/RW 003/002 KEC GUNUNG AGUNG,90052442,Rudi Anggoro,RABU GENAP,-4.272792,105.070847,Genap,JUMAT GENAP
5635505,TK UNTUNG WIJAYA,TEBING TINGGI RT/RW 002/003 KEC MESUJI TIMUR,90052301,Ihwal Bayu Saddera,JUMAT,-4.047412,105.461085,Weekly,RABU
5635623,TK CAHAYA SUCI,TIRTA MAKMUR RT 001 RW 001 KEL TIRTA MAKMUR KEC TULANG,90052418,Yuda Nurisman,RABU GANJIL,-4.563868,105.104599,Ganjil,KAMIS GANJIL
5635674,TK TEH ELIS,CEMPAKA JAYA RT/RW 007/003 KEC MENGGALA TIMUR,90052418,Yuda Nurisman,SELASA GENAP,-4.382907,105.30502,Genap,RABU GENAP
5636980,TOKO AYU SRI WIJI ANTI,PULUNG KENCANA RT 006 RW 005 KEL PULUNG KENCANA KEC TULANG,90052418,Yuda Nurisman,KAMIS GANJIL,-4.590326,105.094825,Ganjil,SELASA GANJIL
5637010,TK KARTIKA,SIMPANG MESUJI RT/RW 001/001 KEC SIMPANG PEMATANG,90052442,Rudi Anggoro,SELASA GANJIL,-4.026013,105.251331,Ganjil,RABU GANJIL
5637011,TK ATHARAZKA,WIRABANGUN RT/RW 005/001 KEC SIMPANG PEMATANG,90052442,Rudi Anggoro,SABTU GENAP,-3.997045,105.175543,Genap,RABU GENAP
5637584,WR UPIN IPIN,GEDUNG ASRI RT 002 RW 001 KEL GEDUNG ASRI KEC PENAWAR AJI,90052301,Ihwal Bayu Saddera,SELASA,-4.2637699,105.5123309,Weekly,RABU
5637586,TK BU WIJI,SUKA MAJU RT/RW 001/002 BANJAR MARGO,90052449,Beni Saputra,SENIN GENAP,-4.272767,105.282301,Genap,RABU GENAP
5637683,TK UTY KIYA,SUKA BHAKTI RT 023 RW 006 KEL SUKA BHAKTI,90052449,Beni Saputra,RABU GENAP,-4.220388,105.637113,Genap,SENIN GENAP
5638473,TK ANNA COLECTION,MAKARTITAMA RT/RW 003/007 KEC GEDUNG AJI BARU,90052449,Beni Saputra,RABU GENAP,-4.175945,105.527062,Genap,JUMAT GENAP
5638474,TK UMI PRINCES,TIUH TOHOU RT/RW 004/001 KEC MENGGALA,90052418,Yuda Nurisman,SENIN GENAP,-4.558242,105.226551,Genap,SELASA GENAP
5640384,TK MBA SRI E1,JL CEMPAKA SIDOHARJO RT/RW 003/001 KEC PENAWAR TAMA,90052449,Beni Saputra,RABU GANJIL,-4.174503,105.41551,Ganjil,JUMAT GANJIL
5640385,TK SUMBER RIZKY,INDRALOKA I RT/RW 004/002 KEC WAY KENANGA SAMPING LAPAK SAWI,90052442,Rudi Anggoro,SENIN GANJIL,-4.199734,105.164919,Ganjil,KAMIS GANJIL
5647167,NANO CELL,JL SILIWANGI RT/RW 030/004 KEL MULYO ASRI KEC TULANG BAWANG,90052418,Yuda Nurisman,KAMIS GENAP,-4.626284,105.157046,Genap,SABTU GENAP
5647168,WR BUNDA FATIMAH,DAYA ASRI RT/RW 008/001 KEL DAYA ASRI KEC TUMIJAJAR,90052418,Yuda Nurisman,KAMIS GANJIL,-4.631781,105.082365,Ganjil,SABTU GANJIL
5647283,TK HERI,JL LINTAS SUMATERA DSN 2 RT RW 002/002 TERUSAN NUNYAI,90052418,Yuda Nurisman,SENIN GENAP,-4.640152,105.206541,Genap,SELASA GENAP
5648881,TK YUMNA,DWI WARGA TUNGGAL JAYA RT 003 RW 001 KEC BANJAR AGUNG,90052449,Beni Saputra,SENIN GANJIL,-4.278999,105.225282,Ganjil,RABU GANJIL
5648925,TK KANG SARNO,JL GEDUNG AJI RT RW/RW 017/005 KEC GEDUNG AJI BARU,90052449,Beni Saputra,RABU GENAP,-4.22086,105.624721,Genap,SABTU GENAP
5648926,TK SANIA,MAKARTI TAMA RT/RW 001/003 KEC GEDUNG AJI B,90052449,Beni Saputra,RABU GENAP,-4.177932,105.534788,Genap,JUMAT GENAP
5648927,TK MBA INAH,BUKO POSO RT/RW 002/02 KEC WAY SERDANG,90052442,Rudi Anggoro,SENIN GANJIL,-4.173941,105.164274,Ganjil,KAMIS GANJIL
5649384,TK AL HAMDULILAH,JL KAMPUNG TUA BLOK C RT/RW KEL KAGUNGAN RAHAYU,90052418,Yuda Nurisman,SENIN GENAP,-4.571111,105.190243,Genap,SELASA GENAP
5650602,TK ABIYA,JL POROS RAWA JITU RT 005 RW 004 KEL GEDUNG KARYA JITU,90052449,Beni Saputra,RABU GENAP,-4.2124153,105.5939773,Genap,SABTU GENAP
5652439,TK ALBI,BANJAR AGUNG RT/RW 002/003 KEC BANJAR AGUNG,90052449,Beni Saputra,SELASA GANJIL,-4.304495,105.220236,Ganjil,SELASA GANJIL
5652441,TK FAHRI,DUSUN 02 RT/RW 003/002 KEC TERUSAN NYUN,90052418,Yuda Nurisman,SENIN GENAP,-4.641991,105.202611,Genap,SELASA GENAP
5654914,SRC ANANDA 2,JL LINTAS SUMATERA RT/RW 004/006 KEL BUJUK AGUNG KEC BANJAR,90052442,Rudi Anggoro,SELASA GENAP,-4.194437,105.234438,Genap,SENIN GENAP
5654920,TK ABADI,KAMPUNG BUMI RATU RT/RW 015/003 KEL BUMI RATU KEC RAWA JITU,90052449,Beni Saputra,JUMAT GENAP,-4.243137,105.669988,Genap,SENIN GENAP
5655907,TRISNO CELL,SUKA MAJU RT/RW 002/005 KEC BANJAR MARGO,90052449,Beni Saputra,SENIN GENAP,-4.626284,105.15704600000001,Genap,SELASA GENAP
5657266,TK INDO KUOTA 2,JL LINTAS RAWAJITU RT 001 RW 002 KEL GEDUNG KARYA JITU,90052449,Beni Saputra,JUMAT GANJIL,-4.213309,105.735527,Ganjil,SENIN GANJIL
5663556,WARUNG MUSASA,JL WAY ABUNG KEL GUNUNG BATIN UDIK KEC TERUSAN NYUNYAI,90052418,Yuda Nurisman,SENIN GENAP,-4.638686,105.198476,Genap,SELASA GENAP
5677192,TK ALLDELL,JL ZA PAGAR ALAM KEL TALANG BATU KEC MESUJI TIMUR,90052442,Rudi Anggoro,JUMAT GANJIL,-4.008784,105.313333,Ganjil,KAMIS GANJIL
5677197,WR MAMA GEN,TRI TUNGGAL JAYA RT/RW 005/002 KEL TRI TUNGGAL JAYA KEC PENA,90052449,Beni Saputra,KAMIS GENAP,-4.278651,105.492564,Genap,KAMIS GENAP
5677198,TK RINDI,BUKO POSO RT/RW 002/002 KEL BUKO POSO KEC WAT SERDANG,90052442,Rudi Anggoro,SENIN GANJIL,-4.172011,105.162111,Ganjil,KAMIS GANJIL
5677199,TK SITI SEMBAKO,KAHURIPAN JAYA RT/RW 002/001 KEL KAHURIPAN JAYA KEC BANJAR B,90052418,Yuda Nurisman,RABU GENAP,-4.374196,105.234605,Genap,JUMAT GENAP
5684078,TK BERKAH 3 PUTRA,JL POROS BOGA TAMA RT/RW 004/001 KEC PENAWAR TAMA,90052449,Beni Saputra,RABU GANJIL,-4.18782,105.483273,Ganjil,KAMIS GANJIL
5684161,TK ALYA ANISA,PANGGUNG JAYA RT/RW 013/003 KEL PANGGUNG JAYA KEC RAWA JITU,90052449,Beni Saputra,JUMAT GANJIL,-4.153578,105.6587091,Ganjil,SENIN GANJIL
5684164,TK LESTARI,DSN BUMI RATU RT/RW 002/001 KEC RAWAJITU SELATAN,90052449,Beni Saputra,JUMAT GENAP,-4.255228,105.670665,Genap,SENIN GENAP
5684565,TK TIGA PUTRA,GEDUNG KARYA JITU RT RW 004/002 KEC RAWA JITU SELATAN,90052449,Beni Saputra,JUMAT GANJIL,-4.215376,105.739948,Ganjil,SENIN GANJIL
5685599,TK LINA,SINAR LAGA RT/RW 004/001 KEC TANJUNG RAYA,90052442,Rudi Anggoro,JUMAT GENAP,-3.9722682,105.3971203,Genap,SABTU GENAP
5685600,WR BU NUR,TRI JAYA RT/RW 003/003 KEL TRI JAYA KEC PENAWAR TAMA,90052449,Beni Saputra,SABTU GANJIL,-4.149139,105.373297,Ganjil,JUMAT GANJIL
5685603,TK ADITYA,GEDUNG REJO SAKTI RT/RW 012/004 KEC PENAWAR AJI,90052449,Beni Saputra,KAMIS GENAP,-4.267459,105.487734,Genap,KAMIS GENAP
5685604,TK AURA CELL,DSN SIDOMULYO RT/RW 003/006 KEC PENAWAR AJI,90052449,Beni Saputra,SABTU GANJIL,-4.180939,105.375221,Ganjil,JUMAT GANJIL
5686881,TK CINTA OLSHOP,GEDUNG ASRI RT/RW 006/002 KEC PENAWAR AJI,90052449,Beni Saputra,SELASA GENAP,-4.263439,105.518359,Genap,KAMIS GENAP
5686882,TK HANI CELL,GEDUNG ASRI RT/RW 003/003 KEC PENAWAR AJI,90052449,Beni Saputra,SELASA GENAP,-4.263459,105.529564,Genap,KAMIS GENAP
5686976,WR BU TUTI,GD REJO SAKTI RT/RW 007/002 KEC PENAWAR AJI,90052449,Beni Saputra,KAMIS GENAP,-4.281761,105.490257,Genap,KAMIS GENAP
5686978,TK QORI,JL ABUNG 9RT/RW 008/002KEL SUMBER AGUNGKEC RAWA PITU,90052449,Beni Saputra,SELASA GENAP,-4.262177,105.551925,Genap,KAMIS GENAP
5687579,TK ZUNIATUN,GEDUNG HARAPAN RT/RW 007/001KEC PNWR AJI,90052449,Beni Saputra,KAMIS GENAP,-4.164426,105.4120971,Genap,JUMAT GENAP
5687581,WR KANTIN MAMI,SIDOHARJO RT/RW 010/005 KEC PENAWAR TAMA,90052449,Beni Saputra,RABU GANJIL,-4.17917,105.414354,Ganjil,JUMAT GANJIL
5687583,WR SALSABILA MAULANA,JL ANGGREK POROS RT/RW 013/003 KEC PENAWAR TAMA,90052449,Beni Saputra,RABU GANJIL,-4.164426,105.414672,Ganjil,JUMAT GANJIL
5691351,TK KANTIN ROUDLOTUL FALAH,SUKA BHAKTIRT/RW 014/004 KEC GEDUNG AJI BARU,90052449,Beni Saputra,RABU GENAP,-4.2221678,105.6286696,Genap,SABTU GENAP
5694232,TK BERKAH,DESA SUKA BHAKTI RT/RW 012/003 KEC GEDUNG AJI BARU,90052449,Beni Saputra,JUMAT GENAP,-4.220485,105.626301,Genap,SABTU GENAP
5695285,TK ZIAN,MURNI JAYA RT/RW 007/002 KEC TUMI JAJAR TUBABA,90052418,Yuda Nurisman,KAMIS GANJIL,-4.623532,105.106986,Ganjil,SABTU GANJIL
5702876,WR BU SITI,BUJUK AGUNG RT/RW 001/003 KEC BANJAR MARGO,90052442,Rudi Anggoro,SELASA GENAP,-4.203688,105.24068,Genap,SENIN GENAP
5705844,TK TIGA PUTRI,MEDASARI RT/RW 006/001 KEC RAWAJITU SELATAN,90052449,Beni Saputra,JUMAT GENAP,-4.2100851,105.7193324,Genap,SENIN GENAP
5708551,TK MBAK NENG,BALAM JAYA RT 013 RW 005 KEL BALAM JAYA KEC WAY KENANGA,90052418,Yuda Nurisman,SENIN GANJIL,-4.253289,105.1796,Ganjil,SENIN GANJIL
5708564,TK SUBANDI,SINDANG BANDAR ANOM RT RW 001/003 KEC RAWA JITU UTARA,90052449,Beni Saputra,JUMAT GANJIL,-4.184579,105.662823,Ganjil,SENIN GANJIL
5708865,TK AKBAR,JL TUGU KUNING KEL DWI TUNGGAL JAYA KEC BANJAR AGUNG,90052449,Beni Saputra,KAMIS GANJIL,-4.2958111,105.230651,Ganjil,SELASA GANJIL
5709134,TK SIMARMATA,JL RAYA TULUNG RANDU UNIT 6,90052418,Yuda Nurisman,SABTU GENAP,-4.346161,105.194333,Genap,JUMAT GENAP
5709135,TK MAK ITAK,MUARA TENANG RT/RW 003/001 KEC TANJUNG RAYA,90052442,Rudi Anggoro,JUMAT GANJIL,-3.995975,105.382358,Ganjil,SENIN GANJIL
5710254,TK RAMIYAH,TIRTA KENCANA RT 014 RW 004 KEC TULANG BAWANG TENGAH,90052418,Yuda Nurisman,RABU GANJIL,-4.546022,105.094434,Ganjil,KAMIS GANJIL
5710255,TK BAGUS,DESA PANARAGAN JAYA RT/RW 001/003 KEC TULANG BAWANG TENGAH,90052418,Yuda Nurisman,RABU GANJIL,-4.52153,105.084894,Ganjil,KAMIS GANJIL
5710256,AGFIT CELL,PANARAGAN RT 005 RW 007 KEC TULANG BAWANG TENGAH,90052418,Yuda Nurisman,RABU GANJIL,-4.508738,105.0874021,Ganjil,KAMIS GANJIL
5710272,TK ANIS,MARGA SARI RT/RW 002/003 KEC GUNUNG TERANG,90052442,Rudi Anggoro,SENIN GENAP,-4.3558795,105.0000367,Genap,SELASA GENAP
5710273,TK NAZWA,MARGO DADI RT 008 RW 003 KEC BATU PUTIH,90052442,Rudi Anggoro,SENIN GENAP,-4.329302,105.011103,Genap,SELASA GENAP
5711692,TK ABDUL MAZID,"INDRALOKA II RW 3 RT 11 KEC WAY KENANGA,",90052442,Rudi Anggoro,SELASA GENAP,-4.2010214,105.1993465,Genap,KAMIS GENAP
5711889,MULY CELL,JL PS INDRALOKA 2 RT 027 RW 006 KEL INDRALOKA II,90052442,Rudi Anggoro,SELASA GENAP,-4.2120003,105.2061317,Genap,KAMIS GENAP
5713229,IDM FRESH LINTAS TIMUR I,JL LINTAS TIMUR RT 001 RW 001 KEL DWI WARGA TUNGGAL JAYA,90052301,Ihwal Bayu Saddera,SELASA,-4.2870753,105.221273,Weekly,SABTU
5714922,TK YOGI,PS KAGUNGAN RATU KEC TULANG BAWANG UDIK,90052418,Yuda Nurisman,RABU GANJIL,-4.565125,105.071188,Ganjil,KAMIS GANJIL
5714923,TK MUSTIKA,MULYA JAYA RT/RW 004/001KEC TULANG BAWANG TENGAH,90052418,Yuda Nurisman,KAMIS GANJIL,-4.588585,105.117024,Ganjil,SELASA GANJIL
5718207,TK RH,PENUMANGAN BARU RT 012 RW 005,90052418,Yuda Nurisman,JUMAT GANJIL,-4.503207,105.141581,Ganjil,JUMAT GANJIL
5719979,TK BU NENG 2,PANCA WARNA RT/RW 002/006 KEC WAY SERDANG,90052442,Rudi Anggoro,KAMIS GENAP,-4.1622565,105.1113701,Genap,RABU GENAP
5719980,TK SABAR SUBUR,LABUHAN BATIN RT/RW 001/001 KEC WAY SERDANG,90052442,Rudi Anggoro,KAMIS GANJIL,-4.114711,105.070304,Ganjil,JUMAT GANJIL
5721269,TK LINA,WARGA INDAH JAYA RT 001 RW 002 KEL WARGA INDAH JAYA,90052418,Yuda Nurisman,SENIN GANJIL,-4.289878,105.166938,Ganjil,SENIN GANJIL
5721277,SWD CELL 2,SUMBER JAYA KEC GUNUNG AGUNG,90052442,Rudi Anggoro,RABU GANJIL,-4.2434551,105.1080968,Ganjil,SELASA GANJIL
5722278,TK YANI,TIRTA KENCANA RT 032 RW 006 KEC TULANG BAWANG TENGAH,90052418,Yuda Nurisman,JUMAT GANJIL,-4.528515,105.133834,Ganjil,SELASA GANJIL
5727480,TK SILVI,PENAWAR REJO RT 04/04 BANJAR MARGO,90052449,Beni Saputra,SELASA GANJIL,-4.269613,105.236163,Ganjil,KAMIS GANJIL
5727481,TK RIKO,MULYA JAYA KEC GUNUNG AGUNG,90052442,Rudi Anggoro,RABU GENAP,-4.264858,105.09543999999998,Genap,JUMAT GENAP
5728963,TK INDRA BADAI,DSN I GUNUNG BATIN BARU RT 007 RW 000 KEC GUNUNG BATIN BARU,90052418,Yuda Nurisman,SENIN GENAP,,,Genap,
5735222,WR MBA TIKA,WIRA JAYA RT 026 RW 004 KEL WIRA JAYA KEC TANJUNG RAYA,90052442,Rudi Anggoro,JUMAT GENAP,-3.95907,105.416231,Genap,SENIN GENAP
5735248,TK VANIA,TUNAS JAYA KEC GUNUNG AGUNG,90052442,Rudi Anggoro,RABU GANJIL,-4.242185,105.063273,Ganjil,SELASA GANJIL
5743846,WR YOMAN,JL SINDANG GAYUR NO 5 KEL MULYA ASRI KEC TULANG BAWANG TENGA,90052418,Yuda Nurisman,KAMIS GENAP,-4.62998,105.155845,Genap,SABTU GENAP
5743847,TK KENZIE F.J,MULYA ASRI RT/RW 020/003 KEL MULYO ASRI KEC TUBA TENGAH,90052418,Yuda Nurisman,KAMIS GENAP,-4.6372375,105.1548281,Genap,SABTU GENAP
5743848,TK ERNA,MEKAR JAYA KEC BANJAR MARGO,90052418,Yuda Nurisman,SENIN GANJIL,-4.247827,105.192145,Ganjil,SENIN GANJIL
5743849,TK JAYA MAKMUR,MARGA ASRI RT/RW 012/003 KEL MARGA ASRI KEC TUBABA,90052418,Yuda Nurisman,KAMIS GENAP,-4.6298076,105.143769,Genap,SABTU GENAP
5746417,TK IBU SITI,JL CENDRAWASIH RT/RW 004/001 KEC PENAWAR TAMA,90052442,Rudi Anggoro,SELASA GENAP,-4.203688,105.24068,Genap,SENIN GENAP
5746418,WR MBOK DELES,MAKARTI TAMA RT/RW 005/007 KEC GEDUNG AJI BARU,90052449,Beni Saputra,RABU GENAP,-4.175352,105.526139,Genap,JUMAT GENAP
5746420,R.A FROZEN FOOD,JL LINTAS RAWAJITU KEL MAKARTI TAMA KEC GEDUNG AJI BARU,90052449,Beni Saputra,RABU GENAP,-4.1799673,105.5278801,Genap,JUMAT GENAP
5746421,TK SAKHI,JL IPIL RT 003 RW 003 KEL BUMI RATU SK6 KEC RAWAJITU SELATAN,90052449,Beni Saputra,JUMAT GENAP,-4.238004,105.669236,Genap,SENIN GENAP
5746422,WR SELVI,DUSUN BESUKI RT/RW 002/001 KEL SUKO BINANGUN KEC WAY SEPUTIH,90052418,Yuda Nurisman,SENIN GANJIL,-4.2403375,105.1457031,Ganjil,SENIN GANJIL
5746612,TK MD,DESA BANGUN JAYA KEL BANGUN JAYA KEC GUNUNG AGUNG,90052442,Rudi Anggoro,RABU GANJIL,-4.2445333,105.0891743,Ganjil,JUMAT GANJIL
5746613,TK MD,DESA BANGUN JAYA KEL BANGUN JAYA KEC GUNUNG AGUNG,90052442,Rudi Anggoro,RABU GANJIL,,,Ganjil,
5752486,WR AZKA,TRI DHARMA WIRAJAYA RT 001 RW 001 KEL TRI DHARMA WIRAJAYA,90052449,Beni Saputra,KAMIS GANJIL,,,Ganjil,
5761086,TK MBA RHE,JL DEWA RUCI WAY KENANGA KAB TULANG BAWANG BARAT 34684,90052442,Rudi Anggoro,SENIN GANJIL,-4.178338,105.196736,Ganjil,KAMIS GANJIL
5761087,TK ENI,JL BRAWIJAYA DWI WARGA TUNGGAL JAYA KEC BANJAR AGUNG KAB TUB,90052449,Beni Saputra,SENIN GANJIL,-4.286152,105.23068,Ganjil,RABU GANJIL
5761088,WR SITI,"GEDUNG SRI MULYO, WAY SERDANG, KAB MESUJI LAMPUNG",90052442,Rudi Anggoro,KAMIS GANJIL,-4.087091,105.156944,Ganjil,KAMIS GANJIL
5762144,TK IRA MAKMUR,"SETIA BUMI,GUNUNG TERANG,KAB TULANG BAWANG BARAT",90052442,Rudi Anggoro,SENIN GENAP,-4.330568,105.0838321,Genap,SELASA GENAP
5762145,TK TATA BRILINK,MULYA JAYA KEC GN AGUNG KAB TULANG BAWANG BARAT 34684,90052442,Rudi Anggoro,RABU GENAP,-4.263246,105.104059,Genap,JUMAT GENAP
5762147,TK RUMIYATI,"TUNGGAL WARGA,BANJAR AGUNG,KAB TULANG BAWANG34684",90052418,Yuda Nurisman,JUMAT GENAP,-4.281888,105.2047701,Genap,SENIN GENAP
5762148,WR ASMARA CELL,"MARGA SARI, GUNUNG TERANG,KAB TULANG BAWANG BARAT",90052442,Rudi Anggoro,SENIN GENAP,-4.356211,105.0123441,Genap,SELASA GENAP
5762149,TK NIZARFA,"TOTO KATON, KEC GUNUNG TERANG KAB TULANG BAWANG BARAT 34683",90052442,Rudi Anggoro,SENIN GENAP,-4.3578125,105.0239531,Genap,SELASA GENAP
5767597,ZZU ZZU MART,MULYA KENCANA RT 001 RW 001 KEL MULYA KENCANA KEC TULANG,90052418,Yuda Nurisman,JUMAT GANJIL,-4.568593,105.147986,Ganjil,SELASA GANJIL
5767599,DONALD CELL,JL RONGGOLAWE RT 001 RW 001 KEL DWI WARGA TUNGGAL JAYA,90052449,Beni Saputra,KAMIS GANJIL,-4.293894,105.223065,Ganjil,SELASA GANJIL
5774312,TK ARIS,JL. PETAMBURAN MESUJI,90052442,Rudi Anggoro,SABTU GANJIL,-3.985243,105.341895,Ganjil,SABTU GANJIL
5774313,TK WAYAN,JL ZA PAGAR ALAM MUKTI KARYA MESUJI TIMUR,90052442,Rudi Anggoro,JUMAT GENAP,-4.013049,105.291554,Genap,SABTU GENAP
5774315,TK DEFRANDRO,GEDUNG BOGA KEC. WAY SERDANG SIMPANG PEMATANG,90052442,Rudi Anggoro,SELASA GANJIL,-4.026242,105.247654,Ganjil,RABU GANJIL
5774316,SRC MUNAWAROH,JL. ZA PAGAR ALAM KEC PANCA JAYA MESUJI,90052442,Rudi Anggoro,JUMAT GANJIL,-4.017,105.27821,Ganjil,RABU GANJIL
5774317,TK MEME,DESA MAJU JAYA JALUR 6 MESUJI,90052442,Rudi Anggoro,JUMAT GENAP,-4.020166,105.274306,Genap,SABTU GENAP
5774342,TK ZEN BAROKAH,WIRA AGUNG SARI RT 004 RW 002 KEL WIRA AGUNG SARI,90052449,Beni Saputra,SABTU GENAP,-4.166075,105.467674,Genap,JUMAT GENAP
5775166,TK LEA,MEKAR JAYA RT 004 RW 004 KEL MEKAR JAYA KEC GUNUNG AGUNG,90052442,Rudi Anggoro,RABU GENAP,-4.265931,105.03391,Genap,JUMAT GENAP
5776429,TK ZASKIA,JL. GURAME MAKARTI TAMA. MAKARTI TAMA,90052449,Beni Saputra,RABU GANJIL,-4.187536,105.526524,Ganjil,SABTU GANJIL
5776430,TK SOFYAN,MEKAR JAYA RT/RW:001/007 KEL.MEKAR JAYA KEC.GUNUNG AGUNG,90052442,Rudi Anggoro,RABU GENAP,-4.261127,105.03682,Genap,JUMAT GENAP
5776431,TK YANI,JL SUDIRMAN. KEC SUKA JAYA,90052442,Rudi Anggoro,RABU GENAP,-4.267294,105.069096,Genap,JUMAT GENAP
5776432,TK PUJI ASTUTI,"JALAN DUREN , RT/002 RW/001, KEL SIDOMULYO, KEC PENAWAR TAMA",90052449,Beni Saputra,SABTU GANJIL,-4.18524,105.374442,Ganjil,JUMAT GANJIL
5777644,TK WARNIATI,"BAWANG TIRTO MULYO, RT/002 RW/001, KECAMATAN BANJAR BARU",90052418,Yuda Nurisman,SELASA GANJIL,-4.373827,105.267457,Ganjil,RABU GANJIL
5781100,TK KEYSA,SRI RAHAYU RT 006 RW 001 KEL KAGUNGAN RAHAYU KEC MENGGALA,90052418,Yuda Nurisman,SENIN GENAP,-4.566701,105.194078,Genap,SELASA GENAP
5781741,TK RENDI,"BUMI HARAPAN, RT 006 RW 002, KEL BUMI HARAPN KEC WAY SERDANG",90052442,Rudi Anggoro,KAMIS GENAP,-4.205458,105.130238,Genap,KAMIS GENAP
5781743,TK VINA,INDRALOKA 1 RT 005 RW 002 KEL INDRALOKA IKEC WAY KENANGA,90052442,Rudi Anggoro,SENIN GANJIL,-4.195833,105.159095,Ganjil,JUMAT GANJIL
5781773,TK YULI,TRI REJO MULYO RT 001 RW 005 KEC PENAWAR TAMA,90052449,Beni Saputra,SABTU GENAP,-4.18075,105.436752,Genap,JUMAT GENAP
5781862,TK SHERLY,BANJAR DEWA RT 004 RW 003 KEC BANJAR AGUNG,90052449,Beni Saputra,SELASA GANJIL,-4.32281,105.22317,Ganjil,SELASA GANJIL
5781864,TOKO RITA,SUKA JAYA RT 007 RW 002 KEC GUNUNG AGUNG TBB,90052442,Rudi Anggoro,RABU GANJIL,-4.255924,105.089187,Ganjil,SELASA GANJIL
5781865,TK AISRIAH,MULYA SARI RT 016 RW 005 KEC GUNUNG AGUNG TBB,90052418,Yuda Nurisman,SENIN GANJIL,-4.230458,105.141365,Ganjil,SENIN GANJIL
5782274,TK ABYAN,Wiratama RT/008 RW/002 KECAMATAN PENAWAR TAMA,90052449,Beni Saputra,SABTU GENAP,-4.165555,105.493313,Genap,JUMAT GENAP
5782276,TK BU ENDANG,Wiratama RT/005 RW/002 KECAMATAN PENAWARTAMA,90052449,Beni Saputra,SABTU GENAP,-4.161771,105.496337,Genap,JUMAT GENAP
5782277,TK FADILA,"PASAR MEDA SARIi,RT/003 RW/006 KEC.MEDASARI RAWAJITU SELATAN",90052449,Beni Saputra,JUMAT GENAP,-4.209755,105.70503,Genap,SENIN GENAP
5782367,TK HERI,TOTOMULYO SP3B RT002 RW001 KEC GUNUNG TERANG,90052442,Rudi Anggoro,SENIN GENAP,-4.316844,105.063274,Genap,SELASA GENAP
5782370,TK SUHERI,BUMI HARAPAN SP3 RT 002 RW 006 WAY SERDANG,90052442,Rudi Anggoro,KAMIS GENAP,-4.205619,105.12891,Genap,KAMIS GENAP
5782371,TK BUDE RANA,BALAM ASRI RT 006 RW 002 KEC WAY KENANGA,90052442,Rudi Anggoro,SENIN GANJIL,-4.204205,105.160247,Ganjil,SELASA GANJIL
5782401,TK VINA,PANCA MULYA RT 003 RW 002 KEL PANCA MULYA KEC BANJAR BARU,90052418,Yuda Nurisman,SELASA GANJIL,-4.335675,105.216285,Ganjil,SENIN GANJIL
5782405,RM CINTAA NAVIRI,SIMPANG PEMATANG RT 018 RW 009 KEL SIMPANG PEMATANG,90052442,Rudi Anggoro,SELASA GANJIL,-4.028513,105.247552,Ganjil,RABU GANJIL
5783275,TK RINI,WIRATAMA RT 012 RW 003 KEL WIRATAMA KEC PENAWAR TAMA,90052449,Beni Saputra,SABTU GENAP,-4.16872,105.494234,Genap,JUMAT GENAP
5783283,TK SUMBER REZEKI,KECUBUNG MULYA RT 001 RW 002 KEC GEDUNG AJI,90052449,Beni Saputra,KAMIS GENAP,-4.287383,105.390999,Genap,SELASA GENAP
5783284,TK LIA,PENAWAR REJO RT002 RW003 KEC BANJAR MARGO,90052449,Beni Saputra,SELASA GANJIL,-4.272421,105.240263,Ganjil,KAMIS GANJIL
5784388,TK REGA,KEBUN DALAM RT 001 RW 005 KEC WAY SERDANG MESUJI,90052442,Rudi Anggoro,KAMIS GENAP,-4.193537,105.108471,Genap,KAMIS GENAP
5784390,TK VENNY,"AGUNG JAYA, RT 005 RW 005 KEC BANJAR MARGO TB",90052449,Beni Saputra,SENIN GENAP,-4.220787,105.262595,Genap,RABU GENAP
5786265,TK WISNU,DWI WARGA TUNGGAL JAYA RT 004 RW 007 KEL DWI WARGA TUNGGAL,90052449,Beni Saputra,SENIN GANJIL,-4.277771,105.230361,Ganjil,RABU GANJIL
5786553,TK FAREL,INDRALOKA 1 RT007 RW003 KECAMATAN WAY KENANGA TBB,90052442,Rudi Anggoro,SENIN GANJIL,-4.200487,105.164643,Ganjil,KAMIS GANJIL
5788266,TK LULUK,MERCU BUANA RT 001 RW 001 KEC WAY KENANGA,90052418,Yuda Nurisman,JUMAT GENAP,-4.263483,105.188703,Genap,SENIN GENAP
5788993,TK BAGAS,BANGUN JAYA RT 004 RW 004 KEC GUNUNG AGUNG,90052442,Rudi Anggoro,RABU GANJIL,-4.24339,105.117766,Ganjil,SELASA GANJIL
5789892,IDM POINT REST AREA KM 215 B2,JL TOL KAYU AGUNG BAKAUHENI KEL MULYO SARI KEC GUNUNG AGUNG,90052301,Ihwal Bayu Saddera,KAMIS,-4.249771,105.138874,Weekly,KAMIS
5791456,TK IZAM CELL,KAGUNGAN RATU RT 004 RW 004 TBB,90052418,Yuda Nurisman,RABU GANJIL,-4.567306,105.069904,Ganjil,KAMIS GANJIL
5791457,TK TIYAS,INDRALOKA MUKTI RT 013 RW 004 KEC WAY KENANGA,90052442,Rudi Anggoro,SELASA GENAP,-4.224477,105.207162,Genap,KAMIS GENAP
5791458,TK SUMARNO HARTATI,MEKAR JAYA RT/001 RW/002 KECAMATAN BANJAR MARGO,90052418,Yuda Nurisman,SENIN GANJIL,-4.254772,105.202511,Ganjil,SENIN GANJIL
5791670,TK SHE FY ANG,"PAGAR BUANA, RT 001 RT 002 KEC WAY KENANGA",90052418,Yuda Nurisman,SENIN GANJIL,-4.226596,105.176488,Ganjil,SENIN GANJIL
5791676,TK TUNAS NAULI,JL CEMP. DWI WARGA TUNGGAL JAYA RT 007 RW 004,90052449,Beni Saputra,SENIN GANJIL,-4.284706,105.224625,Ganjil,RABU GANJIL
5793412,TK JEFANYA,TRI MULYA JAYA RT 003 RW 004 KEC BANJAR AGUNG,90052449,Beni Saputra,KAMIS GANJIL,-4.293513,105.305693,Ganjil,KAMIS GANJIL
5793413,TK MUSLIMAH,PANARAGAN JAYA RT 003 RW 008 KEC TULANG BAWANG TENGAH,90052418,Yuda Nurisman,RABU GANJIL,-4.502974,105.091946,Ganjil,KAMIS GANJIL
5793414,TK BAROKAH,PANARAGAN JAYA RT 001 RW 004 KEC TULANG BAWANG TENGAH,90052418,Yuda Nurisman,RABU GANJIL,-4.511295,105.091246,Ganjil,KAMIS GANJIL
5793415,TK DAVID CELL,MESUJI SUKA AGUNG RT 004 RW 004 KEC WAY SERDANG,90052442,Rudi Anggoro,SABTU GENAP,-4.036124,105.182604,Genap,RABU GENAP
5793416,TK SEMBAKO DEA,SUKA AGUNG RT 003 RW 004 KEC WAY SERDANG,90052442,Rudi Anggoro,SABTU GENAP,-4.036194,105.18532,Genap,RABU GENAP
5793419,TK NIA,HADIMULYO RT 003 RW 005 KEC WAY SERDANG,90052442,Rudi Anggoro,SABTU GENAP,-4.027616,105.160547,Genap,RABU GENAP
5793421,TK SUHARNO,TANJUNG SARI SUKU PURWOSARI RT 001 RW 001 KEC TANJUNG RAYA,90052442,Rudi Anggoro,SABTU GANJIL,-3.889616,105.348878,Ganjil,SENIN GANJIL
5793432,TK ARIEF MART,"HARAPAN MUKTI, RT/010 RW/004 KECAMATAN TANJUNG RAYA",90052442,Rudi Anggoro,SABTU GANJIL,-3.911825,105.375453,Ganjil,SENIN GANJIL
5793843,TK SRITARNO,SUKA BHAKTI RT 006 RW 002 KEC GEDUNG AJI BARU,90052449,Beni Saputra,RABU GENAP,-4.226226,105.626206,Genap,SENIN GENAP
5793966,TK SUJIO,AJI JAYA KNPI RT 003 RW 005 KEC GEDUNG AJI,90052449,Beni Saputra,KAMIS GANJIL,-4.29444,105.352052,Ganjil,KAMIS GANJIL
5795732,TK SITI,"TANJUNG MAS REJO, RT 007 RW 003 KEC MESUJI TIMUR",90052442,Rudi Anggoro,JUMAT GANJIL,-3.996578,105.562386,Ganjil,SENIN GANJIL
5795733,TK NURYADI,BRABASAN RT 004 RW 002 KEC TANJUNG RAYA,90052442,Rudi Anggoro,SABTU GANJIL,-3.988529,105.336867,Ganjil,SABTU GANJIL
5796121,TK MUTMAINAH,SIDOMEKAR RT015 RW005 KEC GEDUNG AJI BARU,90052449,Beni Saputra,RABU GENAP,-4.192441,105.547355,Genap,KAMIS GENAP
5796670,TK RAVA,MULYA JAYA RT 008 RW 002 KEC GUNUNG AGUNG,90052442,Rudi Anggoro,RABU GENAP,-4.262178,105.10139,Genap,JUMAT GENAP
5796676,TK BAYU PUTRA,JL.POROS RAWA JITU RT 001 RW 002 KEL GEDUNG KARYA JITU,90052449,Beni Saputra,JUMAT GANJIL,-4.212408,105.742272,Ganjil,SENIN GANJIL
5797654,TK DUA D,KAGUNGAN RAHAYU WONO KERTO RT 010 RW 004 KEC TBB,90052418,Yuda Nurisman,SENIN GENAP,-4.572835,105.181662,Genap,SELASA GENAP
5799088,TK YAYUK HIDAYAH,SIDOMEKAR RT 019 RW 006 KEC GEDUNG AJI BARU TBB,90052449,Beni Saputra,RABU GENAP,-4.192151,105.546699,Genap,JUMAT GENAP
5799089,TK SAMSUL HADI 1,GEDUNG KARYA JITU RT 002 RW 005 KEC RAWAJITU,90052449,Beni Saputra,JUMAT GANJIL,-4.212109,105.747911,Ganjil,SENIN GANJIL
5799090,TK ALFI MART,KP AJI JAYA KNPI KEC GEDUNG AJI,90052449,Beni Saputra,KAMIS GANJIL,-4.298685,105.35944,Ganjil,KAMIS GANJIL
5802835,TK KENAN,TRI TUNGGAL JAYA RT 006 RW 002 KEC TRI TUNGGAL JAYA,90052449,Beni Saputra,SABTU GANJIL,-4.148862,105.417913,Ganjil,JUMAT GANJIL
5802837,TK GUSTI,JL PAHLAWAN RT 007 RW 002 KEC PENAWAR TAMA,90052449,Beni Saputra,RABU GANJIL,-4.180417,105.41328,Ganjil,JUMAT GANJIL
5810128,TK NURI,JL LINTAS SUMATERA KAHURIPAN DALAM KEC MENGGALA TIMUR,90052418,Yuda Nurisman,RABU GENAP,-4.376969,105.245121,Genap,JUMAT GENAP
5810130,TK MANURUNG,SIDOHARJO RT 001 RW 001 KEC PENAWAR TAMA,90052449,Beni Saputra,RABU GANJIL,-4.17285,105.41381,Ganjil,JUMAT GANJIL
5812200,TK FAREED,MEKAR SARI JAYA RT 008 RW 003 KEC LAMBU KIBANG,90052418,Yuda Nurisman,SABTU GANJIL,-4.358731,105.171921,Ganjil,JUMAT GANJIL
5813315,TK SRC DEVIS MART,JL IV UJUNG GUNUNG ILIR RT 001 RW 002 KEC MENGGALA,90052418,Yuda Nurisman,RABU GENAP,-4.475235,105.243906,Genap,KAMIS GENAP
5813316,TK MARDI,MENGGALA,90052418,Yuda Nurisman,RABU GENAP,-4.469643,105.255432,Genap,KAMIS GENAP
5813317,TK BHAS,JL KUBURAN KIBANG TRI JAYA RT 014 RW 003 KEC LAMBU KIBANG,90052418,Yuda Nurisman,SENIN GANJIL,-4.3182691,105.1615321,Ganjil,SENIN GANJIL
5815760,TK FIRDAUS,JL. 1 UJUNG GUNUNG RT 000 RW 000 KEC MENGGALA,90052418,Yuda Nurisman,RABU GANJIL,-4.472587,105.241094,Ganjil,RABU GANJIL
5815989,TK FENDA,JL. LINTAS SUMATERA KECMENGGALA TIMUR,90052418,Yuda Nurisman,RABU GENAP,-4.418134,105.25938,Genap,RABU GENAP
5816468,TK HANA,KARTA RT 002 RW 002 KEC TULANG BAWANG UDIK,90052418,Yuda Nurisman,RABU GANJIL,-4.565466,105.019401,Ganjil,KAMIS GANJIL
5817749,TK ANTON,JL ANGGREK RT 005 RW 002 GEDUNG KARYA JITU KEC RAWA JITU,90052449,Beni Saputra,JUMAT GANJIL,-4.2149659999999995,105.73723300000002,Ganjil,SENIN GANJIL
5817750,TK ABAY CELL,JL KENANGA RT 002 RW 005 KEL GEDUNG KARYA JITU KEC RAWA JITU,90052449,Beni Saputra,JUMAT GANJIL,-4.213041,105.737845,Ganjil,SENIN GANJIL
5818400,TK TINI,SIMPANG PEMATANG RT 013 RW 007 KEC SIMAPNG PEMATANG,90052442,Rudi Anggoro,SELASA GANJIL,-4.00946,105.24778599999999,Ganjil,RABU GANJIL
5818403,TK LENI,LABUHAN BATIN RT 003 RW 003 KEC WAY SERDANG,90052442,Rudi Anggoro,SELASA GENAP,-4.178388,105.18816699999999,Genap,KAMIS GENAP
5818404,TK HADI JAYA,BUJUK AGUNG RT 003 RW 001 KEC BANJAR MARGO,90052442,Rudi Anggoro,SELASA GENAP,-4.204244000000001,105.245741,Genap,SENIN GENAP
5819849,TK BAROKAH MART,SRI RAHAYU BLOK C KEC MENGGALA,90052418,Yuda Nurisman,SENIN GENAP,-4.572774,105.190904,Genap,SELASA GENAP
5819850,TK BALQIS,AGUNG DALAM RT 005 RW 005 KEC BANJAR MARGO,90052449,Beni Saputra,SENIN GENAP,-4.2557,105.25260699999998,Genap,RABU GENAP
5820411,TK DENIS FOX,SUMBER JAYA RT 004 RW 002 KEL SUMBER JAYA KEC GUNUNG AGUNG,90052442,Rudi Anggoro,RABU GANJIL,,,Ganjil,
5820906,TK RISA,GEDUNG SRI MULYO RT 002 RW 001 WAY SERDANG,90052442,Rudi Anggoro,KAMIS GANJIL,-4.082752000000001,105.150862,Ganjil,KAMIS GANJIL
5821568,TK SUMBER JAYA,KIBANG BUDI JAYA RT 021 RW 007 KEC LAMBU KIBANG,90052418,Yuda Nurisman,SABTU GENAP,-4.341562,105.188024,Genap,JUMAT GENAP
5821570,TK AK ANANDA KREASI,SIDO MUKTI RT 009 RW 003 KEC GEDUNG AJI BARU,90052449,Beni Saputra,RABU GENAP,-4.203417,105.570382,Genap,SABTU GENAP
5821577,TK BERKAH SUKSES MAKMUR,KAHURIPAN JAYA RT 001 RW 005 KEC BANJAR BARU,90052418,Yuda Nurisman,SABTU GENAP,-4.37233,105.222443,Genap,JUMAT GENAP
5822584,TK HUSNA FROZEN,BRABASAN RT 003 RW 005 KEC TANJUNG RAYA,90052442,Rudi Anggoro,SABTU GANJIL,-3.982544,105.33458500000002,Ganjil,SABTU GANJIL
5823302,TK WONO AGUNG,WONO AGUNG,90052449,Beni Saputra,JUMAT GENAP,-4.216362,105.66703,Genap,SENIN GENAP
5823547,TK MS ALFA,CANDRA MUKTI RT 016 RW 003 KEC TULANG BAWANG TENGAH,90052418,Yuda Nurisman,KAMIS GANJIL,-4.609036,105.118748,Ganjil,SELASA GANJIL
5823584,TK MARYONO,TEGAL REJO 1 RT 004 RW 007 KEC MENGGALA,90052418,Yuda Nurisman,SENIN GENAP,-4.535222,105.17538,Genap,KAMIS GENAP
5824153,TK MIKHA,BANJAR DEWA RT 002 RW 004 KEC BANJAR AGUNG,90052449,Beni Saputra,SELASA GANJIL,-4.320958,105.225175,Ganjil,SELASA GANJIL
5824190,TK HUNAIYAH,GUNUNG KATUN TANJUNGAN RT 001 RW 004 KEC.TULANG BAWANG UDIK,90052418,Yuda Nurisman,RABU GANJIL,-4.515565,105.022184,Ganjil,KAMIS GANJIL
5824552,TK TITIK,TOTO KATON RT 012 RW 005 KEC BATU PUTIH,90052442,Rudi Anggoro,SENIN GENAP,-4.365195999999999,105.03196499999999,Genap,SELASA GENAP
5825810,TK BANGPUTRA CELL,BANGUN JAYA RT 008 RW 003 KEC GUNUNG AGUNG,90052442,Rudi Anggoro,RABU GANJIL,-4.252531,105.08753000000002,Ganjil,SELASA GANJIL
5825811,TK APRI MART,TERANG BUMI AGUNG RT 007 RW 002 KEC GUNUNG TERANG,90052442,Rudi Anggoro,RABU GENAP,-4.311294999999999,105.087652,Genap,SELASA GENAP
5827408,TK TIARA,SETIA AGUNG RT 012 RW 006 KEC GUNUNG TERANG,90052442,Rudi Anggoro,RABU GENAP,,,Genap,
5827594,WR BUMTI,BUJUNG SARI MARGA RT 003 RW 001 KEC PAGAR DEWA,90052418,Yuda Nurisman,SELASA GENAP,-4.383019,105.183794,Genap,JUMAT GENAP
5827646,TK MELIA,SETIA AGUNG RT 015 RW 008 KEC GUNUNG TERANG,90052442,Rudi Anggoro,RABU GENAP,,,Genap,
5828000,TK HARNIA PRAMIDA,JL PAHLAWAN TALANG TEMBESU MENGGALA SELATAN,90052418,Yuda Nurisman,RABU GENAP,-4.481116,105.221326,Genap,KAMIS GENAP
5828018,TK BAYU,GUNUNG KEMALA RT 002 RW 002 KEC MENGGALA TIMUR,90052418,Yuda Nurisman,RABU GENAP,-4.422267,105.265052,Genap,RABU GENAP
5828227,TK KEMBAR,SIDOHARJO RT 006 RW 002 KEC PENAWAR TAMA,90052449,Beni Saputra,RABU GANJIL,,,Ganjil,
5828228,TK FERA,TRI REJO MULYO KEC PENAWAR TAMA,90052449,Beni Saputra,SABTU GENAP,,,Genap,
5828505,TK KMC CELL,MEDASARI RT 003 RW 005 KEC RAWA JITU SELATAN SELATAN,90052449,Beni Saputra,JUMAT GANJIL,,,Ganjil,
5828506,TK MEYSHA,TRI TUNGGAL JAYA RT 001 RE 001 KEC BANJAR MARGO,90052449,Beni Saputra,SENIN GENAP,,,Genap,
5829070,TK ZAINAL,JL POROS RT 001 RW 005 KEC PENAWAR TAMA,90052449,Beni Saputra,SABTU GENAP,,,Genap,
5829200,TK HAJI MUL,DWI WARGA TUNGGALJAYA RT 008 RW 003 KEC BANJAR AGUNG,90052449,Beni Saputra,SENIN GANJIL,,,Ganjil,
5829475,TK WULANDARI,MUKTIKARYA RT 020 RW 006 KEC PANCA JAYA,90052442,Rudi Anggoro,JUMAT GANJIL,,,Ganjil,
5829479,TK MEI,BARABASAN RT 001 RW 001 KEC TANJUNG RAYA,90052442,Rudi Anggoro,JUMAT GENAP,,,Genap,
5830125,TK ABIL CELL,AJI JAYA RT 008 RW 005 KEC SIMPANG PEMATANG,90052442,Rudi Anggoro,SELASA GANJIL,,,Ganjil,
5830194,TK ZULFA,JLKH DEWANTORO RT 003 RW001 GEDUNG KARYA JITU,90052449,Beni Saputra,JUMAT GANJIL,,,Ganjil,
5831229,TK AKBAR CELL 2,BANJAR AGUNG RT 001 RW 003 KEC. BANJAR AGUNG,90052449,Beni Saputra,KAMIS GANJIL,,,Ganjil,
5831230,TK NELI,JL 4 BENGKEL RT 003 RW 002 KEC MENGGALA,90052418,Yuda Nurisman,RABU GENAP,,,Genap,
5831740,TK ENDANG,BUJUK AGUNG RT 005 RW 003 KEC.BANJAR MARGO,90052442,Rudi Anggoro,SELASA GENAP,,,Genap,
5832301,TK YANTO,SUKA JAYA RT 005 RW 002 KEC GUNUNG AGUNG,90052442,Rudi Anggoro,RABU GENAP,,,Genap,
5832655,TK FEBI,BERASAN MAKMUR RT 3 RW 3 KEL BERASAN MAKMUR KEC TANJUNG RAYA,90052442,Rudi Anggoro,SABTU GANJIL,,,Ganjil,
5833036,TK UMA KHUSNUL PONPES,JL.RAYA TULUNG RANDU-UNIT 6 KEC PAGAR DEWA,90052418,Yuda Nurisman,SABTU GENAP,,,Genap,
5833040,TK MARSUDI,SAKTI JAYA RT 013 RW 004 KEC BATU PUTIH TBB,90052442,Rudi Anggoro,SENIN GENAP,,,Genap,
5833553,TK IIN,SETIA BUMI RT 022 RW 003 KEC GUNUNG TERANG TBB,90052442,Rudi Anggoro,SENIN GENAP,,,Genap,
5833605,TK TIKA,AGUNG JAYA KEC.BANJAR MARGO KAB.TULANG BAWANG,90052449,Beni Saputra,SENIN GENAP,,,Genap,
5833905,TK ANI,SINAR LAGA RT 11 RW 3 KEL SINAR LAGA KEC TANJUNG RAYA,90052442,Rudi Anggoro,JUMAT GENAP,,,Genap,
5833909,TK NOVI,SINAR LAGA RT 6 RW 3 KEL SINAR LAGA KEC TANJUNG RAYA,90052442,Rudi Anggoro,JUMAT GENAP,,,Genap,
5834541,TK ARJUNA FROZEN,AGUNG JAYA RT 4 RW 4 KEL AGUNG JAYA KEC BANJAR MARGO,90052449,Beni Saputra,SENIN GENAP,,,Genap,
5834661,TK SEMBAKO ARETA,KECUBUNG RAYA RT 7 RW 2 KEL KECUBING RAYA KEC MERAKSA AJI,90052449,Beni Saputra,KAMIS GENAP,,,Genap,
5834662,TK AZAM,JL CEMP PUTIH RT 10 RW 5 KEL KECUBUNG JAYA KEC GEDUNG AJI,90052449,Beni Saputra,KAMIS GENAP,,,Genap,
5834663,TK PAK SAIMAN,KECUBUNG RAYA RT 3 RW 1 KEL KECUBUNG RAYA KEC MERAKSA AJI,90052449,Beni Saputra,KAMIS GENAP,,,Genap,
5835374,TK SUNDARI,BRABASAN RT 6 RW 3 KEL BRABASAN KEC TANJUNG RAYA,90052442,Rudi Anggoro,SABTU GANJIL,,,Ganjil,
5835375,TK DENSHA CELL,WIRA AGUNG SARI RT 6 RW 3 KEC PENAWAR TAMA,90052449,Beni Saputra,SABTU GENAP,,,Genap,
5835376,TK DENSHA CELL,WIRA AGUNG SARI RT 6 RW 3 KEC PENAWAR TAMA,90052449,Beni Saputra,SABTU GENAP,,,Genap,
5835380,TK SEMBAKO AZZAHRA,ULO GADUNG RT 3 RW 1 KEL PULO GADUNG KEC PENAWAR TAMA,90052449,Beni Saputra,RABU GANJIL,,,Ganjil,
5835387,TK AJENG,PURWAJAYA RT 2 RW 1 KEL PURWAJAYA KEC BANJAR MARGO,90052449,Beni Saputra,SENIN GANJIL,,,Ganjil,
5835515,TK RINI,KAGUNGAN RATU RT 4 RW 1 KEC TULANG BAWANG UDIK,90052418,Yuda Nurisman,RABU GANJIL,,,Ganjil,
5835746,TK MBAK JUARI,PASAR BATANG RT 8 RW 3 KEL PASAR BATANG KEC PENAWAR AJI,90052449,Beni Saputra,KAMIS GENAP,,,Genap,
5835837,TK CENDIKIA CELL,SIDO MUKTI RT 4 RW 2 KEL MEKAR JAYA KEC GUNUNG AGUNG,90052442,Rudi Anggoro,RABU GENAP,,,Genap,
5835888,TK CANTIKA,TERANG BUMI AGUNG RT 13 RW 4 KEC GUNUNG TERANG,90052442,Rudi Anggoro,RABU GENAP,,,Genap,
5835901,TK DAMAYANTI,SUMBER REJO RT 12 RW 2 KEL SUMBER REJO KEC LAMBU KIBANG,90052418,Yuda Nurisman,SABTU GANJIL,,,Ganjil,
5835935,TK RANMEL,SIDO MUKTI RT 22 RW 6 KEC GEDUNG AJI BARU,90052449,Beni Saputra,RABU GENAP,,,Genap,
5835936,TOKO ADI,BAWANG SAKTI JAYA RT 3 RW 5 KEC BANJAR BARU,90052418,Yuda Nurisman,SELASA GENAP,,,Genap,
5836256,TK BINTANG BERKAH,GEDUNG BOGA RT 3 RW 5 KEC WAY SERDANG,90052442,Rudi Anggoro,KAMIS GANJIL,,,Ganjil,
5836257,TK MB LIS,HADI MULYO KEC WAY SERDANG KAB MESUJI,90052442,Rudi Anggoro,KAMIS GANJIL,,,Ganjil,
5836849,TK RAHES,PANCA WARNA RT 002 RW 002 KEL PANCA WARNA KEC WAY SERDANG,90052442,Rudi Anggoro,KAMIS GENAP,,,Genap,
5836850,WR SEMBAKO NURUL HIDAYAH,PANCA WARNA RT 001 RW 003 KEL PANCA WARNA KEC WAY SERDANG,90052442,Rudi Anggoro,KAMIS GENAP,,,Genap,
5836852,TK SAKNAWATI,TOTO MULYO RT 002 RW 001 KEL TOTO MULYO KEC GUNUNG TERANG,90052442,Rudi Anggoro,SENIN GENAP,,,Genap,
5836878,TK MARNO CELL,PANCA TUNGGAL JAYA RT 023 RW 005 KEC PENAWAR AJI,90052449,Beni Saputra,SELASA GENAP,,,Genap,
5836915,TK TAMARA ABADI,BALAI MURNI JAYA RT 004 RW 001 KEC BANJAR BARU,90052418,Yuda Nurisman,SELASA GANJIL,,,Ganjil,
5836916,TK SABRINA,KURIPAN DALAM RT 002 RW 005 KEC MENGGALA TIMUR,90052418,Yuda Nurisman,SELASA GANJIL,,,Ganjil,
5836941,TK BU SUL,GUNUNG SARI RT 011 RW 003 KEC LAMBU KIBANG,90052418,Yuda Nurisman,SABTU GANJIL,,,Ganjil,
