Personnel Name,Customer,Cycle,road_node,Name 1,Street,JWK SALESMAN,Sales Office,Sales Group,Telephone 1,Telephone 2,Transportation zone,Description,Postal Code,Sales district,City,Terms of Payment,Credit limit,Delivering Plant,Risk category,Distribution Channel,Customer group,Division,Changed On Sales Data,Created On Sales Data,Personnel Number,Representative no.,MonFrom1,MonFrom2,TueFrom1,Unnamed: 27,WedFrom1,WedFrom2,ThuFrom1,ThuFrom2,FriFrom1,FriFrom2,SatFrom1,SatFrom2,Latitude,Longitude,Optimized JWK
REKI YULIANDRI,1110586,Genap,"(-5.38193, 105.10738)",WR.MBA NING,JL.SUKARAJA 6 RT.2/6 NO.18C KEL.SUKARAJA KEC.GEDONG TATAAN,SELASA GENAP,C051,188,089508892280,,2051156,Gedong Tata'an,35366,35366,LAMPUNG,Z00,0,3006,5.0,2,14,77,01.02.2026,2021-07-01 00:00:00,90052353,90052353,0 ,0 ,0 ,08:00:00,0 ,0 ,0 ,0 ,0 ,0 ,0 ,0 ,-5.3817034,105.1088917,SENIN GENAP
REKI YULIANDRI,1235495,Genap,"(-5.38506, 105.108)",TK.SHERIN,JL.SUKARAJA 8 RT.2 NO.113 KEL.SUKARAJA KEC.GEDONG TATAAN,SELASA GENAP,C051,188,082374073038,,2051156,Gedong Tata'an,35366,35366,LAMPUNG,Z12,2000000,3006,1.0,2,69,77,01.02.2026,2021-08-03 00:00:00,90052353,90052353,0 ,0 ,0 ,08:00:00,0 ,0 ,0 ,0 ,0 ,0 ,0 ,0 ,-5.3851333,105.1082233,SENIN GENAP
REKI YULIANDRI,125587,Weekly,"(-5.43323, 104.9669)",TK. BUDI,JL.RAYA MARGODADI RT.8/2 KEL.MARGODADI KEC.AMBARAWA,SELASA,C051,188,081802798697,082185007274,2051002,Ambarawa,35376,35376,LAMPUNG,Z00,0,3006,5.0,2,14,77,27.04.2026,2023-05-28 00:00:00,90052353,90051943,0 ,0 ,08:00:00,08:00:00,0 ,0 ,0 ,0 ,0 ,0 ,0 ,0 ,-5.387113,104.965527,SELASA
REKI YULIANDRI,1282496,Genap,"(-5.38251, 105.0976)",TK.AGUS CELL,JL.PEMUDA RT.1/1 NO.72 KEL.SUKARAJA KEC.GEDONG TATAAN,SELASA GENAP,C051,188,087839951833,,2051156,Gedong Tata'an,35371,35371,LAMPUNG,Z12,2000000,3006,1.0,2,14,77,01.02.2026,2021-08-16 00:00:00,90052353,90052353,0 ,0 ,0 ,08:00:00,0 ,0 ,0 ,0 ,0 ,0 ,0 ,0 ,-5.382615,105.0976267,RABU GENAP
REKI YULIANDRI,1331160,Ganjil,"(-5.40751, 105.02938)",WR.SABEAH,DSN.SUKA MULYA RT.8/8 NO.7B KEL.PEKONDOH KEC.WAY LIMA,SENIN GANJIL,C051,188,082178790388,,2051011,Gading Rejo,35381,35381,LAMPUNG,Z12,2000000,3006,1.0,2,14,77,31.08.2025,2021-08-28 00:00:00,90052353,90052353,08:00:00,0 ,0 ,0 ,0 ,0 ,0 ,0 ,0 ,0 ,0 ,0 ,-5.4076094,105.0294272,JUMAT GANJIL
REKI YULIANDRI,1346434,Genap,"(-5.41764, 105.0607)",TK.FADLY,DSN.PAGAR BANYU RT.3/4 NO.45 KEL.PADANG RATU,KAMIS GENAP,C051,188,081210869456,,2051016,Kedondong,35371,35371,LAMPUNG,Z12,2000000,3006,1.0,2,14,77,01.02.2026,2021-09-01 00:00:00,90052353,90052353,0 ,0 ,0 ,0 ,0 ,0 ,0 ,08:00:00,0 ,0 ,0 ,0 ,-5.417005,105.061032,JUMAT GENAP
REKI YULIANDRI,1449971,Genap,"(-5.39576, 105.02377)",RENEO BABY SHOP,JL.SATRIA RT.2/3 NO.11 KEL.PRINGSEWU BARAT KEC.PRINGSEWU,KAMIS GENAP,C051,188,08127260685,,2051036,Pringsewu,35373,35373,LAMPUNG,Z12,1000000,3006,1.0,2,14,77,27.04.2026,2021-09-29 00:00:00,90052353,90052353,0 ,0 ,0 ,0 ,0 ,0 ,0 ,08:00:00,0 ,0 ,0 ,0 ,-5.3517483,104.9764383,KAMIS GENAP
REKI YULIANDRI,1479724,Weekly,"(-5.43381, 105.0123)",WR.KEMBAR,JL.WIRYO SENJOYO RT.15/3 NO.10 KEL.GUNUNG REJO KEC.WAY LIMA,SENIN,C051,188,0887437431335,081378598048,2051492,Way Lima,35368,35368,LAMPUNG,Z00,0,3006,5.0,2,69,77,11.01.2026,2023-07-10 00:00:00,90052353,90051561,08:00:00,08:00:00,0 ,0 ,0 ,0 ,0 ,0 ,0 ,0 ,0 ,0 ,-5.434071,105.012362,SENIN
REKI YULIANDRI,1702826,Ganjil,"(-5.37647, 105.06885)",TK.KAFILA MART,JL.RAYA WONOKRIYO RT.2/7 NO.35 KEL.WONODADI KEC.GADING REJO,SELASA GANJIL,C051,188,085382905532,085269636900,2051493,Pasar Gadingrejo,35372,35372,LAMPUNG,Z00,0,3006,5.0,2,14,77,29.04.2026,2022-05-19 00:00:00,90052353,90052353,0 ,0 ,08:00:00,0 ,0 ,0 ,0 ,0 ,0 ,0 ,0 ,0 ,-5.371925,105.04785,RABU GANJIL
REKI YULIANDRI,1708997,Genap,"(-5.38512, 105.10658)",WR.BU ENDANG,JL.SWADAYA RT.22 NO.193 KEL.SUKARAJA KEC.GEDONG TATAAN,SELASA GENAP,C051,188,085380929031,,2051156,Gedong Tata'an,35371,35371,LAMPUNG,Z12,2000000,3006,1.0,2,14,77,01.02.2026,2022-01-24 00:00:00,90052353,90052353,0 ,0 ,0 ,08:00:00,0 ,0 ,0 ,0 ,0 ,0 ,0 ,0 ,-5.385007,105.106585,SENIN GENAP
REKI YULIANDRI,1715267,Ganjil,"(-5.35442, 105.0809)",WR.LOUISE,WONOREJO RT.2/2 NO.5 KEL.KAGUNGAN RATU KEC.NEGERI KATON,SABTU GANJIL,C051,188,+6285709815292,,2051011,Gading Rejo,35371,35371,LAMPUNG,Z12,2000000,3006,1.0,2,69,77,21.02.2026,2022-02-22 00:00:00,90052353,90052353,0 ,0 ,0 ,0 ,0 ,0 ,0 ,0 ,0 ,0 ,08:00:00,0 ,-5.353815,105.083608,RABU GANJIL
REKI YULIANDRI,1716409,Genap,"(-5.32559, 105.10435)",WR.ABANG ADEK,DSN.NEGERI KATON RT.1/1 KEL-KEC.NEGERI KATON,JUMAT GENAP,C051,188,085608388874,,2051156,Gedong Tata'an,35371,35371,LAMPUNG,Z00,0,3006,5.0,2,14,77,01.02.2026,2022-03-04 00:00:00,90052353,90052353,0 ,0 ,0 ,0 ,0 ,0 ,0 ,0 ,0 ,08:00:00,0 ,0 ,-5.325502,105.104244,SABTU GENAP
REKI YULIANDRI,1718379,Genap,"(-5.46458, 104.98311)",WR.NABILA,DS.GUNUNG SARI RT.0 KEL.GUNUNG SARI KEC.WAY KHILAW,SELASA GENAP,C051,188,+6285788843411,,2051270,Gunung Sari (Pesawar,35368,35368,LAMPUNG,Z00,0,3006,5.0,2,69,77,29.04.2026,2024-09-13 00:00:00,90052353,90051924,0 ,0 ,0 ,08:00:00,0 ,0 ,0 ,0 ,0 ,0 ,0 ,0 ,-5.465309,104.98241,SELASA GENAP
REKI YULIANDRI,1721770,Genap,"(-5.32942, 105.06168)",WR.RENI,DSN.PANGGUNGREJO RT.10/4 KEL.PANGGUNGREJO KEC.SUKOHARJO,JUMAT GENAP,C051,188,085809832236,,2051223,Sukoharjo,35674,35674,LAMPUNG,Z00,0,3006,5.0,2,14,77,27.04.2026,2022-03-23 00:00:00,90052353,90052353,0 ,0 ,0 ,0 ,0 ,0 ,0 ,0 ,0 ,08:00:00,0 ,0 ,-5.316834,105.033156,SABTU GENAP
REKI YULIANDRI,1722172,Weekly,"(-5.45351, 105.00506)",TK.LOPAN,DSN.TEBAK JAWA RT.7-5 KEL.TEBA JAWA KEC.KEDONDONG,SENIN,C051,188,085832821945,,2051016,Kedondong,35368,35368,LAMPUNG,Z00,0,3006,5.0,2,69,77,01.02.2026,2024-08-09 00:00:00,90052353,90051561,08:00:00,08:00:00,0 ,0 ,0 ,0 ,0 ,0 ,0 ,0 ,0 ,0 ,-5.453621,105.00518,SELASA
REKI YULIANDRI,1722426,Genap,"(-5.35511, 105.07588)",TK.AFIKA,DSN.TEGAL SARI RT.14/4 KEL.GADING REJO KEC.NEGERI KATON,RABU GENAP,C051,188,085348278654,,2051011,Gading Rejo,35372,35372,LAMPUNG,Z12,2179824,3006,1.0,2,69,77,29.04.2026,2022-09-26 00:00:00,90052353,90051815,0 ,0 ,0 ,0 ,0 ,08:00:00,0 ,0 ,0 ,0 ,0 ,0 ,-5.35419,105.066952,RABU GENAP
REKI YULIANDRI,1723074,Ganjil,"(-5.28716, 105.05471)",WR.HERU,DSN.KOTA BARU RT.1/7 KEL.ROWOREJO KEC.NEGERI KATON,JUMAT GANJIL,C051,188,085267554825,,2051223,Sukoharjo,35365,35365,LAMPUNG,Z00,0,3006,5.0,2,58,77,01.02.2026,2022-03-25 00:00:00,90052353,90052353,0 ,0 ,0 ,0 ,0 ,0 ,0 ,0 ,08:00:00,0 ,0 ,0 ,-5.290187,105.047314,SENIN GANJIL
REKI YULIANDRI,1729402,Ganjil,"(-5.46401, 105.00394)",WR.MAMA IZAM,DSN.SUKA RAME RT.6 KEL.PASAR BARU KEC.KEDONDONG,SENIN GANJIL,C051,188,087899257548,,2051016,Kedondong,35368,35368,LAMPUNG,Z00,0,3006,5.0,2,14,77,13.04.2026,2022-12-08 00:00:00,90052353,90052438,08:00:00,0 ,0 ,0 ,0 ,0 ,0 ,0 ,0 ,0 ,0 ,0 ,-5.464066,105.003953,SELASA GANJIL
REKI YULIANDRI,1731068,Genap,"(-5.37875, 105.10056)",TK.BAGAS,JL.TAMTAMA RT.1/1 KEL.BAGELEN KEC.GEDONG TATAAN,SELASA GENAP,C051,188,081226722244,,2051156,Gedong Tata'an,35366,35366,LAMPUNG,Z00,0,3006,5.0,2,69,77,01.02.2026,2022-04-06 00:00:00,90052353,90052353,0 ,0 ,0 ,08:00:00,0 ,0 ,0 ,0 ,0 ,0 ,0 ,0 ,-5.378653,105.100579,RABU GENAP
REKI YULIANDRI,1731070,Ganjil,"(-5.37647, 105.06885)",SHANUM,JL.SATRIA RT.1/7 KEL-KEC.GADING REJO,SELASA GANJIL,C051,188,085249944763,,2051011,Gading Rejo,35366,35366,LAMPUNG,Z00,0,3006,5.0,2,14,77,25.02.2026,2022-04-06 00:00:00,90052353,90052353,0 ,0 ,08:00:00,0 ,0 ,0 ,0 ,0 ,0 ,0 ,0 ,0 ,-5.379971,105.067512,RABU GANJIL
REKI YULIANDRI,1732138,Ganjil,"(-5.28716, 105.05471)",TK.FARAH,DSN.ROWOREJO RT.2/1 KEL.ROWOREJO KEC.NEGERI KATON,JUMAT GANJIL,C051,188,+6285945036315,,2051158,Rowo Rejo,35365,35365,LAMPUNG,Z00,0,3006,5.0,2,69,77,29.04.2026,2022-04-08 00:00:00,90052353,90052353,0 ,0 ,0 ,0 ,0 ,0 ,0 ,0 ,08:00:00,0 ,0 ,0 ,-5.290151,105.055442,SENIN GANJIL
REKI YULIANDRI,1732572,Genap,"(-5.38975, 105.10619)",TK.PAK MAMO,DSN.SUKARAJA 4 RT.1 KEL.SUKARAJA KEC.GEDONG TATAAN,SELASA GENAP,C051,188,081377816527,,2051156,Gedong Tata'an,35366,35366,LAMPUNG,Z12,2000000,3006,1.0,2,69,77,01.02.2026,2022-12-06 00:00:00,90052353,90052353,0 ,0 ,0 ,08:00:00,0 ,0 ,0 ,0 ,0 ,0 ,0 ,0 ,-5.390519,105.106715,SENIN GENAP
REKI YULIANDRI,177835,Ganjil,"(-5.39576, 105.02377)",EMRI COSMETIK,JL.KI HAJAR DEWANTORO RT.3/3 NO.858 KEL.PRINGSEWU SELATAN,SELASA GANJIL,C051,188,085269178777,0729-24275,2051036,Pringsewu,35373,35373,LAMPUNG,Z12,2000000,3006,1.0,2,14,77,27.04.2026,2020-02-15 00:00:00,90052353,90052353,0 ,0 ,08:00:00,0 ,0 ,0 ,0 ,0 ,0 ,0 ,0 ,0 ,-5.3570028,104.9761367,SABTU GANJIL
REKI YULIANDRI,1865066,Genap,"(-5.32346, 105.12362)",WR.AI,DSN.TANJUNG REJO RT.1/2 KEL.TANJUNG REJO KEC.NEGERI KATON,JUMAT GENAP,C051,188,081312215514,,2051156,Gedong Tata'an,35365,35365,LAMPUNG,Z00,0,3006,5.0,2,14,77,01.02.2026,2022-07-04 00:00:00,90052353,90052353,0 ,0 ,0 ,0 ,0 ,0 ,0 ,0 ,0 ,08:00:00,0 ,0 ,-5.3232124,105.1239122,SENIN GENAP
REKI YULIANDRI,1891691,Genap,"(-5.43323, 104.9669)",WR.SOPIA,JL.UTAMA AMBARAWA RT.1/3 KEL-KEC.AMBARAWA,SELASA GENAP,C051,188,+62881026847846,,2051002,Ambarawa,35673,35673,LAMPUNG,Z00,0,3006,5.0,2,69,77,27.04.2026,2022-07-12 00:00:00,90052353,90052353,0 ,0 ,0 ,08:00:00,0 ,0 ,0 ,0 ,0 ,0 ,0 ,0 ,-5.4101826,104.9578475,SELASA GENAP
REKI YULIANDRI,2099916,Genap,"(-5.39336, 105.1013)",WR.CITRA,JL.AIRLANGGA DSN.BOGOREJO 002 RT.2/2 KEL.BOGOREJO KEC.GEDONG,SELASA GENAP,C051,188,081373855587,,2051156,Gedong Tata'an,35366,35366,LAMPUNG,Z12,2000000,3006,1.0,2,42,77,30.03.2026,2022-09-12 00:00:00,90052353,90052353,0 ,0 ,0 ,08:00:00,0 ,0 ,0 ,0 ,0 ,0 ,0 ,0 ,-5.393313,105.101125,JUMAT GENAP
REKI YULIANDRI,219095,Weekly,"(-5.44425, 105.02078)",TK.RISKI,JL.CERITA DAGANG RT.10-4 NO.57 KEL.WAY HARONG KEC.WAY LIMA,SENIN,C051,188,081212438807,,2051492,Way Lima,35381,35381,LAMPUNG,Z00,0,3006,5.0,2,69,77,28.01.2026,2020-08-19 00:00:00,90052353,90051929,08:00:00,08:00:00,0 ,0 ,0 ,0 ,0 ,0 ,0 ,0 ,0 ,0 ,-5.4440514,105.0208233,JUMAT
REKI YULIANDRI,2354012,Genap,"(-5.43317, 105.03261)",TK.RYAN,JL.KEDONDONG-GEDONG TATAAN RT.9 KEL.KOTADALAM KEC.WAY LIMA,KAMIS GENAP,C051,188,081271505863,,2051016,Kedondong,35367,35367,LAMPUNG,Z12,2370419,3006,1.0,2,14,77,01.02.2026,2022-11-12 00:00:00,90052353,90052353,0 ,0 ,0 ,0 ,0 ,0 ,0 ,08:00:00,0 ,0 ,0 ,0 ,-5.433229,105.032719,KAMIS GENAP
REKI YULIANDRI,2463061,Ganjil,"(-5.45837, 105.003)",WR.BUNDA,JL.RAYA KEDONDONG RT.1/1 KEL.GUNUNG SUGIH KEC.KEDONDONG,RABU GANJIL,C051,188,082279818303,,2051016,Kedondong,35368,35368,LAMPUNG,Z12,2000000,3006,1.0,2,69,77,11.03.2026,2022-12-09 00:00:00,90052353,90052353,0 ,0 ,0 ,0 ,08:00:00,0 ,0 ,0 ,0 ,0 ,0 ,0 ,-5.458125,105.003205,SELASA GANJIL
REKI YULIANDRI,2527389,Ganjil,"(-5.39576, 105.02377)",TK.TOPANMART,JL.TAMBAH MULYO RT.2/1 KEL.WATES TIMUR KEC.GADING REJO,SELASA GANJIL,C051,188,082372941049,,2051011,Gading Rejo,35372,35372,LAMPUNG,Z00,0,3006,5.0,2,69,77,01.02.2026,2022-12-28 00:00:00,90052353,90052353,0 ,0 ,08:00:00,0 ,0 ,0 ,0 ,0 ,0 ,0 ,0 ,0 ,-5.378861,105.021203,SABTU GANJIL
REKI YULIANDRI,2652114,Genap,"(-5.33945, 105.09172)",TK.LIA,JL.KH ABDUL MAJID RT.6/2 NO.178 KEL.KARANG REJO KEC.NEGERI,JUMAT GENAP,C051,188,+6285379257513,,2051011,Gading Rejo,35353,35353,LAMPUNG,Z00,0,3006,5.0,2,69,77,13.02.2026,2023-01-20 00:00:00,90052353,90052353,0 ,0 ,0 ,0 ,0 ,0 ,0 ,0 ,0 ,08:00:00,0 ,0 ,-5.338272,105.083699,SABTU GENAP
REKI YULIANDRI,2689342,Genap,"(-5.33381, 105.07552)",WR.ROSE,JL.PEMUDA RT.5/2 NO.148 KEL.KARANG REJO KEC.NEGERI KATON,JUMAT GENAP,C051,188,+6285184516653,,2051011,Gading Rejo,35365,35365,LAMPUNG,Z00,0,3006,5.0,2,69,77,01.02.2026,2023-01-26 00:00:00,90052353,90052353,0 ,0 ,0 ,0 ,0 ,0 ,0 ,0 ,0 ,08:00:00,0 ,0 ,-5.336682,105.081155,SENIN GENAP
REKI YULIANDRI,2872196,Genap,"(-5.39576, 105.02377)",WR.TASYA,JL.MEKAR SARI JOGJAKARTA RT.8/2 KEL.PRINGSEWU,SENIN GENAP,C051,188,+6287869073005,,2051036,Pringsewu,35372,35372,LAMPUNG,Z00,0,3006,5.0,2,69,77,09.02.2026,2023-02-27 00:00:00,90052353,90052353,0 ,08:00:00,0 ,0 ,0 ,0 ,0 ,0 ,0 ,0 ,0 ,0 ,-5.347259,105.004177,KAMIS GENAP
REKI YULIANDRI,2872652,Ganjil,"(-5.27779, 105.05673)",WR.CHINDICATE CELL,DEKAT SIDOMULYO RT.1/1 KEL.SIDOMULYO KEC.NEGERI KATON,JUMAT GANJIL,C051,188,+6282294494335,,2051158,Rowo Rejo,35353,35353,LAMPUNG,Z00,0,3006,5.0,2,58,77,04.04.2026,2023-02-27 00:00:00,90052353,90052353,0 ,0 ,0 ,0 ,0 ,0 ,0 ,0 ,08:00:00,0 ,0 ,0 ,-5.27786,105.056635,SENIN GANJIL
REKI YULIANDRI,2923565,Ganjil,"(-5.47737, 105.00775)",TK.SALSABILA,TANJUNG JATI RT.8/8 KEL-KEC.KEDONDONG,RABU GANJIL,C051,188,085694699508,,2051016,Kedondong,35368,35368,LAMPUNG,Z00,0,3006,5.0,2,14,77,31.08.2025,2023-03-08 00:00:00,90052353,90052353,0 ,0 ,0 ,0 ,08:00:00,0 ,0 ,0 ,0 ,0 ,0 ,0 ,-5.477244,105.007855,SENIN GANJIL
REKI YULIANDRI,2931827,Genap,"(-5.41507, 105.05217)",WR.SINAR,JL.RAYA KEDONDONG RT.1/1 KEL.PADANG MANIS KEC.WAY LIMA,KAMIS GENAP,C051,188,085367258278,,2051016,Kedondong,35367,35367,LAMPUNG,Z00,0,3006,5.0,2,14,77,01.02.2026,2023-03-10 00:00:00,90052353,90052353,0 ,0 ,0 ,0 ,0 ,0 ,0 ,08:00:00,0 ,0 ,0 ,0 ,-5.416514,105.053407,KAMIS GENAP
REKI YULIANDRI,2955387,Weekly,"(-5.42119, 105.07377)",WR.TITIN,DSN.CITEMEN RT.1/3 KEL.CIPADANG KEC.GEDONG TATAAN,JUMAT,C051,188,085379490870,,2051626,Cipadang Gedong Tata,35366,35366,LAMPUNG,Z00,0,3006,5.0,2,69,77,01.02.2026,2023-04-19 00:00:00,90052353,90051817,0 ,0 ,0 ,0 ,0 ,0 ,0 ,0 ,08:00:00,08:00:00,0 ,0 ,-5.421272,105.073892,JUMAT
REKI YULIANDRI,2955388,Ganjil,"(-5.42283, 105.07361)",TK.AYU,DSN.CITEMEN RT.3-3 KEL.CIPADANG KEC.GEDONG TATAAN,SELASA GANJIL,C051,188,085269732877,,2051626,Cipadang Gedong Tata,35366,35366,LAMPUNG,Z00,0,3006,5.0,2,69,77,13.04.2026,2023-04-11 00:00:00,90052353,90052438,0 ,0 ,08:00:00,0 ,0 ,0 ,0 ,0 ,0 ,0 ,0 ,0 ,-5.422531,105.073694,JUMAT GANJIL
REKI YULIANDRI,2955401,Genap,"(-5.33381, 105.07552)",WR.HUSNUL,DSN.KARANG REJO RT.1 KEL.KARANG REJO KEC.NEGERI KATON,KAMIS GENAP,C051,188,085929997005,,2051011,Gading Rejo,35365,35365,LAMPUNG,Z00,0,3006,5.0,2,14,77,29.04.2026,2025-02-17 00:00:00,90052353,90051815,0 ,0 ,0 ,0 ,0 ,0 ,0 ,08:00:00,0 ,0 ,0 ,0 ,-5.3392083,105.0753276,SENIN GENAP
REKI YULIANDRI,2955405,Weekly,"(-5.42808, 105.03349)",TK.ANA,DS KOTA DALAM RT 001 RW 001 KEL KOTA DALAM KEC WAY LIMA,JUMAT,C051,188,6282181354578,,2051492,Way Lima,35367,35367,LAMPUNG,Z00,0,3006,5.0,2,69,77,01.02.2026,2025-06-02 00:00:00,90052353,90051817,0 ,0 ,0 ,0 ,0 ,0 ,0 ,0 ,08:00:00,08:00:00,0 ,0 ,-5.427543,105.033626,JUMAT
REKI YULIANDRI,2955446,Weekly,"(-5.42759, 105.09911)",WR.SUGENG,DSN.SEPAKAT RT.14-7 KEL.SUKADADI KEC.GEDONG TATAAN,JUMAT,C051,188,+628385575659,,2051626,Cipadang Gedong Tata,35366,35366,LAMPUNG,Z00,0,3006,5.0,2,13,77,06.02.2026,2024-08-27 00:00:00,90052353,90051817,0 ,0 ,0 ,0 ,0 ,0 ,0 ,0 ,08:00:00,08:00:00,0 ,0 ,-5.427821,105.099413,JUMAT
REKI YULIANDRI,2955469,Weekly,"(-5.41956, 105.09603)",WR.MBAK RIRIN,DSN.SUKADADI RT.13-7 KEL.SUKADADI KEC.GEDONG TATAAN,SELASA,C051,188,+6283175965566,,2051626,Cipadang Gedong Tata,35366,35366,LAMPUNG,Z00,0,3006,5.0,2,69,77,13.04.2026,2024-08-27 00:00:00,90052353,90051561,0 ,0 ,08:00:00,08:00:00,0 ,0 ,0 ,0 ,0 ,0 ,0 ,0 ,-5.420017,105.096005,JUMAT
REKI YULIANDRI,2955486,Weekly,"(-5.43176, 105.09871)",TK.ULFA,DSN.SUMBER SARI RT.3-4 KEL.CIPADANG KEC.GEDONG TATAAN,SELASA,C051,188,+6283896354677,,2051626,Cipadang Gedong Tata,35366,35366,LAMPUNG,Z00,0,3006,5.0,2,69,77,01.02.2026,2024-09-23 00:00:00,90052353,90051561,0 ,0 ,08:00:00,08:00:00,0 ,0 ,0 ,0 ,0 ,0 ,0 ,0 ,-5.431656,105.098859,JUMAT
REKI YULIANDRI,2955603,Weekly,"(-5.39576, 105.02377)",TK.PRIMA,JL.RAYA BULOKARTO RT.1-1 KEL.BULOKARTO KEC.GADING REJO,SENIN,C051,188,082278591956,,2051036,Pringsewu,35672,35672,LAMPUNG,Z00,0,3006,5.0,2,58,77,01.02.2026,2023-11-30 00:00:00,90052353,90051943,08:00:00,08:00:00,0 ,0 ,0 ,0 ,0 ,0 ,0 ,0 ,0 ,0 ,-5.3637106,105.0029676,SENIN
REKI YULIANDRI,2955616,Weekly,"(-5.46812, 104.98573)",WR ERNI,JL RAYA MADA JAYA RT 006 RW 003 KEL TANJUNG REJO,KAMIS,C051,188,+6285768999221,,2051016,Kedondong,35367,35367,LAMPUNG,Z00,0,3006,5.0,2,69,77,14.01.2026,2026-01-14 00:00:00,90052353,90051817,0 ,0 ,0 ,0 ,0 ,0 ,08:00:00,08:00:00,0 ,0 ,0 ,0 ,-5.468265,104.985743,SELASA
REKI YULIANDRI,2955620,Weekly,"(-5.35511, 105.07588)",TK.YAYA MART,JL.RAYA PURWOREJO DSN.TEGAL SARI RT.1-1 KEL.TEGAL SARI,RABU,C051,188,081379539093,081379539093,2051011,Gading Rejo,35372,35372,LAMPUNG,Z00,0,3006,5.0,2,69,77,13.04.2026,2023-05-15 00:00:00,90052353,90051591,0 ,0 ,0 ,0 ,08:00:00,08:00:00,0 ,0 ,0 ,0 ,0 ,0 ,-5.349347,105.070295,RABU
REKI YULIANDRI,3004868,Ganjil,"(-5.47646, 105.00736)",WR.NUR,DSN.SUNGAI DUA RT.7/2 KEL-KEC.KEDONDONG,RABU GANJIL,C051,188,081273976523,,2051016,Kedondong,35368,35368,LAMPUNG,Z00,0,3006,5.0,2,14,77,23.01.2026,2023-03-23 00:00:00,90052353,90052353,0 ,0 ,0 ,0 ,08:00:00,0 ,0 ,0 ,0 ,0 ,0 ,0 ,-5.476402,105.007172,SELASA GANJIL
REKI YULIANDRI,3004869,Ganjil,"(-5.41474, 105.02532)",WR.RAMA,JL.RAYA WAY LIMA RT.3/6 NO.319 KEL.KOTA DALAM KEC.WAY LIMA,SENIN GANJIL,C051,188,085273157021,,2051011,Gading Rejo,35367,35367,LAMPUNG,Z00,0,3006,5.0,2,69,77,11.01.2026,2023-03-23 00:00:00,90052353,90052353,08:00:00,0 ,0 ,0 ,0 ,0 ,0 ,0 ,0 ,0 ,0 ,0 ,-5.414935,105.025354,JUMAT GANJIL
REKI YULIANDRI,300860,Genap,"(-5.37647, 105.06885)",TK.BILQIS,JL.RY WONODADI RT.2/3 NO.8 GADING REJO,SENIN GENAP,C051,188,081541241132,085357582275,2051268,Dusun Parerejo,35672,35672,LAMPUNG,Z12,3075021,3006,1.0,2,69,77,29.04.2026,2018-02-19 00:00:00,90052353,90051815,0 ,08:00:00,0 ,0 ,0 ,0 ,0 ,0 ,0 ,0 ,0 ,0 ,-5.37593,105.05569,RABU GENAP
REKI YULIANDRI,300861,Weekly,"(-5.32942, 105.06168)",TK.ARI,JL.RY JOGJAKARTA SELATAN RT.2 NO.26,SELASA,C051,188,081279272966,081366431928,2051011,Gading Rejo,35672,35672,LAMPUNG,Z12,2000000,3006,1.0,2,13,77,29.04.2026,2017-10-30 00:00:00,90052353,90051957,0 ,0 ,08:00:00,08:00:00,0 ,0 ,0 ,0 ,0 ,0 ,0 ,0 ,-5.349849,105.026363,SABTU
REKI YULIANDRI,3021415,Ganjil,"(-5.32942, 105.06168)",WR.MAHARANI,JL.BELIMBING RT.5/15 KEL.KEDIRI KEC.GADING REJO,KAMIS GANJIL,C051,188,085283960875,,2051400,Yogyakarta Selatan,35372,35372,LAMPUNG,Z00,0,3006,5.0,2,69,77,11.01.2026,2023-03-27 00:00:00,90052353,90052353,0 ,0 ,0 ,0 ,0 ,0 ,08:00:00,0 ,0 ,0 ,0 ,0 ,-5.346163,105.027604,SABTU GANJIL
REKI YULIANDRI,3029688,Genap,"(-5.32861, 105.06883)",WR.CIA,JL.JAMBU BATU RT.3/1 KEL.PUJO RAHAYU KEC.NEGERI KATON,JUMAT GENAP,C051,188,085279431718,,2051011,Gading Rejo,35365,35365,LAMPUNG,Z00,0,3006,5.0,2,14,77,01.02.2026,2023-03-29 00:00:00,90052353,90052353,0 ,0 ,0 ,0 ,0 ,0 ,0 ,0 ,0 ,08:00:00,0 ,0 ,-5.328488,105.069066,SABTU GENAP
REKI YULIANDRI,303281,Ganjil,"(-5.39576, 105.02377)",SRC KARISTIN,JL.RY AHMAD YANI RT.3/1 NO.15 BULUKARTO GADING REJO,SELASA GANJIL,C051,188,085279242657,085279242657,2051036,Pringsewu,35372,35372,LAMPUNG,Z14,3899856,3006,1.0,2,69,77,29.04.2026,2017-01-20 00:00:00,90052353,90051924,0 ,0 ,08:00:00,0 ,0 ,0 ,0 ,0 ,0 ,0 ,0 ,0 ,-5.365695,105.0004917,SENIN GANJIL
REKI YULIANDRI,3033419,Genap,"(-5.39865, 105.1005)",WR.GIBRAN,JL.KERTANEGARA RT.3/5 KEL.BOGOREJO KEC.GEDONG TATAAN,KAMIS GENAP,C051,188,+6282398631874,,2051156,Gedong Tata'an,35366,35366,LAMPUNG,Z00,0,3006,5.0,2,58,77,12.02.2026,2023-03-30 00:00:00,90052353,90052353,0 ,0 ,0 ,0 ,0 ,0 ,0 ,08:00:00,0 ,0 ,0 ,0 ,-5.398452,105.100829,JUMAT GENAP
REKI YULIANDRI,303513,Weekly,"(-5.39576, 105.02377)",TK.SUTIMAN,JL.SMKN 1 RT.4 NO.4 GADING REJO SBL,SELASA,C051,188,085287544899,,2051011,Gading Rejo,35672,35672,LAMPUNG,Z12,2000000,3006,1.0,2,69,77,11.01.2026,2018-02-05 00:00:00,90052353,90052135,0 ,0 ,08:00:00,08:00:00,0 ,0 ,0 ,0 ,0 ,0 ,0 ,0 ,-5.358536,105.024484,SENIN
REKI YULIANDRI,303520,Weekly,"(-5.32942, 105.06168)",TK.GALANG,DSN.MATARAM RT.1/1 NO.17 GADING REJ,SELASA,C051,188,081278885349,081278885349,2051011,Gading Rejo,35672,35672,LAMPUNG,Z12,2000000,3006,1.0,2,13,77,27.04.2026,2017-11-01 00:00:00,90052353,90052135,0 ,0 ,08:00:00,08:00:00,0 ,0 ,0 ,0 ,0 ,0 ,0 ,0 ,-5.3384776,105.0402394,SABTU
REKI YULIANDRI,3100373,Genap,"(-5.41806, 105.06471)",WR.DESKA CELL,CIPADANG RT.2/1 KEL.CIPADANG KEC.GEDONG TATAAN,KAMIS GENAP,C051,188,083168409268,,2051016,Kedondong,35366,35366,LAMPUNG,Z00,0,3006,5.0,2,69,77,01.02.2026,2023-04-14 00:00:00,90052353,90052353,0 ,0 ,0 ,0 ,0 ,0 ,0 ,08:00:00,0 ,0 ,0 ,0 ,-5.41783,105.064927,JUMAT GENAP
REKI YULIANDRI,3100623,Ganjil,"(-5.39576, 105.02377)",WR.FANY,JL.BIMA RT.4/2 KEL.PRINGSEWU UTARA KEC.PRINGSEWU,JUMAT GANJIL,C051,188,082376226345,,2051036,Pringsewu,35673,35673,LAMPUNG,Z00,0,3006,5.0,2,14,77,01.02.2026,2023-04-14 00:00:00,90052353,90052353,0 ,0 ,0 ,0 ,0 ,0 ,0 ,0 ,08:00:00,0 ,0 ,0 ,-5.348492,104.981223,SENIN GANJIL
REKI YULIANDRI,3115462,Genap,"(-5.39576, 105.02377)",ASYACHA MART,JL.KESEHATAN RT.1/5 KEL.PRINGSEWU SELATAN KEC.PRINGSEWU,SENIN GENAP,C051,188,082180181195,,2051036,Pringsewu,35673,35673,LAMPUNG,Z00,0,3006,5.0,2,14,77,01.02.2026,2023-04-17 00:00:00,90052353,90052353,0 ,08:00:00,0 ,0 ,0 ,0 ,0 ,0 ,0 ,0 ,0 ,0 ,-5.361892,104.974944,KAMIS GENAP
REKI YULIANDRI,3120742,Ganjil,"(-5.46927, 105.00836)",WR.ARYA,DSN.SUKA BAKTI RT.22-7 KEL.PASAR BARU KEC.KEDONDONG,RABU GANJIL,C051,188,085609158805,,2051016,Kedondong,35368,35368,LAMPUNG,Z00,0,3006,5.0,2,14,77,01.02.2026,2023-04-18 00:00:00,90052353,90052353,0 ,0 ,0 ,0 ,08:00:00,0 ,0 ,0 ,0 ,0 ,0 ,0 ,-5.469102,105.008473,SELASA GANJIL
REKI YULIANDRI,314237,Genap,"(-5.37597, 105.06896)",FAHRI,JL. GADING REJO DKT MESJID AL JIHAD,SABTU GENAP,C051,188,+6285366157737,,2051011,Gading Rejo,35366,35366,LAMPUNG,Z14,2000000,3006,1.0,2,69,77,14.02.2026,2016-10-27 00:00:00,90052353,90052353,0 ,0 ,0 ,0 ,0 ,0 ,0 ,0 ,0 ,0 ,0 ,08:00:00,-5.37561,105.06904,RABU GENAP
REKI YULIANDRI,314255,Genap,"(-5.38977, 105.10549)",ROHMAN,JL.AHMAD YANI RT.1/4 NO.72 KEL.SUKARAJA KEC.GEDONG TATAAN,SELASA GENAP,C051,188,082179859089,85789924920,2051156,Gedong Tata'an,35366,35366,LAMPUNG,Z12,2000000,3006,1.0,2,69,77,01.02.2026,2016-10-27 00:00:00,90052353,90052353,0 ,0 ,0 ,08:00:00,0 ,0 ,0 ,0 ,0 ,0 ,0 ,0 ,-5.3898167,105.1047317,RABU GENAP
REKI YULIANDRI,3181820,Ganjil,"(-5.3939, 105.05272)",WR.GATOT,JL.RAYA WONOKRIYO RT.1/6 KEL.WONODADI KEC.GADING REJO,KAMIS GANJIL,C051,188,085368516454,,2051011,Gading Rejo,35372,35372,LAMPUNG,Z00,0,3006,5.0,2,69,77,27.04.2026,2023-04-28 00:00:00,90052353,90052353,0 ,0 ,0 ,0 ,0 ,0 ,08:00:00,0 ,0 ,0 ,0 ,0 ,-5.373605,105.044103,JUMAT GANJIL
REKI YULIANDRI,3256999,Genap,"(-5.41245, 105.07476)",WR.BU ANI,JL.CIDADI BARAT RT.3-5 KEL.CIPADANG KEC.GEDONG TATAAN,KAMIS GENAP,C051,188,+6282177030507,,2051016,Kedondong,35366,35366,LAMPUNG,Z00,0,3006,5.0,2,13,77,29.04.2026,2023-05-11 00:00:00,90052353,90052353,0 ,0 ,0 ,0 ,0 ,0 ,0 ,08:00:00,0 ,0 ,0 ,0 ,-5.41291,105.074817,JUMAT GENAP
REKI YULIANDRI,326064,Genap,"(-5.41726, 105.06947)",TK.IYENG,DSN.CILAWANG RT.3/8 NO.69 CIPADANG GEDONG TATAAN,KAMIS GENAP,C051,188,085369436112,,2051016,Kedondong,35381,35381,LAMPUNG,Z00,0,3006,5.0,2,14,77,01.02.2026,2016-12-29 00:00:00,90052353,90052353,0 ,0 ,0 ,0 ,0 ,0 ,0 ,08:00:00,0 ,0 ,0 ,0 ,-5.417535,105.0695967,JUMAT GENAP
REKI YULIANDRI,329019,Genap,"(-5.41066, 105.01164)",SRC MARDI,JL.KESEHATAN RT.7/3 NO.58 WALUYO JATI PRINGSEWU,SELASA GENAP,C051,188,085215180164,,2051002,Ambarawa,35673,35673,LAMPUNG,Z00,0,3006,5.0,2,14,77,27.04.2026,2017-01-20 00:00:00,90052353,90052353,0 ,0 ,0 ,08:00:00,0 ,0 ,0 ,0 ,0 ,0 ,0 ,0 ,-5.3692889,104.9666859,KAMIS GENAP
REKI YULIANDRI,329154,Weekly,"(-5.4066, 105.08063)",TK.ANEK,JL.PTPN VII RT.2/11 NO.21 KEL.CIPADANG KEC.GEDONG TATAAN,JUMAT,C051,188,082185053476,,2051626,Cipadang Gedong Tata,35371,35371,LAMPUNG,Z00,0,3006,5.0,2,69,77,01.02.2026,2017-01-20 00:00:00,90052353,90051817,0 ,0 ,0 ,0 ,0 ,0 ,0 ,0 ,08:00:00,08:00:00,0 ,0 ,-5.4063763,105.0807167,RABU
REKI YULIANDRI,330468,Ganjil,"(-5.32942, 105.06168)",TK.RIGAN,DSN.MATARAM RT.1/1 NO.203 GADING RE,KAMIS GANJIL,C051,188,085269380714,,2051011,Gading Rejo,35372,35372,LAMPUNG,Z00,0,3006,5.0,2,58,77,29.04.2026,2019-03-08 00:00:00,90052353,90052353,0 ,0 ,0 ,0 ,0 ,0 ,08:00:00,0 ,0 ,0 ,0 ,0 ,-5.338734,105.037555,SABTU GANJIL
REKI YULIANDRI,3345003,Genap,"(-5.3767, 105.10915)",TK.SRC MBA TAS,JL.BAGELEN V RT.2/1 KEL.BAGELEN KEC.GEDONG TATAAN,SELASA GENAP,C051,188,085865367343,,2051156,Gedong Tata'an,35366,35366,LAMPUNG,Z00,0,3006,5.0,2,69,77,01.02.2026,2023-05-27 00:00:00,90052353,90052353,0 ,0 ,0 ,08:00:00,0 ,0 ,0 ,0 ,0 ,0 ,0 ,0 ,-5.376914,105.109179,SENIN GENAP
REKI YULIANDRI,3349239,Ganjil,"(-5.39115, 105.05897)",WR.AFNAN,JL.KEBUDAYAAN RT.2/5 KEL.WONODADI KEC.GADING REJO,KAMIS GANJIL,C051,188,085273261404,,2051011,Gading Rejo,35372,35372,LAMPUNG,Z00,0,3006,5.0,2,42,77,30.03.2026,2023-05-28 00:00:00,90052353,90052353,0 ,0 ,0 ,0 ,0 ,0 ,08:00:00,0 ,0 ,0 ,0 ,0 ,-5.378681,105.052004,RABU GANJIL
REKI YULIANDRI,3392229,Ganjil,"(-5.39576, 105.02377)",WR.LAS,JL.KH GHOLIB RT.3/5 GG.PANDA KEL.PRINGSEWU UTARA,JUMAT GANJIL,C051,188,081803525011,,2051036,Pringsewu,35673,35673,LAMPUNG,Z00,0,3006,5.0,2,69,77,01.02.2026,2023-06-07 00:00:00,90052353,90052353,0 ,0 ,0 ,0 ,0 ,0 ,0 ,0 ,08:00:00,0 ,0 ,0 ,-5.343026,104.979068,SENIN GANJIL
REKI YULIANDRI,347792,Genap,"(-5.37967, 105.10718)",RENO-NUR,JL.SUKARAJA RT.4 NO.16 KEL.SUKARAJA KEC.GEDONG TATAAN,SELASA GENAP,C051,188,085840060541,,2051156,Gedong Tata'an,35366,35366,LAMPUNG,Z12,2481193,3006,1.0,2,69,77,01.02.2026,2017-08-01 00:00:00,90052353,90052353,0 ,0 ,0 ,08:00:00,0 ,0 ,0 ,0 ,0 ,0 ,0 ,0 ,-5.3797633,105.1072167,SENIN GENAP
REKI YULIANDRI,348472,Ganjil,"(-5.37597, 105.06896)",WR.CS,JL.RAYA GADING REJO RT.2 NO.21 KEL/KEC.GADING REJO SMPG SMP,SELASA GANJIL,C051,188,082175308341,,2051011,Gading Rejo,35372,35372,LAMPUNG,Z12,2000000,3006,1.0,2,14,77,11.03.2026,2017-08-05 00:00:00,90052353,90052353,0 ,0 ,08:00:00,0 ,0 ,0 ,0 ,0 ,0 ,0 ,0 ,0 ,-5.3750583,105.0637983,RABU GANJIL
REKI YULIANDRI,3546638,Weekly,"(-5.48337, 105.01236)",TK.LULU,JL.RAYA PADANG CERMIN RT.9-11 KEL-KEC.KEDONDONG,SENIN,C051,188,088287897122,,2051016,Kedondong,35368,35368,LAMPUNG,Z00,0,3006,5.0,2,58,77,28.01.2026,2024-10-08 00:00:00,90052353,90051929,08:00:00,08:00:00,0 ,0 ,0 ,0 ,0 ,0 ,0 ,0 ,0 ,0 ,-5.483218,105.012496,SENIN
REKI YULIANDRI,355700,Genap,"(-5.43323, 104.9669)",TK.MBAK YUS,JL.AMBARAWA RT.7 NO.11 KEL.MARGODADI KEC.AMBARAWA,SELASA GENAP,C051,188,081396299018,,2051057,Sumber Agung,35372,35372,BANDAR LAMPUNG,Z00,0,3006,5.0,2,69,77,27.04.2026,2017-10-23 00:00:00,90052353,90052353,0 ,0 ,0 ,08:00:00,0 ,0 ,0 ,0 ,0 ,0 ,0 ,0 ,-5.38735,104.960507,SELASA GENAP
REKI YULIANDRI,356714,Ganjil,"(-5.39576, 105.02377)",TK.BU WIJI,JL.HJ.KHOLIP GG.KEPUDEN RT.5 NO.33 KEL/KEC.PRINGSEWU,JUMAT GANJIL,C051,188,085279734210,,2051036,Pringsewu,35673,35673,BANDAR LAMPUNG,Z12,2000000,3006,1.0,2,69,77,01.02.2026,2017-11-01 00:00:00,90052353,90052353,0 ,0 ,0 ,0 ,0 ,0 ,0 ,0 ,08:00:00,0 ,0 ,0 ,-5.3467233,104.978655,SENIN GANJIL
REKI YULIANDRI,356719,Ganjil,"(-5.35893, 105.07606)",TK.IYOK,JL.TEGALSARI RT.15 NO.12 KEL.TEGALSARI KEC.GADING REJO,SABTU GANJIL,C051,188,081541485299,,2051011,Gading Rejo,35372,35372,BANDAR LAMPUNG,Z00,0,3006,5.0,2,14,77,01.02.2026,2017-11-01 00:00:00,90052353,90052353,0 ,0 ,0 ,0 ,0 ,0 ,0 ,0 ,0 ,0 ,08:00:00,0 ,-5.35987,105.0618,RABU GANJIL
REKI YULIANDRI,357705,Ganjil,"(-5.41546, 105.01074)",TK.NANANG,JL.PAREREJO RT.4/2 NO.37 KEL.PAREREJO KEC.GADING REJO,SENIN GANJIL,C051,188,085839145525,081541301217,2051268,Dusun Parerejo,35372,35372,BANDAR LAMPUNG,Z14,2000000,3006,1.0,2,14,77,29.04.2026,2017-11-07 00:00:00,90052353,90052353,08:00:00,0 ,0 ,0 ,0 ,0 ,0 ,0 ,0 ,0 ,0 ,0 ,-5.4103637,104.9953121,JUMAT GANJIL
REKI YULIANDRI,357714,Ganjil,"(-5.35511, 105.07588)",TK.SUSI,JL.TEGAL SARI RT.4 NO.53 KEL.TEGAL SARI KEC.GADING REJO,SABTU GANJIL,C051,188,081279521908,,2051011,Gading Rejo,35372,35372,BANDAR LAMPUNG,Z00,0,3006,5.0,2,69,77,01.02.2026,2017-11-07 00:00:00,90052353,90052353,0 ,0 ,0 ,0 ,0 ,0 ,0 ,0 ,0 ,0 ,08:00:00,0 ,-5.3560617,105.061715,RABU GANJIL
REKI YULIANDRI,3577912,Genap,"(-5.47144, 104.99466)",TK.TEH IDA,JL.RAYA PASAR LAMA KEDONDONG RT.3/1 KEL.WAY KEPAYANG,RABU GENAP,C051,188,082133867771,,2051016,Kedondong,35368,35368,LAMPUNG,Z12,3925531,3006,1.0,2,58,77,29.04.2026,2023-07-10 00:00:00,90052353,90052353,0 ,0 ,0 ,0 ,0 ,08:00:00,0 ,0 ,0 ,0 ,0 ,0 ,-5.47141,104.994525,KAMIS GENAP
REKI YULIANDRI,3577958,Ganjil,"(-5.43501, 105.00962)",WR.MAMI,DSN.GUNUNG REJO RT.2/3 KEL.GUNUNG REJO KEC.WAY LIMA,SENIN GANJIL,C051,188,088287472269,,2051016,Kedondong,35367,35367,LAMPUNG,Z00,0,3006,5.0,2,42,77,30.03.2026,2023-07-10 00:00:00,90052353,90052353,08:00:00,0 ,0 ,0 ,0 ,0 ,0 ,0 ,0 ,0 ,0 ,0 ,-5.436166,105.00895,SELASA GANJIL
REKI YULIANDRI,3577959,Ganjil,"(-5.37419, 105.08205)",WR.ANIS,JL.AHMAD YANI RT.3/2 GG LAP.GLORA KEL.KUTOARJO KEC.GEDONG,SELASA GANJIL,C051,188,085269529952,,2051011,Gading Rejo,35366,35366,LAMPUNG,Z00,0,3006,5.0,2,58,77,01.02.2026,2023-07-10 00:00:00,90052353,90052353,0 ,0 ,08:00:00,0 ,0 ,0 ,0 ,0 ,0 ,0 ,0 ,0 ,-5.374473,105.082053,RABU GANJIL
REKI YULIANDRI,3620338,Weekly,,WR.LATUS,JL MEKAR SARI RT 001 RW 010 NO 3 KEL SINAR HARAPAN,JUMAT,C051,188,082278906543,,2051069,"Padang Cermin, Umbul",35368,35368,LAMPUNG,Z00,0,3006,5.0,2,67,77,20.04.2026,2026-04-20 00:00:00,90052353,90051718,0 ,0 ,0 ,0 ,0 ,0 ,0 ,0 ,08:00:00,08:00:00,0 ,0 ,,,JUMAT
REKI YULIANDRI,362906,Genap,"(-5.3747, 105.0692)",TK.WIWIK,JL.AHMAD YANI RT.3/4 NO.64 KEL.WONODADI KEC.GADING REJO,SELASA GENAP,C051,188,088274224830,085269615884,2051493,Pasar Gadingrejo,35372,35372,LAMPUNG,Z12,2000000,3006,1.0,2,14,77,29.04.2026,2017-12-13 00:00:00,90052353,90051815,0 ,0 ,0 ,08:00:00,0 ,0 ,0 ,0 ,0 ,0 ,0 ,0 ,-5.370177,105.055978,RABU GENAP
REKI YULIANDRI,363712,Ganjil,"(-5.39576, 105.02377)",TK.YUDI,JL.KENANGA II RT.5/2 NO.19 KEL.PRINGSEWU UTARA KEC.PRINGSEWU,SELASA GANJIL,C051,188,085273219334,,2051036,Pringsewu,35673,35673,LAMPUNG,Z12,2635900,3006,1.0,2,69,77,27.04.2026,2017-12-20 00:00:00,90052353,90052353,0 ,0 ,08:00:00,0 ,0 ,0 ,0 ,0 ,0 ,0 ,0 ,0 ,-5.3540701,104.9792135,SENIN GANJIL
REKI YULIANDRI,364278,Ganjil,"(-5.39576, 105.02377)",SRC.RIZKY,JL.KARTINI RT.7 NO.77 KEL/KEC.PRINGSEWU STLH STMIK PRINGSEWU,KAMIS GANJIL,C051,188,082181671444,,2051036,Pringsewu,35673,35673,PRINGSEWU,Z00,0,3006,5.0,2,14,77,16.04.2026,2018-01-02 00:00:00,90052353,90052353,0 ,0 ,0 ,0 ,0 ,0 ,08:00:00,0 ,0 ,0 ,0 ,0 ,-5.3579,104.97089,SENIN GANJIL
REKI YULIANDRI,364282,Genap,"(-5.39576, 105.02377)",TK.AGUS A,JL.MAWAR 1 RT.5 NO.86 KEL/KEC.PRINGSEWU SMPG GEDUNG WALET,SENIN GENAP,C051,188,081314866770,,2051036,Pringsewu,35673,35673,PRINGSEWU,Z12,2000000,3006,1.0,2,14,77,01.02.2026,2018-01-02 00:00:00,90052353,90052353,0 ,08:00:00,0 ,0 ,0 ,0 ,0 ,0 ,0 ,0 ,0 ,0 ,-5.361023,104.979018,KAMIS GENAP
REKI YULIANDRI,365681,Genap,"(-5.39576, 105.02377)",TK.NISA,JL.MAWAR RT.1 NO.19 KEL/KEC.PRINGSEWU DPN PANGLONG KAYU,SENIN GENAP,C051,188,085273089182,,2051036,Pringsewu,35673,35673,PRINGSEWU,Z12,2000000,3006,1.0,2,14,77,31.08.2025,2018-01-15 00:00:00,90052353,90052353,0 ,08:00:00,0 ,0 ,0 ,0 ,0 ,0 ,0 ,0 ,0 ,0 ,-5.360805,104.9817567,KAMIS GENAP
REKI YULIANDRI,368670,Ganjil,"(-5.41066, 105.01164)",WR.NIKEN,DSN.CONDONG SARI RT.6/3 NO.31 KEL.S,SENIN GANJIL,C051,188,085279042825,,2051268,Dusun Parerejo,35367,35367,LAMPUNG,Z00,0,3006,5.0,2,14,77,29.04.2026,2018-02-05 00:00:00,90052353,90052353,08:00:00,0 ,0 ,0 ,0 ,0 ,0 ,0 ,0 ,0 ,0 ,0 ,-5.4095783,105.008995,JUMAT GANJIL
REKI YULIANDRI,368690,Ganjil,"(-5.3747, 105.0692)",WR.MBAK NUR,JL.PENDIDIKAN RT.4 NO.10 KEL.WONODADI KEC.GADING REJO,SABTU GANJIL,C051,188,082281993482,,2051011,Gading Rejo,35372,35372,GADING REJO,Z00,0,3006,5.0,2,58,77,09.01.2026,2018-02-05 00:00:00,90052353,90052353,0 ,0 ,0 ,0 ,0 ,0 ,0 ,0 ,0 ,0 ,08:00:00,0 ,-5.3693066,105.0569449,RABU GANJIL
REKI YULIANDRI,368691,Ganjil,"(-5.35511, 105.07588)",TK.JELITA,JL.KOPTU ALAM BASYA RT.1 NO.2 KEL.PURWOREJO KEC.NEGERI,SABTU GANJIL,C051,188,085840674522,,2051011,Gading Rejo,35372,35372,GADING REJO,Z00,0,3006,5.0,2,69,77,01.02.2026,2018-02-05 00:00:00,90052353,90052353,0 ,0 ,0 ,0 ,0 ,0 ,0 ,0 ,0 ,0 ,08:00:00,0 ,-5.34964,105.0764,RABU GANJIL
REKI YULIANDRI,371062,Weekly,"(-5.39742, 105.03867)",WR.SUDI-IBNU JAYA,DSN.KURIPAN SIDODADI RT.5/2 NO.16 KEL.SIDODADI KEC.WAY LIMA,RABU,C051,188,085381474331,085381474331,2051268,Dusun Parerejo,35372,35372,PRINGSEWU,Z12,2000000,3006,1.0,2,14,77,15.12.2025,2018-02-24 00:00:00,90052353,90052135,0 ,0 ,0 ,0 ,08:00:00,08:00:00,0 ,0 ,0 ,0 ,0 ,0 ,-5.39563,105.03865,JUMAT
REKI YULIANDRI,371518,Genap,"(-5.37975, 105.10948)",,JL.A.YANI RT.2/6 NO.54 KEL-KEC.GEDONG TATAAN DPN SMP 1,SELASA GENAP,C051,188,085269657516,,2051156,Gedong Tata'an,35371,35371,GEDONG TATAAN,Z00,0,3006,5.0,2,69,77,01.02.2026,2018-03-02 00:00:00,90052353,90052353,0 ,0 ,0 ,08:00:00,0 ,0 ,0 ,0 ,0 ,0 ,0 ,0 ,-5.379508,105.1092537,SENIN GENAP
REKI YULIANDRI,371881,Genap,"(-5.3747, 105.0692)",SRC.AGUS,JL.DEWI RATIH 1 RT.2/5 NO.19 KEL/KEC.GADING REJO,SELASA GENAP,C051,188,0895609901273,,2051493,Pasar Gadingrejo,35372,35372,LAMPUNG,Z12,2000000,3006,1.0,2,14,77,01.02.2026,2018-03-06 00:00:00,90052353,90052438,0 ,0 ,0 ,08:00:00,0 ,0 ,0 ,0 ,0 ,0 ,0 ,0 ,-5.3714382,105.061865,RABU GENAP
REKI YULIANDRI,373662,Genap,"(-5.3747, 105.0692)",TK.FITRONI,JL.TULUNG AGUNG RT.3/1 NO.41 KEL.TU,SELASA GENAP,C051,188,082186931352,,2051011,Gading Rejo,35372,35372,LAMPUNG,Z00,0,3006,5.0,2,14,77,29.04.2026,2020-01-08 00:00:00,90052353,90051815,0 ,0 ,0 ,08:00:00,0 ,0 ,0 ,0 ,0 ,0 ,0 ,0 ,-5.35934,105.04541,RABU GENAP
REKI YULIANDRI,378442,Genap,"(-5.39576, 105.02377)",TK.DWI,JL.SATRIA RT.1/1 NO.52 KEL.PRINGSEWU BARAT KEC.PRINGSEWU,SABTU GENAP,C051,188,+6285366138276,,2051036,Pringsewu,35673,35673,LAMPUNG,Z00,0,3006,5.0,2,14,77,27.04.2026,2018-05-17 00:00:00,90052353,90052353,0 ,0 ,0 ,0 ,0 ,0 ,0 ,0 ,0 ,0 ,0 ,08:00:00,-5.350095,104.974404,KAMIS GENAP
REKI YULIANDRI,3802152,Weekly,"(-5.47683, 104.9672)",TK.ALBI,DSN 2 RT 007 RW 003 KEL KOTA JAWA KEC WAY KHILAU,JUMAT,C051,188,085771154314,,2051270,Gunung Sari (Pesawar,35381,35381,LAMPUNG,Z00,0,3006,5.0,2,69,77,30.09.2025,2025-07-15 00:00:00,90052353,90052135,0 ,0 ,0 ,0 ,0 ,0 ,0 ,0 ,08:00:00,08:00:00,0 ,0 ,-5.476869,104.967263,SELASA
REKI YULIANDRI,3816038,Genap,"(-5.35511, 105.07588)",WR.RAIHAN,JL.TEGAL SARI RT.01/02 KEL.TEGAL SARI KEC.GADING REJO,JUMAT GENAP,C051,188,081379320239,,2051011,Gading Rejo,35372,35372,LAMPUNG,Z00,0,3006,5.0,2,14,77,01.02.2026,2023-08-16 00:00:00,90052353,90052353,0 ,0 ,0 ,0 ,0 ,0 ,0 ,0 ,0 ,08:00:00,0 ,0 ,-5.349283,105.066627,RABU GENAP
REKI YULIANDRI,3958818,Genap,"(-5.39576, 105.02377)",WR.BILLA,JL.OLAHRAGA.862 RT.3/2 KEL.PRINGSEWU BARAT KEC.PRINGSEWU,SELASA GENAP,C051,188,082281109997,,2051036,Pringsewu,35372,35372,LAMPUNG,Z00,0,3006,5.0,2,14,77,27.04.2026,2023-09-11 00:00:00,90052353,90052353,0 ,0 ,0 ,08:00:00,0 ,0 ,0 ,0 ,0 ,0 ,0 ,0 ,-5.351097,104.969146,KAMIS GENAP
REKI YULIANDRI,4088201,Genap,"(-5.43323, 104.9669)",MENTARI FROZEN FOOD,JL.RAYA MARGODADI RT.1-1 KEL-KEC.AMBARAWA,SELASA GENAP,C051,188,085367268201,,2051002,Ambarawa,35376,35376,LAMPUNG,Z00,0,3006,5.0,2,14,77,27.04.2026,2023-10-04 00:00:00,90052353,90052353,0 ,0 ,0 ,08:00:00,0 ,0 ,0 ,0 ,0 ,0 ,0 ,0 ,-5.410744,104.960322,SELASA GENAP
REKI YULIANDRI,4088420,Genap,"(-5.39879, 105.09594)",WR.DAMAI,DSN.BOGOREJO RT.2-5 KEL.BOGOREJO KEC.GEDUNG TATAAN,KAMIS GENAP,C051,188,08877713079,,2051156,Gedong Tata'an,35366,35366,LAMPUNG,Z00,0,3006,5.0,2,14,77,01.02.2026,2023-10-04 00:00:00,90052353,90052353,0 ,0 ,0 ,0 ,0 ,0 ,0 ,08:00:00,0 ,0 ,0 ,0 ,-5.39862,105.095704,JUMAT GENAP
REKI YULIANDRI,425218,Ganjil,"(-5.32942, 105.06168)",TK.BAGUS,JL.RY.JOGJAKARTA RT.2/5 NO.18 KEL/KEC.GADING REJO,KAMIS GANJIL,C051,188,085377501780,,2051011,Gading Rejo,35372,35372,LAMPUNG,Z12,2827473,3006,1.0,2,69,77,27.04.2026,2018-08-06 00:00:00,90052353,90052353,0 ,0 ,0 ,0 ,0 ,0 ,08:00:00,0 ,0 ,0 ,0 ,0 ,-5.3364755,105.0433547,SABTU GANJIL
REKI YULIANDRI,4295442,Ganjil,"(-5.45615, 105.00416)",WR.DAYAT,DSN.GUNUNG SUGIH RT.4/2 KEL.GUNUNG SUGIH KEC.KEDONDONG,SENIN GANJIL,C051,188,085809123320,,2051016,Kedondong,35368,35368,LAMPUNG,Z00,0,3006,5.0,2,69,77,01.02.2026,2023-11-11 00:00:00,90052353,90052353,08:00:00,0 ,0 ,0 ,0 ,0 ,0 ,0 ,0 ,0 ,0 ,0 ,-5.4561534,105.0041512,SELASA GANJIL
REKI YULIANDRI,429856,Genap,"(-5.37647, 105.06885)",WR.BU WARSINI-SISKA,JL.SRIKANDI RT.1/4 NO.35 KEL/KEC.GADING REJO,RABU GENAP,C051,188,082280641771,,2051493,Pasar Gadingrejo,35372,35372,LAMPUNG,Z00,0,3006,5.0,2,69,77,29.04.2026,2018-09-20 00:00:00,90052353,90051815,0 ,0 ,0 ,0 ,0 ,08:00:00,0 ,0 ,0 ,0 ,0 ,0 ,-5.3759183,105.0618133,RABU GENAP
REKI YULIANDRI,4312931,Genap,"(-5.46886, 104.97238)",TK.MATSURI,KOTA JAWA RT.RW 016/005,RABU GENAP,C051,188,085709752774,,2051016,Kedondong,35368,35368,LAMPUNG,Z00,0,3006,5.0,2,58,77,09.01.2026,2023-11-15 00:00:00,90052353,90052353,0 ,0 ,0 ,0 ,0 ,08:00:00,0 ,0 ,0 ,0 ,0 ,0 ,-5.4686865,104.9723328,SELASA GENAP
REKI YULIANDRI,4312932,Genap,"(-5.47843, 104.98911)",WR.MAHDON,KUBU BATU RT/RW 004/003,RABU GENAP,C051,188,082269750799,,2051016,Kedondong,35368,35368,LAMPUNG,Z00,0,3006,5.0,2,14,77,31.08.2025,2023-11-15 00:00:00,90052353,90052353,0 ,0 ,0 ,0 ,0 ,08:00:00,0 ,0 ,0 ,0 ,0 ,0 ,-5.4784142,104.9892236,SENIN GENAP
REKI YULIANDRI,4314027,Genap,"(-5.49718, 104.96479)",WR.TITO,JL.RAYA KEDONDONG SUKAJAYA,RABU GENAP,C051,188,085783190904,,2051016,Kedondong,35368,35368,LAMPUNG,Z00,0,3006,5.0,2,69,77,11.01.2026,2023-11-15 00:00:00,90052353,90052353,0 ,0 ,0 ,0 ,0 ,08:00:00,0 ,0 ,0 ,0 ,0 ,0 ,-5.4972671,104.9646001,SELASA GENAP
REKI YULIANDRI,4314028,Genap,"(-5.46259, 104.98163)",WR.RINDU,TANJUNG REJO RT/RW 010/004,RABU GENAP,C051,188,088286035816,,2051016,Kedondong,35368,35368,LAMPUNG,Z00,0,3006,5.0,2,14,77,31.08.2025,2023-11-15 00:00:00,90052353,90052353,0 ,0 ,0 ,0 ,0 ,08:00:00,0 ,0 ,0 ,0 ,0 ,0 ,-5.46244,104.981666,SELASA GENAP
REKI YULIANDRI,4318533,Genap,"(-5.46614, 105.00195)",WR.AULIA FROZEN,JL.PADANG CERMIN - GEDUNG TATAAN KEL.PASAR BARU KEC.KEDONDON,RABU GENAP,C051,188,+6289525767312,,2051016,Kedondong,35368,35368,LAMPUNG,Z00,0,3006,5.0,2,69,77,25.02.2026,2023-11-16 00:00:00,90052353,90052353,0 ,0 ,0 ,0 ,0 ,08:00:00,0 ,0 ,0 ,0 ,0 ,0 ,-5.465898,105.001823,JUMAT GENAP
REKI YULIANDRI,4318534,Ganjil,"(-5.47375, 105.00836)",WR.ALIYA,JL.TEMPEL REJO SUKAJADI KEL.KEDONDONG KEC.KEDONDONG,RABU GANJIL,C051,188,085609564653,,2051016,Kedondong,35368,35368,LAMPUNG,Z00,0,3006,5.0,2,69,77,11.01.2026,2023-11-16 00:00:00,90052353,90052353,0 ,0 ,0 ,0 ,08:00:00,0 ,0 ,0 ,0 ,0 ,0 ,0 ,-5.473504,105.00815,SELASA GANJIL
REKI YULIANDRI,434692,Weekly,"(-5.37607, 105.0973)",TK.AGUS,JL.SATRIA RT.5 NO.18 KEL.BAGELEN 2 KEC.GEDONG TATAAN,SENIN,C051,188,082372968222,,2051156,Gedong Tata'an,35371,35371,LAMPUNG,Z12,2640204,3006,1.0,2,58,77,02.04.2026,2022-04-06 00:00:00,90052353,90051817,08:00:00,08:00:00,0 ,0 ,0 ,0 ,0 ,0 ,0 ,0 ,0 ,0 ,-5.376244,105.097843,RABU
REKI YULIANDRI,4352137,Ganjil,"(-5.48216, 105.01045)",WR.YUNITA,JL.RAYA SIMPANG RT.3 KEL.WAY RATAI KEC.KEDONDONG,RABU GANJIL,C051,188,085838431494,,2051016,Kedondong,35368,35368,LAMPUNG,Z00,0,3006,5.0,2,58,77,09.01.2026,2023-11-22 00:00:00,90052353,90052353,0 ,0 ,0 ,0 ,08:00:00,0 ,0 ,0 ,0 ,0 ,0 ,0 ,-5.4821408,105.0103561,SELASA GANJIL
REKI YULIANDRI,439508,Ganjil,"(-5.25893, 105.02571)",GABE JAYA N M,JL.RY.SUKOHARJO 3 RT.2/4 NO.27 KEL-KEC.SUKOHARJO,SENIN GANJIL,C051,188,085268738080,,2051223,Sukoharjo,35674,35674,LAMPUNG,Z12,5123692,3006,1.0,2,58,77,29.04.2026,2019-02-21 00:00:00,90052353,90051815,08:00:00,0 ,0 ,0 ,0 ,0 ,0 ,0 ,0 ,0 ,0 ,0 ,-5.296532,104.984893,SENIN GANJIL
REKI YULIANDRI,4435016,Ganjil,"(-5.49914, 104.99038)",WR.BU ROS,DSN.KUBU BATU RT.13/8 KEL.KUBU BATU KEC.WAY KHILAU,RABU GANJIL,C051,188,085366968146,,2051156,Gedong Tata'an,35368,35368,LAMPUNG,Z00,0,3006,5.0,2,69,77,01.02.2026,2023-12-10 00:00:00,90052353,90052353,0 ,0 ,0 ,0 ,08:00:00,0 ,0 ,0 ,0 ,0 ,0 ,0 ,-5.498968,104.99041,SELASA GANJIL
REKI YULIANDRI,4435017,Ganjil,"(-5.49893, 104.99101)",WR.TEH JARNI,DSN.KUBU BATU RT.13/9 KEL.KUBU BATU KEC.WAY KHILAU,RABU GANJIL,C051,188,+6285769376051,,2051156,Gedong Tata'an,35368,35368,LAMPUNG,Z00,0,3006,5.0,2,69,77,18.02.2026,2023-12-10 00:00:00,90052353,90052353,0 ,0 ,0 ,0 ,08:00:00,0 ,0 ,0 ,0 ,0 ,0 ,0 ,-5.498361,104.990608,SELASA GANJIL
REKI YULIANDRI,4435020,Genap,"(-5.47365, 104.99271)",WR.LIZA,DSN.WAY KEPAYANG RT.3/1 KEL.WAY KEPAYANG KEC.KEDONDONG,RABU GENAP,C051,188,085865652320,,2051016,Kedondong,35368,35368,LAMPUNG,Z00,0,3006,5.0,2,42,77,30.03.2026,2023-12-10 00:00:00,90052353,90052353,0 ,0 ,0 ,0 ,0 ,08:00:00,0 ,0 ,0 ,0 ,0 ,0 ,-5.4735489,104.9927129,SENIN GENAP
REKI YULIANDRI,4441961,Genap,"(-5.47243, 104.97084)",WR.DIAN,DSN.PODOMORO RT.11/4 KEL.KOTA JAWA KEC.WAY KHILAU,RABU GENAP,C051,188,088269012776,,2051016,Kedondong,35368,35364,LAMPUNG,Z00,0,3006,5.0,2,69,77,11.01.2026,2023-12-14 00:00:00,90052353,90052353,0 ,0 ,0 ,0 ,0 ,08:00:00,0 ,0 ,0 ,0 ,0 ,0 ,-5.4723731,104.9707902,SELASA GENAP
REKI YULIANDRI,446447,Ganjil,"(-5.39576, 105.02377)",WR.ARSYA,JL.KESEHATAN RT.5/1 NO.137 DS.PODOMORO KEL.PODOMORO,SELASA GANJIL,C051,188,085378788353,,2051036,Pringsewu,35673,35673,LAMPUNG,Z00,0,3006,5.0,2,14,77,27.04.2026,2019-02-19 00:00:00,90052353,90052353,0 ,0 ,08:00:00,0 ,0 ,0 ,0 ,0 ,0 ,0 ,0 ,0 ,-5.3491,104.991,SENIN GANJIL
REKI YULIANDRI,446451,Ganjil,"(-5.39576, 105.02377)",WR.NENDA,JL.KESEHATAN RT.8/1 NO.16 DSN.PODOMORO I KEL.PODOMORO,SELASA GANJIL,C051,188,085369557347,,2051036,Pringsewu,35673,35673,LAMPUNG,Z00,0,3006,5.0,2,14,77,27.04.2026,2019-02-20 00:00:00,90052353,90052353,0 ,0 ,08:00:00,0 ,0 ,0 ,0 ,0 ,0 ,0 ,0 ,0 ,-5.348372,104.990258,KAMIS GANJIL
REKI YULIANDRI,446521,Ganjil,"(-5.39576, 105.02377)",WR.MARYATI,JL.LAP.MEGARIA RT.5/2 NO.13 KEL.PODOMORO KEC.PRINGSEWU,SELASA GANJIL,C051,188,085768828762,,2051036,Pringsewu,35673,35673,LAMPUNG,Z00,0,3006,5.0,2,69,77,27.04.2026,2019-02-20 00:00:00,90052353,90052353,0 ,0 ,08:00:00,0 ,0 ,0 ,0 ,0 ,0 ,0 ,0 ,0 ,-5.347185,104.98791,KAMIS GANJIL
REKI YULIANDRI,4493544,Genap,"(-5.43323, 104.9669)",SRC.KM,DSN.MARGOREJO RT.8-2 KEL.MARGODADI KEC.AMBARAWA,SELASA GENAP,C051,188,085609338353,,2051002,Ambarawa,35376,35376,LAMPUNG,Z00,0,3006,5.0,2,14,77,29.04.2026,2024-03-06 00:00:00,90052353,90052353,0 ,0 ,0 ,08:00:00,0 ,0 ,0 ,0 ,0 ,0 ,0 ,0 ,-5.387028,104.964569,SELASA GENAP
REKI YULIANDRI,4542867,Genap,"(-5.41066, 105.01164)",WR.DEA,DSN.PRINGSEWU SELATAN RT.9/4 KEL.PRINGSEWU SELATAN KEC.PRING,SENIN GENAP,C051,188,081363443646,,2051002,Ambarawa,35373,35373,LAMPUNG,Z00,0,3006,5.0,2,14,77,01.02.2026,2024-01-25 00:00:00,90052353,90052353,0 ,08:00:00,0 ,0 ,0 ,0 ,0 ,0 ,0 ,0 ,0 ,0 ,-5.3655379,104.9695259,KAMIS GENAP
REKI YULIANDRI,460742,Ganjil,"(-5.36504, 105.09188)",WR.TONI,JL.BRANTI RAYA RT.1/1 NO.117 KEL-KEC.GADING REJO,SABTU GANJIL,C051,188,085268518238,,2051011,Gading Rejo,35672,35672,LAMPUNG,Z00,0,3006,5.0,2,58,77,01.02.2026,2019-07-23 00:00:00,90052353,90052353,0 ,0 ,0 ,0 ,0 ,0 ,0 ,0 ,0 ,0 ,08:00:00,0 ,-5.3649667,105.0917983,RABU GANJIL
REKI YULIANDRI,464058,Genap,"(-5.38331, 105.1077)",WR.AMAT,JL.A.YANI PERUM.WARKOP INDAH SUKARAJA VIII RT.1/8 NO.92,SELASA GENAP,C051,188,085380578114,,2051156,Gedong Tata'an,35366,35366,LAMPUNG,Z00,0,3006,5.0,2,69,77,01.02.2026,2019-08-24 00:00:00,90052353,90052353,0 ,0 ,0 ,08:00:00,0 ,0 ,0 ,0 ,0 ,0 ,0 ,0 ,-5.3827617,105.1104733,SENIN GENAP
REKI YULIANDRI,465683,Ganjil,"(-5.40828, 105.03565)",WR.SIGIT,DSN.JEMBANGAN RT.11-8 NO.46 KEL.SIDODADI KEC.WAY LIMA,SENIN GANJIL,C051,188,082280246526,,2051268,Dusun Parerejo,35372,35372,LAMPUNG,Z00,0,3006,5.0,2,69,77,29.04.2026,2019-09-09 00:00:00,90052353,90052353,08:00:00,0 ,0 ,0 ,0 ,0 ,0 ,0 ,0 ,0 ,0 ,0 ,-5.4085862,105.0357756,JUMAT GANJIL
REKI YULIANDRI,466199,Weekly,"(-5.32942, 105.06168)",WR.TARI,DSN.MATARAM II RT.1/4 NO.87 KEL.MAT,SELASA,C051,188,085840748856,,2051011,Gading Rejo,35372,35372,LAMPUNG,Z00,0,3006,5.0,2,69,77,01.02.2026,2019-09-12 00:00:00,90052353,90052135,0 ,0 ,08:00:00,08:00:00,0 ,0 ,0 ,0 ,0 ,0 ,0 ,0 ,-5.3316841,105.041446,SABTU
REKI YULIANDRI,472214,Genap,"(-5.39576, 105.02377)",SRC ALIFA,DSN BULUSARI RT.8/8 NO.3 KEL.BULOKARTO KEC.GADING REJO,SENIN GENAP,C051,188,085268106000,,2051036,Pringsewu,35372,35372,LAMPUNG,Z00,0,3006,5.0,2,14,77,31.08.2025,2019-10-22 00:00:00,90052353,90052353,0 ,08:00:00,0 ,0 ,0 ,0 ,0 ,0 ,0 ,0 ,0 ,0 ,-5.347237,105.004874,KAMIS GENAP
REKI YULIANDRI,4722644,Genap,"(-5.39576, 105.02377)",FOTOCOPY RICO,JL.MEKAR SARI RT.3/4 KEL.JOYAKARTA KEC.GADING REJO,SENIN GENAP,C051,188,082183581984,,2051036,Pringsewu,35372,35372,LAMPUNG,Z00,0,3006,5.0,2,14,77,01.02.2026,2024-03-13 00:00:00,90052353,90052353,0 ,08:00:00,0 ,0 ,0 ,0 ,0 ,0 ,0 ,0 ,0 ,0 ,-5.3462478,105.0059942,KAMIS GENAP
REKI YULIANDRI,4722645,Ganjil,"(-5.39567, 105.03402)",TK.ANDIN,DSN.TAMBAH REJO RT.7/4 KEL.TAMBAH REJO KEC.GADING REJO,KAMIS GANJIL,C051,188,088274022397,,2051011,Gading Rejo,35372,35372,LAMPUNG,Z00,0,3006,5.0,2,58,77,27.04.2026,2024-03-13 00:00:00,90052353,90052353,0 ,0 ,0 ,0 ,0 ,0 ,08:00:00,0 ,0 ,0 ,0 ,0 ,-5.379106,105.0336333,KAMIS GANJIL
REKI YULIANDRI,473037,Weekly,"(-5.41516, 105.06492)",TK.SUKISMAN,DSN.CIERIH RT.3/9 NO.9 KEL.CIPADANG KEC.GEDONG TATAAN,RABU,C051,188,082175659280,,2051626,Cipadang Gedong Tata,35371,35367,LAMPUNG,Z00,0,3006,5.0,2,13,77,01.02.2026,2023-08-16 00:00:00,90052353,90051929,0 ,0 ,0 ,0 ,08:00:00,08:00:00,0 ,0 ,0 ,0 ,0 ,0 ,-5.414767,105.065805,JUMAT
REKI YULIANDRI,478292,Genap,"(-5.43323, 104.9669)",TK.DWI,DS.AMBARAWA BARAT RT.1/2 NO.24 KEL.AMBARAWA BARAT,SELASA GENAP,C051,188,085279741625,,2051036,Pringsewu,35373,35373,LAMPUNG,Z00,0,3006,5.0,2,69,77,27.04.2026,2019-12-04 00:00:00,90052353,90052353,0 ,0 ,0 ,08:00:00,0 ,0 ,0 ,0 ,0 ,0 ,0 ,0 ,-5.409091,104.951413,SELASA GENAP
REKI YULIANDRI,480566,Ganjil,"(-5.27201, 105.03554)",WR.WARTINI,JL.RY.SUKOHARJO I RT.1/4 NO.43 KEL-KEC.SUKOHARJO,JUMAT GANJIL,C051,188,082185075786,,2051223,Sukoharjo,35674,35674,LAMPUNG,Z12,2000000,3006,1.0,2,69,77,29.04.2026,2020-02-20 00:00:00,90052353,90052353,0 ,0 ,0 ,0 ,0 ,0 ,0 ,0 ,08:00:00,0 ,0 ,0 ,-5.32323,104.98942,SENIN GANJIL
REKI YULIANDRI,484494,Ganjil,"(-5.39742, 105.03867)",LIA,JL.RY WONOSARI RT.6/3 NO.3 KEL.WONOSARI KEC.GADING REJO,SENIN GANJIL,C051,188,085267046204,,2051268,Dusun Parerejo,35372,35372,LAMPUNG,Z00,0,3006,5.0,2,14,77,29.04.2026,2020-02-29 00:00:00,90052353,90052353,08:00:00,0 ,0 ,0 ,0 ,0 ,0 ,0 ,0 ,0 ,0 ,0 ,-5.3872516,105.0432489,JUMAT GANJIL
REKI YULIANDRI,486194,Genap,"(-5.43323, 104.9669)",WR.QUINTA,DSN.AMBARAWA RT.3/1 NO.7 GG.WIRA BAKTI KEL-KEC.AMBARAWA,SELASA GENAP,C051,188,085768394091,,2051002,Ambarawa,35373,35373,LAMPUNG,Z12,2000000,3006,1.0,2,14,77,27.04.2026,2020-01-18 00:00:00,90052353,90052353,0 ,0 ,0 ,08:00:00,0 ,0 ,0 ,0 ,0 ,0 ,0 ,0 ,-5.409717,104.954609,SELASA GENAP
REKI YULIANDRI,486970,Genap,"(-5.38589, 105.0979)",WR.DERI,JL.SRIYONO DUSUN I BOGOREJO RT.1/1 NO.12 KEL.BOGOREJO,SELASA GENAP,C051,188,082376050888,,2051156,Gedong Tata'an,35371,35371,LAMPUNG,Z00,0,3006,5.0,2,69,77,01.02.2026,2020-01-23 00:00:00,90052353,90052353,0 ,0 ,0 ,08:00:00,0 ,0 ,0 ,0 ,0 ,0 ,0 ,0 ,-5.3859687,105.0979856,RABU GENAP
REKI YULIANDRI,487255,Weekly,"(-5.4068, 105.05866)",TK.PANDAWA,JL.RAYA KEDONDONG RT.2/2 NO.9 KEL.WAY LAYAP,JUMAT,C051,188,082282004005,,2051626,Cipadang Gedong Tata,35381,35381,LAMPUNG,Z12,2163102,3006,1.0,2,69,77,13.04.2026,2022-12-11 00:00:00,90052353,90051817,0 ,0 ,0 ,0 ,0 ,0 ,0 ,0 ,08:00:00,08:00:00,0 ,0 ,-5.406672,105.058708,JUMAT
REKI YULIANDRI,487568,Ganjil,"(-5.39576, 105.02377)",TK.FIFA JAYA,JL.STM BULU REJO RT.2/1 NO.88 KEL.BULU REJO KEC.GADING REJO,KAMIS GANJIL,C051,188,082379532221,082379532221,2051011,Gading Rejo,35372,35372,LAMPUNG,Z12,3229631,3006,1.0,2,69,77,29.04.2026,2023-09-27 00:00:00,90052353,90052353,0 ,0 ,0 ,0 ,0 ,0 ,08:00:00,0 ,0 ,0 ,0 ,0 ,-5.353298,105.023337,KAMIS GANJIL
REKI YULIANDRI,488565,Genap,"(-5.39576, 105.02377)",TK.KOMBET,JL.DANAU RT.1/5 NO.9 LK.PRINGOMBO V KEL.PRINGSEWU TIMUR,SENIN GENAP,C051,188,085269381966,,2051036,Pringsewu,35673,35673,LAMPUNG,Z00,0,3006,5.0,2,69,77,11.01.2026,2020-02-03 00:00:00,90052353,90052353,0 ,08:00:00,0 ,0 ,0 ,0 ,0 ,0 ,0 ,0 ,0 ,0 ,-5.367812,104.983469,KAMIS GENAP
REKI YULIANDRI,496450,Genap,"(-5.39576, 105.02377)",WR.CALLISTA,JL.ASEM PRINGOMBO V RT.4/5 NO.73 KEL.PRINGSEWU TIMUR,SENIN GENAP,C051,188,085768712565,,2051036,Pringsewu,35673,35673,LAMPUNG,Z00,0,3006,5.0,2,58,77,11.01.2026,2020-02-24 00:00:00,90052353,90052353,0 ,08:00:00,0 ,0 ,0 ,0 ,0 ,0 ,0 ,0 ,0 ,0 ,-5.3660267,104.9806867,KAMIS GENAP
REKI YULIANDRI,496452,Ganjil,"(-5.25893, 105.02571)",SRC.SASA WAWA,JL.KEPUTRAN RT.2/1 NO.9 KEL.KEPUTRAN KEC.SUKOHARJO,JUMAT GANJIL,C051,188,082376660148,,2051019,Kali Rejo,35674,35674,LAMPUNG,Z12,3257434,3006,1.0,2,13,77,30.03.2026,2020-02-24 00:00:00,90052353,90052353,0 ,0 ,0 ,0 ,0 ,0 ,0 ,0 ,08:00:00,0 ,0 ,0 ,-5.288821,104.9848767,SENIN GANJIL
REKI YULIANDRI,501818,Genap,"(-5.27201, 105.03554)",TK.BAGONG CELL,JL.RY.PANDAN SURAT RT.4/2 NO.24 KEL.PANDANSURAT,JUMAT GENAP,C051,188,085279509110,,2051019,Kali Rejo,35674,35674,LAMPUNG,Z00,0,3006,5.0,2,69,77,27.04.2026,2020-03-11 00:00:00,90052353,90052353,0 ,0 ,0 ,0 ,0 ,0 ,0 ,0 ,0 ,08:00:00,0 ,0 ,-5.3023757,105.0055937,SENIN GENAP
REKI YULIANDRI,502192,Ganjil,"(-5.40297, 105.0367)",WR.KRUPUK NAYLA,JL.SEDIA MAJU RT.1/2 NO.4 KEL.SIDOD,SENIN GANJIL,C051,188,085269411222,,2051268,Dusun Parerejo,35381,35381,LAMPUNG,Z00,0,3006,5.0,2,69,77,29.04.2026,2021-01-25 00:00:00,90052353,90052353,08:00:00,0 ,0 ,0 ,0 ,0 ,0 ,0 ,0 ,0 ,0 ,0 ,-5.402925,105.03669,JUMAT GANJIL
REKI YULIANDRI,5031994,Ganjil,"(-5.39576, 105.02377)",AURA CELL,JL.KH GHOLIB NO134 KEL.PRINGSEWU BARAT KEC.PRINGSEWU,SENIN GANJIL,C051,188,085267632117,,2051036,Pringsewu,35673,35673,LAMPUNG,Z00,0,3006,5.0,2,14,77,27.04.2026,2024-05-28 00:00:00,90052353,90052353,08:00:00,0 ,0 ,0 ,0 ,0 ,0 ,0 ,0 ,0 ,0 ,0 ,-5.346866,104.975266,KAMIS GANJIL
REKI YULIANDRI,5088320,Genap,"(-5.4629, 104.98178)",WR THONI,JL.RAYA MADA KELTANJUNG REJO KEC.WAY KHILAU,RABU GENAP,C051,188,085798027527,,2051016,Kedondong,35366,35366,LAMPUNG,Z00,0,3006,5.0,2,69,77,11.01.2026,2024-06-25 00:00:00,90052353,90052353,0 ,0 ,0 ,0 ,0 ,08:00:00,0 ,0 ,0 ,0 ,0 ,0 ,-5.4643317,104.9788427,SELASA GENAP
REKI YULIANDRI,5114134,Genap,"(-5.37282, 105.10487)",TK.IBU SUMI,JL.BAYANGKARA BEGELEN V  KEL.BEGELEN KEC.GEDUNG TATAAN,SABTU GENAP,C051,188,082281629658,,2051156,Gedong Tata'an,35366,35366,LAMPUNG,Z00,0,3006,5.0,2,69,77,02.04.2026,2024-07-08 00:00:00,90052353,90052353,0 ,0 ,0 ,0 ,0 ,0 ,0 ,0 ,0 ,0 ,0 ,08:00:00,-5.372846,105.104899,RABU GENAP
REKI YULIANDRI,5114135,Genap,"(-5.33449, 105.10711)",WR.MBAH GIENG,KAMULYAN KEL.KALIREJO KEC.NEGERI KATON,JUMAT GENAP,C051,188,083149174585,,2051156,Gedong Tata'an,35365,35365,LAMPUNG,Z00,0,3006,5.0,2,69,77,01.02.2026,2024-07-08 00:00:00,90052353,90052353,0 ,0 ,0 ,0 ,0 ,0 ,0 ,0 ,0 ,08:00:00,0 ,0 ,-5.333526,105.106989,SABTU GENAP
REKI YULIANDRI,5134969,Genap,"(-5.43323, 104.9669)",KANTIN SAHABAT,JL.SAPUHANDA NO.01 KEL.AMBARAWA KEC.PRINGSEWU,SELASA GENAP,C051,188,085669363435,,2051002,Ambarawa,35376,35376,LAMPUNG,Z00,0,3006,5.0,2,14,77,27.04.2026,2024-07-17 00:00:00,90052353,90052353,0 ,0 ,0 ,08:00:00,0 ,0 ,0 ,0 ,0 ,0 ,0 ,0 ,-5.407877,104.963448,SELASA GENAP
REKI YULIANDRI,5155750,Genap,"(-5.42306, 105.03787)",TK.DARMAJAYA,"JL.RAYA KEDONDONG DESA TANJUNG AGUNG,  RT 02/RW 02 KEL.TANJU",KAMIS GENAP,C051,188,088286262472,,2051016,Kedondong,35367,35367,LAMPUNG,Z12,2000000,3006,1.0,2,69,77,01.02.2026,2024-07-25 00:00:00,90052353,90052353,0 ,0 ,0 ,0 ,0 ,0 ,0 ,08:00:00,0 ,0 ,0 ,0 ,-5.422984,105.037934,KAMIS GENAP
REKI YULIANDRI,5181234,Genap,"(-5.33141, 105.13596)",WR.SITI,DESA TANJUNG REJO RT.01 KEL.TANJUNG REJO KEC.NEGERI KATON,JUMAT GENAP,C051,188,085840323925,,2051156,Gedong Tata'an,35371,35371,LAMPUNG,Z00,0,3006,5.0,2,69,77,01.02.2026,2024-08-05 00:00:00,90052353,90052353,0 ,0 ,0 ,0 ,0 ,0 ,0 ,0 ,0 ,08:00:00,0 ,0 ,-5.331262,105.135703,SENIN GENAP
REKI YULIANDRI,5189383,Ganjil,"(-5.45164, 105.00636)",TK.QISWA MART,JL.RAYA KEDONDONG KEL.TEBA JAWA KEC.KEDONDONG,SENIN GANJIL,C051,188,081366972967,,2051016,Kedondong,35381,35381,LAMPUNG,Z00,0,3006,5.0,2,14,77,31.08.2025,2024-08-08 00:00:00,90052353,90052353,08:00:00,0 ,0 ,0 ,0 ,0 ,0 ,0 ,0 ,0 ,0 ,0 ,-5.451626,105.006247,SELASA GANJIL
REKI YULIANDRI,5189384,Genap,"(-5.47277, 105.00316)",WR.MEMEY,JL.DESA KEBON KELAPA KEL.KEDONDONG KEC.KEDONDONG,RABU GENAP,C051,188,081279999551,,2051016,Kedondong,35381,35381,LAMPUNG,Z00,0,3006,5.0,2,14,77,01.02.2026,2024-08-08 00:00:00,90052353,90052353,0 ,0 ,0 ,0 ,0 ,08:00:00,0 ,0 ,0 ,0 ,0 ,0 ,-5.472696,105.003379,SENIN GENAP
REKI YULIANDRI,5192167,Ganjil,"(-5.39576, 105.02377)",TK.GAYENG,JL.DESA BULU MANIS RT/RW 013/005 KEL.BULUREJO KEC.GADING REJ,KAMIS GANJIL,C051,188,085328879316,,2051011,Gading Rejo,35372,35372,LAMPUNG,Z00,0,3006,5.0,2,69,77,11.01.2026,2024-08-09 00:00:00,90052353,90052353,0 ,0 ,0 ,0 ,0 ,0 ,08:00:00,0 ,0 ,0 ,0 ,0 ,-5.366786,105.026375,KAMIS GANJIL
REKI YULIANDRI,5216773,Genap,"(-5.47562, 104.99027)",WR.HAMIDAH,JL.DESA KUBU BATU RT/RW 002/001 KEL.KUBU BATU KEC.WAY KHILAU,RABU GENAP,C051,188,085709619599,,2051016,Kedondong,35368,35368,LAMPUNG,Z00,0,3006,5.0,2,14,77,31.08.2025,2024-08-19 00:00:00,90052353,90052353,0 ,0 ,0 ,0 ,0 ,08:00:00,0 ,0 ,0 ,0 ,0 ,0 ,-5.475662,104.990185,SENIN GENAP
REKI YULIANDRI,5243438,Ganjil,"(-5.3747, 105.0692)",WR.ANR,JL.DESA WONOKARTO RT/RW 004/002 KEL.WONODADI UTARA KEC.GADIN,SABTU GANJIL,C051,188,082178374302,,2051011,Gading Rejo,35372,35372,LAMPUNG,Z00,0,3006,5.0,2,14,77,01.02.2026,2024-09-02 00:00:00,90052353,90052353,0 ,0 ,0 ,0 ,0 ,0 ,0 ,0 ,0 ,0 ,08:00:00,0 ,-5.370575,105.058977,RABU GANJIL
REKI YULIANDRI,5254505,Ganjil,"(-5.46131, 105.0018)",WR.NANDA,JL.KURIPAN RT/RW 017/006 KEL.PASAR BARU KEC.KEDONDONG,RABU GANJIL,C051,188,085268249059,,2051016,Kedondong,35368,35368,LAMPUNG,Z00,0,3006,5.0,2,69,77,11.01.2026,2024-09-09 00:00:00,90052353,90052353,0 ,0 ,0 ,0 ,08:00:00,0 ,0 ,0 ,0 ,0 ,0 ,0 ,-5.461451,105.001654,SELASA GANJIL
REKI YULIANDRI,5260558,Genap,"(-5.40369, 105.05863)",WR.DUA PUTRA,JL.RAYA KEDONDONG RT/RW 003/003 KEL.WAY LAYAP KEC.GEDONG TAT,SABTU GENAP,C051,188,081379895957,,2051016,Kedondong,35368,35368,LAMPUNG,Z00,0,3006,5.0,2,69,77,01.02.2026,2024-09-13 00:00:00,90052353,90052353,0 ,0 ,0 ,0 ,0 ,0 ,0 ,0 ,0 ,0 ,0 ,08:00:00,-5.403719,105.05877,KAMIS GENAP
REKI YULIANDRI,5260561,Ganjil,"(-5.41473, 105.04962)",WR.IL MART,JL.RAYA KEDONDONG PADANG MANIS KEL.PADANG MANIS KEC.WAY LIMA,RABU GANJIL,C051,188,089525772754,,2051016,Kedondong,35368,35368,LAMPUNG,Z00,0,3006,5.0,2,14,77,01.02.2026,2024-09-13 00:00:00,90052353,90052353,0 ,0 ,0 ,0 ,08:00:00,0 ,0 ,0 ,0 ,0 ,0 ,0 ,-5.414518,105.049594,JUMAT GANJIL
REKI YULIANDRI,5269691,Genap,"(-5.37992, 105.09565)",TK.FAZA MART,JL.AHMAD YANI RT.1/1 KEL-KEC.GEDONG TATAAN,SELASA GENAP,C051,188,081220501795,,2051156,Gedong Tata'an,35371,35371,LAMPUNG,Z00,0,3006,5.0,2,14,77,01.02.2026,2024-09-20 00:00:00,90052353,90052353,0 ,0 ,0 ,08:00:00,0 ,0 ,0 ,0 ,0 ,0 ,0 ,0 ,-5.379851,105.095532,RABU GENAP
REKI YULIANDRI,5285646,Genap,"(-5.44182, 105.02691)",WR.CECE YULI,JL.WAY HARONG KEL.WAY HARONG KEC.GEDONG TATAAN,KAMIS GENAP,C051,188,088289591372,,2051492,Way Lima,35675,35675,LAMPUNG,Z00,0,3006,5.0,2,14,77,01.02.2026,2024-10-02 00:00:00,90052353,90052353,0 ,0 ,0 ,0 ,0 ,0 ,0 ,08:00:00,0 ,0 ,0 ,0 ,-5.441762,105.026942,KAMIS GENAP
REKI YULIANDRI,5285648,Genap,"(-5.46589, 104.98422)",WR.EKO,JL.TANJUNG REJO KEL.TANJUNG REJO KEC.WAY KHILAU,RABU GENAP,C051,188,088287218400,,2051016,Kedondong,35368,35368,LAMPUNG,Z00,0,3006,5.0,2,69,77,11.01.2026,2024-10-02 00:00:00,90052353,90052353,0 ,0 ,0 ,0 ,0 ,08:00:00,0 ,0 ,0 ,0 ,0 ,0 ,-5.465984,104.984294,SELASA GENAP
REKI YULIANDRI,5294097,Ganjil,"(-5.39576, 105.02377)",WR.UMMI,JL.ANOM SARI LINGKUNGAN I  KEL.PRINGSEWU UTARA KEC.PRINGSEWU,SELASA GANJIL,C051,188,085896923150,,2051036,Pringsewu,35372,35372,LAMPUNG,Z00,0,3006,5.0,2,69,77,27.04.2026,2024-10-08 00:00:00,90052353,90052353,0 ,0 ,08:00:00,0 ,0 ,0 ,0 ,0 ,0 ,0 ,0 ,0 ,-5.356016,104.987302,KAMIS GANJIL
REKI YULIANDRI,5298309,Ganjil,"(-5.39576, 105.02377)",WR.OSCAR,JL.SARIBUMI KEL.WATES SELATAN KEC.GADING REJO,SELASA GANJIL,C051,188,081386447643,,2051011,Gading Rejo,35372,35372,LAMPUNG,Z00,0,3006,5.0,2,14,77,01.02.2026,2024-10-11 00:00:00,90052353,90052353,0 ,0 ,08:00:00,0 ,0 ,0 ,0 ,0 ,0 ,0 ,0 ,0 ,-5.387192,105.018888,KAMIS GANJIL
REKI YULIANDRI,5317654,Genap,"(-5.37787, 105.08609)",WR.SHASHA,JL.GATOT KACA KEL.KUTOARJO KEC.GEDONG TATAAN,SABTU GENAP,C051,188,08981025934,,2051011,Gading Rejo,35372,35372,LAMPUNG,Z00,0,3006,5.0,2,14,77,31.08.2025,2024-10-25 00:00:00,90052353,90052353,0 ,0 ,0 ,0 ,0 ,0 ,0 ,0 ,0 ,0 ,0 ,08:00:00,-5.3776409,105.0853788,RABU GENAP
REKI YULIANDRI,5317655,Genap,"(-5.46208, 104.97314)",PONPES DARUL MUSTHOFA,JL.PENGAIRAN DSN II KEL.GUNUNG SARI KEC. WAY KHILAU,RABU GENAP,C051,188,082372179600,,2051016,Kedondong,35368,35368,LAMPUNG,Z00,0,3006,5.0,2,69,77,11.01.2026,2024-10-25 00:00:00,90052353,90052353,0 ,0 ,0 ,0 ,0 ,08:00:00,0 ,0 ,0 ,0 ,0 ,0 ,-5.4619157,104.9742382,SELASA GENAP
REKI YULIANDRI,5337264,Ganjil,"(-5.50759, 105.00189)",WR.PAQIH,JL.WONOSARI KEL.SUKAMAJU KEC.KEDONDONG,RABU GANJIL,C051,188,085664638950,,2051016,Kedondong,35381,35381,LAMPUNG,Z00,0,3006,5.0,2,42,77,30.03.2026,2024-11-08 00:00:00,90052353,90052353,0 ,0 ,0 ,0 ,08:00:00,0 ,0 ,0 ,0 ,0 ,0 ,0 ,-5.507665,105.000951,SELASA GANJIL
REKI YULIANDRI,5337265,Ganjil,"(-5.49665, 105.00737)",WR.TEH ASMA,JL.SUKA WAYAHNA KEL.SUKAMAJU KEC.KEDONDONG,RABU GANJIL,C051,188,083187770806,,2051016,Kedondong,35381,35381,LAMPUNG,Z00,0,3006,5.0,2,14,77,23.01.2026,2024-11-08 00:00:00,90052353,90052353,0 ,0 ,0 ,0 ,08:00:00,0 ,0 ,0 ,0 ,0 ,0 ,0 ,-5.496627,105.007406,SELASA GANJIL
REKI YULIANDRI,5376225,Ganjil,"(-5.39567, 105.03402)",WR.HIJAU,JL.GANG MELATI KEL.TAMBAH REJO KEC.GADING REJO,KAMIS GANJIL,C051,188,085283966660,,2051011,Gading Rejo,35372,35372,LAMPUNG,Z00,0,3006,5.0,2,14,77,27.04.2026,2024-12-04 00:00:00,90052353,90052353,0 ,0 ,0 ,0 ,0 ,0 ,08:00:00,0 ,0 ,0 ,0 ,0 ,-5.379666,105.03412,KAMIS GANJIL
REKI YULIANDRI,5376226,Genap,"(-5.37534, 105.08564)",SHASA CELL,JL.GANJARAN KEL.KUTOARJO KEC.GEDONG TATAAN,SABTU GENAP,C051,188,08981025934,,2051011,Gading Rejo,35372,35372,LAMPUNG,Z00,0,3006,5.0,2,69,77,25.02.2026,2024-12-04 00:00:00,90052353,90052353,0 ,0 ,0 ,0 ,0 ,0 ,0 ,0 ,0 ,0 ,0 ,08:00:00,-5.375215,105.08566,RABU GENAP
REKI YULIANDRI,5417340,Ganjil,"(-5.39572, 105.03352)",WR.SHINTA,JL.LKR UTARAPRINGSEWU KEL.TAMBAH REJO KEC.GADING REJO,KAMIS GANJIL,C051,188,082177177646,,2051011,Gading Rejo,35372,35372,LAMPUNG,Z00,0,3006,5.0,2,69,77,27.04.2026,2024-12-26 00:00:00,90052353,90052353,0 ,0 ,0 ,0 ,0 ,0 ,08:00:00,0 ,0 ,0 ,0 ,0 ,-5.3768104,105.0311885,KAMIS GANJIL
REKI YULIANDRI,5417342,Ganjil,"(-5.25733, 105.03081)",WR.MINIMARKET,DSN WARINGIN SARI TIMUR KEL.WARINGIN SARI TIMUR KEC.ADILUWIH,JUMAT GANJIL,C051,188,082372868186,,2051036,Pringsewu,35674,35674,LAMPUNG,Z00,0,3006,5.0,2,58,77,30.03.2026,2024-12-26 00:00:00,90052353,90052353,0 ,0 ,0 ,0 ,0 ,0 ,0 ,0 ,08:00:00,0 ,0 ,0 ,-5.2573962,105.0302544,SENIN GANJIL
REKI YULIANDRI,5429953,Genap,"(-5.37997, 105.09986)",WR.ZEVANA,JL.AHMAD YANI 1 KEL.BAGELAN KEC.GEDONG TATAAN,SELASA GENAP,C051,188,+6282186752334,,2051156,Gedong Tata'an,35366,35366,LAMPUNG,Z00,0,3006,5.0,2,69,77,01.02.2026,2025-01-02 00:00:00,90052353,90052353,0 ,0 ,0 ,08:00:00,0 ,0 ,0 ,0 ,0 ,0 ,0 ,0 ,-5.379855,105.099693,RABU GENAP
REKI YULIANDRI,5442819,Ganjil,"(-5.26972, 105.06275)",TK.INDORA 2,DSN SIDOMULYO 2 KEL.SIDOMULYO KEC.NEGERI KATON,JUMAT GANJIL,C051,188,085379515457,,2051158,Rowo Rejo,35353,35353,LAMPUNG,Z00,0,3006,5.0,2,14,77,01.02.2026,2025-01-09 00:00:00,90052353,90052353,0 ,0 ,0 ,0 ,0 ,0 ,0 ,0 ,08:00:00,0 ,0 ,0 ,-5.269521,105.06288,SENIN GANJIL
REKI YULIANDRI,5456812,Genap,"(-5.40362, 105.08936)",WR.SODIYAH,JL.MENUNGGAL KEL.SUKADADI KEC.GEDONG TATAAN,KAMIS GENAP,C051,188,083192459850,,2051156,Gedong Tata'an,35366,35366,LAMPUNG,Z00,0,3006,5.0,2,58,77,01.02.2026,2025-01-16 00:00:00,90052353,90052353,0 ,0 ,0 ,0 ,0 ,0 ,0 ,08:00:00,0 ,0 ,0 ,0 ,-5.403625,105.089643,JUMAT GENAP
REKI YULIANDRI,5456815,Ganjil,"(-5.39572, 105.03352)",TK.AGUNG,PEGUYUBAN KEL.PAGUYUBAN KEC.WAY LIMA,SENIN GANJIL,C051,188,082182055349,,2051268,Dusun Parerejo,35367,35367,LAMPUNG,Z00,0,3006,5.0,2,14,77,15.12.2025,2025-01-16 00:00:00,90052353,90052353,08:00:00,0 ,0 ,0 ,0 ,0 ,0 ,0 ,0 ,0 ,0 ,0 ,-5.396007,105.033503,KAMIS GANJIL
REKI YULIANDRI,5468458,Ganjil,"(-5.37647, 105.06885)",WR.FADIL,JLN.SRIKANDI KEL.WONODADI KEC.GADING REJO,KAMIS GANJIL,C051,188,+6289606217198,,2051011,Gading Rejo,35372,35372,LAMPUNG,Z00,0,3006,5.0,2,69,77,05.03.2026,2025-01-22 00:00:00,90052353,90052353,0 ,0 ,0 ,0 ,0 ,0 ,08:00:00,0 ,0 ,0 ,0 ,0 ,-5.378802,105.061178,RABU GANJIL
REKI YULIANDRI,5468461,Ganjil,"(-5.40032, 105.02963)",WR.RENI,DUSUN SIDOMULYO KEL.SIDODADI KEC.WAY LIMA,SENIN GANJIL,C051,188,081366684208,,2051268,Dusun Parerejo,35367,35367,LAMPUNG,Z00,0,3006,5.0,2,69,77,11.01.2026,2025-01-22 00:00:00,90052353,90052353,08:00:00,0 ,0 ,0 ,0 ,0 ,0 ,0 ,0 ,0 ,0 ,0 ,-5.400928,105.03,RABU GANJIL
REKI YULIANDRI,5468463,Genap,"(-5.33381, 105.07552)",WR.YANI,KARANG REJO KEL.KARANG REJO KEC.NEGERI KATON,JUMAT GENAP,C051,188,085379866655,,2051011,Gading Rejo,35365,35365,LAMPUNG,Z00,0,3006,5.0,2,69,77,01.02.2026,2025-01-22 00:00:00,90052353,90052353,0 ,0 ,0 ,0 ,0 ,0 ,0 ,0 ,0 ,08:00:00,0 ,0 ,-5.342598,105.075483,SENIN GENAP
REKI YULIANDRI,5468464,Ganjil,"(-5.37647, 105.06885)",WR .ANI,JL.WARUDOYONG KEL.WONODADI KEC.GADING REJO,KAMIS GANJIL,C051,188,082269482813,,2051011,Gading Rejo,35372,35372,LAMPUNG,Z00,0,3006,5.0,2,14,77,01.02.2026,2025-01-22 00:00:00,90052353,90052353,0 ,0 ,0 ,0 ,0 ,0 ,08:00:00,0 ,0 ,0 ,0 ,0 ,-5.377343,105.060211,RABU GANJIL
REKI YULIANDRI,547364,Ganjil,"(-5.39567, 105.03402)",WR.DAFFA,DSN.TAMBAH KARTO RT.1-1 NO.17 KEL.TAMBAHREJO KEC.GADING REJO,KAMIS GANJIL,C051,188,085279950052,,2051011,Gading Rejo,35372,35372,LAMPUNG,Z00,0,3006,5.0,2,69,77,27.04.2026,2020-06-25 00:00:00,90052353,90052353,0 ,0 ,0 ,0 ,0 ,0 ,08:00:00,0 ,0 ,0 ,0 ,0 ,-5.3754933,105.04126,KAMIS GANJIL
REKI YULIANDRI,5492330,Ganjil,"(-5.48885, 105.01848)",TK.BU EKA,DSN PEKON AMPAI KEL.SINAR HARAPAN KEC.KEDONDONG,RABU GANJIL,C051,188,082185561928,,2051016,Kedondong,35368,35368,LAMPUNG,Z00,0,3006,5.0,2,14,77,01.02.2026,2025-02-04 00:00:00,90052353,90052353,0 ,0 ,0 ,0 ,08:00:00,0 ,0 ,0 ,0 ,0 ,0 ,0 ,-5.48882,105.0185939,SENIN GANJIL
REKI YULIANDRI,5492338,Genap,"(-5.39141, 105.08372)",WR.ALEESHA,JL.RAYA KEDONDONG DSN SUKAMARGA KEL.GEDUNG TATAAN KEC.GEDUNG,SABTU GENAP,C051,188,+6281541513513,,2051016,Kedondong,35371,35371,LAMPUNG,Z00,0,3006,5.0,2,69,77,28.02.2026,2025-02-04 00:00:00,90052353,90052353,0 ,0 ,0 ,0 ,0 ,0 ,0 ,0 ,0 ,0 ,0 ,08:00:00,-5.391404,105.083647,JUMAT GENAP
REKI YULIANDRI,5521083,Genap,"(-5.32942, 105.06168)",TK.MBA RINA,TEGAL SARI KEL.TEGAL SARI KEC.GADING REJO,JUMAT GENAP,C051,188,088268333926,,2051011,Gading Rejo,35372,35372,LAMPUNG,Z00,0,3006,5.0,2,14,77,01.02.2026,2025-02-20 00:00:00,90052353,90052353,0 ,0 ,0 ,0 ,0 ,0 ,0 ,0 ,0 ,08:00:00,0 ,0 ,-5.3490103,105.0560988,SABTU GENAP
REKI YULIANDRI,5547650,Genap,"(-5.39576, 105.02377)",TK.KAYLA,JL.HIU LATSITARDA KEL.PRINGSEWU SELATAN KEC.PRINGSEWU,SENIN GENAP,C051,188,081379271086,,2051036,Pringsewu,35371,35371,LAMPUNG,Z00,0,3006,5.0,2,14,77,01.02.2026,2025-03-14 00:00:00,90052353,90052353,0 ,08:00:00,0 ,0 ,0 ,0 ,0 ,0 ,0 ,0 ,0 ,0 ,-5.3735776,104.9902301,KAMIS GENAP
REKI YULIANDRI,5559594,Ganjil,"(-5.41066, 105.01164)",WR.KHANZA,DSN PAREREJO KELPAREREJO KEC.GADING REJO,SENIN GANJIL,C051,188,+6285789557235,,2051011,Gading Rejo,35372,35372,LAMPUNG,Z00,0,3006,5.0,2,69,77,16.02.2026,2025-04-07 00:00:00,90052353,90052353,08:00:00,0 ,0 ,0 ,0 ,0 ,0 ,0 ,0 ,0 ,0 ,0 ,-5.408262,104.991684,RABU GANJIL
REKI YULIANDRI,556613,Ganjil,"(-5.44703, 105.01004)",WR.IRVAN BAJU,JL.RY.KEDONDONG RT.7-3 NO.12 KEL.CIMANUK KEC.WAY LIMA,SENIN GANJIL,C051,188,085658774992,,2051492,Way Lima,35381,35381,LAMPUNG,Z00,0,3006,5.0,2,69,77,28.01.2026,2020-07-13 00:00:00,90052353,90052353,08:00:00,0 ,0 ,0 ,0 ,0 ,0 ,0 ,0 ,0 ,0 ,0 ,-5.447049,105.009982,SELASA GANJIL
REKI YULIANDRI,5580611,Genap,"(-5.32221, 105.10861)",WR FITRI,JLN BRANTI RAYA  RT/RW 001/001,JUMAT GENAP,C051,188,082182951995,,2051156,Gedong Tata'an,35365,35365,LAMPUNG,Z00,0,3006,5.0,2,69,77,01.02.2026,2025-05-30 00:00:00,90052353,90052353,0 ,0 ,0 ,0 ,0 ,0 ,0 ,0 ,0 ,08:00:00,0 ,0 ,-5.3220092,105.1084056,SENIN GENAP
REKI YULIANDRI,5580612,Genap,"(-5.32714, 105.09275)",TK DEDE ZAKY,JL RAYA KALIREJO RT/RW 002/002,JUMAT GENAP,C051,188,081539220339,,2051494,Negeri Katon,35365,35365,LAMPUNG,Z00,0,3006,5.0,2,69,77,01.02.2026,2025-05-30 00:00:00,90052353,90052353,0 ,0 ,0 ,0 ,0 ,0 ,0 ,0 ,0 ,08:00:00,0 ,0 ,-5.3270694,105.0923573,SABTU GENAP
REKI YULIANDRI,5580829,Genap,"(-5.39567, 105.09221)",SRC RIZAL,DUSUN IV RT/RW 001/006,KAMIS GENAP,C051,188,085269572881,,2051156,Gedong Tata'an,35371,35371,LAMPUNG,Z00,0,3006,5.0,2,69,77,01.02.2026,2025-05-30 00:00:00,90052353,90052353,0 ,0 ,0 ,0 ,0 ,0 ,0 ,08:00:00,0 ,0 ,0 ,0 ,-5.3954169,105.0921605,JUMAT GENAP
REKI YULIANDRI,5590459,Ganjil,"(-5.39818, 105.02552)",WR BRILINK GHIZAN,JL PERTIGAAN WATES SELATANKEC GADINDREJO RT/RW 010/005,SENIN GANJIL,C051,188,082176779577,,2051268,Dusun Parerejo,35672,35672,LAMPUNG,Z00,0,3006,5.0,2,42,77,30.03.2026,2025-06-23 00:00:00,90052353,90052353,08:00:00,0 ,0 ,0 ,0 ,0 ,0 ,0 ,0 ,0 ,0 ,0 ,-5.398191,105.025664,SABTU GANJIL
REKI YULIANDRI,559342,Ganjil,"(-5.46382, 105.00283)",WR.AKMAL,JL.JAUHARI SUKAJADI RT.3 NO.5 KEL.PASAR BARU KEC.KEDONDONG,RABU GANJIL,C051,188,082283291078,,2051016,Kedondong,35381,35381,LAMPUNG,Z00,0,3006,5.0,2,14,77,31.08.2025,2020-07-18 00:00:00,90052353,90052353,0 ,0 ,0 ,0 ,08:00:00,0 ,0 ,0 ,0 ,0 ,0 ,0 ,-5.464447,105.002673,SELASA GANJIL
REKI YULIANDRI,5598762,Genap,"(-5.49594, 104.95823)",TK RUDI ANDRIYANSYAH,JL RADEN INTANKEL SUKA JAYAKEC WAY KHILAU,RABU GENAP,C051,188,085379914499,,2051270,Gunung Sari (Pesawar,35368,35368,LAMPUNG,Z00,0,3006,5.0,2,14,77,31.08.2025,2025-07-14 00:00:00,90052353,90052353,0 ,0 ,0 ,0 ,0 ,08:00:00,0 ,0 ,0 ,0 ,0 ,0 ,-5.4959048,104.9582022,SELASA GENAP
REKI YULIANDRI,5603020,Genap,"(-5.45409, 104.97434)",TK NUR,JL MERDEKA DSN 9 RT/RW 004/002 KEC WAY KHILAU,RABU GENAP,C051,188,085841204914,,2051270,Gunung Sari (Pesawar,35111,35111,LAMPUNG,Z00,0,3006,5.0,2,69,77,11.01.2026,2025-07-22 00:00:00,90052353,90052353,0 ,0 ,0 ,0 ,0 ,08:00:00,0 ,0 ,0 ,0 ,0 ,0 ,-5.454028,104.974297,SELASA GENAP
REKI YULIANDRI,5614196,Ganjil,"(-5.32942, 105.06168)",UPT SDN 1 KEDIRI,"JL KH.R,MOH.ROSYIDIKEL TULUNG AGUNGKEC GADING REJO",KAMIS GANJIL,C051,188,085788645027,,2051011,Gading Rejo,35372,35372,LAMPUNG,Z00,0,3006,5.0,2,69,77,11.01.2026,2025-08-12 00:00:00,90052353,90052353,0 ,0 ,0 ,0 ,0 ,0 ,08:00:00,0 ,0 ,0 ,0 ,0 ,-5.349268,105.029707,SABTU GANJIL
REKI YULIANDRI,5617354,Genap,"(-5.46829, 105.0009)",TK DEVI,JL LAP TRITURA KEDONDONG,RABU GENAP,C051,188,083837338282,,2051016,Kedondong,35368,35368,LAMPUNG,Z00,0,3006,5.0,2,58,77,01.02.2026,2025-08-18 00:00:00,90052353,90052353,0 ,0 ,0 ,0 ,0 ,08:00:00,0 ,0 ,0 ,0 ,0 ,0 ,-5.4685543,105.0007793,JUMAT GENAP
REKI YULIANDRI,5617359,Genap,"(-5.48236, 104.96652)",TK VANDO,JL KOTA JAWA 1  KOTA JAWA WAY KHILAU,RABU GENAP,C051,188,+6281396307095,,2051270,Gunung Sari (Pesawar,35368,35368,LAMPUNG,Z00,0,3006,5.0,2,69,77,11.01.2026,2025-08-18 00:00:00,90052353,90052353,0 ,0 ,0 ,0 ,0 ,08:00:00,0 ,0 ,0 ,0 ,0 ,0 ,-5.4822816,104.9664547,SELASA GENAP
REKI YULIANDRI,5632673,Genap,"(-5.39576, 105.02377)",TK LAMBE_ SAE,JL JOHAR IKEL PRINGSEWU TIMURKEC PRINGSEWU,SENIN GENAP,C051,188,082262274204,,2051057,Sumber Agung,35673,35673,LAMPUNG,Z00,0,3006,5.0,2,69,77,01.02.2026,2025-09-16 00:00:00,90052353,90052353,0 ,08:00:00,0 ,0 ,0 ,0 ,0 ,0 ,0 ,0 ,0 ,0 ,-5.359379,104.980989,KAMIS GENAP
REKI YULIANDRI,5633665,Ganjil,"(-5.39576, 105.02377)",AZEC STORE,JL JENDRAL SUDIRMAN PRINGSEWU,KAMIS GANJIL,C051,188,082280013378,,2051036,Pringsewu,35673,35673,LAMPUNG,Z00,0,3006,5.0,2,58,77,16.04.2026,2025-09-18 00:00:00,90052353,90052353,0 ,0 ,0 ,0 ,0 ,0 ,08:00:00,0 ,0 ,0 ,0 ,0 ,-5.354615,104.972406,KAMIS GANJIL
REKI YULIANDRI,5638471,Ganjil,"(-5.39576, 105.02377)",LARISSO,"JL KH,GHALIBKEL PRINGSEWUKEC PRINGSEWU",JUMAT GANJIL,C051,188,081274837474,,2051036,Pringsewu,35673,35673,LAMPUNG,Z00,0,3006,5.0,2,58,77,01.02.2026,2025-09-26 00:00:00,90052353,90052353,0 ,0 ,0 ,0 ,0 ,0 ,0 ,0 ,08:00:00,0 ,0 ,0 ,-5.351607,104.976381,KAMIS GANJIL
REKI YULIANDRI,5641714,Ganjil,"(-5.39742, 105.03867)",WR MBA SINTA,JL WONOSARI DUSUN 02 RT/RW 004/002 KEL WONOSARI KEC GADING,SENIN GANJIL,C051,188,+6285764171736,,2051011,Gading Rejo,35372,35372,LAMPUNG,Z00,0,3006,5.0,2,13,77,27.04.2026,2025-10-02 00:00:00,90052353,90052353,08:00:00,0 ,0 ,0 ,0 ,0 ,0 ,0 ,0 ,0 ,0 ,0 ,-5.381884,105.041948,JUMAT GANJIL
REKI YULIANDRI,5646683,Ganjil,"(-5.39576, 105.02377)",TK MARPAUNG,JL AHMADYANIKEL PEKON BULOK KARTOKEC GADING UJUNG,SELASA GANJIL,C051,188,085279483228,,2051400,Yogyakarta Selatan,35372,35372,LAMPUNG,Z00,0,3006,5.0,2,69,77,01.02.2026,2025-10-09 00:00:00,90052353,90052353,0 ,0 ,08:00:00,0 ,0 ,0 ,0 ,0 ,0 ,0 ,0 ,0 ,-5.364625,105.005454,KAMIS GANJIL
REKI YULIANDRI,5736880,Genap,"(-5.39576, 105.02377)",WR GHIZA,"PRINGSEWU SELATAN, KEC PRINGSEWU, PRINGSEWU",SENIN GENAP,C051,188,085832811990,,2051036,Pringsewu,35673,35673,LAMPUNG,Z00,0,3006,5.0,2,14,77,01.02.2026,2025-12-30 00:00:00,90052353,90052353,0 ,08:00:00,0 ,0 ,0 ,0 ,0 ,0 ,0 ,0 ,0 ,0 ,-5.360298,104.967269,KAMIS GENAP
REKI YULIANDRI,5763339,Genap,"(-5.49356, 105.01389)",WR MAK ENDOH,"SUKAMAJU, KEC KEDONDONG, KAB PESAWARAN",RABU GENAP,C051,188,+6285758460624,,2051492,Way Lima,35368,35368,LAMPUNG,Z00,0,3006,5.0,2,14,77,11.02.2026,2026-01-23 00:00:00,90052353,90052353,0 ,0 ,0 ,0 ,0 ,08:00:00,0 ,0 ,0 ,0 ,0 ,0 ,-5.493319,105.013836,JUMAT GENAP
REKI YULIANDRI,5781732,Ganjil,"(-5.39576, 105.02377)",BJ MART,DUSUN PODOMORO 2 RT 002 RW 002 KEC PRENGSEWU,JUMAT GANJIL,C051,188,082281994251,,2051223,Sukoharjo,35673,35673,LAMPUNG,Z00,0,3006,5.0,2,14,77,12.03.2026,2026-02-11 00:00:00,90052353,90052353,0 ,0 ,0 ,0 ,0 ,0 ,0 ,0 ,08:00:00,0 ,0 ,0 ,-5.341005,104.986975,KAMIS GANJIL
REKI YULIANDRI,5781738,Ganjil,"(-5.43471, 105.0193)",TK IWAN,JL WAY HOTONG  SUMBER JAYA RT 005 RW 002  KEC WAY LIMA,SENIN GANJIL,C051,188,+6288274299253,,2051036,Pringsewu,35367,35367,LAMPUNG,Z00,0,3006,5.0,2,14,77,02.03.2026,2026-02-11 00:00:00,90052353,90052353,08:00:00,0 ,0 ,0 ,0 ,0 ,0 ,0 ,0 ,0 ,0 ,0 ,-5.434558,105.018954,JUMAT GANJIL
REKI YULIANDRI,5802014,Ganjil,"(-5.39576, 105.02377)",WR DEDI,JL BULOKARTO RT 003 RW 001 KEC GADINGREJO,SELASA GANJIL,C051,188,,083878320577,2051380,Pasar Sri Katon,35372,35372,LAMPUNG,Z00,0,3006,5.0,2,14,77,11.03.2026,2026-03-11 00:00:00,90052353,90052353,0 ,0 ,08:00:00,0 ,0 ,0 ,0 ,0 ,0 ,0 ,0 ,0 ,-5.363831,105.003538,KAMIS GANJIL
REKI YULIANDRI,5825325,Ganjil,,TK MAYA,JL SEMBODROKEL TULUNG AGUNG KEC GADING REJO,KAMIS GANJIL,C051,188,,085269435478,2051223,Sukoharjo,35672,35672,LAMPUNG,Z00,0,3006,5.0,2,14,77,27.04.2026,2026-04-27 00:00:00,90052353,90052353,0 ,0 ,0 ,0 ,0 ,0 ,08:00:00,0 ,0 ,0 ,0 ,0 ,,,KAMIS GANJIL
REKI YULIANDRI,584913,Weekly,"(-5.3747, 105.0692)",WR.BELANJA BMM,JL.RY.GADING REJO KM.33 RT.10 NO.49,JUMAT,C051,188,082282249582,082282249582,2051493,Pasar Gadingrejo,35372,35372,LAMPUNG,Z12,2567717,3006,1.0,2,69,77,27.04.2026,2021-09-10 00:00:00,90052353,99999310,0 ,0 ,0 ,0 ,0 ,0 ,0 ,0 ,08:00:00,08:00:00,0 ,0 ,-5.3711367,105.049735,RABU
REKI YULIANDRI,643811,Genap,"(-5.32942, 105.06168)",WR.DWI MABEL,DSN.BANJAREJO RT.10-5 NO.18 KEL.MATARAM KEC.GADING REJO,KAMIS GENAP,C051,188,085361957118,,2051011,Gading Rejo,35372,35372,LAMPUNG,Z00,0,3006,5.0,2,14,77,29.04.2026,2021-02-25 00:00:00,90052353,90051815,0 ,0 ,0 ,0 ,0 ,0 ,0 ,08:00:00,0 ,0 ,0 ,0 ,-5.331626,105.054496,SABTU GENAP
REKI YULIANDRI,652463,Ganjil,"(-5.39576, 105.02377)",SRC ALFIN,JL.A.YANI LK.I RT.2/1 NO.23 KEL-KEC.PRINGSEWU,SELASA GANJIL,C051,188,085609600031,,2051036,Pringsewu,35373,35373,LAMPUNG,Z00,0,3006,5.0,2,14,77,01.02.2026,2021-03-04 00:00:00,90052353,90052353,0 ,0 ,08:00:00,0 ,0 ,0 ,0 ,0 ,0 ,0 ,0 ,0 ,-5.3575267,104.9868183,KAMIS GANJIL
REKI YULIANDRI,672803,Ganjil,"(-5.39576, 105.02377)",JAYADI MART,JL.ENGGAL REJO RT.3 NO.15 KEL-KEC.PRINGSEWU,SELASA GANJIL,C051,188,082211269382,,2051036,Pringsewu,35673,35673,LAMPUNG,Z00,0,3006,5.0,2,69,77,01.02.2026,2021-03-12 00:00:00,90052353,90052353,0 ,0 ,08:00:00,0 ,0 ,0 ,0 ,0 ,0 ,0 ,0 ,0 ,-5.3620429,104.9948552,KAMIS GANJIL
REKI YULIANDRI,871205,Ganjil,"(-5.39576, 105.02377)",WR.JASMINE,JL.SWADAYA RT.7/1 NO.47 KEL.PRINGSEWU UTARA KEC.PRINGSEWU,SELASA GANJIL,C051,188,+6285311350660,,2051036,Pringsewu,35373,35373,LAMPUNG,Z12,2000000,3006,1.0,2,69,77,27.04.2026,2021-04-30 00:00:00,90052353,90052353,0 ,0 ,08:00:00,0 ,0 ,0 ,0 ,0 ,0 ,0 ,0 ,0 ,-5.352542,104.987627,KAMIS GANJIL
REKI YULIANDRI,91101,Weekly,"(-5.43323, 104.9669)",UTAMA,PRINGKUMPUL RT/RW.06/02 KEC.PRINGSEWU,SABTU,C051,188,081279520805,081279520805,2051535,Pasar Ambarawa,35376,35376,LAMPUNG,Z12,2000000,3006,1.0,2,13,77,27.04.2026,2018-01-19 00:00:00,90052353,90051943,0 ,0 ,0 ,0 ,0 ,0 ,0 ,0 ,0 ,0 ,08:00:00,08:00:00,-5.4107824,104.9609516,SELASA
REKI YULIANDRI,915759,Ganjil,"(-5.39576, 105.02377)",TK.SUHARYANTO,JL.JEND.A.YANI RT.3/1 NO.71 LK.II KEL.PRINGSEWU UTARA,SELASA GANJIL,C051,188,081367592827,,2051036,Pringsewu,35673,35673,LAMPUNG,Z00,0,3006,5.0,2,14,77,27.04.2026,2021-05-11 00:00:00,90052353,90052353,0 ,0 ,08:00:00,0 ,0 ,0 ,0 ,0 ,0 ,0 ,0 ,0 ,-5.3560733,104.9780717,KAMIS GANJIL
REKI YULIANDRI,91685,Weekly,"(-5.38586, 105.09083)",TK.SHANTY-AW,JL.PENENGAHAN RT.1/4 NO.630 KEL-KEC.GEDONG TATAAN,JUMAT,C051,188,081279533000,081369020205,2051016,Kedondong,35371,35371,LAMPUNG,Z00,0,3006,5.0,2,14,77,02.04.2026,2021-02-22 00:00:00,90052353,99999082,0 ,0 ,0 ,0 ,0 ,0 ,0 ,0 ,08:00:00,08:00:00,0 ,0 ,-5.3860947,105.0908323,RABU
REKI YULIANDRI,WR,Genap,,WR.HANI,DUSUN BINONG KEL.WAY LAYAP KEC.GEDONG TATAAN,SELASA GENAP,C051,188,089629043820,,2051016,Kedondong,35366,35366,LAMPUNG,Z00,0,3006,5.0,2,14,77,02.04.2026,2025-01-16 00:00:00,90052353,90052353,0 ,0 ,0 ,08:00:00,0 ,0 ,0 ,0 ,0 ,0 ,0 ,0 ,,,SELASA GENAP
SUPRAYOGA ABDI PUTRA,1094161,Weekly,"(-5.3361, 105.16227)",TK.IYAH,DSN.MUARA PUTIH RT.3/1 NO.50 KEL.MUARA PUTIH KEC.NATAR,RABU,C051,188,081389613415,,2051028,Natar,35362,35362,LAMPUNG,Z00,0,3006,5.0,2,58,77,30.03.2026,2021-06-27 00:00:00,90051274,90051274,0 ,0 ,0 ,0 ,08:00:00,08:00:00,0 ,0 ,0 ,0 ,0 ,0 ,-5.3135335,105.1947355,KAMIS
SUPRAYOGA ABDI PUTRA,1145243,Weekly,"(-5.32649, 105.26118)",WR.LASTRI,DSN.KANDIS RT.13-7 KEL.MUARA PUTIH KEC.NATAR,SELASA,C051,188,085367309755,,2051235,PANCASILA,35362,35362,LAMPUNG,Z00,0,3006,5.0,2,58,77,13.04.2026,2022-06-16 00:00:00,90051274,90051274,0 ,0 ,08:00:00,08:00:00,0 ,0 ,0 ,0 ,0 ,0 ,0 ,0 ,-5.28095,105.239589,SELASA
SUPRAYOGA ABDI PUTRA,128240,Weekly,"(-5.38089, 105.21884)",KABARA SOF,JL. PRAMUKA NO.27 RT.2/4 KOMP.KAMPUS MALAHAYATI KEL.PRAMUKA,SELASA,C051,188,083809707100,,2051068,Kemiling,35127,35127,LAMPUNG,Z12,6822580,3006,1.0,2,13,77,30.03.2026,2021-11-03 00:00:00,90051274,99999085,0 ,0 ,08:00:00,08:00:00,0 ,0 ,0 ,0 ,0 ,0 ,0 ,0 ,-5.380876,105.218836,KAMIS
SUPRAYOGA ABDI PUTRA,128715,Weekly,"(-5.35748, 105.23652)",BATARA MM,JL.KOMARUDIN NO.46 LK.I RT.1 KEL-KEC.RAJABASA,RABU,C051,188,07213537324,0721-3537324,2051096,Rajabasa,35144,35144,LAMPUNG,Z00,0,3006,5.0,1,A3,77,30.03.2026,2024-11-29 00:00:00,90051274,90051829,0 ,0 ,0 ,0 ,08:00:00,08:00:00,0 ,0 ,0 ,0 ,0 ,0 ,-5.357754,105.236566,SELASA
SUPRAYOGA ABDI PUTRA,1356586,Weekly,"(-5.44089, 105.02584)",WR.TEH ELA,DSN.WAY HARONG RT.4/6 NO.10 KEL.WAY HARONG KEC.WAY LIMA,JUMAT,C051,188,081271860731,,2051016,Kedondong,35381,35381,LAMPUNG,Z12,6395502,3006,1.0,2,13,77,30.03.2026,2021-09-03 00:00:00,90051274,90051274,0 ,0 ,0 ,0 ,0 ,0 ,0 ,0 ,08:00:00,08:00:00,0 ,0 ,-5.441135,105.025953,SABTU
SUPRAYOGA ABDI PUTRA,1404901,Weekly,"(-5.40493, 105.19192)",TK.DINDA,JL.WAN ABDURRAHMAN RT.5 NO.7 KEL.SUMBER AGUNG KEC.KEMILING,KAMIS,C051,188,085268015675,,2051068,Kemiling,35156,35156,LAMPUNG,Z00,0,3006,5.0,2,13,77,30.03.2026,2021-09-17 00:00:00,90051274,90051274,0 ,0 ,0 ,0 ,0 ,0 ,08:00:00,08:00:00,0 ,0 ,0 ,0 ,-5.404914,105.191753,RABU
SUPRAYOGA ABDI PUTRA,141702,Weekly,"(-5.27103, 105.16886)",UD. ASRI,JL.SWADIPA BUMI ASRI RT.10 NO.99 NA,SENIN,C051,188,081379267773,081223467773,2051511,Batu Puru,35362,35362,LAMPUNG,Z00,0,3006,5.0,2,13,77,30.03.2026,2016-12-13 00:00:00,90051274,90051662,08:00:00,08:00:00,0 ,0 ,0 ,0 ,0 ,0 ,0 ,0 ,0 ,0 ,-5.286259,105.193587,JUMAT
SUPRAYOGA ABDI PUTRA,142354,Weekly,"(-5.27103, 105.16886)",YANTO,JL.SWADHIPA RT.6 KEL.BUMI SARI KEC.NATAR,SENIN,C051,188,81379445216,089522948705,2051511,Batu Puru,35362,35362,LAMPUNG,Z00,0,3006,5.0,2,13,77,30.03.2026,2023-06-13 00:00:00,90051274,90051662,08:00:00,08:00:00,0 ,0 ,0 ,0 ,0 ,0 ,0 ,0 ,0 ,0 ,-5.286622,105.191827,JUMAT
SUPRAYOGA ABDI PUTRA,1499504,Weekly,"(-5.33225, 105.15981)",KANTIN ALFIN MUHAJIRUN,JL.AT-TAQWA MUHAJIRUN RT.4/2 KEL.NEGARA RATU KEC.NATAR,SELASA,C051,188,085762990661,,2051028,Natar,35362,35362,LAMPUNG,Z12,5324937,3006,1.0,2,13,77,30.03.2026,2021-10-12 00:00:00,90051274,90051274,0 ,0 ,08:00:00,08:00:00,0 ,0 ,0 ,0 ,0 ,0 ,0 ,0 ,-5.3257283,105.17115,KAMIS
SUPRAYOGA ABDI PUTRA,1628925,Weekly,"(-5.38585, 105.19286)",G CELL,JL.RAYA KURUNGAN NYAWA RT.2/2 NO.7 KEL.KURUNGAN NYAWA,KAMIS,C051,188,081291661982,,2051156,Gedong Tata'an,35371,35371,LAMPUNG,Z00,0,3006,5.0,2,58,77,30.03.2026,2021-11-15 00:00:00,90051274,90051274,0 ,0 ,0 ,0 ,0 ,0 ,08:00:00,08:00:00,0 ,0 ,0 ,0 ,-5.377367,105.195813,RABU
SUPRAYOGA ABDI PUTRA,1702754,Genap,,TK.CAHAYA INDAH,JL.CUT MEUTIA RT.8/4 KEL.WONODADI KEC.GADING REJO,JUMAT GENAP,C051,188,088707048629,,2051011,Gading Rejo,35372,35372,LAMPUNG,Z12,1500000,3006,1.0,2,42,77,30.05.2023,2022-01-06 00:00:00,90051274,90051274,0 ,0 ,0 ,0 ,0 ,0 ,0 ,0 ,0 ,08:00:00,0 ,0 ,,,JUMAT GENAP
SUPRAYOGA ABDI PUTRA,1702756,Genap,,WR.INARA,DSN.PRINGOMBO RT.4/5 KEL.PRINGSEWU TIMUR KEC.PRINGSEWU,SENIN GENAP,C051,188,081540099503,,2051036,Pringsewu,35673,35673,LAMPUNG,Z12,1500000,3006,1.0,2,42,77,30.05.2023,2022-01-06 00:00:00,90051274,90051274,0 ,08:00:00,0 ,0 ,0 ,0 ,0 ,0 ,0 ,0 ,0 ,0 ,,,SENIN GENAP
SUPRAYOGA ABDI PUTRA,1702757,Genap,,WR.AMEL,JL.RAYA WONOSARI RT.1/1 KEL.WONOSARI KEC.GADING REJO,JUMAT GENAP,C051,188,085208519870,,2051011,Gading Rejo,35372,35372,LAMPUNG,Z12,1500000,3006,1.0,2,42,77,30.05.2023,2022-01-06 00:00:00,90051274,90051274,0 ,0 ,0 ,0 ,0 ,0 ,0 ,0 ,0 ,08:00:00,0 ,0 ,,,JUMAT GENAP
SUPRAYOGA ABDI PUTRA,1777471,Weekly,"(-5.17647, 105.21137)",MARYATI,DSN BUMI TINGGI RT 025 RW 008 KEL BUMI TINGGI KEC BUMI AG,SENIN,C051,188,081279628368,,2051339,Sukadana,35512,35512,LAMPUNG,Z00,0,3006,5.0,2,13,77,30.03.2026,2025-10-22 00:00:00,90051274,90051274,08:00:00,08:00:00,0 ,0 ,0 ,0 ,0 ,0 ,0 ,0 ,0 ,0 ,-5.113747,105.540386,SENIN
SUPRAYOGA ABDI PUTRA,1797717,Weekly,"(-5.23728, 105.15843)",TK.ROS MART,JL.SETIA BUDI RT.20 KEL.BRANTI KEC.NATAR,SABTU,C051,188,08972223375,,2051269,Rulung Raya,35362,35362,LAMPUNG,Z00,0,3006,5.0,2,13,77,30.03.2026,2022-06-04 00:00:00,90051274,90051274,0 ,0 ,0 ,0 ,0 ,0 ,0 ,0 ,0 ,0 ,08:00:00,08:00:00,-5.233757,105.192409,JUMAT
SUPRAYOGA ABDI PUTRA,2139682,Weekly,"(-5.23728, 105.15843)",KANTIN SDN 2 BRANTI,JL.INPRES RT.5/3 KEL.BRANTI RAYA KEC.NATAR,SELASA,C051,188,082182020483,,2051222,Branti,35362,35362,LAMPUNG,Z12,2140219,3006,1.0,2,13,77,30.03.2026,2022-09-21 00:00:00,90051274,90051274,0 ,0 ,08:00:00,08:00:00,0 ,0 ,0 ,0 ,0 ,0 ,0 ,0 ,-5.244251,105.169615,JUMAT
SUPRAYOGA ABDI PUTRA,2304761,Weekly,"(-5.36628, 105.15266)",TK.SHANUM CELL,JL.A.YANI RT.2/5 KEL.BERNUNG KEC.GEDONG TATAAN,RABU,C051,188,085378530722,,2051490,Bernung,35366,35366,LAMPUNG,Z00,0,3006,5.0,2,58,77,30.03.2026,2022-12-01 00:00:00,90051274,90051817,0 ,0 ,0 ,0 ,08:00:00,08:00:00,0 ,0 ,0 ,0 ,0 ,0 ,-5.366347,105.152816,KAMIS
SUPRAYOGA ABDI PUTRA,2387772,Weekly,"(-5.38412, 105.10784)",TK.FANKA,JL.PERUMNAS RT.2/1 KEL.SUKARAJA KEC.GEDONG TATAAN,JUMAT,C051,188,+6285325027940,,2051156,Gedong Tata'an,35366,35366,LAMPUNG,Z00,0,3006,5.0,2,13,77,30.03.2026,2022-11-21 00:00:00,90051274,90051274,0 ,0 ,0 ,0 ,0 ,0 ,0 ,0 ,08:00:00,08:00:00,0 ,0 ,-5.38415,105.107793,SABTU
SUPRAYOGA ABDI PUTRA,243020,Weekly,"(-5.26744, 105.17058)",NANANG,CENDI MAS NATAR DSN RAJAWALI RT15/6 DKT TK MES PANDI,SELASA,C051,188,085357649930,,2051195,Candimas,35362,35362,LAMPUNG,Z12,7324224,3006,1.0,2,13,77,30.03.2026,2016-10-27 00:00:00,90051274,90050004,0 ,0 ,08:00:00,08:00:00,0 ,0 ,0 ,0 ,0 ,0 ,0 ,0 ,-5.2664766,105.1930137,JUMAT
SUPRAYOGA ABDI PUTRA,303635,Weekly,,LAKSANA,DSN.JEPANG RT.3 NO.20 KRAWANG SARI,SELASA,C051,188,085366127777,085366127777,2051234,BANDAR REJO,35362,35362,LAMPUNG,Z00,0,3006,5.0,2,42,77,26.06.2025,2017-07-06 00:00:00,90051274,90051274,0 ,0 ,08:00:00,08:00:00,0 ,0 ,0 ,0 ,0 ,0 ,0 ,0 ,,,SELASA
SUPRAYOGA ABDI PUTRA,314162,Weekly,"(-5.39539, 105.21865)",TK.YULI,JL.T.CIK DITIRO RT.13 LK.II GG.MELATI 2 KEL.SUMBERREJO,KAMIS,C051,188,+6281279641100,,2051068,Kemiling,35153,35153,LAMPUNG,Z00,0,3006,5.0,2,13,77,09.04.2026,2016-10-27 00:00:00,90051274,90051274,0 ,0 ,0 ,0 ,0 ,0 ,08:00:00,08:00:00,0 ,0 ,0 ,0 ,-5.3948778,105.2168887,RABU
SUPRAYOGA ABDI PUTRA,314240,Weekly,"(-5.35659, 105.1455)",BINTANG UTAMA,Jl.AHMAD YANI DUSUN SUMBER SARI 2,JUMAT,C051,188,081283098734,,2051156,Gedong Tata'an,35366,35366,LAMPUNG,Z12,6305550,3006,1.0,2,13,77,30.03.2026,2016-10-27 00:00:00,90051274,90051274,0 ,0 ,0 ,0 ,0 ,0 ,0 ,0 ,08:00:00,08:00:00,0 ,0 ,-5.3568001,105.1456253,KAMIS
SUPRAYOGA ABDI PUTRA,314279,Weekly,"(-5.38929, 105.22498)",WARUNG ECHA CELL,JL.PURNAWIRAWAN1 LANGKAPURA,KAMIS,C051,188,+6289628983745,,2051068,Kemiling,35153,35153,LAMPUNG,Z00,0,3006,5.0,2,13,77,09.04.2026,2016-10-27 00:00:00,90051274,90051274,0 ,0 ,0 ,0 ,0 ,0 ,08:00:00,08:00:00,0 ,0 ,0 ,0 ,-5.389491,105.225078,KAMIS
SUPRAYOGA ABDI PUTRA,314340,Weekly,"(-5.29362, 105.14961)",LUSI,JL.RAYA NATAR DESA REJO SARI,SELASA,C051,188,085881936425,,2051028,Natar,35362,35362,LAMPUNG,Z00,0,3006,5.0,2,13,77,30.03.2026,2016-10-27 00:00:00,90051274,90051274,0 ,0 ,08:00:00,08:00:00,0 ,0 ,0 ,0 ,0 ,0 ,0 ,0 ,-5.29692,105.15366,JUMAT
SUPRAYOGA ABDI PUTRA,314444,Weekly,"(-5.19439, 105.17669)",DESI,JL RAYA TEGINENENG GG SIMPANG LAS,SABTU,C051,188,85279174058,,2051028,Natar,35362,35362,LAMPUNG,Z00,0,3006,5.0,2,13,77,30.03.2026,2016-10-27 00:00:00,90051274,90051274,0 ,0 ,0 ,0 ,0 ,0 ,0 ,0 ,0 ,0 ,08:00:00,08:00:00,-5.2164133,105.1791167,SENIN
SUPRAYOGA ABDI PUTRA,3207468,Weekly,"(-5.17647, 105.21137)",TK.JI N ER MART,JL.DONOMULO DSN II RT 001 RW 004 KEL.DONOMULYO,SENIN,C051,188,085764379526,,2051320,Donomulyo,35512,35512,LAMPUNG,Z00,0,3006,5.0,2,58,77,30.03.2026,2025-05-15 00:00:00,90051274,90051274,08:00:00,08:00:00,0 ,0 ,0 ,0 ,0 ,0 ,0 ,0 ,0 ,0 ,-5.1053959,105.4887338,SENIN
SUPRAYOGA ABDI PUTRA,327719,Weekly,"(-5.36816, 105.23535)",CHAMART RAJABASA,"JALAN ZA PAGAR ALAM NO. 1 2 3 B, RAJABASA,",RABU,C051,188,0721770042,08129995232,2051096,Rajabasa,35144,35144,LAMPUNG,Z30,10000000,3006,1.0,1,12,77,30.03.2026,2017-01-11 00:00:00,90051274,90051274,0 ,0 ,0 ,0 ,08:00:00,08:00:00,0 ,0 ,0 ,0 ,0 ,0 ,-5.3682973,105.2353117,SELASA
SUPRAYOGA ABDI PUTRA,327967,Weekly,"(-5.35507, 105.22514)",WR.ANI,DSN.VIII TANJUNG REJO RT.33/13 NO.17 NATAR DPN SKLH YADIKA,RABU,C051,188,085380254513,,2051028,Natar,35362,35362,LAMPUNG,Z00,0,3006,5.0,2,58,77,30.03.2026,2017-01-12 00:00:00,90051274,90051274,0 ,0 ,0 ,0 ,08:00:00,08:00:00,0 ,0 ,0 ,0 ,0 ,0 ,-5.320195,105.20455,SELASA
SUPRAYOGA ABDI PUTRA,3283443,Weekly,"(-5.32234, 105.15145)",WR.MBAK TRI,DSN.SRIDADI RT.25-9 KEL.NEGARA RATU KEC.NATAR,SENIN,C051,188,085789466818,,2051625,Negara Ratu,35362,35362,LAMPUNG,Z00,0,3006,5.0,2,13,77,13.04.2026,2024-07-08 00:00:00,90051274,90052136,08:00:00,08:00:00,0 ,0 ,0 ,0 ,0 ,0 ,0 ,0 ,0 ,0 ,-5.321093,105.159888,KAMIS
SUPRAYOGA ABDI PUTRA,329039,Weekly,"(-5.37984, 105.24203)",TK.BELA,JL.PURNAWIRAWAN SWADAYA X RT.3 NO.57 SBLM MSJD BABUSALAM,RABU,C051,188,082176146248,,2051096,Rajabasa,35152,35152,LAMPUNG,Z00,0,3006,5.0,2,13,77,30.03.2026,2017-01-20 00:00:00,90051274,90051274,0 ,0 ,0 ,0 ,08:00:00,08:00:00,0 ,0 ,0 ,0 ,0 ,0 ,-5.3799583,105.2419229,KAMIS
SUPRAYOGA ABDI PUTRA,345477,Weekly,"(-5.32649, 105.26118)",TK.IBU CAREK,SIDOREJO KRAWANG SARI RT.8/4 NO.19 KEL.KRAWANG SARI,SELASA,C051,188,081314616817,,2051028,Natar,35362,35362,LAMPUNG,Z00,0,3006,5.0,2,58,77,30.03.2026,2017-07-06 00:00:00,90051274,90051274,0 ,0 ,08:00:00,08:00:00,0 ,0 ,0 ,0 ,0 ,0 ,0 ,0 ,-5.284402,105.2656945,SELASA
SUPRAYOGA ABDI PUTRA,349684,Weekly,"(-5.3973, 105.21524)",WR EKA,JL.CIK DITIRO PASAR TANI RT.7 NO.15 KEL.SUMBER REJO,KAMIS,C051,188,082181538006,089682635785,2051068,Kemiling,35153,35153,BANDAR LAMPUNG,Z12,4823129,3006,1.0,2,13,77,30.03.2026,2017-08-21 00:00:00,90051274,90051274,0 ,0 ,0 ,0 ,0 ,0 ,08:00:00,08:00:00,0 ,0 ,0 ,0 ,-5.39736,105.2153333,RABU
SUPRAYOGA ABDI PUTRA,350357,Weekly,"(-5.21114, 105.15415)",TK.JULI,JL.RAYA BERANTI RT.5 NO.74 GG.SIMPANG LAS KEL/KEC.NATAR,SENIN,C051,188,082375897006,085377520009,2051222,Branti,35362,35362,NATAR,Z12,2055684,3006,1.0,2,58,77,13.04.2026,2017-09-05 00:00:00,90051274,90051685,08:00:00,08:00:00,0 ,0 ,0 ,0 ,0 ,0 ,0 ,0 ,0 ,0 ,-5.2175435,105.1737116,SENIN
SUPRAYOGA ABDI PUTRA,350933,Weekly,"(-5.34667, 105.17079)",TK.RIANTO,JL.PEWA NATAR RT.2 NO.35 KEL/KEC.NATAR,RABU,C051,188,081379049019,,2051509,Pasar Natar,35362,35362,LAMPUNG SELATAN,Z00,0,3006,5.0,2,13,77,30.03.2026,2017-09-11 00:00:00,90051274,90051274,0 ,0 ,0 ,0 ,08:00:00,08:00:00,0 ,0 ,0 ,0 ,0 ,0 ,-5.3202489,105.2001992,KAMIS
SUPRAYOGA ABDI PUTRA,353814,Weekly,"(-5.18178, 105.18543)",TK.BERKAH,JL.LINTAS SUMATRA GG.JANUR KUNING RT.5/6 NO.33,SABTU,C051,188,081369309499,,2051028,Natar,35363,35363,BANDAR LAMPUNG,Z00,0,3006,5.0,2,58,77,30.03.2026,2017-10-04 00:00:00,90051274,90051274,0 ,0 ,0 ,0 ,0 ,0 ,0 ,0 ,0 ,0 ,08:00:00,08:00:00,-5.1818123,105.1855871,SENIN
SUPRAYOGA ABDI PUTRA,359227,Weekly,"(-5.39164, 105.20563)",TK.WAWAN,JL.MARGA SINARBANTEN RT.4/1 NO.7 KEL.SUMBERREJO KEC.KEMILING,RABU,C051,188,081369120808,081369120808,2051068,Kemiling,35168,35168,BANDAR LAMPUNG,Z12,5305172,3006,1.0,2,13,77,30.03.2026,2017-11-15 00:00:00,90051274,90051571,0 ,0 ,0 ,0 ,08:00:00,08:00:00,0 ,0 ,0 ,0 ,0 ,0 ,-5.3916237,105.2055581,RABU
SUPRAYOGA ABDI PUTRA,365050,Weekly,"(-5.38597, 105.21058)",TK.HAIFA HIJAB GROSIR,JL.RY.BUKIT KEMILING PERMAI RT.5 NO.64 KEL/KEC.KEMILING,KAMIS,C051,188,+628996431761,,2051068,Kemiling,35158,35158,LAMPUNG,Z12,6668499,3006,1.0,2,67,77,23.04.2026,2018-01-09 00:00:00,90051274,90051274,0 ,0 ,0 ,0 ,0 ,0 ,08:00:00,08:00:00,0 ,0 ,0 ,0 ,-5.385997,105.210386,KAMIS
SUPRAYOGA ABDI PUTRA,369104,Weekly,"(-5.36162, 105.2352)",SRC.CECEP,JL.KAPTEN ABDUL HAQ RT.3 LK.II NO.13 GG.MASJID,RABU,C051,188,085284431008,,2051096,Rajabasa,35144,35144,LAMPUNG,Z00,0,3006,5.0,2,13,77,30.03.2026,2018-02-08 00:00:00,90051274,90051274,0 ,0 ,0 ,0 ,08:00:00,08:00:00,0 ,0 ,0 ,0 ,0 ,0 ,-5.361393,105.234321,SELASA
SUPRAYOGA ABDI PUTRA,373616,Weekly,"(-5.3739, 105.21302)",WR.FATUR,PERUM BKP RT.1/1 BLOK W NO.27 KEL.KEMILING PERMAI KEC.,KAMIS,C051,188,085208834232,,2051068,Kemiling,35158,35158,KEMILING,Z00,0,3006,5.0,2,13,77,30.03.2026,2018-03-20 00:00:00,90051274,90051274,0 ,0 ,0 ,0 ,0 ,0 ,08:00:00,08:00:00,0 ,0 ,0 ,0 ,-5.373705,105.212906,KAMIS
SUPRAYOGA ABDI PUTRA,375373,Weekly,"(-5.17647, 105.21137)",TK.SUSANTI,DSN.II RT.4-2 NO.52 KEL.HARGO MULYO KEC.SEKAMPUNG,SENIN,C051,188,082374948819,,2051462,Jembat Serong Metro,34182,34182,LAMPUNG,Z00,0,3006,5.0,2,13,77,30.03.2026,2025-02-24 00:00:00,90051274,90051274,08:00:00,08:00:00,0 ,0 ,0 ,0 ,0 ,0 ,0 ,0 ,0 ,0 ,-5.135304,105.468062,SENIN
SUPRAYOGA ABDI PUTRA,3842201,Weekly,"(-5.50436, 105.00369)",WR.ROHETI,KP.MANGGRIS RT.7-4 KEL.SUKA MAJU KEC.KEDONDONG,JUMAT,C051,188,085840213368,,2051016,Kedondong,35368,35368,LAMPUNG,Z12,2000000,3006,1.0,2,58,77,30.03.2026,2024-11-08 00:00:00,90051274,90051274,0 ,0 ,0 ,0 ,0 ,0 ,0 ,0 ,08:00:00,08:00:00,0 ,0 ,-5.504419,105.003457,RABU
SUPRAYOGA ABDI PUTRA,3849055,Weekly,"(-5.17647, 105.21137)",WR.ASKA,DUSUN 5 RT.007/004 KEL.DEPOK REJO KEC.TRIMURJO,SABTU,C051,188,081272159836,,2051038,Sumber Waringin,34172,34172,LAMPUNG,Z00,0,3006,5.0,2,13,77,30.03.2026,2023-08-22 00:00:00,90051274,90051274,0 ,0 ,0 ,0 ,0 ,0 ,0 ,0 ,0 ,0 ,08:00:00,08:00:00,-5.167613,105.24945,SENIN
SUPRAYOGA ABDI PUTRA,3907308,Weekly,"(-5.26744, 105.17058)",WR.KANTIN AL BANNA,DSN. CANDIMAS RT 1/2 KEL. CANDIMAS KEC. NATAR,SELASA,C051,188,089629622236,089629622236,2051195,Candimas,35362,35362,LAMPUNG,Z00,0,3006,5.0,2,67,77,29.04.2026,2023-09-08 00:00:00,90051274,90051274,0 ,0 ,08:00:00,08:00:00,0 ,0 ,0 ,0 ,0 ,0 ,0 ,0 ,-5.261134,105.181959,JUMAT
SUPRAYOGA ABDI PUTRA,3926366,Weekly,,WR.ANDRI,DSN.KALANGAN II RT.3/7 KEL.REJO AGUNG KEC.TEGINENENG,KAMIS,C051,188,082377635400,,2051038,Sumber Waringin,35363,35363,LAMPUNG,Z00,0,3006,5.0,2,42,77,15.04.2024,2023-09-05 00:00:00,90051274,90051274,0 ,0 ,0 ,0 ,0 ,0 ,08:00:00,08:00:00,0 ,0 ,0 ,0 ,,,KAMIS
SUPRAYOGA ABDI PUTRA,3964418,Weekly,"(-5.47088, 105.00973)",KANTIN PONDOK MODERN DAARUL IQ,JL.H.ALIUDIN DSN.SUKA BAKTI RT.5/4 KEL.TEMPEL REJO,JUMAT,C051,188,082163745829,,2051016,Kedondong,35381,35381,LAMPUNG,Z00,0,3006,5.0,2,58,77,30.03.2026,2023-09-12 00:00:00,90051274,90051274,0 ,0 ,0 ,0 ,0 ,0 ,0 ,0 ,08:00:00,08:00:00,0 ,0 ,-5.471341,105.008964,RABU
SUPRAYOGA ABDI PUTRA,4156543,Weekly,"(-5.38955, 105.1951)",WR.BU MUNISA,JL.NURUL ISLAM RT.5 NO.104 KEL.PINANG JAYA KEC.KEMILING,KAMIS,C051,188,+6289603245182,,2051068,Kemiling,35168,35168,LAMPUNG,Z00,0,3006,5.0,2,58,77,30.04.2026,2024-11-08 00:00:00,90051274,90051274,0 ,0 ,0 ,0 ,0 ,0 ,08:00:00,08:00:00,0 ,0 ,0 ,0 ,-5.3887333,105.1956233,SABTU
SUPRAYOGA ABDI PUTRA,424441,Weekly,"(-5.37648, 105.22179)",KANTIN SMP 2  BANDAR LAMPUNG,JL.PRAMUKA RT.2/3 NO.108 KEL.PRAMUKA KEC.RAJA BASA,KAMIS,C051,188,085269102960,,2051068,Kemiling,35168,35168,LAMPUNG,Z00,0,3006,5.0,2,67,77,13.04.2026,2018-07-30 00:00:00,90051274,90051274,0 ,0 ,0 ,0 ,0 ,0 ,08:00:00,08:00:00,0 ,0 ,0 ,0 ,-5.376607,105.221977,KAMIS
SUPRAYOGA ABDI PUTRA,427286,Weekly,"(-5.39401, 105.20341)",AQILA FROZEN,JL.MARGA RT.11-2 BLOK VB.11 NO.47 KEL.BERINGIN RAYA,KAMIS,C051,188,085211102322,082177778077,2051068,Kemiling,35158,35158,LAMPUNG,Z12,4390772,3006,1.0,2,13,77,30.03.2026,2018-08-24 00:00:00,90051274,90051274,0 ,0 ,0 ,0 ,0 ,0 ,08:00:00,08:00:00,0 ,0 ,0 ,0 ,-5.3939742,105.2028529,RABU
SUPRAYOGA ABDI PUTRA,4275951,Weekly,"(-5.39492, 105.19292)",TK.FIKI,JL.GARUDA RT.3 KEL.PINANG JAYA KEC.KEMILING,KAMIS,C051,188,081379511560,,2051068,Kemiling,35168,35168,LAMPUNG,Z00,0,3006,5.0,2,13,77,30.03.2026,2023-11-08 00:00:00,90051274,90051274,0 ,0 ,0 ,0 ,0 ,0 ,08:00:00,08:00:00,0 ,0 ,0 ,0 ,-5.394747,105.192367,RABU
SUPRAYOGA ABDI PUTRA,427978,Weekly,"(-5.39497, 105.23062)",TK.TRIS,JL.IMAM BONJOL RT.1/4 LK.II NO.112 GG.BUNGUR KEL.LANGKAPURA,SENIN,C051,188,085382924103,085382924103,2051663,Hajimena-Langkapura,35168,35168,LAMPUNG,Z00,0,3006,5.0,2,13,77,30.03.2026,2018-09-04 00:00:00,90051274,90051571,08:00:00,08:00:00,0 ,0 ,0 ,0 ,0 ,0 ,0 ,0 ,0 ,0 ,-5.3948067,105.231545,SABTU
SUPRAYOGA ABDI PUTRA,431351,Weekly,"(-5.23728, 105.15843)",WR.MISS,JL.DAMAI DSN.SUKARAME RT.14/5 NO.39 KEL.HADUYANG KEC.NATAR,SABTU,C051,188,089623758621,,2051028,Natar,35362,35362,LAMPUNG,Z12,3482000,3006,1.0,2,58,77,30.03.2026,2018-10-08 00:00:00,90051274,90051274,0 ,0 ,0 ,0 ,0 ,0 ,0 ,0 ,0 ,0 ,08:00:00,08:00:00,-5.22387,105.17544,JUMAT
SUPRAYOGA ABDI PUTRA,434125,Weekly,"(-5.33225, 105.15981)",CHANDRA NATAR,"JL. LINTAS SUMATERA DUSUN INDUK RT.002 RW.001 MERAK BATIN,",RABU,C051,188,07217530998,,2051625,Negara Ratu,35362,35362,KAB. LAMPUNG SELATAN LAMP,Z30,15000000,3006,1.0,1,83,77,30.03.2026,2018-11-07 00:00:00,90051274,90051274,0 ,0 ,0 ,0 ,08:00:00,08:00:00,0 ,0 ,0 ,0 ,0 ,0 ,-5.3098128,105.1930011,KAMIS
SUPRAYOGA ABDI PUTRA,4347658,Weekly,"(-5.36156, 105.21539)",M SEE MART,JL.ALAMSYAH RATU PRAWIRANEGARA RT.3 GG.MASJID KEL.TRIMURJO,RABU,C051,188,081260871565,,2051489,Negeri Sakti,35362,35362,LAMPUNG,Z00,0,3006,5.0,1,A3,77,30.03.2026,2024-11-11 00:00:00,90051274,90051274,0 ,0 ,0 ,0 ,08:00:00,08:00:00,0 ,0 ,0 ,0 ,0 ,0 ,-5.34571,105.210499,SELASA
SUPRAYOGA ABDI PUTRA,439205,Weekly,"(-5.34667, 105.17079)",WR.RISKI,JL.DAHLIA 4 RT.44/17 NO.17 DSN.X KEL/KEC.NATAR,SENIN,C051,188,081382799015,,2051625,Negara Ratu,35362,35362,LAMPUNG,Z00,0,3006,5.0,2,13,77,30.03.2026,2018-12-22 00:00:00,90051274,90050004,08:00:00,08:00:00,0 ,0 ,0 ,0 ,0 ,0 ,0 ,0 ,0 ,0 ,-5.3205688,105.1990674,KAMIS
SUPRAYOGA ABDI PUTRA,4456117,Weekly,"(-5.32649, 105.26118)",MBA LASMI,JL.REJOMULYO RT.5-1 KEL.REJO MULYO KEC.JATIAGUNG,SENIN,C051,188,089516904425,,2051620,Rejomulyo,35364,35364,LAMPUNG,Z12,1500000,3006,1.0,2,58,77,13.04.2026,2025-03-10 00:00:00,90051274,90051274,08:00:00,08:00:00,0 ,0 ,0 ,0 ,0 ,0 ,0 ,0 ,0 ,0 ,-5.256137,105.29527,SELASA
SUPRAYOGA ABDI PUTRA,447947,Weekly,"(-5.37975, 105.10948)",SRC.AZIZAH,JL.A.YANI RT.10/17 NO.3 KEL/KEC.GEDONG TATAAN,JUMAT,C051,188,081274821843,,2051156,Gedong Tata'an,35366,35366,LAMPUNG,Z00,0,3006,5.0,2,58,77,30.03.2026,2019-03-04 00:00:00,90051274,90051274,0 ,0 ,0 ,0 ,0 ,0 ,0 ,0 ,08:00:00,08:00:00,0 ,0 ,-5.3796878,105.1093526,SABTU
SUPRAYOGA ABDI PUTRA,451117,Weekly,"(-5.26744, 105.17058)",WR.NAJWA,JL.MUJIMULYO RT.1/1 NO.7 KEL.MUARA PUTIH KEC.NATAR,SELASA,C051,188,082282386768,,2051028,Natar,35362,35362,LAMPUNG,Z00,0,3006,5.0,2,58,77,30.03.2026,2019-03-27 00:00:00,90051274,90051274,0 ,0 ,08:00:00,08:00:00,0 ,0 ,0 ,0 ,0 ,0 ,0 ,0 ,-5.2687971,105.2249553,JUMAT
SUPRAYOGA ABDI PUTRA,451643,Weekly,"(-5.44599, 105.01376)",TK.DEA,JL.RY.PS.KEDONDONG RT.4/3 NO.48 KEL,SENIN,C051,188,088287895420,081369182842,2051492,Way Lima,35381,35381,LAMPUNG,Z12,5333990,3006,1.0,2,13,77,30.03.2026,2019-04-18 00:00:00,90051274,90051929,08:00:00,08:00:00,0 ,0 ,0 ,0 ,0 ,0 ,0 ,0 ,0 ,0 ,-5.446048,105.013717,SABTU
SUPRAYOGA ABDI PUTRA,4521816,Weekly,"(-5.34431, 105.28795)",SUTIK MART,DSN.KARYA MUKTI RT.4/2 KEL.KARYA MUKTI KEC.SEKAMPUNG,SENIN,C051,188,082213060870,,2051042,Sekampung,34382,34382,LAMPUNG,Z00,0,3006,5.0,2,13,77,30.03.2026,2024-01-18 00:00:00,90051274,90051274,08:00:00,08:00:00,0 ,0 ,0 ,0 ,0 ,0 ,0 ,0 ,0 ,0 ,-5.198368,105.4094923,SELASA
SUPRAYOGA ABDI PUTRA,4558046,Weekly,"(-5.17647, 105.21137)",SRC.SATRIA,DSN.I RT.2/1 KEL.DEPOK REJO KEC.TRIMURJO,SABTU,C051,188,+6283890224492,,2051038,Sumber Waringin,35363,35363,LAMPUNG,Z00,0,3006,5.0,2,13,77,11.04.2026,2024-01-30 00:00:00,90051274,90051274,0 ,0 ,0 ,0 ,0 ,0 ,0 ,0 ,0 ,0 ,08:00:00,08:00:00,-5.1672387,105.2436885,SENIN
SUPRAYOGA ABDI PUTRA,465866,Weekly,"(-5.26138, 105.16569)",TK.MULYADI,DSN.SINAR BRANTI RT.15/6 NO.15 KEL.BRANTI RAYA KEC.NATAR,SELASA,C051,188,+6281369929565,,2051028,Natar,35362,35362,LAMPUNG,Z00,0,3006,5.0,2,13,77,07.04.2026,2019-09-10 00:00:00,90051274,90051274,0 ,0 ,08:00:00,08:00:00,0 ,0 ,0 ,0 ,0 ,0 ,0 ,0 ,-5.2464333,105.1784433,JUMAT
SUPRAYOGA ABDI PUTRA,469527,Weekly,"(-5.27103, 105.16886)",WR.MUJI,JL ARJUNA BUMI SARI RT 002 RW 001 KEL BUMI SARI KEC NATAR,SELASA,C051,188,085279908027,,2051510,Rejosari,35362,35362,LAMPUNG,Z00,0,3006,5.0,2,67,77,13.04.2026,2025-07-25 00:00:00,90051274,90050004,0 ,0 ,08:00:00,08:00:00,0 ,0 ,0 ,0 ,0 ,0 ,0 ,0 ,-5.284873,105.186989,JUMAT
SUPRAYOGA ABDI PUTRA,471777,Weekly,,TK.HABIBAH,DS.PAMASALAK RT.3/1 NO.7 KEL.SINARB,JUMAT,C051,188,081366226879,,2051224,Banyumas,35674,35674,LAMPUNG,Z00,0,3006,5.0,2,42,77,22.09.2025,2019-10-18 00:00:00,90051274,99999266,0 ,0 ,0 ,0 ,0 ,0 ,0 ,0 ,08:00:00,08:00:00,0 ,0 ,,,JUMAT
SUPRAYOGA ABDI PUTRA,480590,Ganjil,,WR.VENI,DSN.SIDOHARJO RT.2/1 NO.48 KEL.SIDOHARJO KEC.PRINGSEWU,SELASA GANJIL,C051,188,085379960474,,2051036,Pringsewu,35673,35673,LAMPUNG,Z12,2000000,3006,1.0,2,42,77,22.09.2025,2021-10-12 00:00:00,90051274,99999266,0 ,0 ,08:00:00,0 ,0 ,0 ,0 ,0 ,0 ,0 ,0 ,0 ,,,SELASA GANJIL
SUPRAYOGA ABDI PUTRA,484998,Weekly,"(-5.30388, 105.14738)",WR.ISMA,JL.TELOGOREJO UTARA RT.1 NO.3 KEL.REJOSARI KEC.NATAR,SELASA,C051,188,085357820636,,2051028,Natar,35362,35362,LAMPUNG,Z00,0,3006,5.0,2,13,77,30.03.2026,2020-01-11 00:00:00,90051274,90051274,0 ,0 ,08:00:00,08:00:00,0 ,0 ,0 ,0 ,0 ,0 ,0 ,0 ,-5.30376,105.149125,JUMAT
SUPRAYOGA ABDI PUTRA,486655,Weekly,"(-5.17647, 105.21137)",TK.KARYA TANI,DSN.II DONOMULYO RT.1-2 NO.3 KEL.DONO MULYO KEC.BUMI AGUNG,SENIN,C051,188,081279446365,,2051462,Jembat Serong Metro,34182,34182,LAMPUNG,Z00,0,3006,5.0,2,13,77,30.03.2026,2025-01-13 00:00:00,90051274,90051274,08:00:00,08:00:00,0 ,0 ,0 ,0 ,0 ,0 ,0 ,0 ,0 ,0 ,-5.113294,105.477403,SENIN
SUPRAYOGA ABDI PUTRA,487600,Weekly,"(-5.40321, 105.2083)",TK.NOVAL,JL.UNTUNG SUROPATI SPN 48 RT.7 NO.53 KEL.BERINGIN RAYA,KAMIS,C051,188,085769877731,,2051068,Kemiling,35158,35158,LAMPUNG,Z12,5369144,3006,1.0,2,13,77,13.04.2026,2020-03-05 00:00:00,90051274,90051274,0 ,0 ,0 ,0 ,0 ,0 ,08:00:00,08:00:00,0 ,0 ,0 ,0 ,-5.403145,105.208281,RABU
SUPRAYOGA ABDI PUTRA,488703,Weekly,"(-5.46747, 105.00337)",WR.PUTI CELL,JL.HI.ALFIAN RT.3/1 NO.41 KEL.PASAR BARU KEC.KEDONDONG,JUMAT,C051,188,085369708818,,2051016,Kedondong,35381,35381,LAMPUNG,Z12,15501554,3006,1.0,2,67,77,30.03.2026,2020-02-04 00:00:00,90051274,90051274,0 ,0 ,0 ,0 ,0 ,0 ,0 ,0 ,08:00:00,08:00:00,0 ,0 ,-5.467506,105.00343,RABU
SUPRAYOGA ABDI PUTRA,496483,Weekly,"(-5.32649, 105.26118)",TK.BARUDIN,DSN.RUMBIA TIMUR RT.11/5 NO.73 KEL.KRAWANG SARI KEC.NATAR,SELASA,C051,188,082297013798,,2051028,Natar,35362,35362,LAMPUNG,Z00,0,3006,5.0,2,58,77,30.03.2026,2020-02-24 00:00:00,90051274,90051274,0 ,0 ,08:00:00,08:00:00,0 ,0 ,0 ,0 ,0 ,0 ,0 ,0 ,-5.2754496,105.2709603,SELASA
SUPRAYOGA ABDI PUTRA,500069,Ganjil,,WR.ARIF,JL.RY.BANDUNG BARU RT.8/3 NO.41 KEL.BANDUNG BARU KEC.ADILUWI,SELASA GANJIL,C051,188,082378257109,,2051123,Adiluwi,35674,35674,LAMPUNG,Z00,0,3006,5.0,2,42,77,30.05.2023,2020-03-07 00:00:00,90051274,90051274,0 ,0 ,08:00:00,0 ,0 ,0 ,0 ,0 ,0 ,0 ,0 ,0 ,,,SELASA GANJIL
SUPRAYOGA ABDI PUTRA,507849,Weekly,"(-5.27103, 105.16886)",WR.CHIKA,JL.TANJUNG SARI RT.10/5 NO.31 KEL.TANJUNG SARI KEC.NATAR,SELASA,C051,188,089651632921,085269808530,2051511,Batu Puru,35362,35362,LAMPUNG,Z00,0,3006,5.0,2,13,77,27.04.2026,2021-02-25 00:00:00,90051274,90051274,0 ,0 ,08:00:00,08:00:00,0 ,0 ,0 ,0 ,0 ,0 ,0 ,0 ,-5.292763,105.201593,JUMAT
SUPRAYOGA ABDI PUTRA,5189386,Weekly,"(-5.35818, 105.14527)",KANTIN ASSWADAH MART,JL.DWI KARYA SUMBER SARI 2 KEL.TAMAN SARI KEC.GEDUNG TATAAN,JUMAT,C051,188,082180297892,,2051156,Gedong Tata'an,35366,35366,LAMPUNG,Z00,0,3006,5.0,2,13,77,30.03.2026,2024-08-08 00:00:00,90051274,90051274,0 ,0 ,0 ,0 ,0 ,0 ,0 ,0 ,08:00:00,08:00:00,0 ,0 ,-5.358163,105.144768,KAMIS
SUPRAYOGA ABDI PUTRA,521466,Weekly,"(-5.26165, 105.1659)",WR.KAK ROS,JL.SEJAHTERA NO.13 GG.TEJOMARTANI KEL.BRANTI RAYA KEC.NATAR,SELASA,C051,188,+6285380253861,,2051028,Natar,35362,35362,LAMPUNG,Z00,0,3006,5.0,2,58,77,13.04.2026,2020-04-28 00:00:00,90051274,90051274,0 ,0 ,08:00:00,08:00:00,0 ,0 ,0 ,0 ,0 ,0 ,0 ,0 ,-5.25357,105.17687,JUMAT
SUPRAYOGA ABDI PUTRA,521844,Ganjil,,TK.MUSTAKIMAH,JL.SUKOHARJO III NO.68 KEL.SUKOHARJO III KEC.SUKOHARJO,JUMAT GANJIL,C051,188,081272164623,,2051158,Rowo Rejo,35674,35674,LAMPUNG,Z00,0,3006,5.0,2,42,77,30.05.2023,2020-04-29 00:00:00,90051274,90051274,0 ,0 ,0 ,0 ,0 ,0 ,0 ,0 ,08:00:00,0 ,0 ,0 ,,,JUMAT GANJIL
SUPRAYOGA ABDI PUTRA,524091,Weekly,"(-5.39007, 105.1018)",WR.SUPRI-ENG CELL,DS.SUKARAJA II RT.2/1 NO.5 KEL.SUKARAJA KEC.GD.TATAAN,JUMAT,C051,188,082278888238,,2051156,Gedong Tata'an,35371,35371,LAMPUNG,Z12,4132823,3006,1.0,2,58,77,30.03.2026,2021-09-15 00:00:00,90051274,90051274,0 ,0 ,0 ,0 ,0 ,0 ,0 ,0 ,08:00:00,08:00:00,0 ,0 ,-5.3894777,105.1027811,SABTU
SUPRAYOGA ABDI PUTRA,5245067,Weekly,"(-5.38641, 105.19332)",WR.MAMA DAVA,JL.BARU GG CENDANA RT/RW 002/002 KEL.GEDONG TATAAN KEC.GEDON,KAMIS,C051,188,081295437743,,2051156,Gedong Tata'an,35366,35366,LAMPUNG,Z00,0,3006,5.0,2,58,77,30.03.2026,2024-09-03 00:00:00,90051274,90051274,0 ,0 ,0 ,0 ,0 ,0 ,08:00:00,08:00:00,0 ,0 ,0 ,0 ,-5.38536,105.195608,RABU
SUPRAYOGA ABDI PUTRA,5269613,Weekly,"(-5.39655, 105.215)",WR.BUNSAR,JL.TEUKU CIKDITIRO RT.17 GG.MELATI II KEL.SUMBERREJO,KAMIS,C051,188,+6289637826143,,2051068,Kemiling,35168,35168,TAMIN,Z00,0,3006,5.0,2,58,77,30.03.2026,2025-02-25 00:00:00,90051274,90051274,0 ,0 ,0 ,0 ,0 ,0 ,08:00:00,08:00:00,0 ,0 ,0 ,0 ,-5.395769,105.2153074,RABU
SUPRAYOGA ABDI PUTRA,5285647,Weekly,"(-5.40771, 105.05859)",TK.DUA SAUDARA,JL.DUSUN II KEL.PAMPANGAN KEC.GEDONG TATAAN,JUMAT,C051,188,+6285357162079,,2051492,Way Lima,35366,35366,LAMPUNG,Z00,0,3006,5.0,2,58,77,29.04.2026,2024-10-02 00:00:00,90051274,90051274,0 ,0 ,0 ,0 ,0 ,0 ,0 ,0 ,08:00:00,08:00:00,0 ,0 ,-5.407682,105.058729,SABTU
SUPRAYOGA ABDI PUTRA,5294103,Weekly,"(-5.35993, 105.30652)",TK.SEMBAKO DESI,DUSUN II MEKAR MUKTI KEL.MEKAR MUKTI KEC.SEKAMPUNG,SENIN,C051,188,+6285664211716,,2051042,Sekampung,34382,34382,LAMPUNG,Z00,0,3006,5.0,2,58,77,06.04.2026,2024-10-08 00:00:00,90051274,90051274,08:00:00,08:00:00,0 ,0 ,0 ,0 ,0 ,0 ,0 ,0 ,0 ,0 ,-5.205645,105.429753,SENIN
SUPRAYOGA ABDI PUTRA,5294104,Weekly,"(-5.35507, 105.22514)",KOPERASI SMA 1 NATAR,JL.DAHLIA V NO.III KEL.NATAR KEC.NATAR,RABU,C051,188,+6281379975159,,2051028,Natar,35362,35362,LAMPUNG,Z00,0,3006,5.0,2,67,77,30.03.2026,2024-10-08 00:00:00,90051274,90051274,0 ,0 ,0 ,0 ,08:00:00,08:00:00,0 ,0 ,0 ,0 ,0 ,0 ,-5.322975,105.202506,SELASA
SUPRAYOGA ABDI PUTRA,5337263,Weekly,"(-5.42219, 105.03616)",WR.RAISA,JL.GEDONG TATAAN KEL.GEDONG TATAAN KEC.WAY LIMA,JUMAT,C051,188,085600368525,,2051016,Kedondong,35368,35368,LAMPUNG,Z00,0,3006,5.0,2,13,77,30.03.2026,2024-11-08 00:00:00,90051274,90051274,0 ,0 ,0 ,0 ,0 ,0 ,0 ,0 ,08:00:00,08:00:00,0 ,0 ,-5.420354,105.035894,SABTU
SUPRAYOGA ABDI PUTRA,5374199,Weekly,"(-5.17647, 105.21137)",WR SIGIT,JL DUSUN 1 RT 001 RW 001 KEL MARGO TOTO KEC METRO KIBANG,SENIN,C051,188,+6281547304168,,2051459,Margototo,34331,34331,LAMPUNG,Z00,0,3006,5.0,2,58,77,17.04.2026,2024-12-03 00:00:00,90051274,90051274,08:00:00,08:00:00,0 ,0 ,0 ,0 ,0 ,0 ,0 ,0 ,0 ,0 ,-5.192683,105.351317,SENIN
SUPRAYOGA ABDI PUTRA,5376231,Weekly,"(-5.46271, 105.00292)",TK.SEMBAKO BAROKAH,JL.POS DAN GIRO KEL.PASAR BARU KEC.KEDONDONG,JUMAT,C051,188,081279796799,,2051016,Kedondong,35368,35368,LAMPUNG,Z00,0,3006,5.0,2,13,77,30.03.2026,2024-12-04 00:00:00,90051274,90051274,0 ,0 ,0 ,0 ,0 ,0 ,0 ,0 ,08:00:00,08:00:00,0 ,0 ,-5.462685,105.002988,RABU
SUPRAYOGA ABDI PUTRA,5378031,Weekly,"(-5.39414, 105.22069)",WR.FAISAL,JL.PERUM GUNTER 2 NO.3 KEL.SUMBER REJO KEC.KEMILING,KAMIS,C051,188,083194630623,,2051068,Kemiling,34371,34371,LAMPUNG,Z00,0,3006,5.0,2,58,77,30.03.2026,2024-12-05 00:00:00,90051274,90051274,0 ,0 ,0 ,0 ,0 ,0 ,08:00:00,08:00:00,0 ,0 ,0 ,0 ,-5.3941838,105.2206232,KAMIS
SUPRAYOGA ABDI PUTRA,5456811,Weekly,"(-5.17647, 105.21137)",TK.TOLE PANCING,LK V KEL.TRIMURJO KEC.TRIMURJO,SABTU,C051,188,082185207985,,2051038,Sumber Waringin,34172,34172,LAMPUNG,Z00,0,3006,5.0,2,58,77,30.03.2026,2025-01-16 00:00:00,90051274,90051274,0 ,0 ,0 ,0 ,0 ,0 ,0 ,0 ,0 ,0 ,08:00:00,08:00:00,-5.154264,105.231362,SENIN
SUPRAYOGA ABDI PUTRA,5479591,Weekly,"(-5.28665, 105.1531)",TK.AW,JL.PURWOSARI II KEL.NEGARA RATU KEC.NATAR,SELASA,C051,188,085788468887,,2051028,Natar,35362,35362,LAMPUNG,Z00,0,3006,5.0,2,58,77,30.03.2026,2025-01-28 00:00:00,90051274,90051274,0 ,0 ,08:00:00,08:00:00,0 ,0 ,0 ,0 ,0 ,0 ,0 ,0 ,-5.298553,105.173174,JUMAT
SUPRAYOGA ABDI PUTRA,5492333,Weekly,"(-5.47275, 105.01474)",WR.IBU MASITOH,DSN TEMPEL SARI KEL.TEMPEL REJO KEC.KEDONDONG,JUMAT,C051,188,+6285832079325,,2051016,Kedondong,35368,35368,LAMPUNG,Z00,0,3006,5.0,2,58,77,10.04.2026,2025-02-04 00:00:00,90051274,90051274,0 ,0 ,0 ,0 ,0 ,0 ,0 ,0 ,08:00:00,08:00:00,0 ,0 ,-5.4726,105.0143533,RABU
SUPRAYOGA ABDI PUTRA,5519087,Weekly,"(-5.18363, 105.20136)",MILLI MART,DUSUN I RULUNG SARI KEL.RULUNG SARI KEC.NATAR,SABTU,C051,188,085367092563,,2051269,Rulung Raya,35362,35362,LAMPUNG,Z00,0,3006,5.0,2,58,77,30.03.2026,2025-02-19 00:00:00,90051274,90051274,0 ,0 ,0 ,0 ,0 ,0 ,0 ,0 ,0 ,0 ,08:00:00,08:00:00,-5.2229323,105.2120012,SENIN
SUPRAYOGA ABDI PUTRA,5540999,Weekly,"(-5.17647, 105.21137)",TK.FENNY,DSN II KEL.SAMBIKARTO KEC.SEKAMPUNG,SENIN,C051,188,081380399092,,2051462,Jembat Serong Metro,34382,34382,LAMPUNG,Z00,0,3006,5.0,2,13,77,30.03.2026,2025-03-04 00:00:00,90051274,90051274,08:00:00,08:00:00,0 ,0 ,0 ,0 ,0 ,0 ,0 ,0 ,0 ,0 ,-5.12183,105.467595,SENIN
SUPRAYOGA ABDI PUTRA,5556372,Weekly,"(-5.47045, 104.97234)",PPTQ MART,JL.KOTA JAWA KEL.KOTA JAWA KEC.WAY KHILAU,JUMAT,C051,188,+6285783034964,,2051016,Kedondong,35368,35368,LAMPUNG,Z00,0,3006,5.0,2,13,77,30.03.2026,2025-03-25 00:00:00,90051274,90051274,0 ,0 ,0 ,0 ,0 ,0 ,0 ,0 ,08:00:00,08:00:00,0 ,0 ,-5.4708732,104.9732404,RABU
SUPRAYOGA ABDI PUTRA,5571888,Weekly,"(-5.39418, 105.19093)",Tk Yayin 2,Jl.Mata Air Simpang Jl Garuda,KAMIS,C051,188,081377614522,,2051068,Kemiling,35158,35158,LAMPUNG,Z12,2000000,3006,1.0,2,13,77,30.03.2026,2025-05-05 00:00:00,90051274,90051274,0 ,0 ,0 ,0 ,0 ,0 ,08:00:00,08:00:00,0 ,0 ,0 ,0 ,-5.3942947,105.1908802,RABU
SUPRAYOGA ABDI PUTRA,5577096,Weekly,"(-5.33276, 105.24658)",TK ALFARIZQI,DSN KALI ASIN 1 RT001 RW001 KEL MERAK BATIN KEC NATAR,RABU,C051,188,085769922220,,2051507,Banjarejo Natar,35362,35362,LAMPUNG,Z00,0,3006,5.0,2,13,77,30.03.2026,2025-05-20 00:00:00,90051274,90051274,0 ,0 ,0 ,0 ,08:00:00,08:00:00,0 ,0 ,0 ,0 ,0 ,0 ,-5.3088057,105.2135596,SELASA
SUPRAYOGA ABDI PUTRA,5577987,Weekly,"(-5.2274, 105.112)",WR MBAK PHO,DSN SRIMULYO RT/RW 010/004,SABTU,C051,188,08536994600,,2051123,Adiluwi,35363,35363,LAMPUNG,Z00,0,3006,5.0,2,58,77,30.03.2026,2025-05-22 00:00:00,90051274,90051274,0 ,0 ,0 ,0 ,0 ,0 ,0 ,0 ,0 ,0 ,08:00:00,08:00:00,-5.227326,105.112112,JUMAT
SUPRAYOGA ABDI PUTRA,5578001,Weekly,"(-5.32649, 105.26118)",KOPERASI SMA 2 NATAR,DUSUN IV PANCASILA  RT/RW 000/000,SELASA,C051,188,+6288267012225,,2051235,PANCASILA,35362,35362,LAMPUNG,Z00,0,3006,5.0,2,67,77,30.03.2026,2025-05-22 00:00:00,90051274,90051274,0 ,0 ,08:00:00,08:00:00,0 ,0 ,0 ,0 ,0 ,0 ,0 ,0 ,-5.2479851,105.2666378,SELASA
SUPRAYOGA ABDI PUTRA,558353,Weekly,"(-5.36137, 105.30813)",TK.JENNY,JL MARGATIGA RT 001 RW 001 NO 10 KEL SUKADANA BARU,SENIN,C051,188,085664246662,,2051340,Jembat Batu,34194,34191,LAMPUNG,Z00,0,3006,5.0,2,58,77,29.04.2026,2025-11-19 00:00:00,90051274,90051274,08:00:00,08:00:00,0 ,0 ,0 ,0 ,0 ,0 ,0 ,0 ,0 ,0 ,-5.183686,105.541946,JUMAT
SUPRAYOGA ABDI PUTRA,5587481,Weekly,"(-5.20428, 105.15306)",TK RISKI,JL DUSUN MARGODADI RT/RW 004/002,SABTU,C051,188,+62887437724442,,2051301,Tegi Neneng,35363,35363,LAMPUNG,Z00,0,3006,5.0,2,58,77,30.03.2026,2025-06-16 00:00:00,90051274,90051274,0 ,0 ,0 ,0 ,0 ,0 ,0 ,0 ,0 ,0 ,08:00:00,08:00:00,-5.20433,105.153153,SENIN
SUPRAYOGA ABDI PUTRA,5593928,Weekly,"(-5.35993, 105.30652)",TK PODOMORO,DS III RT 011 RW 003 KEL MEKAR MUKTI KEC SEKAMPUNG,SENIN,C051,188,+6287780925798,,2051347,Karya Mukti,34382,34382,METRO,Z00,0,3006,5.0,2,58,77,13.04.2026,2025-09-18 00:00:00,90051274,90051274,08:00:00,08:00:00,0 ,0 ,0 ,0 ,0 ,0 ,0 ,0 ,0 ,0 ,-5.200548,105.430793,SENIN
SUPRAYOGA ABDI PUTRA,5597986,Weekly,"(-5.36105, 105.18491)",TK PRANA TOYS,DUSUN JL SRIMULYO NEGRI SAKTI GEDONG TATAAN RT/RW 009/004,JUMAT,C051,188,081379824329,,2051489,Negeri Sakti,35366,35366,LAMPUNG,Z00,0,3006,5.0,2,58,77,13.04.2026,2025-07-11 00:00:00,90051274,90051274,0 ,0 ,0 ,0 ,0 ,0 ,0 ,0 ,08:00:00,08:00:00,0 ,0 ,-5.3579731,105.1880461,KAMIS
SUPRAYOGA ABDI PUTRA,5598763,Weekly,"(-5.33276, 105.24658)",TK MANIYAH,GG MAKMUR RT/RW 004/006 KAMPUNG BARU NATAR,RABU,C051,188,+6285896946805,,2051622,Sidosari,35362,35362,LAMPUNG,Z00,0,3006,5.0,2,58,77,30.03.2026,2025-07-14 00:00:00,90051274,90051274,0 ,0 ,0 ,0 ,08:00:00,08:00:00,0 ,0 ,0 ,0 ,0 ,0 ,-5.331357,105.240852,SELASA
SUPRAYOGA ABDI PUTRA,5598766,Weekly,"(-5.46009, 104.97213)",TK CHIO CELL,JL DSN IIKEL KOTA JAWA RT/RW 010/004 WAY KHILAU,JUMAT,C051,188,+6285658830856,,2051270,Gunung Sari (Pesawar,35368,35368,LAMPUNG,Z00,0,3006,5.0,2,58,77,30.03.2026,2025-07-14 00:00:00,90051274,90051274,0 ,0 ,0 ,0 ,0 ,0 ,0 ,0 ,08:00:00,08:00:00,0 ,0 ,-5.460172,104.972211,RABU
SUPRAYOGA ABDI PUTRA,5605802,Weekly,"(-5.17647, 105.21137)",TK PARWATI,JL SIDODADI BEDENGKEL GIRI KLOPO MULYOKEC SEKAMPUNG,SENIN,C051,188,082372302854,,2051042,Sekampung,34182,34182,LAMPUNG,Z00,0,3006,5.0,2,13,77,30.03.2026,2025-07-28 00:00:00,90051274,90051274,08:00:00,08:00:00,0 ,0 ,0 ,0 ,0 ,0 ,0 ,0 ,0 ,0 ,-5.1536809,105.4340516,SENIN
SUPRAYOGA ABDI PUTRA,5605803,Weekly,"(-5.35993, 105.30652)",MULYO MART,JL TRIMULYO KEL TRIMULYO KEC SEKAMPUNG,SENIN,C051,188,083865118835,,2051462,Jembat Serong Metro,34182,34182,LAMPUNG,Z00,0,3006,5.0,2,58,77,30.03.2026,2025-07-28 00:00:00,90051274,90051274,08:00:00,08:00:00,0 ,0 ,0 ,0 ,0 ,0 ,0 ,0 ,0 ,0 ,-5.1767792,105.4610584,SELASA
SUPRAYOGA ABDI PUTRA,5606951,Weekly,"(-5.35507, 105.22514)",TK ANISA,JL LINTAS SUMATERAKEL DSN II SINDANG SARIKEC NATAR,RABU,C051,188,085279841119,,2051625,Negara Ratu,35362,35362,LAMPUNG,Z00,0,3006,5.0,2,13,77,30.03.2026,2025-07-30 00:00:00,90051274,90051274,0 ,0 ,0 ,0 ,08:00:00,08:00:00,0 ,0 ,0 ,0 ,0 ,0 ,-5.327656,105.204863,SELASA
SUPRAYOGA ABDI PUTRA,5609782,Weekly,"(-5.45776, 104.94714)",TK IMAM,JL RADEN FATAH RT/RW 003/003 KEC PADASUKA,JUMAT,C051,188,085357573229,,2051002,Ambarawa,35682,35682,LAMPUNG,Z00,0,3006,5.0,2,13,77,30.03.2026,2025-08-05 00:00:00,90051274,90051274,0 ,0 ,0 ,0 ,0 ,0 ,0 ,0 ,08:00:00,08:00:00,0 ,0 ,-5.451301,104.935781,RABU
SUPRAYOGA ABDI PUTRA,5611346,Weekly,"(-5.36137, 105.30813)",TK MBA TRI,JL MELARIS TIMURKEL NEGERI JAMANTENKEC MARGA TIGA,SENIN,C051,188,+6281272341482,,2051230,SINDANG ANOM,34386,34386,LAMPUNG,Z00,0,3006,5.0,2,13,77,30.03.2026,2025-08-07 00:00:00,90051274,90051274,08:00:00,08:00:00,0 ,0 ,0 ,0 ,0 ,0 ,0 ,0 ,0 ,0 ,-5.210758,105.507925,JUMAT
SUPRAYOGA ABDI PUTRA,5611985,Weekly,"(-5.35993, 105.30652)",TK SEMBAKO WIN BAREL,DSN IV KEL MEKAR MUKTI RT/RW 014/004 KEC SEKAMPUNG,SENIN,C051,188,+6282160150879,,2051042,Sekampung,34182,34182,LAMPUNG,Z00,0,3006,5.0,2,13,77,30.03.2026,2025-08-08 00:00:00,90051274,90051274,08:00:00,08:00:00,0 ,0 ,0 ,0 ,0 ,0 ,0 ,0 ,0 ,0 ,-5.198562,105.435843,SELASA
SUPRAYOGA ABDI PUTRA,5614787,Weekly,"(-5.36137, 105.30813)",TK EKA,DSN II KEL MEKAR MULYO RT/RW 005/002 KEC SEKAMPUNG,SENIN,C051,188,+6285758425617,,2051042,Sekampung,34182,34182,LAMPUNG,Z00,0,3006,5.0,2,13,77,30.03.2026,2025-08-13 00:00:00,90051274,90051274,08:00:00,08:00:00,0 ,0 ,0 ,0 ,0 ,0 ,0 ,0 ,0 ,0 ,-5.214115,105.452554,JUMAT
SUPRAYOGA ABDI PUTRA,5651593,Weekly,"(-5.38735, 105.33027)",TK DHANU,JL DSN ABC BLOK CKEL SUKARAJAKEC MARGA 3,SENIN,C051,188,085789720252,,2051230,SINDANG ANOM,34386,34386,LAMPUNG,Z00,0,3006,5.0,2,67,77,30.03.2026,2025-10-16 00:00:00,90051274,90051274,08:00:00,08:00:00,0 ,0 ,0 ,0 ,0 ,0 ,0 ,0 ,0 ,0 ,-5.219629,105.50101,KAMIS
SUPRAYOGA ABDI PUTRA,5674303,Weekly,"(-5.17647, 105.21137)",TK YOGA,JL KAYA MARGAMULYA RT/RW 007/003 KEC SEKAMPUNG,SENIN,C051,188,+6285769517891,,2051042,Sekampung,34182,34182,LAMPUNG,Z00,0,3006,5.0,2,13,77,29.04.2026,2025-11-10 00:00:00,90051274,90051274,08:00:00,08:00:00,0 ,0 ,0 ,0 ,0 ,0 ,0 ,0 ,0 ,0 ,-5.122385,105.43123,SENIN
SUPRAYOGA ABDI PUTRA,584908,Weekly,"(-5.18863, 105.18918)",TK.WIJAYANTI,DSN.MARGA RAYA II RT.2-2 NO.33 KEL.RULUNG RAYA KEC.NATAR,KAMIS,C051,188,082178571470,,2051269,Rulung Raya,35362,35362,LAMPUNG,Z00,0,3006,5.0,2,58,77,30.03.2026,2024-07-04 00:00:00,90051274,90051662,0 ,0 ,0 ,0 ,0 ,0 ,08:00:00,08:00:00,0 ,0 ,0 ,0 ,-5.219496,105.202281,SENIN
SUPRAYOGA ABDI PUTRA,613307,Weekly,"(-5.32649, 105.26118)",WR.UCOK,JL.DSN.PRIYANGAN RT.1-1 KEL.KARANG ANYAR KEC.JATI AGUNG,SELASA,C051,188,083181870990,,2051234,BANDAR REJO,35365,35365,LAMPUNG,Z00,0,3006,5.0,2,58,77,13.04.2026,2025-03-27 00:00:00,90051274,90051274,0 ,0 ,08:00:00,08:00:00,0 ,0 ,0 ,0 ,0 ,0 ,0 ,0 ,-5.2680697,105.2753513,SELASA
SUPRAYOGA ABDI PUTRA,622977,Ganjil,,WR.FITRI,JL.KEPUTARAN RT.4/2 NO.34B KEL.KEPUTRAN KEC.SUKOHARJO,SELASA GANJIL,C051,188,083151278808,,2051019,Kali Rejo,35674,35674,LAMPUNG,Z00,0,3006,5.0,2,42,77,30.05.2023,2020-12-28 00:00:00,90051274,90051274,0 ,0 ,08:00:00,0 ,0 ,0 ,0 ,0 ,0 ,0 ,0 ,0 ,,,SELASA GANJIL
SUPRAYOGA ABDI PUTRA,627221,Genap,,WR.RAY,JL.JENDRAL SUDIRMAN RT.2 NO.129 KEL.PAJARESUK KEC.PRINGSEWU,SENIN GENAP,C051,188,085788817358,,2051030,Pagelaran Lampung,35676,35676,LAMPUNG,Z00,0,3006,5.0,2,42,77,30.05.2023,2021-01-25 00:00:00,90051274,90051274,0 ,08:00:00,0 ,0 ,0 ,0 ,0 ,0 ,0 ,0 ,0 ,0 ,,,SENIN GENAP
SUPRAYOGA ABDI PUTRA,652527,Genap,,TK.QALISTA MART,JL.N.SASTRO MIHARJO RT.15/5 NO.12 KEL-KEC.NEGERI KATON,KAMIS GENAP,C051,188,088707042131,,2051011,Gading Rejo,35372,35372,LAMPUNG,Z00,0,3006,5.0,2,42,77,30.05.2023,2021-03-04 00:00:00,90051274,90051274,0 ,0 ,0 ,0 ,0 ,0 ,0 ,08:00:00,0 ,0 ,0 ,0 ,,,KAMIS GENAP
SUPRAYOGA ABDI PUTRA,692595,Weekly,"(-5.17647, 105.21137)",TK.USMAN,DSN.I RT.2-1 NO.14 KEL.SIDOMULYO KEC.SEKAMPUNG,SENIN,C051,188,+6285789885838,,2051347,Karya Mukti,34382,34382,LAMPUNG,Z00,0,3006,5.0,2,58,77,13.04.2026,2024-01-15 00:00:00,90051274,90051274,08:00:00,08:00:00,0 ,0 ,0 ,0 ,0 ,0 ,0 ,0 ,0 ,0 ,-5.1523583,105.4046901,SENIN
SUPRAYOGA ABDI PUTRA,91607,Weekly,"(-5.3602, 105.22412)",FITRINOP I,JL.ZAINAL ABIDIN PAGAR ALAM NO.103,RABU,C051,188,081278379030,0721-787042,2051621,Pramuka,35145,35145,BANDAR LAMPUNG,Z21,15000000,3006,1.0,1,12,77,30.03.2026,2016-11-28 00:00:00,90051274,90051274,0 ,0 ,0 ,0 ,08:00:00,08:00:00,0 ,0 ,0 ,0 ,0 ,0 ,-5.3603042,105.2240115,SELASA
SUPRAYOGA ABDI PUTRA,91608,Weekly,"(-5.37616, 105.24751)",CV.ANUGERAH KELUARGA,JL.ZA PAGAR ALAM GEDONG MENENG - RA,RABU,C051,188,082372643264,0721-781603,2051048,Tanjung Karang,35145,35145,LAMPUNG,Z21,20000000,3006,1.0,1,83,77,30.03.2026,2016-11-28 00:00:00,90051274,90051274,0 ,0 ,0 ,0 ,08:00:00,08:00:00,0 ,0 ,0 ,0 ,0 ,0 ,-5.37619,105.247614,KAMIS
TAUFAN DWI SEPTIAN,1707500,Weekly,"(-5.36137, 105.30813)",ALFAMART MARGODADI,JL.RAYA MARGODADI RT.4/2 KEL.MARGODADI KEC.JATI AGUNG,SABTU,C051,188,085789758907,,2051385,Jati Agung (Jambon),35361,35361,LAMPUNG,Z30,5000000,3006,1.0,1,43,77,06.02.2026,2022-01-21 00:00:00,90052003,90052003,0 ,0 ,0 ,0 ,0 ,0 ,0 ,0 ,0 ,0 ,08:00:00,08:00:00,-5.3157783,105.3649817,RABU
TAUFAN DWI SEPTIAN,1718216,Weekly,"(-5.51886, 105.34902)",ALFAMART PALEMBAPANG,JL.RAYA PALEMBAPANG RT.1/1 NO.40 KEL.PALEMBAPANG,RABU,C051,188,081294668671,,2051018,Kalianda,35551,35551,LAMPUNG,Z30,5000000,3006,1.0,1,43,77,06.02.2026,2022-03-11 00:00:00,90052003,90052003,0 ,0 ,0 ,0 ,08:00:00,08:00:00,0 ,0 ,0 ,0 ,0 ,0 ,-5.728742,105.63359,JUMAT
TAUFAN DWI SEPTIAN,1719416,Weekly,"(-5.51886, 105.34902)",ALFAMART WAY PANJI 2,JL.DSN 7 BALI AGUNG RT.1/7 KEL.SIDOHARJO KEC.WAY PANJI,RABU,C051,188,081294668671,,2051033,"Palas(Patok,Waymegat",35354,35353,LAMPUNG,Z30,5000000,3006,1.0,1,43,77,06.02.2026,2022-03-16 00:00:00,90052003,90052003,0 ,0 ,0 ,0 ,08:00:00,08:00:00,0 ,0 ,0 ,0 ,0 ,0 ,-5.617265,105.590458,JUMAT
TAUFAN DWI SEPTIAN,1734325,Weekly,"(-5.4218, 105.34884)",SWALAYAN KENCANA TANJUNG BINTA,JL.RAYA SERDANG RT.4/4 NO.4 KEL.JATI BARU,RABU,C051,188,085838944378,,2051047,Tanjung Bintang,35361,35361,LAMPUNG,Z12,3500000,3006,1.0,1,A3,77,06.02.2026,2022-04-11 00:00:00,90052003,90052003,0 ,0 ,0 ,0 ,08:00:00,08:00:00,0 ,0 ,0 ,0 ,0 ,0 ,-5.421942,105.413037,SENIN
TAUFAN DWI SEPTIAN,1751194,Weekly,"(-5.4218, 105.34884)",ALFAMART JATI BARU,JL.BUDI SANTOSA RT.1/1 KEL.JATI BARU KEC.TANJUNG BINTANG,RABU,C051,188,08527977525,,2051047,Tanjung Bintang,35361,35361,LAMPUNG,Z30,5000000,3006,1.0,1,43,77,06.02.2026,2022-04-25 00:00:00,90052003,90052003,0 ,0 ,0 ,0 ,08:00:00,08:00:00,0 ,0 ,0 ,0 ,0 ,0 ,-5.4175132,105.4207746,SENIN
TAUFAN DWI SEPTIAN,1789159,Weekly,"(-5.17647, 105.21137)",ALFAMIDI SUPER METRO,JL.AH.NASUTION RT.8/3 KEL.YOSOREJO KEC.METRO TIMUR,JUMAT,C051,188,081380763796,,2051027,Metro,34124,34124,LAMPUNG,Z21,15000000,3006,1.0,1,43,77,01.02.2026,2022-05-27 00:00:00,90052003,90052003,0 ,0 ,0 ,0 ,0 ,0 ,0 ,0 ,08:00:00,08:00:00,0 ,0 ,-5.114018,105.312762,KAMIS
TAUFAN DWI SEPTIAN,1808016,Weekly,"(-5.12811, 105.1344)",SS-1V59 ALFA BEKRI,JL.DESA KESUMADADI RT.1/3 KEL-KEC.BEKRI,KAMIS,C051,188,081294668177,,2051128,Bekri,34162,34162,LAMPUNG,Z30,5000000,3006,1.0,1,43,77,01.02.2026,2022-06-10 00:00:00,90052003,90052003,0 ,0 ,0 ,0 ,0 ,0 ,08:00:00,08:00:00,0 ,0 ,0 ,0 ,-5.101636,105.160576,SELASA
TAUFAN DWI SEPTIAN,1813419,Weekly,"(-5.12811, 105.1344)",SS-1V13 ALFA KECUBUNG,JL.LINTAS TIMUR RT.3/4 KM.76 KEL.TERBANGGI BESAR,KAMIS,C051,188,081294668177,,2051004,Bandar Jaya,34163,34163,LAMPUNG,Z30,5000000,3006,1.0,1,43,77,01.02.2026,2022-06-13 00:00:00,90052003,90052003,0 ,0 ,0 ,0 ,0 ,0 ,08:00:00,08:00:00,0 ,0 ,0 ,0 ,-4.8309928,105.2262653,SELASA
TAUFAN DWI SEPTIAN,1851040,Weekly,"(-5.12811, 105.1344)",SS-L428 ALFAMART JEN-SUD BANDA,JL.JENDRAL SUDIRMAN RT.6/2 LK.I KEL-KEC.BANDAR JAYA,KAMIS,C051,188,081294668177,,2051004,Bandar Jaya,34163,34163,LAMPUNG,Z30,5000000,3006,1.0,1,43,77,01.02.2026,2022-06-29 00:00:00,90052003,90052003,0 ,0 ,0 ,0 ,0 ,0 ,08:00:00,08:00:00,0 ,0 ,0 ,0 ,-4.9378,105.2172,SELASA
TAUFAN DWI SEPTIAN,1868013,Weekly,"(-5.15418, 105.19873)",SS-L276 ALFAMART SIMBAR WARING,JL.RAYA SIMBAR WARINGIN RT.9/4 KEL-KEC.SIMBAR WARINGIN,JUMAT,C051,188,081294668177,,2051038,Sumber Waringin,34172,34172,LAMPUNG,Z30,5000000,3006,1.0,1,43,77,01.02.2026,2022-07-05 00:00:00,90052003,90052003,0 ,0 ,0 ,0 ,0 ,0 ,0 ,0 ,08:00:00,08:00:00,0 ,0 ,-5.1380403,105.2484301,SENIN
TAUFAN DWI SEPTIAN,1982185,Weekly,"(-5.15418, 105.19873)",ALFAMART PUNGGUR,JL.RAYA PUNGGUR RT.5/2 KEL.ASTOMULYO KEC.PUNGGUR,KAMIS,C051,188,081294668671,,2051062,Punggur,34152,34152,LAMPUNG,Z30,5000000,3006,1.0,1,43,77,01.02.2026,2022-08-09 00:00:00,90052003,90052003,0 ,0 ,0 ,0 ,0 ,0 ,08:00:00,08:00:00,0 ,0 ,0 ,0 ,-5.026997,105.26426,SELASA
TAUFAN DWI SEPTIAN,1985812,Weekly,"(-5.12811, 105.1344)",ALFAMART SIMPANG AGUNG,JL.SIMPANG AGUNG RT.2 KEL.SIMPANG AGUNG KEC.SEPUTIH AGUNG,KAMIS,C051,188,081294668671,,2051004,Bandar Jaya,34163,34163,LAMPUNG,Z30,5000000,3006,1.0,1,43,77,01.02.2026,2022-08-10 00:00:00,90052003,90052003,0 ,0 ,0 ,0 ,0 ,0 ,08:00:00,08:00:00,0 ,0 ,0 ,0 ,-4.947471,105.154625,SELASA
TAUFAN DWI SEPTIAN,1985816,Weekly,"(-5.12811, 105.1344)",ALFAMART PROKLAMATOR,JL.PROKLAMATOR RAYA O.100 EF RT.4/2 KEL.BANDAR JAYA BARAT,KAMIS,C051,188,081294668671,,2051004,Bandar Jaya,34161,34161,LAMPUNG,Z30,5000000,3006,1.0,1,43,77,01.02.2026,2022-08-10 00:00:00,90052003,90052003,0 ,0 ,0 ,0 ,0 ,0 ,08:00:00,08:00:00,0 ,0 ,0 ,0 ,-4.936844,105.212452,SELASA
TAUFAN DWI SEPTIAN,1985820,Weekly,"(-5.12811, 105.1344)",ALFAMART PANGGUNGAN,JL.LINTAS SUMATERA RT.1/4 KEL.GUNUNG SUGIH RAYA,KAMIS,C051,188,081294668671,,2051004,Bandar Jaya,35363,35363,LAMPUNG,Z30,5000000,3006,1.0,1,43,77,01.02.2026,2022-08-10 00:00:00,90052003,90052003,0 ,0 ,0 ,0 ,0 ,0 ,08:00:00,08:00:00,0 ,0 ,0 ,0 ,-5.005803,105.208253,SELASA
TAUFAN DWI SEPTIAN,1985839,Weekly,"(-5.12811, 105.1344)",ALFAMART DONO ARUM,JL.DONO ARUM RT.9/3 KEL.SEPUTIH AGUNG KEC.BANDAR JAYA,KAMIS,C051,188,081294668671,,2051004,Bandar Jaya,34163,34163,LAMPUNG,Z30,5000000,3006,1.0,1,43,77,01.02.2026,2022-08-10 00:00:00,90052003,90052003,0 ,0 ,0 ,0 ,0 ,0 ,08:00:00,08:00:00,0 ,0 ,0 ,0 ,-4.940294,105.140746,SELASA
TAUFAN DWI SEPTIAN,1985848,Weekly,"(-5.12811, 105.1344)",ALFAMART BTN HUMAS JAYA,JL.LINTAS TIMUR C7 RT.4/1 NO.3 KEL.WAY PENGUBUAN,KAMIS,C051,188,081294668671,,2051004,Bandar Jaya,34163,34163,LAMPUNG,Z30,5000000,3006,1.0,1,43,77,01.02.2026,2022-08-10 00:00:00,90052003,90052003,0 ,0 ,0 ,0 ,0 ,0 ,08:00:00,08:00:00,0 ,0 ,0 ,0 ,-4.805339,105.226169,SELASA
TAUFAN DWI SEPTIAN,1985870,Weekly,"(-5.12811, 105.1344)",ALFAMART A YANI 2 LAMPUNG,JL.AHMAD YANI RT.8/3 KEL.BANDAR JAYA BARAT,KAMIS,C051,188,081294668671,,2051004,Bandar Jaya,34163,34163,LAMPUNG,Z30,5000000,3006,1.0,1,43,77,01.02.2026,2022-08-10 00:00:00,90052003,90052003,0 ,0 ,0 ,0 ,0 ,0 ,08:00:00,08:00:00,0 ,0 ,0 ,0 ,-4.933799,105.210188,SELASA
TAUFAN DWI SEPTIAN,1985882,Weekly,"(-5.12811, 105.1344)",ALFAMART YUKUM JAYA 2,JL.NEGARA PERUM GRIYA YUKUM JAYA BLOK A.1.3 RT.2,KAMIS,C051,188,081294668671,,2051004,Bandar Jaya,34163,34163,LAMPUNG,Z30,5000000,3006,1.0,1,43,77,01.02.2026,2022-08-10 00:00:00,90052003,90052003,0 ,0 ,0 ,0 ,0 ,0 ,08:00:00,08:00:00,0 ,0 ,0 ,0 ,-4.907101,105.211406,SELASA
TAUFAN DWI SEPTIAN,1985898,Weekly,"(-5.12811, 105.1344)",ALFAMART YUKUM JAYA,JL.RAYA NEGERI YUKUM JAYA RT.1 NO.21 KEL.YUKUM JAYA,KAMIS,C051,188,081294668671,,2051004,Bandar Jaya,34163,10110,LAMPUNG,Z30,5000000,3006,1.0,1,43,77,01.02.2026,2022-08-10 00:00:00,90052003,90052003,0 ,0 ,0 ,0 ,0 ,0 ,08:00:00,08:00:00,0 ,0 ,0 ,0 ,-4.927631,105.212333,SELASA
TAUFAN DWI SEPTIAN,1985918,Weekly,"(-5.12811, 105.1344)",ALFAMART SEPUTIH JAYA,JL.PROKLAMATOR RAYA SEPUTIH JAYA RT.1 KEL.GUNUNG SUGIH,KAMIS,C051,188,081294668671,,2051004,Bandar Jaya,34161,34161,LAMPUNG,Z30,5000000,3006,1.0,1,43,77,01.02.2026,2022-08-10 00:00:00,90052003,90052003,0 ,0 ,0 ,0 ,0 ,0 ,08:00:00,08:00:00,0 ,0 ,0 ,0 ,-4.958016,105.216051,SELASA
TAUFAN DWI SEPTIAN,2014113,Weekly,"(-5.45776, 104.94714)",ALFAMART WARGO MULYO,JL.BUKIT WARGO MULYO KEL.WARGO MULYO KEC.PADASUKA,SENIN,C051,188,081294668671,,2051002,Ambarawa,35682,35682,LAMPUNG,Z30,5000000,3006,1.0,1,43,77,01.02.2026,2022-08-18 00:00:00,90052003,90052003,08:00:00,08:00:00,0 ,0 ,0 ,0 ,0 ,0 ,0 ,0 ,0 ,0 ,-5.450734,104.930912,KAMIS
TAUFAN DWI SEPTIAN,2162506,Weekly,"(-5.47459, 105.3332)",ALFAMART RANJI BARU,JL.DESA RANJI BARU RT.1/5 KEL.RANJI BARU KEC.MERBAU MATARAM,RABU,C051,188,081294668671,,2051047,Tanjung Bintang,35357,35357,LAMPUNG,Z12,5000000,3006,1.0,1,43,77,06.02.2026,2022-09-26 00:00:00,90052003,90052003,0 ,0 ,0 ,0 ,08:00:00,08:00:00,0 ,0 ,0 ,0 ,0 ,0 ,-5.471032,105.342708,JUMAT
TAUFAN DWI SEPTIAN,2162522,Weekly,"(-5.39576, 105.02377)",ALFAMIDI SUPER PRINGSEWU (014H,JL.JENDRAL SUDIRMAN RT.1 KEL.PRINGSEWU KEC.PRINGSEWU BARAT,SENIN,C051,188,081380763796,,2051036,Pringsewu,35371,35371,LAMPUNG,Z12,5000000,3006,1.0,1,43,77,01.02.2026,2022-09-26 00:00:00,90052003,90052003,08:00:00,08:00:00,0 ,0 ,0 ,0 ,0 ,0 ,0 ,0 ,0 ,0 ,-5.354605,104.970868,KAMIS
TAUFAN DWI SEPTIAN,2342237,Weekly,"(-5.51848, 105.34914)",ALFAMART WAY MEGAT,JL.BUMI DAYA RT.2/6 KEL.BUMI DAYA KEC.PALAS,RABU,C051,188,081294668671,,2051181,Palas Bangunan,35594,35594,LAMPUNG,Z30,5000000,3006,1.0,1,43,77,06.02.2026,2022-11-10 00:00:00,90052003,90052003,0 ,0 ,0 ,0 ,08:00:00,08:00:00,0 ,0 ,0 ,0 ,0 ,0 ,-5.601639,105.635053,JUMAT
TAUFAN DWI SEPTIAN,2497165,Weekly,"(-5.17647, 105.21137)",IDM FERSH AH.NASUTION,JL.AH.NASUTION RT.6 NO.67 KEL.YOSOREJO KEC.METRO TIMUR,JUMAT,C051,188,08989941671,,2051027,Metro,34111,34111,LAMPUNG,Z30,5000000,3006,1.0,1,43,77,01.02.2026,2022-12-20 00:00:00,90052003,90052003,0 ,0 ,0 ,0 ,0 ,0 ,0 ,0 ,08:00:00,08:00:00,0 ,0 ,-5.113873,105.31501,KAMIS
TAUFAN DWI SEPTIAN,257962,Weekly,"(-5.33225, 105.15981)",MILENIUM,JL.RY NATAR NO.1028/1029 BUMI SARI NATAR LAMPUNG,SENIN,C051,188,082180783372,082180783372,2051507,Banjarejo Natar,35362,35362,LAMPUNG,Z14,2500000,3006,1.0,1,A3,77,01.02.2026,2016-11-28 00:00:00,90052003,90051829,08:00:00,08:00:00,0 ,0 ,0 ,0 ,0 ,0 ,0 ,0 ,0 ,0 ,-5.3100867,105.1946067,SABTU
TAUFAN DWI SEPTIAN,2678712,Weekly,"(-5.17647, 105.21137)",IDM FRESH AHMAD YANI METRO,JL.AHMAD YANI KEL.YOSOREJO KEC.METRO TIMUR,JUMAT,C051,188,08989941671,,2051027,Metro,34124,34124,LAMPUNG,Z30,5000000,3006,1.0,1,43,77,01.02.2026,2023-01-24 00:00:00,90052003,90052003,0 ,0 ,0 ,0 ,0 ,0 ,0 ,0 ,08:00:00,08:00:00,0 ,0 ,-5.117939,105.314376,KAMIS
TAUFAN DWI SEPTIAN,3095019,Weekly,"(-5.39576, 105.02377)",ALFAMART REJOSARI PRINGSEWU,JL.KH GHOLIB RT.4/2 KEL.PODOSARI KEC.PRINGSEWU,SENIN,C051,188,081294668671,,2051036,Pringsewu,35673,35673,LAMPUNG,Z30,10000000,3006,1.0,1,43,77,01.02.2026,2023-04-13 00:00:00,90052003,90052003,08:00:00,08:00:00,0 ,0 ,0 ,0 ,0 ,0 ,0 ,0 ,0 ,0 ,-5.337107,104.974931,KAMIS
TAUFAN DWI SEPTIAN,319196,Weekly,"(-5.4365, 104.96428)",ALFAMART PS. SUMBER AGUNG,JL.DOYODIRJO PASAR SUMBER AGUNG DSN.II RT.01 RW.02,SENIN,C051,188,0721-7620888,,2051057,Sumber Agung,35376,35376,LAMPUNG,Z30,1,3006,1.0,1,43,77,01.02.2026,2016-11-08 00:00:00,90052003,90052003,08:00:00,08:00:00,0 ,0 ,0 ,0 ,0 ,0 ,0 ,0 ,0 ,0 ,-5.4141483,104.9384083,KAMIS
TAUFAN DWI SEPTIAN,319197,Weekly,"(-5.25893, 105.02571)",ALFAMART BANDUNG BARU,JL.PASAR BANDUNG BARU RT/RW.01/01 KEL.BANDUNG BARU,SENIN,C051,188,0721-7620888,,2051123,Adiluwi,35373,35373,LAMPUNG,Z30,1,3006,1.0,1,43,77,01.02.2026,2016-11-08 00:00:00,90052003,90052003,08:00:00,08:00:00,0 ,0 ,0 ,0 ,0 ,0 ,0 ,0 ,0 ,0 ,-5.26538,104.98026,KAMIS
TAUFAN DWI SEPTIAN,319198,Weekly,"(-5.34852, 104.87056)",ALFAMART PS BANYUMAS,JL.PS.BANYUMAS DSN.V RT/RW.14/05 KEL.BANYUMAS,SENIN,C051,188,0721-7620888,,2051158,Rowo Rejo,35373,35373,LAMPUNG,Z30,1,3006,1.0,1,43,77,01.02.2026,2016-11-08 00:00:00,90052003,90052003,08:00:00,08:00:00,0 ,0 ,0 ,0 ,0 ,0 ,0 ,0 ,0 ,0 ,-5.28754,104.91735,SENIN
TAUFAN DWI SEPTIAN,319212,Weekly,"(-5.17647, 105.21137)",ALFAMART A YANI 2 METRO,"JL. A. YANI NO. 182 RT. 037 RW. 017, KEL. IRING MULYO,",JUMAT,C051,188,0721-7620888,,2051027,Metro,34114,34114,LAMPUNG,Z30,1,3006,1.0,1,43,77,01.02.2026,2016-11-08 00:00:00,90052003,90052003,0 ,0 ,0 ,0 ,0 ,0 ,0 ,0 ,08:00:00,08:00:00,0 ,0 ,-5.1245,105.32154,KAMIS
TAUFAN DWI SEPTIAN,319215,Weekly,"(-5.17647, 105.21137)",ALFAMART A. YANI METRO,JL. A YANI NO.110 RT. 31 LINGK. VII,JUMAT,C051,188,0721-7620888,,2051027,Metro,34111,34111,LAMPUNG,Z30,1,3006,1.0,1,43,77,01.02.2026,2016-11-08 00:00:00,90052003,90052003,0 ,0 ,0 ,0 ,0 ,0 ,0 ,0 ,08:00:00,08:00:00,0 ,0 ,-5.11958,105.31954,KAMIS
TAUFAN DWI SEPTIAN,319216,Weekly,"(-5.17647, 105.21137)",ALFAMART AH. NASUTION,JL. AH NASUTION NO.275 RT.21 LINGK. III,JUMAT,C051,188,0721-7620888,,2051027,Metro,34112,34112,LAMPUNG,Z30,1,3006,1.0,1,43,77,01.02.2026,2016-11-08 00:00:00,90052003,90052003,0 ,0 ,0 ,0 ,0 ,0 ,0 ,0 ,08:00:00,08:00:00,0 ,0 ,-5.1054033,105.3330449,KAMIS
TAUFAN DWI SEPTIAN,319217,Weekly,"(-5.17647, 105.21137)",ALFAMART SOEKARNO HATTA - LPG,JL. SOEKARNO HATTA RT.14 LINGK.IV,JUMAT,C051,188,0721-7620888,,2051027,Metro,34125,34125,LAMPUNG,Z30,1,3006,1.0,1,43,77,01.02.2026,2016-11-08 00:00:00,90052003,90052003,0 ,0 ,0 ,0 ,0 ,0 ,0 ,0 ,08:00:00,08:00:00,0 ,0 ,-5.1381299,105.296622,KAMIS
TAUFAN DWI SEPTIAN,319218,Weekly,"(-5.17647, 105.21137)",ALFAMART SUTAN SYAHRIR LPG,JL.SUTAN SYAHRIR /STADION NO.2 RT.13 RW.05 KEL TEJO AGUNG,JUMAT,C051,188,0721-7620888,,2051027,Metro,34124,34124,LAMPUNG,Z30,1,3006,1.0,1,43,77,01.02.2026,2016-11-08 00:00:00,90052003,90052003,0 ,0 ,0 ,0 ,0 ,0 ,0 ,0 ,08:00:00,08:00:00,0 ,0 ,-5.1344,105.32014,KAMIS
TAUFAN DWI SEPTIAN,319219,Weekly,"(-5.26744, 105.17058)",ALFAMART SPBU NATAR FRC,"JL. RAYA CANDIMAS RT 19, RW 08",SELASA,C051,188,0721-7620888,,2051028,Natar,35362,35362,LAMPUNG,Z30,1,3006,1.0,1,43,77,01.02.2026,2016-11-08 00:00:00,90052003,90052003,0 ,0 ,08:00:00,08:00:00,0 ,0 ,0 ,0 ,0 ,0 ,0 ,0 ,-5.2582697,105.1849489,SABTU
TAUFAN DWI SEPTIAN,319220,Weekly,"(-5.17647, 105.21137)",ALFAMART A. YANI 3 METRO FRC,JL. A. YANI NO.155 RT/RW 28/13,JUMAT,C051,188,0721-7620888,,2051027,Metro,34112,34112,LAMPUNG,Z30,1,3006,1.0,1,43,77,01.02.2026,2016-11-08 00:00:00,90052003,90052003,0 ,0 ,0 ,0 ,0 ,0 ,0 ,0 ,08:00:00,08:00:00,0 ,0 ,-5.12061,105.32178,KAMIS
TAUFAN DWI SEPTIAN,319221,Weekly,"(-5.17647, 105.21137)",ALFAMART PEKALONGAN LPG,"JL.JEND.SUDIRMAN NO.8 RT.01,LINGK.01 KEL.PEKALONGAN",JUMAT,C051,188,0721-7620888,,2051032,Pekalongan Lampung,34191,34191,LAMPUNG,Z30,1,3006,1.0,1,43,77,01.02.2026,2016-11-08 00:00:00,90052003,90052003,0 ,0 ,0 ,0 ,0 ,0 ,0 ,0 ,08:00:00,08:00:00,0 ,0 ,-5.083015,105.3593133,KAMIS
TAUFAN DWI SEPTIAN,319222,Weekly,"(-5.17647, 105.21137)",ALFAMART MARGOTOTO,JL.RAYA PASAR MARGOTOTO DSN.IV RT.14 RW.07 KEL.MARGOTOTO,JUMAT,C051,188,0721-7620888,,2051027,Metro,34191,34125,LAMPUNG,Z30,1,3006,1.0,1,43,77,01.02.2026,2016-11-08 00:00:00,90052003,90052003,0 ,0 ,0 ,0 ,0 ,0 ,0 ,0 ,08:00:00,08:00:00,0 ,0 ,-5.1872504,105.3159513,KAMIS
TAUFAN DWI SEPTIAN,319231,Weekly,"(-5.46917, 105.32222)",ALFAMART YOS SUDARSO PANJANG,JL. YOS SUDARSO NO.8 RT.011 LINGKUNGAN 3,RABU,C051,188,0721-7620888,,2051031,Panjang,35241,35241,LAMPUNG,Z30,1,3006,1.0,1,43,77,06.02.2026,2016-11-08 00:00:00,90052003,90052003,0 ,0 ,0 ,0 ,08:00:00,08:00:00,0 ,0 ,0 ,0 ,0 ,0 ,-5.469182,105.32218,JUMAT
TAUFAN DWI SEPTIAN,319236,Weekly,"(-5.53491, 105.23845)",ALFAMART WAY RATAI HANURA,JL.WAY RATAI RT.01/02 PS.HANURA KEL.HANURA,SELASA,C051,188,0721-7620888,,2051093,Hanura,35451,35451,LAMPUNG,Z30,1,3006,1.0,1,43,77,06.02.2026,2016-11-08 00:00:00,90052003,90052003,0 ,0 ,08:00:00,08:00:00,0 ,0 ,0 ,0 ,0 ,0 ,0 ,0 ,-5.5348534,105.2381633,JUMAT
TAUFAN DWI SEPTIAN,319237,Weekly,"(-5.60451, 105.076)",ALFAMART WAY RATAI WATES 2,JL. RAYA WAY RATAI RT. 002 RW. 003,SELASA,C051,188,0721-7620888,,2051069,"Padang Cermin, Umbul",35451,35451,LAMPUNG,Z30,1,3006,1.0,1,43,77,06.02.2026,2016-11-08 00:00:00,90052003,90052003,0 ,0 ,08:00:00,08:00:00,0 ,0 ,0 ,0 ,0 ,0 ,0 ,0 ,-5.604202,105.075849,JUMAT
TAUFAN DWI SEPTIAN,319238,Weekly,"(-5.60067, 105.13962)",ALFAMART PADANG CERMIN,"JL. RAYA WAY RATAI RT. 002 RW. 002, KEL. PADANG CERMIN",SELASA,C051,188,0721-7620888,,2051069,"Padang Cermin, Umbul",35451,35451,LAMPUNG,Z30,1,3006,1.0,1,43,77,06.02.2026,2016-11-08 00:00:00,90052003,90052003,0 ,0 ,08:00:00,08:00:00,0 ,0 ,0 ,0 ,0 ,0 ,0 ,0 ,-5.600511,105.139723,JUMAT
TAUFAN DWI SEPTIAN,327716,Weekly,"(-5.41652, 105.26715)",CHAMART GAJAH MADA,"JALAN GAJAH MADA NO. 51 KOTA BARU, TANJUNGKARANG,",SELASA,C051,188,08129996232,08129996232,2051095,Antasari,35131,35131,LAMPUNG,Z30,10000000,3006,1.0,1,12,77,06.02.2026,2017-01-11 00:00:00,90052003,90051489,0 ,0 ,08:00:00,08:00:00,0 ,0 ,0 ,0 ,0 ,0 ,0 ,0 ,-5.416676,105.267023,JUMAT
TAUFAN DWI SEPTIAN,327723,Weekly,"(-5.42249, 105.26245)",CHAMART SUDIRMAN,"JALAN JEND. SUDIRMAN NO.66 ENGGAL, TANJUNGKARANG BARAT",SELASA,C051,188,08129996232,08129996232,2051048,Tanjung Karang,35118,35118,LAMPUNG,Z30,10000000,3006,1.0,1,12,77,06.02.2026,2017-01-11 00:00:00,90052003,90051489,0 ,0 ,08:00:00,08:00:00,0 ,0 ,0 ,0 ,0 ,0 ,0 ,0 ,-5.4227455,105.2622657,JUMAT
TAUFAN DWI SEPTIAN,327960,Weekly,"(-5.3964, 105.30073)",CHAMART TIRTAYASA,"JALAN SULTAN AGENG TIRTAYASA, SUKABUMI",RABU,C051,188,0721702563,08129996232,2051103,Tirtayasa,35134,35134,LAMPUNG,Z30,10000000,3006,1.0,1,12,77,06.02.2026,2017-01-12 00:00:00,90052003,90051489,0 ,0 ,0 ,0 ,08:00:00,08:00:00,0 ,0 ,0 ,0 ,0 ,0 ,-5.3961684,105.3007969,RABU
TAUFAN DWI SEPTIAN,327961,Weekly,"(-5.38696, 105.29177)",CHAMART LEGUNDI,"JALAN HI. LETKOL ENDRO SURATMIN NO. 31 SUKARAME,",RABU,C051,188,082281408171,08129996232,2051043,Sukarame,35131,35131,LAMPUNG,Z30,10000000,3006,1.0,1,12,77,06.02.2026,2017-01-12 00:00:00,90052003,90051489,0 ,0 ,0 ,0 ,08:00:00,08:00:00,0 ,0 ,0 ,0 ,0 ,0 ,-5.3869416,105.2919734,RABU
TAUFAN DWI SEPTIAN,327963,Weekly,"(-5.17647, 105.21137)",CHAMART METRO 1,"JALAN A. YANI NO.93 RT 005 RW 003 IRING MULYO, METRO TIMUR",JUMAT,C051,188,08129996232,08129996232,2051027,Metro,34111,34111,LAMPUNG,Z30,10000000,3006,1.0,1,12,77,01.02.2026,2017-01-12 00:00:00,90052003,90052003,0 ,0 ,0 ,0 ,0 ,0 ,0 ,0 ,08:00:00,08:00:00,0 ,0 ,-5.1181087,105.3171092,KAMIS
TAUFAN DWI SEPTIAN,333192,Weekly,"(-5.38812, 105.26123)",CHAMART KEDATON 2,"JL. TUPAI LK.II NO.008 SIDODADI, KEDATON,",SABTU,C051,188,08129996232,08129996232,2051017,Kedaton,35141,35141,LAMPUNG,Z30,15000000,3006,1.0,1,12,77,06.02.2026,2017-02-25 00:00:00,90052003,90050241,0 ,0 ,0 ,0 ,0 ,0 ,0 ,0 ,0 ,0 ,08:00:00,08:00:00,-5.388112,105.261182,RABU
TAUFAN DWI SEPTIAN,334211,Weekly,"(-5.15418, 105.19873)",RA.SUPERMARKET & DEPARTEMENT S,JL.SUBING RT.28/10 NO.5 METRO BARAT,KAMIS,C051,188,089603845150,082282933246,2051201,Purwosari,34111,34111,LAMPUNG,Z14,4000000,3006,1.0,1,A3,77,04.05.2026,2018-03-08 00:00:00,90052003,90051829,0 ,0 ,0 ,0 ,0 ,0 ,08:00:00,08:00:00,0 ,0 ,0 ,0 ,-5.0880558,105.2842578,SELASA
TAUFAN DWI SEPTIAN,337225,Weekly,"(-5.41329, 105.24701)",CHAMART PALAPA,"JALAN CUT NYAK DIEN NO.83 KALIAWI, TANJUNGKARANG,",SELASA,C051,188,08129996232,08129996232,2051068,Kemiling,35154,35154,LAMPUNG,Z30,15000000,3006,1.0,1,12,77,06.02.2026,2017-04-10 00:00:00,90052003,90052003,0 ,0 ,08:00:00,08:00:00,0 ,0 ,0 ,0 ,0 ,0 ,0 ,0 ,-5.4133433,105.2468717,SENIN
TAUFAN DWI SEPTIAN,343016,Weekly,"(-5.38078, 105.26662)",CHAMART SULTAN AGUNG,"JL. SULTAN AGUNG LK III RT.015, KEDATON,",RABU,C051,188,081383419003,08129996232,2051071,Way Halim,35141,35141,LAMPUNG,Z30,8000000,3006,1.0,1,12,77,06.02.2026,2017-05-31 00:00:00,90052003,90051489,0 ,0 ,0 ,0 ,08:00:00,08:00:00,0 ,0 ,0 ,0 ,0 ,0 ,-5.3809225,105.2664585,RABU
TAUFAN DWI SEPTIAN,344075,Weekly,"(-5.43333, 105.26245)",CHAMART DIPONEGORO,JL.PANGERAN DIPONEGORO RT.4 NO.6 KEL.SUMUR BATUK,SENIN,C051,188,08129996232,08129996232,2051049,Teluk Betung,35214,35214,LAMPUNG,Z30,10000000,3006,1.0,1,12,77,06.02.2026,2017-07-11 00:00:00,90052003,90050241,08:00:00,08:00:00,0 ,0 ,0 ,0 ,0 ,0 ,0 ,0 ,0 ,0 ,-5.4330067,105.2623567,JUMAT
TAUFAN DWI SEPTIAN,344076,Weekly,"(-5.39456, 105.24875)",CHAMART PANGLIMA POLIM,JL.PANGLIMA POLIM RT.9 NO.15 KEL.GEDONG AIR KEC.TANJUNG,JUMAT,C051,188,08129996232,08129996232,2051066,Imam Bonjol,35151,35151,LAMPUNG,Z30,10000000,3006,1.0,1,12,77,06.02.2026,2017-07-26 00:00:00,90052003,90050241,0 ,0 ,0 ,0 ,0 ,0 ,0 ,0 ,08:00:00,08:00:00,0 ,0 ,-5.3940566,105.2487637,RABU
TAUFAN DWI SEPTIAN,344077,Weekly,"(-5.36362, 105.27681)",CHAMART WAY KANDIS,"JALAN RATU DIBALAU, TANJUNG SENANG",SABTU,C051,188,082379079551,08129996232,2051097,Way Kandis,35141,35141,LAMPUNG,Z30,10000000,3006,1.0,1,12,77,06.02.2026,2017-09-18 00:00:00,90052003,90052003,0 ,0 ,0 ,0 ,0 ,0 ,0 ,0 ,0 ,0 ,08:00:00,08:00:00,-5.36392,105.276745,RABU
TAUFAN DWI SEPTIAN,344085,Weekly,"(-5.40048, 105.24646)",CHAMART IMAM BONJOL,"JALAN IMAM BONJOL NO.7 GEDONG AIR, TANJUNGKARANG BARAT",KAMIS,C051,188,08129996232,08129996232,2051066,Imam Bonjol,35151,35151,LAMPUNG,Z30,8000000,3006,1.0,1,12,77,06.02.2026,2017-09-05 00:00:00,90052003,90051489,0 ,0 ,0 ,0 ,0 ,0 ,08:00:00,08:00:00,0 ,0 ,0 ,0 ,-5.400366,105.246033,RABU
TAUFAN DWI SEPTIAN,344502,Weekly,"(-5.36165, 105.22536)",CHAMART HAJIMENA,"JALAN HI ALAMSYAH RATU PERWIRA NEGARA, DESA HAJIMENA",SENIN,C051,188,08129996232,08129996232,2051096,Rajabasa,35362,35362,LAMPUNG,Z30,10000000,3006,1.0,1,12,77,01.02.2026,2017-07-17 00:00:00,90052003,90052003,08:00:00,08:00:00,0 ,0 ,0 ,0 ,0 ,0 ,0 ,0 ,0 ,0 ,-5.361521,105.225134,RABU
TAUFAN DWI SEPTIAN,344505,Weekly,"(-5.39232, 105.26195)",CHAMART KEDATON 1,"JALAN TEUKU UMAR, KEDATON,",SABTU,C051,188,08129996232,08129996232,2051017,Kedaton,35141,35141,LAMPUNG,Z30,10000000,3006,1.0,1,12,77,06.02.2026,2017-07-17 00:00:00,90052003,90050241,0 ,0 ,0 ,0 ,0 ,0 ,0 ,0 ,0 ,0 ,08:00:00,08:00:00,-5.39234,105.2623201,RABU
TAUFAN DWI SEPTIAN,3469062,Weekly,"(-5.38912, 105.29333)",ALFAMIDI SUPER PULAU LEGUNDI,JL.PULAU LEGUNDI NO.202 RT.2/1 KEL-KEC.SUKARAME,SABTU,C051,188,081380763796,,2051043,Sukarame,35131,35131,LAMPUNG,Z30,5000000,3006,1.0,1,43,77,06.02.2026,2023-06-22 00:00:00,90052003,90052003,0 ,0 ,0 ,0 ,0 ,0 ,0 ,0 ,0 ,0 ,08:00:00,08:00:00,-5.389036,105.293479,RABU
TAUFAN DWI SEPTIAN,351855,Weekly,"(-5.3361, 105.16227)",ALFAMART NATAR 2,JL.RAYA NATAR RT.1/1 NO.28 KEL.MUARA PUTIH KEC.NATAR,SELASA,C051,188,0721-7620888,,2051028,Natar,35362,35362,LAMPUNG,Z30,15000000,3006,1.0,1,43,77,01.02.2026,2017-09-20 00:00:00,90052003,90052003,0 ,0 ,08:00:00,08:00:00,0 ,0 ,0 ,0 ,0 ,0 ,0 ,0 ,-5.3134684,105.1958425,SABTU
TAUFAN DWI SEPTIAN,3548540,Weekly,"(-5.38, 105.09654)",PFM GEDUNG TATAAN,JL.AHMAD YANI DSN.GEDUNG TATAAN RT.9/6 KEL-KEC.GEDUNG TATAAN,SENIN,C051,188,082181486004,,2051156,Gedong Tata'an,35366,35366,LAMPUNG,Z30,5000000,3006,1.0,1,87,77,01.02.2026,2023-07-05 00:00:00,90052003,90052003,08:00:00,08:00:00,0 ,0 ,0 ,0 ,0 ,0 ,0 ,0 ,0 ,0 ,-5.380146,105.096342,SENIN
TAUFAN DWI SEPTIAN,360629,Weekly,"(-5.38396, 105.28162)",TRANSMART LAMPUNG,"JL. SULTAN AGUNG LK III RT.009 WAY HALIM PERMAI, WAY HALIM",SENIN,C051,188,081288480626,081288480626,2051071,Way Halim,35135,35135,KOTA BANDAR LAMPUNG LAMP,Z30,30000000,3006,1.0,1,10,77,25.02.2026,2018-05-03 00:00:00,90052003,90051489,08:00:00,08:00:00,0 ,0 ,0 ,0 ,0 ,0 ,0 ,0 ,0 ,0 ,-5.3838633,105.2819133,RABU
TAUFAN DWI SEPTIAN,372598,Weekly,"(-5.17647, 105.21137)",INDO M,DS.PEKALONGAN RT.6/2 NO.85 KEL/KEC.PEKALONGAN,KAMIS,C051,188,085658990194,085658990194,2051470,Pasar Pekalongan,34191,34191,LAMPUNG,Z14,8000000,3006,1.0,1,A3,77,20.02.2026,2018-03-14 00:00:00,90052003,90051829,0 ,0 ,0 ,0 ,0 ,0 ,08:00:00,08:00:00,0 ,0 ,0 ,0 ,-5.08458,105.354,SENIN
TAUFAN DWI SEPTIAN,373961,Weekly,"(-5.17647, 105.21137)",HYBRID IDM AHMAD YANI METRO,JL.AHMAD YANI RT.2/3 NO.115 KEL.IRING MULYO KEC.METRO TIMUR,JUMAT,C051,188,082186011118,,2051027,Metro,34111,34111,LAMPUNG,Z30,15000000,3006,1.0,1,43,77,01.02.2026,2018-03-24 00:00:00,90052003,90052003,0 ,0 ,0 ,0 ,0 ,0 ,0 ,0 ,08:00:00,08:00:00,0 ,0 ,-5.1188883,105.3183633,SENIN
TAUFAN DWI SEPTIAN,3763445,Weekly,"(-5.41519, 105.25481)",CHAMART KARTINI,JL.KARTINI RT.3 KEL.PALAPA KEC.TANJUNG KARANG PUSAT,SELASA,C051,188,085279775250,,2051048,Tanjung Karang,35157,35127,LAMPUNG,Z30,5000000,3006,1.0,1,12,77,06.02.2026,2023-08-08 00:00:00,90052003,90052003,0 ,0 ,08:00:00,08:00:00,0 ,0 ,0 ,0 ,0 ,0 ,0 ,0 ,-5.415247,105.254831,SENIN
TAUFAN DWI SEPTIAN,3780341,Weekly,"(-5.32942, 105.06168)",ALFAMART MATARAM PRINGSEWU,JL.RAYA KEDIRI RT.1/1 KEL.PEKON MATARAM KEC.GADING REJO,SENIN,C051,188,081294668671,,2051011,Gading Rejo,35673,35673,LAMPUNG,Z30,5000000,3006,1.0,1,43,77,01.02.2026,2023-08-10 00:00:00,90052003,90052003,08:00:00,08:00:00,0 ,0 ,0 ,0 ,0 ,0 ,0 ,0 ,0 ,0 ,-5.338977,105.03966,SABTU
TAUFAN DWI SEPTIAN,445654,Weekly,"(-5.41003, 105.26768)","DR. TRIANA HELMAWATI, MMR",JALAN HAYAM WURUK NO. 118 TANJUNG AGUNG TANJUNGKARANG TIMUR,SELASA,C051,188,0895391930073,0895391930073,2051095,Antasari,35134,35134,LAMPUNG,Z12,5000000,3006,1.0,1,12,77,06.02.2026,2024-04-05 00:00:00,90052003,90052003,0 ,0 ,08:00:00,08:00:00,0 ,0 ,0 ,0 ,0 ,0 ,0 ,0 ,-5.4101553,105.2675574,SENIN
TAUFAN DWI SEPTIAN,454754,Weekly,"(-5.39441, 105.30381)",MADANI MART,JL.PULAU SINGKEP PERUM VILLA MADANI,SENIN,C051,188,082232328567,082232328567,2051043,Sukarame,35131,35131,LAMPUNG,Z00,0,3006,5.0,1,A3,77,06.02.2026,2019-05-07 00:00:00,90052003,90051829,08:00:00,08:00:00,0 ,0 ,0 ,0 ,0 ,0 ,0 ,0 ,0 ,0 ,-5.3946258,105.3037259,RABU
TAUFAN DWI SEPTIAN,5077954,Weekly,"(-5.24315, 105.14374)",ALFAMART NEGARA SAKA,JL.PEJAMBON RT.2-4 KEL.NEGARA SAKA KEC.NEGERI KATON,SELASA,C051,188,081294668671,,2051385,Jati Agung (Jambon),35353,35353,LAMPUNG,Z30,5000000,3006,1.0,1,43,77,01.02.2026,2024-06-20 00:00:00,90052003,90052003,0 ,0 ,08:00:00,08:00:00,0 ,0 ,0 ,0 ,0 ,0 ,0 ,0 ,-5.2430445,105.14378,SABTU
TAUFAN DWI SEPTIAN,5114315,Weekly,"(-5.32727, 105.0917)",ALFAMART KALIREJO PESAWARAN,JL.RAYA KALIREJO RT.4-2 KEL.KALIREJO KEC.NEGERI KATON,SENIN,C051,188,081291668671,,2051011,Gading Rejo,34174,10110,LAMPUNG,Z30,5000000,3006,1.0,1,43,77,01.02.2026,2024-07-08 00:00:00,90052003,90052003,08:00:00,08:00:00,0 ,0 ,0 ,0 ,0 ,0 ,0 ,0 ,0 ,0 ,-5.327127,105.09127,SABTU
TAUFAN DWI SEPTIAN,5146908,Weekly,"(-5.39869, 105.20357)",PFM CIK DITIRO,JL.TEUKU CIK DITIRO RT.2 BLOK.BRT9 NO.2 KEL.BERINGIN RAYA,SENIN,C051,188,082181486004,,2051068,Kemiling,35168,35168,LAMPUNG,Z30,5000000,3006,1.0,1,87,77,01.02.2026,2024-07-22 00:00:00,90052003,90052003,08:00:00,08:00:00,0 ,0 ,0 ,0 ,0 ,0 ,0 ,0 ,0 ,0 ,-5.398602,105.203368,RABU
TAUFAN DWI SEPTIAN,5147911,Weekly,"(-5.40858, 105.2636)",PFM HAYAM WURUK,JL.HAYAM WURUK RT.1 NO.138 KEL.KEBON JERUK KEC.TANJUNGKARANG,SELASA,C051,188,082181486004,,2051106,Ps. Tugu,35125,10110,LAMPUNG,Z30,5000000,3006,1.0,1,87,77,06.02.2026,2024-07-22 00:00:00,90052003,90052003,0 ,0 ,08:00:00,08:00:00,0 ,0 ,0 ,0 ,0 ,0 ,0 ,0 ,-5.408708,105.263599,SENIN
TAUFAN DWI SEPTIAN,5277649,Weekly,"(-5.17647, 105.21137)",ALFAMART LINTAS GANJAR AGUNG,JL.JENDRAL SUDIRMAN RT.4 KEL.METRO,JUMAT,C051,188,082114499154,,2051466,Ganjar Agung Metro,34111,34111,LAMPUNG,Z30,5000000,3006,1.0,1,43,77,01.02.2026,2024-09-26 00:00:00,90052003,90052003,0 ,0 ,0 ,0 ,0 ,0 ,0 ,0 ,08:00:00,08:00:00,0 ,0 ,-5.140117,105.278811,SENIN
TAUFAN DWI SEPTIAN,5357395,Weekly,"(-5.15418, 105.19873)",ALFAMART PURWOSARI LAMTIM,JL.RAYA KEDATON RT.2-2 KEL.PURWOSARI KEC.BATANG HARI,KAMIS,C051,188,081294668671,,2051023,Kota Gajah,34381,34381,LAMPUNG,Z30,5000000,3006,1.0,1,43,77,01.02.2026,2024-11-22 00:00:00,90052003,90052003,0 ,0 ,0 ,0 ,0 ,0 ,08:00:00,08:00:00,0 ,0 ,0 ,0 ,-4.984103,105.331835,SELASA
TAUFAN DWI SEPTIAN,5375478,Weekly,"(-5.41616, 105.26108)",CHANDRA SUPERSTORE  ENGGAL,JL.TULANG BAWANG RT.4 NO.18 KEL.ENGGAL,SELASA,C051,188,0811724139,,2051437,Tanjung Karang Pusat,35119,35119,LAMPUNG,Z30,10000000,3006,1.0,1,54,77,06.02.2026,2025-01-20 00:00:00,90052003,90052003,0 ,0 ,08:00:00,08:00:00,0 ,0 ,0 ,0 ,0 ,0 ,0 ,0 ,-5.417962,105.260501,JUMAT
TAUFAN DWI SEPTIAN,5450202,Weekly,"(-5.12811, 105.1344)",ALFAMART KECUBUNG BARU,"JL,DUSUN I RT.2 KEL-KEC.TERBANGGI BESAR",KAMIS,C051,188,085768844066,,2051004,Bandar Jaya,34163,34163,LAMPUNG,Z30,5000000,3006,1.0,1,43,77,01.02.2026,2025-01-13 00:00:00,90052003,90052003,0 ,0 ,0 ,0 ,0 ,0 ,08:00:00,08:00:00,0 ,0 ,0 ,0 ,-4.84283,105.224456,SELASA
TAUFAN DWI SEPTIAN,5488433,Weekly,"(-5.25069, 105.02531)",ALFAMART KALIREJO BARU,JL.RAYA KALIREJO BLOK.1 RT.1 NO.1 KEL-KEC.KALIREJO,SENIN,C051,188,081294668684,,2051019,Kali Rejo,34174,34174,LAMPUNG,Z30,5000000,3006,1.0,1,43,77,01.02.2026,2025-02-02 00:00:00,90052003,90052003,08:00:00,08:00:00,0 ,0 ,0 ,0 ,0 ,0 ,0 ,0 ,0 ,0 ,-5.239093,104.960854,KAMIS
TAUFAN DWI SEPTIAN,5515210,Weekly,"(-5.15418, 105.19873)",ALFAMART REJO BASUKI,JL.SEPUTIH RAMAN RT.2 KEL.REJO BASUKI KEC.SEPUTIH RAMAN,KAMIS,C051,188,081294668141,,2051023,Kota Gajah,34155,34155,LAMPUNG,Z30,5000000,3006,1.0,1,43,77,01.02.2026,2025-02-17 00:00:00,90052003,90052003,0 ,0 ,0 ,0 ,0 ,0 ,08:00:00,08:00:00,0 ,0 ,0 ,0 ,-4.9613452,105.3296984,SELASA
TAUFAN DWI SEPTIAN,5552548,Weekly,"(-5.17647, 105.21137)",ALFAMART SRI BASUKI LAMTIM,DSN.MARGA MULYA RRT.5 KEL.SRI BASUKI KEC.BATANGHARI,JUMAT,C051,188,082125329926,,2051042,Sekampung,34381,34381,LAMPUNG,Z30,5000000,3006,1.0,1,43,77,01.02.2026,2025-03-17 00:00:00,90052003,90052003,0 ,0 ,0 ,0 ,0 ,0 ,0 ,0 ,08:00:00,08:00:00,0 ,0 ,-5.103559,105.426088,SENIN
TAUFAN DWI SEPTIAN,5559384,Weekly,"(-5.27492, 105.16487)",IDM FRESH SIMPANG BATU PURU 16,JL.LINTAS SUMATERA RT.2 KEL.TANJUNG SARI KEC.NATAR,SELASA,C051,188,08989941671,,2051028,Natar,35362,35362,LAMPUNG,Z30,5000000,3006,1.0,1,43,77,17.04.2026,2025-04-07 00:00:00,90052003,90052003,0 ,0 ,08:00:00,08:00:00,0 ,0 ,0 ,0 ,0 ,0 ,0 ,0 ,-5.2972346,105.1894537,SABTU
TAUFAN DWI SEPTIAN,5566260,Weekly,"(-5.12811, 105.1344)",ALFAMART BANDAR JAYA BARAT FRC,JLPROKLAMATOR RT.2 KEL.BANDAR JAYA TIMUR KEC.TERBANGGI BESAR,KAMIS,C051,188,085768844066,,2051004,Bandar Jaya,34162,34162,LAMPUNG,Z30,5000000,3006,1.0,1,43,77,01.02.2026,2025-04-21 00:00:00,90052003,90052003,0 ,0 ,0 ,0 ,0 ,0 ,08:00:00,08:00:00,0 ,0 ,0 ,0 ,-4.949382,105.215295,SELASA
TAUFAN DWI SEPTIAN,5576927,Weekly,"(-5.39443, 105.24931)",PFM PANGLIMA POLIM,JL PANGLIMA POLIM RT 003 RW 000 KEL SUKAMENANTI KEC TANJUNG,SENIN,C051,188,62822123123,0822123123,2051066,Imam Bonjol,35156,35156,LAMPUNG,Z30,5000000,3006,1.0,1,87,77,06.02.2026,2025-06-03 00:00:00,90052003,90052003,08:00:00,08:00:00,0 ,0 ,0 ,0 ,0 ,0 ,0 ,0 ,0 ,0 ,-5.3937526,105.2490248,RABU
TAUFAN DWI SEPTIAN,5585596,Weekly,"(-5.34852, 104.87056)",ALFAMART BUMI RATU PRINGSEWU,DS BUMI RATU RT 003 KEL PAGELARAN KEC PAGELARAN,SENIN,C051,188,6281312344542,,2051036,Pringsewu,35676,35676,LAMPUNG,Z30,5000000,3006,1.0,1,43,77,01.02.2026,2025-06-11 00:00:00,90052003,90052003,08:00:00,08:00:00,0 ,0 ,0 ,0 ,0 ,0 ,0 ,0 ,0 ,0 ,-5.357962,104.917857,SENIN
TAUFAN DWI SEPTIAN,5606250,Weekly,"(-5.12811, 105.1344)",TJ2R-IDM LINTAS SUMATERA TERBA,JL LINSUM RT 002 KEL YUKUM JAYA KEC TERBANGGI BESAR,KAMIS,C051,188,08989941671,,2051004,Bandar Jaya,34163,34163,LAMPUNG,Z30,5000000,3006,1.0,1,43,77,01.02.2026,2025-07-29 00:00:00,90052003,90052003,0 ,0 ,0 ,0 ,0 ,0 ,08:00:00,08:00:00,0 ,0 ,0 ,0 ,-4.9218382,105.2133539,SELASA
TAUFAN DWI SEPTIAN,5606977,Weekly,"(-5.17647, 105.21137)",ALFAMART HARGOMULYO,JL HARGO MULYO DS IV RT 017 RW 004 KEL SEKAMPUNG,JUMAT,C051,188,081312344542,,2051462,Jembat Serong Metro,34182,34182,LAMPUNG,Z30,5000000,3006,1.0,1,43,77,01.02.2026,2025-07-30 00:00:00,90052003,90052003,0 ,0 ,0 ,0 ,0 ,0 ,0 ,0 ,08:00:00,08:00:00,0 ,0 ,-5.1418689,105.4949226,SENIN
TAUFAN DWI SEPTIAN,5621340,Weekly,"(-5.51886, 105.34902)",L801 ALFAMART PALAS SUKARAJA,JL RAYA PALAS RT 001 RW 003 KEL SUKARAJA KEC PALAS,RABU,C051,188,07217620888,,2051181,Palas Bangunan,35594,35594,LAMPUNG,Z30,5000000,3006,1.0,1,43,77,06.02.2026,2025-08-25 00:00:00,90052003,90052003,0 ,0 ,0 ,0 ,08:00:00,08:00:00,0 ,0 ,0 ,0 ,0 ,0 ,-5.6988625,105.6697031,JUMAT
TAUFAN DWI SEPTIAN,5634233,Weekly,"(-5.12811, 105.1344)",IDM POINT REST AREA KM 116A-TW,JL.TOL SUMATERA KM 116 KEL BUMI RAHARJO KEC BUMI RATU NUBAN,KAMIS,C051,188,08989941671,,2051497,Bumi Ratu Nuban,34161,34161,LAMPUNG,Z30,5000000,3006,1.0,1,43,77,01.02.2026,2025-09-19 00:00:00,90052003,90052003,0 ,0 ,0 ,0 ,0 ,0 ,08:00:00,08:00:00,0 ,0 ,0 ,0 ,-5.0898424,105.1391377,SELASA
TAUFAN DWI SEPTIAN,5660831,Weekly,"(-5.12811, 105.1344)",ALFAMART TOL GUNUNG SUGIH,JL LINTAS SUMATERA RT 007 RW 002 KEL SEPUTIH JAYA KEC GUNUNG,KAMIS,C051,188,085768844066,,2051004,Bandar Jaya,34161,34161,LAMPUNG,Z30,5000000,3006,1.0,1,43,77,17.04.2026,2025-10-27 00:00:00,90052003,90052003,0 ,0 ,0 ,0 ,0 ,0 ,08:00:00,08:00:00,0 ,0 ,0 ,0 ,-4.960789,105.216277,SELASA
TAUFAN DWI SEPTIAN,5668015,Weekly,"(-5.15438, 105.18112)",ALFAMART LINTAS MASGAR,JL LINTAS SUMATERA RT 001 RW 002 KEL KOTA AGUNG,KAMIS,C051,188,082175892590,,2051496,Masgar,35363,35363,LAMPUNG,Z30,5000000,3006,1.0,1,43,77,01.02.2026,2025-11-04 00:00:00,90052003,90052003,0 ,0 ,0 ,0 ,0 ,0 ,08:00:00,08:00:00,0 ,0 ,0 ,0 ,-5.1545608,105.1807686,SELASA
TAUFAN DWI SEPTIAN,5705939,Weekly,"(-5.36611, 105.21847)",IDM RADEN GUNAWAN HAJIMENA,JL RADEN GUNAWAN RT 001 KEL HAJIMENA KEC NATAR,SENIN,C051,188,08989941671,,2051096,Rajabasa,35144,35144,LAMPUNG,Z30,5000000,3006,1.0,1,43,77,01.02.2026,2025-12-05 00:00:00,90052003,90052003,08:00:00,08:00:00,0 ,0 ,0 ,0 ,0 ,0 ,0 ,0 ,0 ,0 ,-5.366214,105.218462,RABU
TAUFAN DWI SEPTIAN,5739639,Weekly,"(-5.39576, 105.02377)",ALFAMART PRINGOMBO,JL JOHAR I RT 001 DS III KEL PRINGSEWU TIMUR KEC PRINGSEWU,SENIN,C051,188,081294668684,,2051036,Pringsewu,35673,35673,LAMPUNG,Z30,5000000,3006,1.0,1,43,77,01.02.2026,2026-01-02 00:00:00,90052003,90052003,08:00:00,08:00:00,0 ,0 ,0 ,0 ,0 ,0 ,0 ,0 ,0 ,0 ,-5.3598794,104.9810915,KAMIS
TAUFAN DWI SEPTIAN,5766394,Weekly,"(-5.38487, 105.29242)",ALFAMART DARKSTORE L813,JL PULAU SEBESI RT 005 RW 002 KEL SUKARAME KEC SUKARAME,SABTU,C051,188,07217620888,,2051043,Sukarame,35131,35131,LAMPUNG,Z30,5000000,3006,1.0,1,43,77,06.02.2026,2026-01-26 00:00:00,90052003,90052003,0 ,0 ,0 ,0 ,0 ,0 ,0 ,0 ,0 ,0 ,08:00:00,08:00:00,-5.3850703,105.2924338,RABU
TAUFAN DWI SEPTIAN,5775534,Weekly,"(-5.32649, 105.26118)",CHAMART METRO 3,JL YOS SUDARSO RT 002 KEL METRO KEC METRO PUSAT,JUMAT,C051,188,8129996232,,2051027,Metro,34111,34111,LAMPUNG,Z30,5000000,3006,1.0,1,12,77,27.03.2026,2026-02-05 00:00:00,90052003,90052003,0 ,0 ,0 ,0 ,0 ,0 ,0 ,0 ,08:00:00,08:00:00,0 ,0 ,-5.28679,105.299807,RABU
TAUFAN DWI SEPTIAN,5799060,Weekly,"(-5.42519, 105.24894)",IDM TGBS WOLTER MONGONSIDI,JL WOLTER MONGINSIDI RT 003 RW 000 KEL GOTONG ROYONG KEC TAN,SELASA,C051,188,,082186011118,2051049,Teluk Betung,35119,35119,LAMPUNG,Z30,5000000,3006,1.0,1,43,77,09.03.2026,2026-03-06 00:00:00,90052003,90052003,0 ,0 ,08:00:00,08:00:00,0 ,0 ,0 ,0 ,0 ,0 ,0 ,0 ,-5.424749,105.2489661,JUMAT
TAUFAN DWI SEPTIAN,5801923,Weekly,"(-5.43323, 104.9669)",L618-ALFAMART AMBARAWA 2,JL SAPUHANDA RT 001 RW 002  KEL AMBARAWA KEC AMBARAWA,SENIN,C051,188,081294668671,,2051057,Sumber Agung,35673,35673,LAMPUNG,Z30,5000000,3006,1.0,1,43,77,17.04.2026,2026-03-11 00:00:00,90052003,90052003,08:00:00,08:00:00,0 ,0 ,0 ,0 ,0 ,0 ,0 ,0 ,0 ,0 ,-5.41149,104.957552,KAMIS
TAUFAN DWI SEPTIAN,5801924,Weekly,"(-5.49795, 105.24979)",L788-ALFAMART SUKAJAYA LEMPASI,JL WAY RATAI RT 001 RW 006 KEL LEMPASING KEC TELUK PANDAN,SELASA,C051,188,081394668671,,2051093,Hanura,30151,30151,LAMPUNG,Z30,5000000,3006,1.0,1,43,77,12.03.2026,2026-03-11 00:00:00,90052003,90052003,0 ,0 ,08:00:00,08:00:00,0 ,0 ,0 ,0 ,0 ,0 ,0 ,0 ,-5.497956,105.249644,JUMAT
TAUFAN DWI SEPTIAN,5801930,Weekly,"(-5.43323, 104.9669)",L757-ALFAMART SUMBER AGUNG,JL JOYO DIRJO RT 003 RW 001 KEL SUMBER AGUNG KEC AMBARAWA,SENIN,C051,188,,081294668671,2051057,Sumber Agung,34332,34332,LAMPUNG,Z30,5000000,3006,1.0,1,43,77,12.03.2026,2026-03-11 00:00:00,90052003,90052003,08:00:00,08:00:00,0 ,0 ,0 ,0 ,0 ,0 ,0 ,0 ,0 ,0 ,-5.414316,104.940563,KAMIS
TAUFAN DWI SEPTIAN,5802117,Weekly,"(-5.40318, 105.31705)",L763-ALFAMART TIRTAYASA SUKABU,JL TIRTAYASA RT 001 RW 003 KEL SUKABUMI KEC SUKABUMI,RABU,C051,188,0829668671,,2051103,Tirtayasa,35134,35134,LAMPUNG,Z30,5000000,3006,1.0,1,43,77,12.03.2026,2026-03-11 00:00:00,90052003,90052003,0 ,0 ,0 ,0 ,08:00:00,08:00:00,0 ,0 ,0 ,0 ,0 ,0 ,-5.403115,105.317116,RABU
TAUFAN DWI SEPTIAN,5802118,Weekly,"(-5.51886, 105.34902)",L462-ALFAMART RADEN INTAN KLD,JL RADEN INTAN RT 001 RW 001 LK VI KEL WAY URANG KEC,RABU,C051,188,08129466871,,2051018,Kalianda,35513,35513,LAMPUNG,Z30,5000000,3006,1.0,1,43,77,12.03.2026,2026-03-11 00:00:00,90052003,90052003,0 ,0 ,0 ,0 ,08:00:00,08:00:00,0 ,0 ,0 ,0 ,0 ,0 ,-5.730488,105.593193,JUMAT
TAUFAN DWI SEPTIAN,5802124,Weekly,"(-5.4218, 105.34884)",L743-ALFAMART TALANG JAWA F,DS MARGA JAYA RT 006 RW 001 KEL TALANG JAWA KEC MERBAU,RABU,C051,188,081294668671,,2071326,TALANG JAWA,35357,35357,LAMPUNG,Z30,5000000,3006,1.0,1,43,77,12.03.2026,2026-03-11 00:00:00,90052003,90052003,0 ,0 ,0 ,0 ,08:00:00,08:00:00,0 ,0 ,0 ,0 ,0 ,0 ,-5.455688,105.488451,SENIN
TAUFAN DWI SEPTIAN,5802128,Weekly,"(-5.20642, 105.0808)",L720-ALFAMART KSB BANGUN SARI,JL DI PANJAITAN RT 001 RW 002 KEL BANGUN SARI KEC TEGINENENG,SENIN,C051,188,081294668671,,2051128,Bekri,35363,35363,LAMPUNG,Z30,5000000,3006,1.0,1,43,77,12.03.2026,2026-03-11 00:00:00,90052003,90052003,08:00:00,08:00:00,0 ,0 ,0 ,0 ,0 ,0 ,0 ,0 ,0 ,0 ,-5.205906,105.081358,KAMIS
TAUFAN DWI SEPTIAN,5802130,Weekly,"(-5.17647, 105.21137)",1VU9-ALFAMART RAYA SEKAMPUNG,JL RAYA BATANGHARI RT 017 RW 000 KEL SEKAMPUNG KEC SIDODADI,JUMAT,C051,188,081294668671,,2051042,Sekampung,34182,34182,LAMPUNG,Z30,5000000,3006,1.0,1,43,77,12.03.2026,2026-03-11 00:00:00,90052003,90052003,0 ,0 ,0 ,0 ,0 ,0 ,0 ,0 ,08:00:00,08:00:00,0 ,0 ,-5.133788,105.410237,SENIN
TAUFAN DWI SEPTIAN,586565,Weekly,"(-5.37999, 105.25399)",CHAMART PAGAR ALAM,JL. ZAINAL ABIDIN PAGAR ALAM RT.003 LK.I LABUHAN RATU,SABTU,C051,188,08129996232,,2051017,Kedaton,35141,35141,LAMPUNG,Z30,5000000,3006,1.0,1,12,77,01.02.2026,2020-09-28 00:00:00,90052003,90052003,0 ,0 ,0 ,0 ,0 ,0 ,0 ,0 ,0 ,0 ,08:00:00,08:00:00,-5.3801767,105.2539017,RABU
TAUFAN DWI SEPTIAN,666261,Weekly,"(-5.35993, 105.30652)",ALFAMART SUKAMAJU,JL.RY.SINAR REJEKI RT.4 NO.17 KEL.SINAR REJEKI KEC.JATIAGUNG,SABTU,C051,188,07217620888,,2051385,Jati Agung (Jambon),35364,35364,LAMPUNG,Z30,10000000,3006,1.0,1,43,77,06.02.2026,2021-03-10 00:00:00,90052003,90052003,0 ,0 ,0 ,0 ,0 ,0 ,0 ,0 ,0 ,0 ,08:00:00,08:00:00,-5.2681225,105.3809168,RABU
TAUFAN DWI SEPTIAN,666262,Weekly,"(-5.17647, 105.21137)",IDM SUTAN SYAHRIR,JL.SUTAN SYAHRIR RT.1/1 NO.101 KEL.TEJO AGUNG KEC.METROTIMUR,JUMAT,C051,188,082186011118,,2051027,Metro,34111,34111,LAMPUNG,Z30,10000000,3006,1.0,1,43,77,01.02.2026,2021-03-10 00:00:00,90052003,90052003,0 ,0 ,0 ,0 ,0 ,0 ,0 ,0 ,08:00:00,08:00:00,0 ,0 ,-5.134475,105.318895,SENIN
TAUFAN DWI SEPTIAN,690145,Weekly,"(-5.51648, 105.34949)",SS-T50G IDM KARANG PUCUNG,JL.ATMAWIKHARTA KEL.KARANG PUCUNG KEC.WAY SULAN,RABU,C051,188,82186011118,,2051020,Karang Pucung,35452,35452,LAMPUNG,Z30,1,3006,1.0,1,43,77,06.02.2026,2021-03-16 00:00:00,90052003,90052003,0 ,0 ,0 ,0 ,08:00:00,08:00:00,0 ,0 ,0 ,0 ,0 ,0 ,-5.4799675,105.5259774,JUMAT
TAUFAN DWI SEPTIAN,690150,Weekly,"(-5.15418, 105.19873)",SS-TUDP IDM TRIMURJO,JL.RAYA SIMBAR WARINGINSIMBAR WARINGINTRIMURJO,JUMAT,C051,188,82186011118,,2051038,Sumber Waringin,35114,35114,LAMPUNG,Z30,1,3006,1.0,1,43,77,01.02.2026,2021-03-16 00:00:00,90052003,90052003,0 ,0 ,0 ,0 ,0 ,0 ,0 ,0 ,08:00:00,08:00:00,0 ,0 ,-5.1385343,105.2478349,SELASA
TAUFAN DWI SEPTIAN,690161,Weekly,"(-5.4218, 105.34884)",SS-TNEK IDM WAWASAN,JL.RAYA WAWASAN KEL.WAWASAN KEC.TANJUNG SARI,RABU,C051,188,82186011118,,2051063,Bergen,35362,35362,LAMPUNG,Z30,1,3006,1.0,1,43,77,06.02.2026,2021-03-16 00:00:00,90052003,90052003,0 ,0 ,0 ,0 ,08:00:00,08:00:00,0 ,0 ,0 ,0 ,0 ,0 ,-5.3677228,105.5042781,SENIN
TAUFAN DWI SEPTIAN,690162,Weekly,"(-5.4218, 105.34884)",SS-TX7F IDM JATIBARU 2,JL.SRI BUNGUR KEL.JATIBARU KEC.TANJUNG BINTANG,RABU,C051,188,82186011118,,2051047,Tanjung Bintang,35361,35361,LAMPUNG,Z30,1,3006,1.0,1,43,77,06.02.2026,2021-03-16 00:00:00,90052003,90052003,0 ,0 ,0 ,0 ,08:00:00,08:00:00,0 ,0 ,0 ,0 ,0 ,0 ,-5.4255104,105.4252516,SENIN
TAUFAN DWI SEPTIAN,690163,Weekly,"(-5.4218, 105.34884)",SS-FRAR IDM IR.SUTAMI PURWODAD,JL.IR SUTAMI KEL.PURWODADI SIMPANG KEC.TJG BINTANG,RABU,C051,188,82186011118,,2051047,Tanjung Bintang,35361,35361,LAMPUNG,Z30,1,3006,1.0,1,43,77,06.02.2026,2021-03-16 00:00:00,90052003,90052003,0 ,0 ,0 ,0 ,08:00:00,08:00:00,0 ,0 ,0 ,0 ,0 ,0 ,-5.4098078,105.5296078,SENIN
TAUFAN DWI SEPTIAN,690165,Weekly,"(-5.28716, 105.05471)",SS-T9UB IDM PANGGUNG REJO,JL.RAUA PANGGUNG REJO KEL.PANGGUNG REJO KEC.SUKOHA,SENIN,C051,188,82186011118,,2051223,Sukoharjo,35674,35674,LAMPUNG,Z30,1,3006,1.0,1,43,77,01.02.2026,2021-03-16 00:00:00,90052003,90052003,08:00:00,08:00:00,0 ,0 ,0 ,0 ,0 ,0 ,0 ,0 ,0 ,0 ,-5.3007354,105.0322286,SABTU
TAUFAN DWI SEPTIAN,690171,Weekly,"(-5.51886, 105.34902)",SS-TPF1 IDM AKSES TOL SIDOMULY,JL.LINTAS SUMATERA KEL.SUKAMARGA KEC.SIDOMULYO,RABU,C051,188,82186011118,,2051018,Kalianda,35551,35551,LAMPUNG,Z30,1,3006,1.0,1,43,77,06.02.2026,2021-03-16 00:00:00,90052003,90052003,0 ,0 ,0 ,0 ,08:00:00,08:00:00,0 ,0 ,0 ,0 ,0 ,0 ,-5.622395,105.523655,JUMAT
TAUFAN DWI SEPTIAN,690179,Weekly,"(-5.51886, 105.34902)",SS-TQRM IDM SIMPANG GAYAM,JL.RAYA LINTAS SUMATERA KEL.PENENGAHAN KEC.PENENGA,RABU,C051,188,82186011118,,2051018,Kalianda,35551,35551,LAMPUNG,Z30,1,3006,1.0,1,43,77,06.02.2026,2021-03-16 00:00:00,90052003,90052003,0 ,0 ,0 ,0 ,08:00:00,08:00:00,0 ,0 ,0 ,0 ,0 ,0 ,-5.7653769,105.7017721,JUMAT
TAUFAN DWI SEPTIAN,690181,Weekly,"(-5.34852, 104.87056)",SS-TWZR IDM BUMI RATU PRINGSEW,JL.PROKLAMATOR KEL.DESA BUMI RATU KEC.PGELARAN,SENIN,C051,188,82186011118,,2051030,Pagelaran Lampung,35676,35676,LAMPUNG,Z30,1,3006,1.0,1,43,77,01.02.2026,2021-03-16 00:00:00,90052003,90052003,08:00:00,08:00:00,0 ,0 ,0 ,0 ,0 ,0 ,0 ,0 ,0 ,0 ,-5.3590836,104.920202,SENIN
TAUFAN DWI SEPTIAN,690183,Weekly,"(-5.61701, 105.17121)",SS-TMKI IDM PIABUNG,JL.RAYA PIABUNG KEL.SANGGI KEC.PADANG CERMIN,SELASA,C051,188,82186011118,,2051069,"Padang Cermin, Umbul",35451,35451,LAMPUNG,Z30,1,3006,1.0,1,43,77,06.02.2026,2021-03-16 00:00:00,90052003,90052003,0 ,0 ,08:00:00,08:00:00,0 ,0 ,0 ,0 ,0 ,0 ,0 ,0 ,-5.617102,105.171205,JUMAT
TAUFAN DWI SEPTIAN,690184,Weekly,"(-5.27103, 105.16886)",SS-TT3B IDM NATAR 4,JL. LINTAS SUMATRA NATAR KEL. BUMISARI KEC.NATAR,SELASA,C051,188,82186011118,,2051028,Natar,35362,35362,LAMPUNG,Z30,1,3006,1.0,1,43,77,01.02.2026,2021-03-16 00:00:00,90052003,90052003,0 ,0 ,08:00:00,08:00:00,0 ,0 ,0 ,0 ,0 ,0 ,0 ,0 ,-5.2868356,105.1910016,SABTU
TAUFAN DWI SEPTIAN,690185,Weekly,"(-5.26744, 105.17058)",SS-TALZ IDM NATAR 3,JL LINTAS SUMATRA KEL.CANDI MAS KEC.NATAR,SELASA,C051,188,82186011118,,2051028,Natar,35362,35362,LAMPUNG,Z30,1,3006,1.0,1,43,77,01.02.2026,2021-03-16 00:00:00,90052003,90052003,0 ,0 ,08:00:00,08:00:00,0 ,0 ,0 ,0 ,0 ,0 ,0 ,0 ,-5.25794,105.1840967,SABTU
TAUFAN DWI SEPTIAN,690187,Weekly,"(-5.27103, 105.16886)",SS-TFFQ IDM TANJUNG SARI,JL. BERINGIN KEL. TANJUNG SARI KEC. NATAR KAB. LAM,SELASA,C051,188,82186011118,,2051028,Natar,35362,35362,LAMPUNG,Z30,1,3006,1.0,1,43,77,01.02.2026,2021-03-16 00:00:00,90052003,90052003,0 ,0 ,08:00:00,08:00:00,0 ,0 ,0 ,0 ,0 ,0 ,0 ,0 ,-5.2977888,105.1970917,SABTU
TAUFAN DWI SEPTIAN,690188,Weekly,"(-5.17647, 105.21137)",SS-TWCU IDM YOS SUDARSO METRO,JL. YOS SUDARSO KEL.METRO KEC.METRO PUSAT,JUMAT,C051,188,82186011118,,2051027,Metro,34111,34111,LAMPUNG,Z30,1,3006,1.0,1,43,77,01.02.2026,2021-03-16 00:00:00,90052003,90052003,0 ,0 ,0 ,0 ,0 ,0 ,0 ,0 ,08:00:00,08:00:00,0 ,0 ,-5.128797,105.299526,SENIN
TAUFAN DWI SEPTIAN,690190,Weekly,"(-5.43878, 105.34221)",SS-T7OA IDM MERBAU MATARAM,JL. RAYA SUBAN KEL. TANJUNG BARU KEC. MERBAU MATAR,RABU,C051,188,82186011118,,2051047,Tanjung Bintang,35361,35361,LAMPUNG,Z30,1,3006,1.0,1,43,77,06.02.2026,2021-03-16 00:00:00,90052003,90052003,0 ,0 ,0 ,0 ,08:00:00,08:00:00,0 ,0 ,0 ,0 ,0 ,0 ,-5.44831,105.35681,JUMAT
TAUFAN DWI SEPTIAN,690211,Weekly,"(-5.51648, 105.34949)",SS-TJA3 IDM CINTA MULYA,JL.MUSA LAKSAMANA KEL.CINTA MULYA KEC.CANDIPURO,RABU,C051,188,82186011118,,2051094,candi puro (nyoman d,35356,35356,LAMPUNG,Z30,1,3006,1.0,1,43,77,06.02.2026,2021-03-16 00:00:00,90052003,90052003,0 ,0 ,0 ,0 ,08:00:00,08:00:00,0 ,0 ,0 ,0 ,0 ,0 ,-5.538342,105.573468,JUMAT
TAUFAN DWI SEPTIAN,91603,Weekly,"(-5.37416, 105.2432)",CV. SURYA,JL.ZAINAL ABIDIN PAGAR ALAM NO.20/5,SENIN,C051,188,0721 712055,,2051048,Tanjung Karang,35145,35142,BANDAR LAMPUNG,Z21,10000000,3006,1.0,1,53,77,11.03.2026,2016-11-28 00:00:00,90052003,90052003,08:00:00,08:00:00,0 ,0 ,0 ,0 ,0 ,0 ,0 ,0 ,0 ,0 ,-5.3742363,105.243295,RABU
YUDDY SYAHPUTRA,1103922,Genap,"(-5.43323, 104.9669)",WR.RIYADI,JL.PADANG ASRI RT.1/3 NO.40 KEL.FAJAR AGUNG KEC.PRINGSEWU,SABTU GENAP,C051,188,082375548138,,2051036,Pringsewu,35376,35376,LAMPUNG,Z12,2000000,3006,1.0,2,69,77,16.02.2026,2021-06-29 00:00:00,90052197,90052197,0 ,0 ,0 ,0 ,0 ,0 ,0 ,0 ,0 ,0 ,0 ,08:00:00,-5.371862,104.947782,SABTU GENAP
YUDDY SYAHPUTRA,1267307,Ganjil,"(-5.34734, 104.86867)",WR.PAK MUH,DSN.SINAR FAMILI RT.8/4 NO.31 KEL.SINARMULYA KEC.BANYUMAS,SENIN GANJIL,C051,188,085279558610,,2051224,Banyumas,35674,35674,LAMPUNG,Z12,2000000,3006,1.0,2,69,77,11.01.2026,2021-08-12 00:00:00,90052197,90052197,08:00:00,0 ,0 ,0 ,0 ,0 ,0 ,0 ,0 ,0 ,0 ,0 ,-5.29467,104.9020283,SABTU GANJIL
YUDDY SYAHPUTRA,1324464,Ganjil,"(-5.34852, 104.87056)",TK.FERI,DSN FAJAR BARU RT.2/3 KEL.FAJAR BARU KEC.PAGELARAN UTARA,SENIN GANJIL,C051,188,085847583533,,2051224,Banyumas,35375,35372,LAMPUNG,Z00,0,3006,5.0,2,69,77,11.01.2026,2021-08-27 00:00:00,90052197,90052197,08:00:00,0 ,0 ,0 ,0 ,0 ,0 ,0 ,0 ,0 ,0 ,0 ,-5.2865806,104.9203763,RABU GANJIL
YUDDY SYAHPUTRA,1400936,Genap,"(-5.39147, 104.87743)",TK.EDO,DSN.III PADANG REJO RT.3/3 KEL.PADANG REJO KEC.PAGELARAN,JUMAT GENAP,C051,188,081279425080,,2051036,Pringsewu,35376,35376,LAMPUNG,Z00,0,3006,5.0,2,69,77,11.01.2026,2023-09-18 00:00:00,90052197,90052197,0 ,0 ,0 ,0 ,0 ,0 ,0 ,0 ,0 ,08:00:00,0 ,0 ,-5.3781433,104.9078666,SENIN GENAP
YUDDY SYAHPUTRA,143172,Weekly,"(-5.38337, 104.87499)",FAZIL,JL. RAYA PATOMAN RT.2/3 PAGELARAN NO.48,SELASA,C051,188,082281193747,,2051030,Pagelaran Lampung,35111,35111,LAMPUNG,Z12,2148654,3006,1.0,2,69,77,09.03.2026,2019-05-14 00:00:00,90052197,90051884,0 ,0 ,08:00:00,08:00:00,0 ,0 ,0 ,0 ,0 ,0 ,0 ,0 ,-5.371079,104.892499,JUMAT
YUDDY SYAHPUTRA,1580934,Genap,"(-5.38337, 104.87499)",SRC.SARINI,GUMUK REJO RT.2-1 NO.23 KEL.GUMUK REJO KEC.PAGELARAN,KAMIS GENAP,C051,188,085269806101,,2051030,Pagelaran Lampung,35375,35373,LAMPUNG,Z00,0,3006,5.0,2,69,77,28.01.2026,2024-01-18 00:00:00,90052197,90052197,0 ,0 ,0 ,0 ,0 ,0 ,0 ,08:00:00,0 ,0 ,0 ,0 ,-5.368681,104.9229252,SENIN GENAP
YUDDY SYAHPUTRA,1711048,Genap,"(-5.38337, 104.87499)",WR.MBA ANA,DSN.PATOMAN RT.3/1 NO.15 KEL.PATOMAN KEC.PAGELARAN,KAMIS GENAP,C051,188,085310429966,,2051030,Pagelaran Lampung,35676,35676,LAMPUNG,Z00,0,3006,5.0,2,69,77,11.01.2026,2022-02-02 00:00:00,90052197,90052197,0 ,0 ,0 ,0 ,0 ,0 ,0 ,08:00:00,0 ,0 ,0 ,0 ,-5.36657,104.904151,SABTU GENAP
YUDDY SYAHPUTRA,1731071,Ganjil,"(-5.36756, 104.86667)",TK.KELI,JL.APEL RT.2/4 NO.2 KEL-KEC.PAGELARAN,KAMIS GANJIL,C051,188,085357577174,,2051036,Pringsewu,35375,35371,LAMPUNG,Z00,0,3006,5.0,2,42,77,30.03.2026,2022-04-06 00:00:00,90052197,90052197,0 ,0 ,0 ,0 ,0 ,0 ,08:00:00,0 ,0 ,0 ,0 ,0 ,-5.364096,104.886869,JUMAT GANJIL
YUDDY SYAHPUTRA,1895280,Ganjil,"(-5.27201, 105.03554)",WR.DESI,JL.PUJO JATMIKO RT.3/4 KEL-KEC.SUKOHARJO,SABTU GANJIL,C051,188,+6285378282294,,2051036,Pringsewu,35674,35674,LAMPUNG,Z00,0,3006,5.0,2,69,77,21.02.2026,2022-07-13 00:00:00,90052197,90052197,0 ,0 ,0 ,0 ,0 ,0 ,0 ,0 ,0 ,0 ,08:00:00,0 ,-5.324522,104.977077,RABU GANJIL
YUDDY SYAHPUTRA,2055204,Ganjil,"(-5.25893, 105.02571)",WR.SONO,DSN.KERTASARI RT.2-1 KEL.SINAR BARU TIMUR KEC.SUKOHARJO,RABU GANJIL,C051,188,085788643691,,2051223,Sukoharjo,35674,35674,LAMPUNG,Z00,0,3006,5.0,2,42,77,29.04.2026,2024-11-08 00:00:00,90052197,90051815,0 ,0 ,0 ,0 ,08:00:00,0 ,0 ,0 ,0 ,0 ,0 ,0 ,-5.311676,104.958713,RABU GANJIL
YUDDY SYAHPUTRA,2055210,Ganjil,"(-5.25893, 105.02571)",DINDA CELL,DSN.KERTASARI RT.1/1 KEL.SINAR BARU TIMUR KEC.SUKOHARJO,JUMAT GANJIL,C051,188,082281422301,,2051224,Banyumas,35674,35674,LAMPUNG,Z00,0,3006,5.0,2,69,77,11.01.2026,2022-09-02 00:00:00,90052197,90052197,0 ,0 ,0 ,0 ,0 ,0 ,0 ,0 ,08:00:00,0 ,0 ,0 ,-5.3072908,104.9544917,SELASA GANJIL
YUDDY SYAHPUTRA,2169965,Genap,"(-5.44549, 104.95856)",WR.JOKO,JL.RAYA KRESNO MULYO RT.2/3 KEL.KRESNO MULYO KEC.AMBARAWA,SELASA GENAP,C051,188,082375387012,,2051036,Pringsewu,35682,35682,LAMPUNG,Z12,2000000,3006,1.0,2,69,77,27.04.2026,2022-09-27 00:00:00,90052197,90052197,0 ,0 ,0 ,08:00:00,0 ,0 ,0 ,0 ,0 ,0 ,0 ,0 ,-5.428082,104.936766,RABU GENAP
YUDDY SYAHPUTRA,2366929,Weekly,"(-5.42773, 104.88229)",WR.MAS MAN,DS SUMBEREJO RT 001 RW 001 KEL TANJUNG ANOM,SENIN,C051,188,085805729461,,2051534,Tanjung Anom Ambaraw,35682,35682,TALANG PADANG,Z00,0,3006,5.0,2,69,77,11.01.2026,2025-07-25 00:00:00,90052197,90052040,08:00:00,08:00:00,0 ,0 ,0 ,0 ,0 ,0 ,0 ,0 ,0 ,0 ,-5.412256,104.916869,KAMIS
YUDDY SYAHPUTRA,250548,Genap,"(-5.45776, 104.94714)",TK.ANISA,PS.WARGAMULYO KP TENGAH DS WARGOMUL,SELASA GENAP,C051,188,081279476806,,2051058,Margomulyo,35382,35382,LAMPUNG,Z00,0,3006,5.0,2,58,77,29.04.2026,2024-02-02 00:00:00,90052197,90051924,0 ,0 ,0 ,08:00:00,0 ,0 ,0 ,0 ,0 ,0 ,0 ,0 ,-5.4464737,104.931934,RABU GENAP
YUDDY SYAHPUTRA,2697946,Genap,"(-5.38337, 104.87499)",TK.WOTO,JL.HASRI AINUN HABIBIE II RT.1/2 KEL.PANUTAN KEC.PAGELARAN,KAMIS GENAP,C051,188,082213306569,,2051030,Pagelaran Lampung,35376,35676,LAMPUNG,Z00,0,3006,5.0,2,69,77,11.01.2026,2023-01-27 00:00:00,90052197,90052197,0 ,0 ,0 ,0 ,0 ,0 ,0 ,08:00:00,0 ,0 ,0 ,0 ,-5.366684,104.89893,SELASA GENAP
YUDDY SYAHPUTRA,2698092,Ganjil,"(-5.38337, 104.87499)",TK.SEDAYU PAGELARAN,JL.BLITAR RT.2/1 KEL-KEC.PAGELARAN,RABU GANJIL,C051,188,085266040387,,2051030,Pagelaran Lampung,35676,35676,LAMPUNG,Z00,0,3006,5.0,2,69,77,11.01.2026,2023-01-27 00:00:00,90052197,90052197,0 ,0 ,0 ,0 ,08:00:00,0 ,0 ,0 ,0 ,0 ,0 ,0 ,-5.374447,104.889754,JUMAT GANJIL
YUDDY SYAHPUTRA,280346,Weekly,"(-5.43323, 104.9669)",SIGIT WITANTO,PS.SUMBER AGUNG BLOK D NO.109 SUMBE,SELASA,C051,188,085669940229,085669940229,2051534,Tanjung Anom Ambaraw,35373,35373,LAMPUNG,Z12,2059243,3006,1.0,2,69,77,11.01.2026,2017-12-11 00:00:00,90052197,90051943,0 ,0 ,08:00:00,08:00:00,0 ,0 ,0 ,0 ,0 ,0 ,0 ,0 ,-5.3987297,104.9296615,RABU
YUDDY SYAHPUTRA,2844994,Genap,"(-5.39147, 104.87743)",WR.KEVIN,JL.RAYA KARANG SARI RT.1/2 KEL.KARANG SARI KEC.PAGELARAN,JUMAT GENAP,C051,188,081366822060,,2051036,Pringsewu,35676,35676,LAMPUNG,Z00,0,3006,5.0,2,69,77,11.01.2026,2023-02-21 00:00:00,90052197,90052197,0 ,0 ,0 ,0 ,0 ,0 ,0 ,0 ,0 ,08:00:00,0 ,0 ,-5.381693,104.911942,SENIN GENAP
YUDDY SYAHPUTRA,2872655,Genap,"(-5.43323, 104.9669)",WR.YADI CELL,JL.RAYA TANJUNG ANOM RT.1/1 KEL.TANJUNG ANOM KEC.AMBARAWA,JUMAT GENAP,C051,188,0816404124,,2051002,Ambarawa,35376,35376,LAMPUNG,Z00,0,3006,5.0,2,69,77,11.01.2026,2023-02-27 00:00:00,90052197,90052197,0 ,0 ,0 ,0 ,0 ,0 ,0 ,0 ,0 ,08:00:00,0 ,0 ,-5.393098,104.931327,SABTU GENAP
YUDDY SYAHPUTRA,2955443,Weekly,"(-5.49868, 104.93098)",TK.BALQIS,DS RANTAU TIJANG RT 003 RW 3 KEL RANTAU TIJANG,SABTU,C051,188,085881718125,,2051053,Padasuka,35682,35682,LAMPUNG,Z00,0,3006,5.0,2,14,77,27.04.2026,2026-02-19 00:00:00,90052197,90052135,0 ,0 ,0 ,0 ,0 ,0 ,0 ,0 ,0 ,0 ,08:00:00,08:00:00,-5.509323,104.931258,RABU
YUDDY SYAHPUTRA,2961114,Ganjil,"(-5.25893, 105.02571)",WR.ANDRE,JL.KAMBOJA RT.1/1 KEL.KEPUTRAN KEC.SUKOHARJO,SABTU GANJIL,C051,188,088747493670,,2051019,Kali Rejo,35674,35674,LAMPUNG,Z00,0,3006,5.0,2,69,77,01.02.2026,2023-03-16 00:00:00,90052197,90052197,0 ,0 ,0 ,0 ,0 ,0 ,0 ,0 ,0 ,0 ,08:00:00,0 ,-5.291896,104.982937,SELASA GANJIL
YUDDY SYAHPUTRA,2967608,Weekly,"(-5.3656, 104.76478)",TK.SILVI CELL,GG.INPRES RT 003 RW 002 KEL KALI BENING KEC TALANG PADANG,RABU,C051,188,082231059851,,2051050,Talang Padang,35374,35374,LAMPUNG,Z00,0,3006,5.0,2,13,77,27.04.2026,2025-09-25 00:00:00,90052197,90052099,0 ,0 ,0 ,0 ,08:00:00,08:00:00,0 ,0 ,0 ,0 ,0 ,0 ,-5.363808,104.765783,SENIN
YUDDY SYAHPUTRA,2967622,Weekly,"(-5.37925, 104.87258)",TK.KIOS HABIB,JL.APEL DSN.RAWAHARUM RT.1-4 KEL.PAGELARAN KEC. PAGELARAN,JUMAT,C051,188,082278393558,,2051482,Pasir Ukir,35676,35676,LAMPUNG,Z00,0,3006,5.0,2,69,77,27.04.2026,2024-01-17 00:00:00,90052197,90052099,0 ,0 ,0 ,0 ,0 ,0 ,0 ,0 ,08:00:00,08:00:00,0 ,0 ,-5.3642984,104.8890073,JUMAT
YUDDY SYAHPUTRA,2967629,Weekly,"(-5.3656, 104.76478)",TK RAFA,JL ASRAMA DS KALI BENING RT 003 RW 002 KEL KALI BENING KEC,RABU,C051,188,085369299777,,2051050,Talang Padang,35374,35374,LAMPUNG,Z00,0,3006,5.0,2,58,77,01.02.2026,2026-01-15 00:00:00,90052197,90052099,0 ,0 ,0 ,0 ,08:00:00,08:00:00,0 ,0 ,0 ,0 ,0 ,0 ,-5.365585,104.76438,SENIN
YUDDY SYAHPUTRA,2967691,Ganjil,"(-5.36658, 104.85758)",TK.ANGGI,JL.LAMA RANTAU TIJANG RT.1 KEL.RANTAU TIJANG KEC.PUGUNG,SENIN GANJIL,C051,188,085319153303,085319153303,2051315,Pugung Tanggamus,35675,35675,LAMPUNG,Z00,0,3006,5.0,2,69,77,27.04.2026,2023-12-04 00:00:00,90052197,90052435,08:00:00,0 ,0 ,0 ,0 ,0 ,0 ,0 ,0 ,0 ,0 ,0 ,-5.3666521,104.8576516,RABU GANJIL
YUDDY SYAHPUTRA,2967720,Ganjil,"(-5.40271, 104.87633)",TK.DAMAR,JL.PESANTREN DSN.SINAR JAYA RT.1 KEL.GUNUNG KASIH KEC.PUGUNG,SENIN GANJIL,C051,188,081233629656,,2051155,Babakan,35675,35675,LAMPUNG,Z00,0,3006,5.0,2,69,77,31.03.2026,2025-02-11 00:00:00,90052197,90052435,08:00:00,0 ,0 ,0 ,0 ,0 ,0 ,0 ,0 ,0 ,0 ,0 ,-5.4027746,104.8762433,KAMIS GANJIL
YUDDY SYAHPUTRA,3033417,Genap,"(-5.43323, 104.9669)",WR.AISYAH,JL.LINTAS MARGODADI RT.12/3 KEL.MARGODADI KEC.AMBARAWA,SELASA GENAP,C051,188,+6285769522352,,2051002,Ambarawa,35673,35673,LAMPUNG,Z00,0,3006,5.0,2,69,77,16.02.2026,2023-03-30 00:00:00,90052197,90052197,0 ,0 ,0 ,08:00:00,0 ,0 ,0 ,0 ,0 ,0 ,0 ,0 ,-5.390028,104.971421,SELASA GENAP
YUDDY SYAHPUTRA,3213117,Genap,,TK SUMEDI,JL BABUSSALAM DS V RT 021 RW 006 KEL KALIREJO KEC KALIREJO,SENIN GENAP,C051,188,082289331494,,2051476,Pasar Kali Rejo,34174,34174,LAMPUNG,Z00,0,3006,5.0,2,14,77,13.04.2026,2026-04-13 00:00:00,90052197,90052197,0 ,08:00:00,0 ,0 ,0 ,0 ,0 ,0 ,0 ,0 ,0 ,0 ,,,SENIN GENAP
YUDDY SYAHPUTRA,3213226,Genap,"(-5.26239, 104.79136)",TK LUSI,JL PURAWIJAYA DSN 1 RT 001 RW 001 KEL SENDANG ASRI,SENIN GENAP,C051,188,085279843295,,2051478,Sendang,34178,34178,LAMPUNG,Z00,0,3006,5.0,2,58,77,09.01.2026,2025-11-17 00:00:00,90052197,90052197,0 ,08:00:00,0 ,0 ,0 ,0 ,0 ,0 ,0 ,0 ,0 ,0 ,-5.167238,104.887595,SENIN GENAP
YUDDY SYAHPUTRA,331991,Weekly,"(-5.35582, 104.84507)",TK.FIKRI,DSN.TANJUNG YAKIN RT.1-2 NO.32 PUGU,RABU,C051,188,082185544496,,2051537,Simpang Tangkit,35374,35374,LAMPUNG,Z00,0,3006,5.0,2,69,77,11.01.2026,2024-01-29 00:00:00,90052197,90051787,0 ,0 ,0 ,0 ,08:00:00,08:00:00,0 ,0 ,0 ,0 ,0 ,0 ,-5.3555569,104.8447968,JUMAT
YUDDY SYAHPUTRA,3351372,Genap,"(-5.42773, 104.88229)",TK.HARISTA,DSN.4 RT.3/4 KEL.SUMBER AGUNG KEC.AMBARAWA,JUMAT GENAP,C051,188,085758030319,,2051002,Ambarawa,35673,35673,LAMPUNG,Z00,0,3006,5.0,2,14,77,23.01.2026,2023-05-29 00:00:00,90052197,90052197,0 ,0 ,0 ,0 ,0 ,0 ,0 ,0 ,0 ,08:00:00,0 ,0 ,-5.413358,104.92125,SABTU GENAP
YUDDY SYAHPUTRA,339262,Genap,"(-5.4365, 104.96428)",TK.WANDA,DSN.SUMBER AGUNG RT.3/1 NO.8 KEL.SUMBER AGUNG KEC.AMBARAWA,SELASA GENAP,C051,188,082373838784,,2051057,Sumber Agung,35372,35372,LAMPUNG,Z12,2427307,3006,1.0,2,69,77,27.04.2026,2017-05-03 00:00:00,90052197,90052197,0 ,0 ,0 ,08:00:00,0 ,0 ,0 ,0 ,0 ,0 ,0 ,0 ,-5.4141967,104.9397383,RABU GENAP
YUDDY SYAHPUTRA,3427045,Genap,,WR.ROHMAN,DES.TANJUNG KERTA KEC.WAY KHILAU KAB.PESAWARAN,RABU GENAP,C051,188,+6281367530647,,2051270,Gunung Sari (Pesawar,35368,35368,LAMPUNG,Z00,0,3006,5.0,2,42,77,29.04.2026,2025-02-03 00:00:00,90052197,90051924,0 ,0 ,0 ,0 ,0 ,08:00:00,0 ,0 ,0 ,0 ,0 ,0 ,,,RABU GENAP
YUDDY SYAHPUTRA,3464204,Ganjil,"(-5.34505, 104.86494)",NAFISA,JL.KAPTEN MARGONOGIRI SARI RT.7/3 KEL.GIRI TUNGGAL,SENIN GANJIL,C051,188,085269994959,,2051224,Banyumas,35676,35676,LAMPUNG,Z00,0,3006,5.0,2,58,77,09.01.2026,2023-06-21 00:00:00,90052197,90052197,08:00:00,0 ,0 ,0 ,0 ,0 ,0 ,0 ,0 ,0 ,0 ,0 ,-5.290039,104.897585,KAMIS GANJIL
YUDDY SYAHPUTRA,3464207,Ganjil,"(-5.25893, 105.02571)",WR.ROFI,JL.RAYA BALAI DESA RT.1/7 KEL.SUKOHARJO III BARAT,JUMAT GANJIL,C051,188,082183581610,,2051019,Kali Rejo,35674,35674,LAMPUNG,Z00,0,3006,5.0,2,58,77,09.01.2026,2023-06-21 00:00:00,90052197,90052197,0 ,0 ,0 ,0 ,0 ,0 ,0 ,0 ,08:00:00,0 ,0 ,0 ,-5.299433,104.97732,SELASA GANJIL
YUDDY SYAHPUTRA,356594,Ganjil,"(-5.25893, 105.02571)",TK.ASHORI,JL.KESEHATAN RT.2 NO.416 KEL.SUKOHARJO III KEC.SUKOHARJO,SABTU GANJIL,C051,188,085268775242,,2051036,Pringsewu,35673,35673,BANDAR LAMPUNG,Z00,0,3006,5.0,2,69,77,01.02.2026,2017-10-28 00:00:00,90052197,90052197,0 ,0 ,0 ,0 ,0 ,0 ,0 ,0 ,0 ,0 ,08:00:00,0 ,-5.299645,104.984,SELASA GANJIL
YUDDY SYAHPUTRA,357715,Genap,"(-5.4365, 104.96428)",TK.ANGGA,JL.AMBARAWA RT.2 NO.8 KEL.KRESNOMULYO KEC.AMBARAWA,JUMAT GENAP,C051,188,085789444239,,2051036,Pringsewu,35372,35372,BANDAR LAMPUNG,Z12,2000000,3006,1.0,2,69,77,11.01.2026,2017-11-07 00:00:00,90052197,90052197,0 ,0 ,0 ,0 ,0 ,0 ,0 ,0 ,0 ,08:00:00,0 ,0 ,-5.418495,104.937325,RABU GENAP
YUDDY SYAHPUTRA,357720,Genap,"(-5.43323, 104.9669)",TK.TONG,JL.MARGODADI RT.6 NO.14 KEL.MARGODADI KEC.AMBARAWA,SELASA GENAP,C051,188,085669722736,,2051002,Ambarawa,35372,35372,BANDAR LAMPUNG,Z12,2275851,3006,1.0,2,69,77,16.02.2026,2017-11-07 00:00:00,90052197,90052197,0 ,0 ,0 ,08:00:00,0 ,0 ,0 ,0 ,0 ,0 ,0 ,0 ,-5.3936265,104.9681898,SELASA GENAP
YUDDY SYAHPUTRA,360465,Ganjil,"(-5.39576, 105.02377)",TK.MBAK SRI,JL.TANI RT.4/1 LK.IV NO.5 KEL.PRINGSEWU BARAT KEC.PRINGSEWU,RABU GANJIL,C051,188,+6282332351636,,2051036,Pringsewu,35673,35673,PRINGSEWU,Z00,0,3006,5.0,2,69,77,27.04.2026,2017-11-20 00:00:00,90052197,90052197,0 ,0 ,0 ,0 ,08:00:00,0 ,0 ,0 ,0 ,0 ,0 ,0 ,-5.3449917,104.9726283,SABTU GANJIL
YUDDY SYAHPUTRA,362893,Weekly,"(-5.34852, 104.87056)",TK.IIS,JL.BANYUMAS RT.1/1 NO.51 KEL-KEC.BA,SENIN,C051,188,08128875558,082180036011,2051224,Banyumas,35674,35674,LAMPUNG,Z12,2000000,3006,1.0,2,14,77,23.01.2026,2017-12-13 00:00:00,90052197,90052111,08:00:00,08:00:00,0 ,0 ,0 ,0 ,0 ,0 ,0 ,0 ,0 ,0 ,-5.2810883,104.91477,JUMAT
YUDDY SYAHPUTRA,362896,Ganjil,"(-5.34852, 104.87056)",TK.BERKAH,JL.IRING MULYO RT.3/2 NO.62 KEL.SINAR MULYA KEC.BANYUMAS,SENIN GANJIL,C051,188,082247838900,,2051224,Banyumas,35674,35674,PESAWARAN,Z00,0,3006,5.0,2,69,77,11.01.2026,2017-12-13 00:00:00,90052197,90052197,08:00:00,0 ,0 ,0 ,0 ,0 ,0 ,0 ,0 ,0 ,0 ,0 ,-5.2872883,104.9165167,RABU GANJIL
YUDDY SYAHPUTRA,362898,Weekly,"(-5.34852, 104.87056)",TK.SITI,JL.PASAR BANYUMAS RT.12/1 NO.55 KEL/KEC.BANYUMAS,RABU,C051,188,085789463695,085789463695,2051224,Banyumas,35674,35674,PESAWARAN,Z00,0,3006,5.0,2,58,77,30.03.2026,2017-12-13 00:00:00,90052197,99999266,0 ,0 ,0 ,0 ,08:00:00,08:00:00,0 ,0 ,0 ,0 ,0 ,0 ,-5.2878218,104.9175284,JUMAT
YUDDY SYAHPUTRA,364283,Genap,"(-5.41066, 105.01164)",SRC.ALYA,JL.AHMAD YANI RT.5 NO.92 KEL/KEC.PRINGSEWU DPN PEMANCINGAN,SABTU GENAP,C051,188,085273107673,,2051036,Pringsewu,35673,35673,PRINGSEWU,Z12,2000000,3006,1.0,2,69,77,16.02.2026,2018-01-02 00:00:00,90052197,90052197,0 ,0 ,0 ,0 ,0 ,0 ,0 ,0 ,0 ,0 ,0 ,08:00:00,-5.35711,104.95942,SABTU GENAP
YUDDY SYAHPUTRA,3645127,Ganjil,"(-5.25893, 105.02571)",PUTRA DAMAS,DSN.WARINGIN SARI TIMUR RT.1/4 KEL.WARINGIN SARI TIMUR,JUMAT GANJIL,C051,188,085284641692,,2051036,Pringsewu,35674,35674,LAMPUNG,Z00,0,3006,5.0,2,69,77,01.02.2026,2023-07-21 00:00:00,90052197,90052197,0 ,0 ,0 ,0 ,0 ,0 ,0 ,0 ,08:00:00,0 ,0 ,0 ,-5.264536,105.010578,SELASA GANJIL
YUDDY SYAHPUTRA,3664627,Genap,"(-5.4365, 104.96428)",TK.GALANG,DSN.SUMBER AGUNG RT.3/3 KEL.SUMBER AGUNG KEC.AMBARAWA,JUMAT GENAP,C051,188,+6285357384992,,2051002,Ambarawa,35376,35376,LAMPUNG,Z00,0,3006,5.0,2,58,77,27.02.2026,2023-07-24 00:00:00,90052197,90052197,0 ,0 ,0 ,0 ,0 ,0 ,0 ,0 ,0 ,08:00:00,0 ,0 ,-5.41239,104.929669,RABU GENAP
YUDDY SYAHPUTRA,376784,Weekly,,KOP.MEP,JL.TEUKU CIKDITIRO RT.6/3 BLOK F2 NO.4 RUKO WISMA MAS,SABTU,C051,188,085838276583,085328864436,2051068,Kemiling,35168,35168,LAMPUNG,Z12,2000000,3006,1.0,2,42,77,20.12.2024,2019-02-08 00:00:00,90052197,90052142,0 ,0 ,0 ,0 ,0 ,0 ,0 ,0 ,0 ,0 ,08:00:00,08:00:00,,,SABTU
YUDDY SYAHPUTRA,377046,Weekly,"(-5.34852, 104.87056)",TK.MAHKOTA,JL.PAMENANG RAYA RT.1/2 NO.28 KEL.PAMENANG KEC.PAGELARAN,SELASA,C051,188,08159489165,08159489165,2051482,Pasir Ukir,35676,35676,LAMPUNG,Z12,2668365,3006,1.0,2,58,77,13.04.2026,2018-05-09 00:00:00,90052197,90052040,0 ,0 ,08:00:00,08:00:00,0 ,0 ,0 ,0 ,0 ,0 ,0 ,0 ,-5.3503117,104.9010699,JUMAT
YUDDY SYAHPUTRA,3792289,Weekly,"(-5.39147, 104.87743)",TOKO TREE PUTRA,TANJUNG KEMALA RT 00 RW 00 KEC PUGUNG KAB TANGGAMUS,SENIN,C051,188,082278979992,,2051155,Babakan,35373,35373,LAMPUNG,Z00,0,3006,5.0,2,69,77,11.01.2026,2024-02-07 00:00:00,90052197,90052099,08:00:00,08:00:00,0 ,0 ,0 ,0 ,0 ,0 ,0 ,0 ,0 ,0 ,-5.3902438,104.8827433,JUMAT
YUDDY SYAHPUTRA,3810602,Genap,"(-5.38337, 104.87499)",WR.AUREL,JL.PANGERAN ANTASARI RT.2/1 KEL.PATOMAN KEC.PAGELARAN,KAMIS GENAP,C051,188,081272637255,,2051030,Pagelaran Lampung,35676,35676,LAMPUNG,Z00,0,3006,5.0,2,69,77,11.01.2026,2023-08-15 00:00:00,90052197,90052197,0 ,0 ,0 ,0 ,0 ,0 ,0 ,08:00:00,0 ,0 ,0 ,0 ,-5.366958,104.901048,SELASA GENAP
YUDDY SYAHPUTRA,3810649,Ganjil,"(-5.37925, 104.87258)",WR.OKI CELL,JL.TIRTA SARI II RT.001/006 KEL.SUKARATU KEC.PAGELARAN,RABU GANJIL,C051,188,081368727442,,2051036,Pringsewu,35373,35673,LAMPUNG,Z00,0,3006,5.0,2,69,77,27.04.2026,2023-08-15 00:00:00,90052197,90052197,0 ,0 ,0 ,0 ,08:00:00,0 ,0 ,0 ,0 ,0 ,0 ,0 ,-5.367509,104.883296,JUMAT GANJIL
YUDDY SYAHPUTRA,3810651,Genap,"(-5.39576, 105.02377)",BILQIS,"JL.TANI LK,IV RT.006/004 KEL.PRINGSEWU BRT KEC.PRINGSEWU",SELASA GENAP,C051,188,085378586661,,2051036,Pringsewu,35373,35673,LAMPUNG,Z00,0,3006,5.0,2,69,77,01.02.2026,2023-08-15 00:00:00,90052197,90052197,0 ,0 ,0 ,08:00:00,0 ,0 ,0 ,0 ,0 ,0 ,0 ,0 ,-5.344176,104.9681,SABTU GENAP
YUDDY SYAHPUTRA,4007253,Ganjil,"(-5.39576, 105.02377)",TK.WIJAYA,DSN.BUMI ARUM RT.1-1 KEL.BUMI ARUM KEC.PRINGSEWU,SABTU GANJIL,C051,188,08877150047,,2051306,Fajaresuk,35373,35373,LAMPUNG,Z00,0,3006,5.0,2,69,77,11.01.2026,2023-09-19 00:00:00,90052197,90052197,0 ,0 ,0 ,0 ,0 ,0 ,0 ,0 ,0 ,0 ,08:00:00,0 ,-5.3373565,104.958101,SABTU GANJIL
YUDDY SYAHPUTRA,4019944,Weekly,"(-5.36846, 104.77183)",WR DIVA BERKAH,JL SMAN 1 TALPA RT 004 RW 005 KEL BANJAR SARI,KAMIS,C051,188,082377117685,,2051050,Talang Padang,35374,35374,TALANG PADANG,Z00,0,3006,5.0,2,13,77,31.03.2026,2025-10-27 00:00:00,90052197,90052099,0 ,0 ,0 ,0 ,0 ,0 ,08:00:00,08:00:00,0 ,0 ,0 ,0 ,-5.368497,104.771916,SENIN
YUDDY SYAHPUTRA,4050907,Genap,"(-5.39147, 104.87743)",WR.LITA,JL.SINGOSARI RT.2/3 KEL.TANJUNG ANOM KEC.AMBARAWA,JUMAT GENAP,C051,188,082269128604,,2051002,Ambarawa,35376,35376,LAMPUNG,Z00,0,3006,5.0,2,14,77,27.11.2025,2023-09-27 00:00:00,90052197,90052197,0 ,0 ,0 ,0 ,0 ,0 ,0 ,0 ,0 ,08:00:00,0 ,0 ,-5.393111,104.930034,SENIN GENAP
YUDDY SYAHPUTRA,4076890,Genap,"(-5.42773, 104.88229)",WR.SUHERMAN,JL.IR.SOEHARTO RT.2/2 KEL.SUMBER AGUNG KEC.AMBARAWA,JUMAT GENAP,C051,188,085273598442,,2051002,Ambarawa,35376,35376,LAMPUNG,Z00,0,3006,5.0,2,58,77,30.03.2026,2023-10-02 00:00:00,90052197,90052197,0 ,0 ,0 ,0 ,0 ,0 ,0 ,0 ,0 ,08:00:00,0 ,0 ,-5.40888,104.919889,SELASA GENAP
YUDDY SYAHPUTRA,4100766,Ganjil,"(-5.39576, 105.02377)",TK.ASNITA,DSN.PODOREJO RT.1-1 KEL.REJO SARI KEC.PRINGSEWU,SABTU GANJIL,C051,188,082282606286,,2051036,Pringsewu,35673,35673,LAMPUNG,Z00,0,3006,5.0,2,14,77,27.11.2025,2023-10-06 00:00:00,90052197,90052197,0 ,0 ,0 ,0 ,0 ,0 ,0 ,0 ,0 ,0 ,08:00:00,0 ,-5.337847,104.973854,SABTU GANJIL
YUDDY SYAHPUTRA,4249182,Genap,"(-5.39576, 105.02377)",TK.DOKTY SHOP,JL.SATRIA RT.1 KEL.PRINGSEWU BARAT KEC.PRINGSEWU,KAMIS GENAP,C051,188,085840889990,,2051036,Pringsewu,35373,35373,LAMPUNG,Z00,0,3006,5.0,2,14,77,27.04.2026,2023-11-03 00:00:00,90052197,90052197,0 ,0 ,0 ,0 ,0 ,0 ,0 ,08:00:00,0 ,0 ,0 ,0 ,-5.349241,104.97446,SABTU GENAP
YUDDY SYAHPUTRA,4250022,Genap,"(-5.38337, 104.87499)",TK.TEMOK,JL BLITAR RT 002 RW 004 KEL PATOMAN KEC PAGELARAN,SELASA GENAP,C051,188,+6281278851860,,2051030,Pagelaran Lampung,35676,35676,LAMPUNG,Z00,0,3006,5.0,2,69,77,01.02.2026,2025-05-22 00:00:00,90052197,90052435,0 ,0 ,0 ,08:00:00,0 ,0 ,0 ,0 ,0 ,0 ,0 ,0 ,-5.3784671,104.8898364,SELASA GENAP
YUDDY SYAHPUTRA,4250123,Weekly,"(-5.43045, 104.88231)",TK.MARSIATI,JL.SIDOMULYO TIMUR RT.1-5 KEL.SUKOREJO KEC.PARDASUKA,SENIN,C051,188,+6285956486145,,2051155,Babakan,35682,35682,LAMPUNG,Z00,0,3006,5.0,2,69,77,31.03.2026,2024-07-08 00:00:00,90052197,90052099,08:00:00,08:00:00,0 ,0 ,0 ,0 ,0 ,0 ,0 ,0 ,0 ,0 ,-5.434505,104.889917,KAMIS
YUDDY SYAHPUTRA,4250174,Genap,"(-5.43045, 104.88231)",TK.MISWANTORO,JL.TANJUNG AGUNG RT.3-2 KEL.TANJUNG AGUNG KEC.PUGUNG,SENIN GENAP,C051,188,085279001500,,2051058,Margomulyo,35675,35675,LAMPUNG,Z00,0,3006,5.0,2,69,77,28.01.2026,2024-02-01 00:00:00,90052197,90052435,0 ,08:00:00,0 ,0 ,0 ,0 ,0 ,0 ,0 ,0 ,0 ,0 ,-5.4322102,104.9058522,KAMIS GENAP
YUDDY SYAHPUTRA,4250191,Genap,"(-5.42748, 104.88151)",TK.MASROH,JL.WAY MANAK KEL.WAY MANAK KEC.PUGUNG,SENIN GENAP,C051,188,08127444977,,2051155,Babakan,35675,35675,LAMPUNG,Z00,0,3006,5.0,2,69,77,27.04.2026,2025-03-18 00:00:00,90052197,90052435,0 ,08:00:00,0 ,0 ,0 ,0 ,0 ,0 ,0 ,0 ,0 ,0 ,-5.425244,104.882145,SELASA GENAP
YUDDY SYAHPUTRA,430711,Genap,"(-5.34852, 104.87056)",WR.ADI BA JAYA,JL.BUMI AYU RT.1/1 NO.13 KEL.BUMI AYU KEC.PRINGSEWU,SABTU GENAP,C051,188,081267241995,,2051036,Pringsewu,35673,35673,LAMPUNG,Z00,0,3006,5.0,2,58,77,16.02.2026,2018-10-01 00:00:00,90052197,90052197,0 ,0 ,0 ,0 ,0 ,0 ,0 ,0 ,0 ,0 ,0 ,08:00:00,-5.347364,104.9380483,SENIN GENAP
YUDDY SYAHPUTRA,4322876,Genap,"(-5.34852, 104.87056)",WR.EDI,PASIR UKIR RT/RW 002/003 KEL.PASIR UKIR KEC.PAGELARAN,KAMIS GENAP,C051,188,085264285751,,2051030,Pagelaran Lampung,35376,35376,LAMPUNG,Z00,0,3006,5.0,2,69,77,01.02.2026,2023-11-17 00:00:00,90052197,90052197,0 ,0 ,0 ,0 ,0 ,0 ,0 ,08:00:00,0 ,0 ,0 ,0 ,-5.3496878,104.8930574,SENIN GENAP
YUDDY SYAHPUTRA,433245,Genap,"(-5.42773, 104.88229)",TK.APRIL,DSN.JATIMULYO RT.2-1 NO.5 KEL.WAY MANAK KEC.PUGUNG,SENIN GENAP,C051,188,081379611117,,2051155,Babakan,35675,35675,LAMPUNG,Z00,0,3006,5.0,2,69,77,27.04.2026,2024-07-08 00:00:00,90052197,90052435,0 ,08:00:00,0 ,0 ,0 ,0 ,0 ,0 ,0 ,0 ,0 ,0 ,-5.425393,104.883491,KAMIS GENAP
YUDDY SYAHPUTRA,434134,Weekly,"(-5.25893, 105.02571)",TK.RAFI,DSN.SUKOYOSO RT.4/2 NO.15 KEL.SUKOYOSO KEC.SUKOHARJO,SENIN,C051,188,085279782536,085279782586,2051223,Sukoharjo,35674,35674,LAMPUNG,Z00,0,3006,5.0,2,13,77,30.03.2026,2019-05-02 00:00:00,90052197,90052111,08:00:00,08:00:00,0 ,0 ,0 ,0 ,0 ,0 ,0 ,0 ,0 ,0 ,-5.2926317,104.9580083,SELASA
YUDDY SYAHPUTRA,4341387,Ganjil,"(-5.34852, 104.87056)",TK.ANI,JL.LETNAN SARBANI RT/RW 006/002 KEL.BANYUMAS KEC.BANYUMAS,SENIN GANJIL,C051,188,085838450455,,2051224,Banyumas,35673,35673,LAMPUNG,Z00,0,3006,5.0,2,69,77,11.01.2026,2023-11-20 00:00:00,90052197,90052197,08:00:00,0 ,0 ,0 ,0 ,0 ,0 ,0 ,0 ,0 ,0 ,0 ,-5.287903,104.9139072,RABU GANJIL
YUDDY SYAHPUTRA,434148,Weekly,"(-5.25893, 105.02571)",TK.ABAS/ERNA SUSANTI,JL.CILILIN RT.6/2 NO.239 KEL.BANDUN,RABU,C051,188,085664937805,081279265339,2051317,Bandung Baru,35674,35674,LAMPUNG,Z12,2000000,3006,1.0,2,58,77,11.03.2026,2019-07-23 00:00:00,90052197,90052111,0 ,0 ,0 ,0 ,08:00:00,08:00:00,0 ,0 ,0 ,0 ,0 ,0 ,-5.262944,104.977518,SELASA
YUDDY SYAHPUTRA,434694,Weekly,"(-5.38337, 104.87499)",TK.TONI (MBA NING),JL.GOTONG ROYONG RT.4/2 LK.V NO.19 KEL.PRINGSEWU BARAT,SELASA,C051,188,082377746644,082183851789,2051306,Fajaresuk,35673,35673,LAMPUNG,Z00,0,3006,5.0,2,14,77,27.04.2026,2019-11-13 00:00:00,90052197,90052040,0 ,0 ,08:00:00,08:00:00,0 ,0 ,0 ,0 ,0 ,0 ,0 ,0 ,-5.3651997,104.9396037,JUMAT
YUDDY SYAHPUTRA,4352136,Ganjil,"(-5.25893, 105.02571)",WR.WAK NURUL,JL.KERTASARI RT.3/2 KEL.SUKOHARJO KEC.SINAR BARU,JUMAT GANJIL,C051,188,085345027418,,2051224,Banyumas,35673,35673,LAMPUNG,Z00,0,3006,5.0,2,69,77,15.01.2026,2023-11-22 00:00:00,90052197,90052197,0 ,0 ,0 ,0 ,0 ,0 ,0 ,0 ,08:00:00,0 ,0 ,0 ,-5.3086575,104.9573436,SELASA GANJIL
YUDDY SYAHPUTRA,4352138,Genap,"(-5.37925, 104.87258)",WR.DINI,DSN.PANUTAN 1 RT.3/1 KEL.PANUTAN I KEC.PAGELARAN,KAMIS GENAP,C051,188,081271861866,,2051030,Pagelaran Lampung,35676,35676,LAMPUNG,Z00,0,3006,5.0,2,69,77,11.01.2026,2023-11-22 00:00:00,90052197,90052197,0 ,0 ,0 ,0 ,0 ,0 ,0 ,08:00:00,0 ,0 ,0 ,0 ,-5.36397,104.9032478,JUMAT GENAP
YUDDY SYAHPUTRA,4357306,Ganjil,"(-5.36909, 104.8586)",WR.ENDANG,DSN.RANTAU TIJANG RT.3/3 KEL.RANTAU TIJANG KEC.PUGUNG,RABU GANJIL,C051,188,082182864788,,2051036,Pringsewu,35675,35675,LAMPUNG,Z00,0,3006,5.0,2,69,77,27.04.2026,2023-11-23 00:00:00,90052197,90052197,0 ,0 ,0 ,0 ,08:00:00,0 ,0 ,0 ,0 ,0 ,0 ,0 ,-5.3689914,104.8585005,RABU GANJIL
YUDDY SYAHPUTRA,4357307,Ganjil,"(-5.36756, 104.86667)",WR.ROHANA,DSN.SUKARATU II RT.1/2 KEL.SUKA RATU KEC.PAGELARAN,RABU GANJIL,C051,188,082371514965,,2051030,Pagelaran Lampung,35676,35676,LAMPUNG,Z00,0,3006,5.0,2,14,77,27.04.2026,2023-11-23 00:00:00,90052197,90052197,0 ,0 ,0 ,0 ,08:00:00,0 ,0 ,0 ,0 ,0 ,0 ,0 ,-5.3687751,104.8725898,JUMAT GANJIL
YUDDY SYAHPUTRA,4377244,Genap,"(-5.34852, 104.87056)",WR.PAK GUDIE,DSN.BUMI RATU RT.1/3 KEL.BUMI RATU KEC.PAGELARAN,KAMIS GENAP,C051,188,082178736930,,2051030,Pagelaran Lampung,35676,35676,LAMPUNG,Z00,0,3006,5.0,2,14,77,27.11.2025,2023-11-27 00:00:00,90052197,90052197,0 ,0 ,0 ,0 ,0 ,0 ,0 ,08:00:00,0 ,0 ,0 ,0 ,-5.3569302,104.9234703,SENIN GENAP
YUDDY SYAHPUTRA,4377872,Genap,"(-5.34852, 104.87056)",SRC.ANI,DSN.PAJARESUK II RT.4/2 KEL.PAJARESUK KEC.PRINGSEWU,SABTU GENAP,C051,188,082380719475,,2051036,Pringsewu,35373,35373,LAMPUNG,Z00,0,3006,5.0,2,14,77,16.02.2026,2023-11-27 00:00:00,90052197,90052197,0 ,0 ,0 ,0 ,0 ,0 ,0 ,0 ,0 ,0 ,0 ,08:00:00,-5.354716,104.949326,SENIN GENAP
YUDDY SYAHPUTRA,4400491,Ganjil,"(-5.37925, 104.87258)",WR.NETI,DSN.PAGELARAN II RT.3/1 KEL-KEC.PAGELARAN,RABU GANJIL,C051,188,085896878214,,2051030,Pagelaran Lampung,35676,35676,LAMPUNG,Z00,0,3006,5.0,2,69,77,27.04.2026,2023-12-01 00:00:00,90052197,90052197,0 ,0 ,0 ,0 ,08:00:00,0 ,0 ,0 ,0 ,0 ,0 ,0 ,-5.3695756,104.884313,JUMAT GANJIL
YUDDY SYAHPUTRA,446528,Ganjil,"(-5.39576, 105.02377)",WR.IBU NINA,JL.BASID RT.1/6 NO.2 KEL.PRINGSEWU BARAT KEC.PRINGSEWU,SENIN GANJIL,C051,188,082175320636,,2051481,Gholib Pringsewu,35673,35673,LAMPUNG,Z00,0,3006,5.0,2,14,77,29.04.2026,2019-02-20 00:00:00,90052197,90051924,08:00:00,0 ,0 ,0 ,0 ,0 ,0 ,0 ,0 ,0 ,0 ,0 ,-5.346927,104.973783,SABTU GANJIL
YUDDY SYAHPUTRA,4473158,Ganjil,"(-5.39576, 105.02377)",TK.JOKO,DSN.PODOSASRI RT.1/2 KEL.PODOSARI KEC.PRINGSEWU,SABTU GANJIL,C051,188,+6282177384850,,2051036,Pringsewu,35673,35673,LAMPUNG,Z00,0,3006,5.0,2,69,77,21.02.2026,2023-12-30 00:00:00,90052197,90052197,0 ,0 ,0 ,0 ,0 ,0 ,0 ,0 ,0 ,0 ,08:00:00,0 ,-5.333581,104.9771624,SABTU GANJIL
YUDDY SYAHPUTRA,447945,Ganjil,"(-5.34979, 104.87012)",WR.INDRI,JL.PASIR UKIR RT.7/1 NO.14 KEL-KEC.PAGELARAN MASUK GAPURA,RABU GANJIL,C051,188,085709129226,,2051036,Pringsewu,35373,35373,LAMPUNG,Z00,0,3006,5.0,2,69,77,27.04.2026,2019-03-04 00:00:00,90052197,90052197,0 ,0 ,0 ,0 ,08:00:00,0 ,0 ,0 ,0 ,0 ,0 ,0 ,-5.358281,104.892968,JUMAT GANJIL
YUDDY SYAHPUTRA,448458,Ganjil,"(-5.39576, 105.02377)",WR.SUGIANTO,JL.SUKUR SOLEH RT.11 NO.14 KEL.PODOREJO KEC.PRINGSEWU,SABTU GANJIL,C051,188,085267408511,,2051036,Pringsewu,35673,35673,LAMPUNG,Z00,0,3006,5.0,2,69,77,11.01.2026,2019-03-06 00:00:00,90052197,90052197,0 ,0 ,0 ,0 ,0 ,0 ,0 ,0 ,0 ,0 ,08:00:00,0 ,-5.336851,104.97319,SABTU GANJIL
YUDDY SYAHPUTRA,4493649,Weekly,"(-5.39147, 104.87743)",TK.DANI,JL.TANJUNG PASAR ANOM JAYA RT.3-4 KEL.AMBARAWA KEC.PRINGSEWU,SELASA,C051,188,085272732367,,2051534,Tanjung Anom Ambaraw,35673,35673,LAMPUNG,Z00,0,3006,5.0,2,69,77,13.04.2026,2024-10-08 00:00:00,90052197,90051943,0 ,0 ,08:00:00,08:00:00,0 ,0 ,0 ,0 ,0 ,0 ,0 ,0 ,-5.393043,104.930373,JUMAT
YUDDY SYAHPUTRA,451092,Ganjil,"(-5.25893, 105.02571)",SRC.HARTINI,JL.WARINGIN SARI RT.3/1 NO.19 KEL-KEC.SUKAHARJO,SABTU GANJIL,C051,188,081377864577,,2051158,Rowo Rejo,35674,35674,LAMPUNG,Z00,0,3006,5.0,2,69,77,01.02.2026,2019-03-27 00:00:00,90052197,90052197,0 ,0 ,0 ,0 ,0 ,0 ,0 ,0 ,0 ,0 ,08:00:00,0 ,-5.2772252,104.9834465,SELASA GANJIL
YUDDY SYAHPUTRA,451094,Genap,"(-5.25893, 105.02571)",WR.SINAR BAUT,JL.WARINGIN SARI RT.1/1 NO.13 KEL-KEC.SUKOHARJO,SENIN GENAP,C051,188,082854098656,,2051036,Pringsewu,35674,35674,LAMPUNG,Z12,2000000,3006,1.0,2,14,77,11.03.2026,2019-03-27 00:00:00,90052197,90052197,0 ,08:00:00,0 ,0 ,0 ,0 ,0 ,0 ,0 ,0 ,0 ,0 ,-5.269155,104.98292,SELASA GENAP
YUDDY SYAHPUTRA,451118,Genap,"(-5.39147, 104.87743)",WR.SUPRIYADI,DSN.PAGER SARI RT.1/3 NO.3 KEL.FAJAR AGUNG BARAT,KAMIS GENAP,C051,188,082372293846,,2051036,Pringsewu,35673,35673,LAMPUNG,Z00,0,3006,5.0,2,69,77,11.01.2026,2019-03-27 00:00:00,90052197,90052197,0 ,0 ,0 ,0 ,0 ,0 ,0 ,08:00:00,0 ,0 ,0 ,0 ,-5.3704817,104.93444,SENIN GENAP
YUDDY SYAHPUTRA,4515947,Genap,"(-5.39147, 104.87743)",TK.KHASANAH,JL.KEPUNDEN RT.4/1 KEL.PRINGSEWU UTARA KEC.PRINGSEWU,JUMAT GENAP,C051,188,085809511802,,2051036,Pringsewu,35376,35376,LAMPUNG,Z00,0,3006,5.0,2,69,77,11.01.2026,2024-01-16 00:00:00,90052197,90052197,0 ,0 ,0 ,0 ,0 ,0 ,0 ,0 ,0 ,08:00:00,0 ,0 ,-5.3823949,104.9183134,SENIN GENAP
YUDDY SYAHPUTRA,4515949,Genap,"(-5.39147, 104.87743)",WR.YANTO,DSN.KARANG TENGAH RT.1/4 KEL.KARANG SARI KEC.PAGELARAN,JUMAT GENAP,C051,188,081279340278,,2051036,Pringsewu,35376,35376,LAMPUNG,Z00,0,3006,5.0,2,58,77,09.01.2026,2024-01-16 00:00:00,90052197,90052197,0 ,0 ,0 ,0 ,0 ,0 ,0 ,0 ,0 ,08:00:00,0 ,0 ,-5.3820858,104.9236044,SENIN GENAP
YUDDY SYAHPUTRA,4524826,Ganjil,"(-5.34852, 104.87056)",WR ASIYAH,DSN.NGADIREJO RT.16/5 KEL.LUGUSARI KEC.PAGELARAN,KAMIS GANJIL,C051,188,081379565877,,2051030,Pagelaran Lampung,35376,35376,LAMPUNG,Z00,0,3006,5.0,2,42,77,30.03.2026,2024-01-19 00:00:00,90052197,90052197,0 ,0 ,0 ,0 ,0 ,0 ,08:00:00,0 ,0 ,0 ,0 ,0 ,-5.3508689,104.8836616,RABU GANJIL
YUDDY SYAHPUTRA,4546109,Ganjil,"(-5.35765, 104.85082)",SRC.DJAMALI,DSN.WAY JAHA RT.2/1 KEL.WAY JAHA KEC.PUGUNG,KAMIS GANJIL,C051,188,082280027479,,2051030,Pagelaran Lampung,35675,35675,LAMPUNG,Z12,2000000,3006,1.0,2,14,77,02.04.2026,2024-01-26 00:00:00,90052197,90052197,0 ,0 ,0 ,0 ,0 ,0 ,08:00:00,0 ,0 ,0 ,0 ,0 ,-5.3574744,104.8507607,RABU GANJIL
YUDDY SYAHPUTRA,457100,Genap,"(-5.25893, 105.02571)",TK.SYNERGY,JL.RY.BANDUNG BARU RT.17-6 NO.105 K,SENIN GENAP,C051,188,082311082131,081278584674,2051317,Bandung Baru,34174,34174,LAMPUNG,Z00,0,3006,5.0,2,14,77,01.02.2026,2020-05-30 00:00:00,90052197,90051785,0 ,08:00:00,0 ,0 ,0 ,0 ,0 ,0 ,0 ,0 ,0 ,0 ,-5.2610517,104.9858967,SELASA GENAP
YUDDY SYAHPUTRA,459294,Genap,"(-5.39147, 104.87743)",WR.TRIYONO,DSN.KARANG TENGAH RT.2/4 NO.91 KEL.KARANG SARI,JUMAT GENAP,C051,188,081369395982,,2051036,Pringsewu,35676,35676,LAMPUNG,Z12,2446925,3006,1.0,2,69,77,11.01.2026,2019-07-10 00:00:00,90052197,90052197,0 ,0 ,0 ,0 ,0 ,0 ,0 ,0 ,0 ,08:00:00,0 ,0 ,-5.3846517,104.92649,SENIN GENAP
YUDDY SYAHPUTRA,462978,Genap,"(-5.25893, 105.02571)",WR.PAK TEGO,JL.WARINGIN SARI RT.4/7 NO.46 KEL.BANDUNG BARU KEC.ADILUWIH,SENIN GENAP,C051,188,085269864066,,2051123,Adiluwi,35674,35674,LAMPUNG,Z00,0,3006,5.0,2,42,77,30.03.2026,2019-08-15 00:00:00,90052197,90052197,0 ,08:00:00,0 ,0 ,0 ,0 ,0 ,0 ,0 ,0 ,0 ,0 ,-5.26191,104.984452,SELASA GENAP
YUDDY SYAHPUTRA,466211,Ganjil,"(-5.27201, 105.03554)",WR.KHALISA,JL.PUJOJATMIKO RT.1/1 NO.6 KEL-KEC.SUKOHARJO,JUMAT GANJIL,C051,188,082279529115,,2051036,Pringsewu,35674,35674,LAMPUNG,Z12,2085599,3006,1.0,2,69,77,11.03.2026,2019-09-12 00:00:00,90052197,90052197,0 ,0 ,0 ,0 ,0 ,0 ,0 ,0 ,08:00:00,0 ,0 ,0 ,-5.321479,104.976719,RABU GANJIL
YUDDY SYAHPUTRA,466214,Genap,"(-5.34852, 104.87056)",DONA CELL,DSN.BUMI RATU RT.2/2 NO.19 KEL.BUMI RATU KEC.PAGELARAN,KAMIS GENAP,C051,188,+6285279686545,,2051030,Pagelaran Lampung,35676,35676,LAMPUNG,Z00,0,3006,5.0,2,14,77,29.01.2026,2019-09-12 00:00:00,90052197,90052197,0 ,0 ,0 ,0 ,0 ,0 ,0 ,08:00:00,0 ,0 ,0 ,0 ,-5.3582418,104.9188132,SENIN GENAP
YUDDY SYAHPUTRA,469460,Weekly,"(-5.38921, 104.811)",TK FIRDAUS,JL H SULAIMAN RT 002 RW 003 NO 2 KEL SUMANDA KEC PUGUNG,SELASA,C051,188,085279702627,085266232340,2051536,Tugu Lumba-Lumba,35374,35374,LAMPUNG,Z00,0,3006,5.0,2,13,77,27.04.2026,2025-08-26 00:00:00,90052197,90052099,0 ,0 ,08:00:00,08:00:00,0 ,0 ,0 ,0 ,0 ,0 ,0 ,0 ,-5.389374,104.8112,SABTU
YUDDY SYAHPUTRA,469836,Genap,"(-5.25893, 105.02571)",WR.YOHANROSA,DSN.BANDUNG BARU RT.1/1 NO.37 KEL.BANDUNG BARU KEC.ADILUWIH,SENIN GENAP,C051,188,082281616995,,2051019,Kali Rejo,35674,35674,LAMPUNG,Z00,0,3006,5.0,2,14,77,01.02.2026,2019-10-07 00:00:00,90052197,90052197,0 ,08:00:00,0 ,0 ,0 ,0 ,0 ,0 ,0 ,0 ,0 ,0 ,-5.2639106,104.9821521,SELASA GENAP
YUDDY SYAHPUTRA,475575,Ganjil,"(-5.34852, 104.87056)",TK.LUFI,DSN.SINAR KULTUM RT.1/2 NO.9 KEL.SINARBARU KEC.SUKOHARJO,SENIN GANJIL,C051,188,085760144397,,2051224,Banyumas,35374,35374,LAMPUNG,Z12,2000000,3006,1.0,2,69,77,11.01.2026,2019-11-15 00:00:00,90052197,90052197,08:00:00,0 ,0 ,0 ,0 ,0 ,0 ,0 ,0 ,0 ,0 ,0 ,-5.29637,104.9368733,RABU GANJIL
YUDDY SYAHPUTRA,478291,Ganjil,"(-5.34852, 104.87056)",TK.MAISYA,DS.SRIRAHAYU RT.1/1 NO.5 KEL.SRIRAHAYU KEC.BANYUMAS,SENIN GANJIL,C051,188,082372066086,,2051224,Banyumas,35371,35371,LAMPUNG,Z12,3511626,3006,1.0,2,58,77,30.03.2026,2019-12-04 00:00:00,90052197,90052197,08:00:00,0 ,0 ,0 ,0 ,0 ,0 ,0 ,0 ,0 ,0 ,0 ,-5.273655,104.9225017,RABU GANJIL
YUDDY SYAHPUTRA,480565,Genap,"(-5.39576, 105.02377)",WR.RAFI,JL.KH.GHOLIB RT.1/2 NO.29 GG.SAKTI RAYA KEL.PRINGSEWU BARAT,SENIN GENAP,C051,188,085367515124,,2051306,Fajaresuk,35673,35673,LAMPUNG,Z00,0,3006,5.0,2,14,77,29.04.2026,2022-10-31 00:00:00,90052197,90051924,0 ,08:00:00,0 ,0 ,0 ,0 ,0 ,0 ,0 ,0 ,0 ,0 ,-5.352309,104.974225,SABTU GENAP
YUDDY SYAHPUTRA,482145,Ganjil,"(-5.34852, 104.87056)",TK.NURHAYATI,JL.SUKAMULYA RT.8/2 NO.6 KEL.SUKAMULYA KEC.BANYUMAS,SENIN GANJIL,C051,188,081271869011,085758279219,2051224,Banyumas,35374,35374,LAMPUNG,Z00,0,3006,5.0,2,14,77,29.04.2026,2019-12-23 00:00:00,90052197,90052197,08:00:00,0 ,0 ,0 ,0 ,0 ,0 ,0 ,0 ,0 ,0 ,0 ,-5.291958,104.9295682,RABU GANJIL
YUDDY SYAHPUTRA,482146,Ganjil,"(-5.34505, 104.86494)",TK.PARJO,DSN.BANYUWANGI RT.5/2 NO.12 KEL.BANYUWANGI KEC.BANYUMAS,SENIN GANJIL,C051,188,081271170005,,2051224,Banyumas,35674,35674,LAMPUNG,Z00,0,3006,5.0,2,69,77,29.04.2026,2019-12-23 00:00:00,90052197,90052197,08:00:00,0 ,0 ,0 ,0 ,0 ,0 ,0 ,0 ,0 ,0 ,0 ,-5.274562,104.900022,KAMIS GANJIL
YUDDY SYAHPUTRA,486193,Weekly,"(-5.34852, 104.87056)",WR.BU MURNI,DSN.BUMI ARUM RT.2/2 NO.14 KEL.BUMI,RABU,C051,188,085383839530,085369560370,2051481,Gholib Pringsewu,35673,35373,LAMPUNG,Z00,0,3006,5.0,2,69,77,13.04.2026,2020-01-18 00:00:00,90052197,90051943,0 ,0 ,0 ,0 ,08:00:00,08:00:00,0 ,0 ,0 ,0 ,0 ,0 ,-5.3402814,104.9523057,JUMAT
YUDDY SYAHPUTRA,487567,Genap,,SRC SUMARNI,JL.KEJABIT RT.2-8 NO.145 DSN.SALAHU,SELASA GENAP,C051,188,081366413025,,2051489,Negeri Sakti,35372,35372,LAMPUNG,Z00,0,3006,5.0,2,42,77,28.01.2026,2025-02-03 00:00:00,90052197,90052197,0 ,0 ,0 ,08:00:00,0 ,0 ,0 ,0 ,0 ,0 ,0 ,0 ,,,SELASA GENAP
YUDDY SYAHPUTRA,496462,Ganjil,"(-5.25893, 105.02571)",SRC.NABILAANDI,JL.WARINGINSARI BARAT RT.4/2 NO.61 KEL.WARINGINSARI BARAT,SELASA GANJIL,C051,188,085269437472,,2051317,Bandung Baru,35674,35674,LAMPUNG,Z12,2000000,3006,1.0,2,14,77,29.04.2026,2020-02-24 00:00:00,90052197,90051815,0 ,0 ,08:00:00,0 ,0 ,0 ,0 ,0 ,0 ,0 ,0 ,0 ,-5.2796867,104.9778317,SELASA GANJIL
YUDDY SYAHPUTRA,501213,Ganjil,"(-5.32463, 104.83861)",KUSUMA CELL,JL.MARGOSARI III RT.8/3 NO.17 KEL.MARGOSARI,SENIN GANJIL,C051,188,085268312437,,2051224,Banyumas,35676,35676,LAMPUNG,Z00,0,3006,5.0,2,58,77,01.02.2026,2020-03-10 00:00:00,90052197,90052197,08:00:00,0 ,0 ,0 ,0 ,0 ,0 ,0 ,0 ,0 ,0 ,0 ,-5.2700811,104.8843862,KAMIS GANJIL
YUDDY SYAHPUTRA,501329,Ganjil,"(-5.25893, 105.02571)",WR.TURMINI,JL.SRI GADING RT.1/8 NO.54 KEL.SUKOHARJO III BARAT,JUMAT GANJIL,C051,188,085357562414,,2051019,Kali Rejo,35674,35674,LAMPUNG,Z00,0,3006,5.0,2,69,77,11.01.2026,2020-03-10 00:00:00,90052197,90052197,0 ,0 ,0 ,0 ,0 ,0 ,0 ,0 ,08:00:00,0 ,0 ,0 ,-5.3027467,104.9771317,SELASA GANJIL
YUDDY SYAHPUTRA,511976,Genap,"(-5.4365, 104.96428)",WR.REZA,JL.AMBARAWA RT.3 NO.41 KEL.TANJUNG ANOM KEC.AMBARAWA,JUMAT GENAP,C051,188,085783308716,,2051002,Ambarawa,35673,35673,LAMPUNG,Z12,2745521,3006,1.0,2,69,77,11.01.2026,2020-04-03 00:00:00,90052197,90052197,0 ,0 ,0 ,0 ,0 ,0 ,0 ,0 ,0 ,08:00:00,0 ,0 ,-5.405577,104.929033,RABU GENAP
YUDDY SYAHPUTRA,512714,Genap,"(-5.43323, 104.9669)",WR.BU LINA,JL.MERPATI RT.1/4 NO.7 KEL.PAJARESUK KEC.PRINGSEWU,SABTU GENAP,C051,188,085382053176,,2051036,Pringsewu,35673,35673,LAMPUNG,Z00,0,3006,5.0,2,14,77,16.02.2026,2020-04-06 00:00:00,90052197,90052197,0 ,0 ,0 ,0 ,0 ,0 ,0 ,0 ,0 ,0 ,0 ,08:00:00,-5.3605767,104.9498967,RABU GENAP
YUDDY SYAHPUTRA,512886,Genap,"(-5.39576, 105.02377)",SALON TUTI,JL.KEJAKSAAN RT.3 NO.9 KEL.PRINGSEWU BARAT KEC.PRINGSEWU,SABTU GENAP,C051,188,082184431373,,2051036,Pringsewu,35673,35673,LAMPUNG,Z00,0,3006,5.0,2,69,77,16.02.2026,2020-04-06 00:00:00,90052197,90052197,0 ,0 ,0 ,0 ,0 ,0 ,0 ,0 ,0 ,0 ,0 ,08:00:00,-5.3508583,104.9667467,SABTU GENAP
YUDDY SYAHPUTRA,5175060,Genap,"(-5.38337, 104.87499)",TK.RIRIN,"GUMUK REJO 1 KEL.GUMUK REJO KEC,PAGELARAN",KAMIS GENAP,C051,188,087881574964,,2051482,Pasir Ukir,35675,35675,LAMPUNG,Z00,0,3006,5.0,2,69,77,11.01.2026,2024-08-02 00:00:00,90052197,90052197,0 ,0 ,0 ,0 ,0 ,0 ,0 ,08:00:00,0 ,0 ,0 ,0 ,-5.369488,104.920085,JUMAT GENAP
YUDDY SYAHPUTRA,5207002,Genap,"(-5.38337, 104.87499)",TK.ATHARRAZKA,JL.GANG ASEM RT/RW 010/001 KEL.GUMUK REJO KEC.PAGELARAN,KAMIS GENAP,C051,188,081539253126,,2051482,Pasir Ukir,35675,35675,LAMPUNG,Z00,0,3006,5.0,2,69,77,11.01.2026,2024-08-15 00:00:00,90052197,90052197,0 ,0 ,0 ,0 ,0 ,0 ,0 ,08:00:00,0 ,0 ,0 ,0 ,-5.369919,104.920883,JUMAT GENAP
YUDDY SYAHPUTRA,5207003,Genap,"(-5.38337, 104.87499)",TK.ANAS,JL.JATI UKIR RT/RW 003/001  KEL.GUMUK REJO KEC.PAGELARAN,KAMIS GENAP,C051,188,085865651825,,2051482,Pasir Ukir,35675,35675,LAMPUNG,Z00,0,3006,5.0,2,69,77,11.01.2026,2024-08-15 00:00:00,90052197,90052197,0 ,0 ,0 ,0 ,0 ,0 ,0 ,08:00:00,0 ,0 ,0 ,0 ,-5.368821,104.921622,JUMAT GENAP
YUDDY SYAHPUTRA,5243439,Ganjil,"(-5.25893, 105.02571)",WR.LINDA,JL.DUSUN DADIREJO RT/RW 012/004 KEL.WARINGIN SARI KEC.ADILUW,JUMAT GANJIL,C051,188,085268831002,,2051036,Pringsewu,35674,35674,LAMPUNG,Z00,0,3006,5.0,2,69,77,01.02.2026,2024-09-02 00:00:00,90052197,90052197,0 ,0 ,0 ,0 ,0 ,0 ,0 ,0 ,08:00:00,0 ,0 ,0 ,-5.262727,105.014571,SELASA GANJIL
YUDDY SYAHPUTRA,526951,Weekly,"(-5.38337, 104.87499)",SRC.AULIA,JL.PAGAR SARI RT.1/3 NO.10 KEL.FAJAR AGUNG KEC.PAGELARAN,JUMAT,C051,188,085267388732,085378723861,2051306,Fajaresuk,35373,35373,LAMPUNG,Z00,0,3006,5.0,2,58,77,11.01.2026,2021-02-04 00:00:00,90052197,90051943,0 ,0 ,0 ,0 ,0 ,0 ,0 ,0 ,08:00:00,08:00:00,0 ,0 ,-5.3691456,104.9341841,JUMAT
YUDDY SYAHPUTRA,528222,Weekly,"(-5.38337, 104.87499)",TK.WILDAN,JL.MAN FAJAR AGUNG BARAT RT.1-2 KEL.KARANG SARI,SELASA,C051,188,085273199861,,2051306,Fajaresuk,35373,35373,LAMPUNG,Z00,0,3006,5.0,2,69,77,16.02.2026,2024-08-05 00:00:00,90052197,90052040,0 ,0 ,08:00:00,08:00:00,0 ,0 ,0 ,0 ,0 ,0 ,0 ,0 ,-5.366713,104.942007,JUMAT
YUDDY SYAHPUTRA,5298347,Genap,"(-5.38337, 104.87499)",WR.IKSAN CELL,JL.PEKON GUMUK MAS KEL.GUMUK MAS KEC.PAGELARAN,KAMIS GENAP,C051,188,+6282372624750,,2051030,Pagelaran Lampung,35372,35372,LAMPUNG,Z00,0,3006,5.0,2,69,77,29.01.2026,2024-10-11 00:00:00,90052197,90052197,0 ,0 ,0 ,0 ,0 ,0 ,0 ,08:00:00,0 ,0 ,0 ,0 ,-5.363984,104.908563,JUMAT GENAP
YUDDY SYAHPUTRA,5321411,Genap,"(-5.43045, 104.88231)",JULY CELL,JL.LETNAN SARBINI SIDOMULYO TIMUR KEL.SUKOHARJO KEC.PARDASUK,RABU GENAP,C051,188,082282975494,,2051155,Babakan,35371,35371,LAMPUNG,Z00,0,3006,5.0,2,69,77,27.04.2026,2024-10-28 00:00:00,90052197,90052197,0 ,0 ,0 ,0 ,0 ,08:00:00,0 ,0 ,0 ,0 ,0 ,0 ,-5.4329732,104.8895404,KAMIS GENAP
YUDDY SYAHPUTRA,5337258,Genap,"(-5.4365, 104.96428)",FRESH MART,JL.DJOYODIJO KEL.SUMBER AGUNG KEC.AMBARAWA,SELASA GENAP,C051,188,087818704457,,2051058,Margomulyo,34182,34182,LAMPUNG,Z00,0,3006,5.0,2,69,77,27.04.2026,2024-11-08 00:00:00,90052197,90052197,0 ,0 ,0 ,08:00:00,0 ,0 ,0 ,0 ,0 ,0 ,0 ,0 ,-5.414246,104.938125,RABU GENAP
YUDDY SYAHPUTRA,5337260,Genap,"(-5.40885, 104.87486)",WR.HAFIZ,JL.PS KOTA BABAKANKEL.GUNUNG TIGA KEC.PUGUNG,RABU GENAP,C051,188,082181492984,,2051155,Babakan,35371,35371,LAMPUNG,Z00,0,3006,5.0,2,69,77,27.04.2026,2024-11-08 00:00:00,90052197,90052197,0 ,0 ,0 ,0 ,0 ,08:00:00,0 ,0 ,0 ,0 ,0 ,0 ,-5.41304,104.880652,SENIN GENAP
YUDDY SYAHPUTRA,5337261,Genap,"(-5.43045, 104.8819)",WR.BU FENI,JL.RADEN INTAN KEL.TANJUNG AGUNG KEC.PUGUNG,RABU GENAP,C051,188,082180911460,,2051155,Babakan,35371,35371,LAMPUNG,Z00,0,3006,5.0,2,69,77,27.04.2026,2024-11-08 00:00:00,90052197,90052197,0 ,0 ,0 ,0 ,0 ,08:00:00,0 ,0 ,0 ,0 ,0 ,0 ,-5.4304689,104.8818904,KAMIS GENAP
YUDDY SYAHPUTRA,5429946,Ganjil,"(-5.25893, 105.02571)",TK.SINAR GROSIR,JL.SINAR BARU TIMUR KEL.SINAR BARU TIMUR KEC.SUKOHARJO,JUMAT GANJIL,C051,188,082113067687,,2051224,Banyumas,35673,35673,LAMPUNG,Z00,0,3006,5.0,2,69,77,11.01.2026,2025-01-02 00:00:00,90052197,90052197,0 ,0 ,0 ,0 ,0 ,0 ,0 ,0 ,08:00:00,0 ,0 ,0 ,-5.30335,104.949996,SELASA GANJIL
YUDDY SYAHPUTRA,5442822,Ganjil,"(-5.3569, 104.85149)",BRI LINK NANDA,DSN WAY JAHA  KEL.WAY JAHA KEC.PUGUNG,KAMIS GANJIL,C051,188,+6282282982844,,2051030,Pagelaran Lampung,35675,35675,LAMPUNG,Z00,0,3006,5.0,2,69,77,16.04.2026,2025-01-09 00:00:00,90052197,90052197,0 ,0 ,0 ,0 ,0 ,0 ,08:00:00,0 ,0 ,0 ,0 ,0 ,-5.356666,104.851398,RABU GANJIL
YUDDY SYAHPUTRA,5468459,Ganjil,"(-5.39147, 104.87743)",WR.NETA,JL.PEKON SIDODADI KEL.SIDODADI KEC.PAGELARAN,RABU GANJIL,C051,188,0895611181569,,2051030,Pagelaran Lampung,35675,35675,LAMPUNG,Z00,0,3006,5.0,2,14,77,23.01.2026,2025-01-22 00:00:00,90052197,90052197,0 ,0 ,0 ,0 ,08:00:00,0 ,0 ,0 ,0 ,0 ,0 ,0 ,-5.38473,104.887028,JUMAT GANJIL
YUDDY SYAHPUTRA,5468465,Genap,"(-5.48168, 104.93395)",WR.INTAN,DSN SINAR GUNUNG KEL.TANJUNG RUSIA KEC.PARDASUKA,SELASA GENAP,C051,188,+6283890373875,,2051053,Padasuka,35682,35682,LAMPUNG,Z00,0,3006,5.0,2,69,77,27.04.2026,2025-01-22 00:00:00,90052197,90052197,0 ,0 ,0 ,08:00:00,0 ,0 ,0 ,0 ,0 ,0 ,0 ,0 ,-5.4801177,104.9235246,RABU GENAP
YUDDY SYAHPUTRA,5492332,Ganjil,,JASMIN FROZEN,JL.PADANG CERMIN KEDONDONG KEL.PASAR BARU KEC.KEDONDONG,RABU GANJIL,C051,188,081214325515,,2051016,Kedondong,35368,35368,LAMPUNG,Z00,0,3006,5.0,2,42,77,25.02.2025,2025-02-04 00:00:00,90052197,90052197,0 ,0 ,0 ,0 ,08:00:00,0 ,0 ,0 ,0 ,0 ,0 ,0 ,,,RABU GANJIL
YUDDY SYAHPUTRA,5492334,Ganjil,,WR.NURLIAH,JL.TRITURA  KEL.KEDONDONG KEC.KEDONDONG,RABU GANJIL,C051,188,087866764949,,2051016,Kedondong,35368,35368,LAMPUNG,Z00,0,3006,5.0,2,42,77,25.02.2025,2025-02-04 00:00:00,90052197,90052197,0 ,0 ,0 ,0 ,08:00:00,0 ,0 ,0 ,0 ,0 ,0 ,0 ,,,RABU GANJIL
YUDDY SYAHPUTRA,5497459,Genap,,WR.MBA ANA,JL.AHMAD YANI SUKARAJA VI KEL.SUKARAJA KEC.GEDONG TATAAN,SABTU GENAP,C051,188,081273534578,,2051156,Gedong Tata'an,35366,35366,LAMPUNG,Z00,0,3006,5.0,2,42,77,25.02.2025,2025-02-07 00:00:00,90052197,90052197,0 ,0 ,0 ,0 ,0 ,0 ,0 ,0 ,0 ,0 ,0 ,08:00:00,,,SABTU GENAP
YUDDY SYAHPUTRA,5506356,Ganjil,"(-5.39421, 104.864)",TK.REZA GEMOY,DSN HILIAN BAJI RT/RW 000/000 KEL.TANJUNG KEMALA KEC.PUGUNG,RABU GANJIL,C051,188,083162814889,,2051155,Babakan,35686,35686,LAMPUNG,Z00,0,3006,5.0,2,69,77,29.04.2026,2025-02-12 00:00:00,90052197,90052197,0 ,0 ,0 ,0 ,08:00:00,0 ,0 ,0 ,0 ,0 ,0 ,0 ,-5.394316,104.8640993,KAMIS GANJIL
YUDDY SYAHPUTRA,5506361,Ganjil,,WR.BU DEWI,DSN SUGIH WARAS RT/RW 011/005 KEL.WAY LIMA KEC.GEDONGTATAAN,RABU GANJIL,C051,188,08286243671,,2051016,Kedondong,35381,35381,LAMPUNG,Z00,0,3006,5.0,2,42,77,25.02.2025,2025-02-12 00:00:00,90052197,90052197,0 ,0 ,0 ,0 ,08:00:00,0 ,0 ,0 ,0 ,0 ,0 ,0 ,,,RABU GANJIL
YUDDY SYAHPUTRA,5506509,Genap,"(-5.42735, 104.87999)",BAKSO KOKOM,DSN JATIMULYO 2 RT/RW 001/002 KEL.WAY MANAK KEC.PUGUNG,RABU GENAP,C051,188,+6282124833363,,2051155,Babakan,35381,35381,LAMPUNG,Z00,0,3006,5.0,2,69,77,27.04.2026,2025-02-12 00:00:00,90052197,90052197,0 ,0 ,0 ,0 ,0 ,08:00:00,0 ,0 ,0 ,0 ,0 ,0 ,-5.423485,104.880471,KAMIS GENAP
YUDDY SYAHPUTRA,5506510,Genap,"(-5.45094, 104.86691)",WR.ALFAN,DSN BANJAR HARAPAN RT/RW 007/007 KEL.SUKA AGUNG KEC.PUGUNG,RABU GENAP,C051,188,085378907178,,2051155,Babakan,35381,35381,LAMPUNG,Z00,0,3006,5.0,2,58,77,27.04.2026,2025-02-12 00:00:00,90052197,90052197,0 ,0 ,0 ,0 ,0 ,08:00:00,0 ,0 ,0 ,0 ,0 ,0 ,-5.4491227,104.8708333,KAMIS GENAP
YUDDY SYAHPUTRA,5531703,Genap,"(-5.45197, 104.86556)",TK.DINA,JL.RAYA GUKAMARA KEL.TANJUNG SARI KEC.BULOK,RABU GENAP,C051,188,085604244634,,2051155,Babakan,35152,35152,LAMPUNG,Z00,0,3006,5.0,2,69,77,01.02.2026,2025-02-26 00:00:00,90052197,90052197,0 ,0 ,0 ,0 ,0 ,08:00:00,0 ,0 ,0 ,0 ,0 ,0 ,-5.4707644,104.8795659,KAMIS GENAP
YUDDY SYAHPUTRA,5533223,Ganjil,"(-5.34852, 104.87056)",TK.LENI,JL.PEJAJARAN SILIWANGI KEL.SUKAMULYA KEC.BANYUMAS,SENIN GANJIL,C051,188,081997228322,,2051224,Banyumas,35373,35373,LAMPUNG,Z00,0,3006,5.0,2,69,77,11.01.2026,2025-02-27 00:00:00,90052197,90052197,08:00:00,0 ,0 ,0 ,0 ,0 ,0 ,0 ,0 ,0 ,0 ,0 ,-5.2901422,104.9296303,RABU GANJIL
YUDDY SYAHPUTRA,5534932,Genap,"(-5.45197, 104.86556)",TK.DIMAS,DESA SUKANEGARA KEL.SUKANEGARA KEC.BULOK,RABU GENAP,C051,188,082379009009,,2051532,Pasar Bulok,35158,35158,LAMPUNG,Z00,0,3006,5.0,2,69,77,01.02.2026,2025-02-28 00:00:00,90052197,90052197,0 ,0 ,0 ,0 ,0 ,08:00:00,0 ,0 ,0 ,0 ,0 ,0 ,-5.478964,104.8859881,KAMIS GENAP
YUDDY SYAHPUTRA,5545375,Genap,"(-5.45332, 104.86363)",TK.FATIMAH,JL.PRAMUKA KEL.GUNUNG TERANG KEC.BULOK,SELASA GENAP,C051,188,085213108593,,2051532,Pasar Bulok,35682,35682,LAMPUNG,Z00,0,3006,5.0,2,58,77,27.04.2026,2025-03-11 00:00:00,90052197,90052197,0 ,0 ,0 ,08:00:00,0 ,0 ,0 ,0 ,0 ,0 ,0 ,0 ,-5.4900371,104.8876561,KAMIS GENAP
YUDDY SYAHPUTRA,5553302,Genap,"(-5.43063, 104.87574)",WR.IBU RODIAH,DESA SINDANG SARI KEL.TANJUNG AGUNG KEC.PUGUNG,RABU GENAP,C051,188,081272793018,,2051155,Babakan,35675,35675,LAMPUNG,Z00,0,3006,5.0,2,69,77,27.04.2026,2025-03-18 00:00:00,90052197,90052197,0 ,0 ,0 ,0 ,0 ,08:00:00,0 ,0 ,0 ,0 ,0 ,0 ,-5.430579,104.875696,KAMIS GENAP
YUDDY SYAHPUTRA,5555896,Genap,"(-5.25069, 105.02531)",LINTANG MART,JL.JENDRAL SUDIRMAN KEL/KALIREJO KEC.KALIREJO,SENIN GENAP,C051,188,081368289495,,2051019,Kali Rejo,34174,34174,LAMPUNG,Z00,0,3006,5.0,2,69,77,11.01.2026,2025-03-24 00:00:00,90052197,90052197,0 ,08:00:00,0 ,0 ,0 ,0 ,0 ,0 ,0 ,0 ,0 ,0 ,-5.237596,104.9601287,SELASA GENAP
YUDDY SYAHPUTRA,5555898,Genap,"(-5.25069, 105.02531)",TK.PAK SIMAN,DUSUN III KEL.KALIREJO KEC.KALIREJO,SENIN GENAP,C051,188,082373556118,,2051019,Kali Rejo,34174,34174,LAMPUNG,Z00,0,3006,5.0,2,69,77,11.01.2026,2025-03-24 00:00:00,90052197,90052197,0 ,08:00:00,0 ,0 ,0 ,0 ,0 ,0 ,0 ,0 ,0 ,0 ,-5.2352699,104.9589868,SELASA GENAP
YUDDY SYAHPUTRA,5555899,Genap,"(-5.25069, 105.02531)",WR.KANZA,DUSUN I  KEL.KALIDADI  KEC KALIREJO,SENIN GENAP,C051,188,+6285764036612,,2051019,Kali Rejo,34174,34174,LAMPUNG,Z00,0,3006,5.0,2,14,77,09.03.2026,2025-03-24 00:00:00,90052197,90052197,0 ,08:00:00,0 ,0 ,0 ,0 ,0 ,0 ,0 ,0 ,0 ,0 ,-5.211291,104.92283,SELASA GENAP
YUDDY SYAHPUTRA,5557021,Ganjil,"(-5.3535, 104.83567)",WR.NAJLA,JL.LINTAS BARAT SUMATERA KEL.BANJAR AGUNG ILIR KEC.PUGUNG,KAMIS GANJIL,C051,188,081993125879,,2051030,Pagelaran Lampung,35675,35675,LAMPUNG,Z00,0,3006,5.0,2,69,77,11.01.2026,2025-03-27 00:00:00,90052197,90052197,0 ,0 ,0 ,0 ,0 ,0 ,08:00:00,0 ,0 ,0 ,0 ,0 ,-5.3536738,104.8356273,KAMIS GANJIL
YUDDY SYAHPUTRA,5562823,Genap,"(-5.23034, 105.03126)",TK.TEGUH,JL.RAYA SRIDADI DSN V KEL.SRIDADI KEC.KALIREJO,SENIN GENAP,C051,188,08124545438,,2051019,Kali Rejo,34172,34172,LAMPUNG,Z00,0,3006,5.0,2,14,77,23.01.2026,2025-04-14 00:00:00,90052197,90052197,0 ,08:00:00,0 ,0 ,0 ,0 ,0 ,0 ,0 ,0 ,0 ,0 ,-5.204809,104.962405,SELASA GENAP
YUDDY SYAHPUTRA,5578243,Ganjil,"(-5.33713, 104.83746)",TK SIFA,JL RAYA SIMPANG TANGKIT RT/RW 001/004,KAMIS GANJIL,C051,188,085839777220,,2051315,Pugung Tanggamus,35673,35673,LAMPUNG,Z00,0,3006,5.0,2,58,77,11.01.2026,2025-05-22 00:00:00,90052197,90052197,0 ,0 ,0 ,0 ,0 ,0 ,08:00:00,0 ,0 ,0 ,0 ,0 ,-5.337171,104.83762,KAMIS GANJIL
YUDDY SYAHPUTRA,5580149,Genap,"(-5.34852, 104.87056)",WR LARAS,DSN BUMIRATU RT/RW 001/002,KAMIS GENAP,C051,188,082372602369,,2051030,Pagelaran Lampung,35676,35676,LAMPUNG,Z00,0,3006,5.0,2,69,77,11.01.2026,2025-05-28 00:00:00,90052197,90052197,0 ,0 ,0 ,0 ,0 ,0 ,0 ,08:00:00,0 ,0 ,0 ,0 ,-5.3592489,104.921174,SENIN GENAP
YUDDY SYAHPUTRA,5583140,Genap,"(-5.43323, 104.9669)",WR LINA,JL PELITA 1 RT/RW 005/001,SABTU GENAP,C051,188,087844399100,,2051036,Pringsewu,35673,35673,LAMPUNG,Z00,0,3006,5.0,2,69,77,16.02.2026,2025-06-05 00:00:00,90052197,90052197,0 ,0 ,0 ,0 ,0 ,0 ,0 ,0 ,0 ,0 ,0 ,08:00:00,-5.3580138,104.9550812,RABU GENAP
YUDDY SYAHPUTRA,5584154,Ganjil,"(-5.25893, 105.02571)",TK UDIN,WARINGIN SARI TIMUR RT/RW 008/003,JUMAT GANJIL,C051,188,+6285269512054,,2051036,Pringsewu,35673,35673,LAMPUNG,Z00,0,3006,5.0,2,69,77,03.04.2026,2025-06-09 00:00:00,90052197,90052197,0 ,0 ,0 ,0 ,0 ,0 ,0 ,0 ,08:00:00,0 ,0 ,0 ,-5.2603506,105.011535,SELASA GANJIL
YUDDY SYAHPUTRA,5587470,Ganjil,"(-5.39576, 105.02377)",WR DOREN,JL LKR UTARA RT/RW 003/004,SABTU GANJIL,C051,188,085369794671,,2051036,Pringsewu,35673,35673,LAMPUNG,Z12,1000000,3006,1.0,2,69,77,11.01.2026,2025-06-16 00:00:00,90052197,90052197,0 ,0 ,0 ,0 ,0 ,0 ,0 ,0 ,0 ,0 ,08:00:00,0 ,-5.3364158,104.9687742,SABTU GANJIL
YUDDY SYAHPUTRA,5587486,Ganjil,"(-5.39576, 105.02377)",TK MAMA ALL,JL MAKAM KH.GHALIB RT/RW 001/001,SELASA GANJIL,C051,188,085864980361,,2051036,Pringsewu,35673,35673,LAMPUNG,Z00,0,3006,5.0,2,14,77,27.04.2026,2025-06-16 00:00:00,90052197,90052197,0 ,0 ,08:00:00,0 ,0 ,0 ,0 ,0 ,0 ,0 ,0 ,0 ,-5.347598,104.971188,SABTU GANJIL
YUDDY SYAHPUTRA,5588434,Ganjil,"(-5.25069, 105.02531)",TK YATI,KUTAWARINGIN RT/RW 001/001,JUMAT GANJIL,C051,188,081312437131,,2051317,Bandung Baru,35673,35673,LAMPUNG,Z00,0,3006,5.0,2,69,77,11.01.2026,2025-06-18 00:00:00,90052197,90052197,0 ,0 ,0 ,0 ,0 ,0 ,0 ,0 ,08:00:00,0 ,0 ,0 ,-5.249461,104.997351,SELASA GANJIL
YUDDY SYAHPUTRA,5588435,Ganjil,"(-5.25893, 105.02571)",TK WAHIT,JL DADIREJO RT/RW 017/007,JUMAT GANJIL,C051,188,085279387448,,2051036,Pringsewu,35674,35674,LAMPUNG,Z00,0,3006,5.0,2,69,77,11.01.2026,2025-06-18 00:00:00,90052197,90052197,0 ,0 ,0 ,0 ,0 ,0 ,0 ,0 ,08:00:00,0 ,0 ,0 ,-5.269085,104.98982,SELASA GANJIL
YUDDY SYAHPUTRA,5589042,Genap,"(-5.42773, 104.88229)",WR INAYAH,TANJUNG REJO  KEL AMBARAWA RT/RW 001/002,JUMAT GENAP,C051,188,+6285669763544,,2051155,Babakan,35673,35673,LAMPUNG,Z00,0,3006,5.0,2,58,77,30.03.2026,2025-06-19 00:00:00,90052197,90052197,0 ,0 ,0 ,0 ,0 ,0 ,0 ,0 ,0 ,08:00:00,0 ,0 ,-5.419247,104.9118376,KAMIS GENAP
YUDDY SYAHPUTRA,5590203,Ganjil,"(-5.25743, 105.02564)",WR ARKAN,WARINGIN SARI TIMUR RT/RW 010/003,JUMAT GANJIL,C051,188,+6287768924206,,2051036,Pringsewu,35673,35673,LAMPUNG,Z00,0,3006,5.0,2,58,77,06.02.2026,2025-06-23 00:00:00,90052197,90052197,0 ,0 ,0 ,0 ,0 ,0 ,0 ,0 ,08:00:00,0 ,0 ,0 ,-5.255993,105.014271,SELASA GANJIL
YUDDY SYAHPUTRA,5596052,Ganjil,"(-5.34852, 104.87056)",WI ALYA,JL PEJAJARAN SILIWANGIKEC SUKOHARJO,SENIN GANJIL,C051,188,081273570549,,2051036,Pringsewu,35674,35674,LAMPUNG,Z00,0,3006,5.0,2,14,77,27.11.2025,2025-07-07 00:00:00,90052197,90052197,08:00:00,0 ,0 ,0 ,0 ,0 ,0 ,0 ,0 ,0 ,0 ,0 ,-5.290908,104.940454,RABU GANJIL
YUDDY SYAHPUTRA,5597344,Genap,"(-5.38337, 104.87499)",TK PIAN,JL BLITAR RT/RW 001/002 KEC PAGELARAN,KAMIS GENAP,C051,188,085367527043,,2051030,Pagelaran Lampung,35676,35676,LAMPUNG,Z00,0,3006,5.0,2,69,77,13.04.2026,2025-07-10 00:00:00,90052197,90052197,0 ,0 ,0 ,0 ,0 ,0 ,0 ,08:00:00,0 ,0 ,0 ,0 ,-5.377465,104.889036,JUMAT GENAP
YUDDY SYAHPUTRA,5597346,Genap,"(-5.38337, 104.87499)",TK DEDI,JL TRIDARMA PADANG REJOKEL PADANG REJOKEC PAGELARAN,JUMAT GENAP,C051,188,081271971399,,2051036,Pringsewu,35676,35676,LAMPUNG,Z00,0,3006,5.0,2,69,77,11.01.2026,2025-07-10 00:00:00,90052197,90052197,0 ,0 ,0 ,0 ,0 ,0 ,0 ,0 ,0 ,08:00:00,0 ,0 ,-5.377163,104.90926,JUMAT GENAP
YUDDY SYAHPUTRA,5597347,Genap,"(-5.38337, 104.87499)",TK J-ONE,JL.RAYA PANUTAN RT/RW 001/001,KAMIS GENAP,C051,188,082176293626,,2051030,Pagelaran Lampung,35676,35676,LAMPUNG,Z00,0,3006,5.0,2,14,77,13.04.2026,2025-07-10 00:00:00,90052197,90052197,0 ,0 ,0 ,0 ,0 ,0 ,0 ,08:00:00,0 ,0 ,0 ,0 ,-5.364242,104.907637,JUMAT GENAP
YUDDY SYAHPUTRA,5603019,Genap,"(-5.45776, 104.94714)",TK RIO,JL  RAMBUTAN RT/RW 002/003 KEC PADASUKA,SELASA GENAP,C051,188,081272980792,,2051002,Ambarawa,35673,35673,LAMPUNG,Z00,0,3006,5.0,2,69,77,27.04.2026,2025-07-22 00:00:00,90052197,90052197,0 ,0 ,0 ,08:00:00,0 ,0 ,0 ,0 ,0 ,0 ,0 ,0 ,-5.452853,104.936852,RABU GENAP
YUDDY SYAHPUTRA,5603022,Genap,"(-5.45776, 104.94714)",TK BERKAH JAYA,JL PERTANIAN PAD RT/RW 005/003 KEC PADASUKA,SELASA GENAP,C051,188,082181556075,,2051002,Ambarawa,35376,35376,LAMPUNG,Z00,0,3006,5.0,2,69,77,27.04.2026,2025-07-22 00:00:00,90052197,90052197,0 ,0 ,0 ,08:00:00,0 ,0 ,0 ,0 ,0 ,0 ,0 ,0 ,-5.454394,104.941199,RABU GENAP
YUDDY SYAHPUTRA,5609785,Genap,"(-5.49868, 104.93098)",TK ISTI,JL SINAR JAYAKEL TANJUNG RUSIA TIMURKEC PARDASUKA,SELASA GENAP,C051,188,083117707835,,2051053,Padasuka,35682,35682,LAMPUNG,Z00,0,3006,5.0,2,58,77,27.04.2026,2025-08-05 00:00:00,90052197,90052197,0 ,0 ,0 ,08:00:00,0 ,0 ,0 ,0 ,0 ,0 ,0 ,0 ,-5.501496,104.917097,RABU GENAP
YUDDY SYAHPUTRA,5609787,Genap,"(-5.48168, 104.93395)",TK MUJI,JL CUT NYAK DIEN KEC PARDASUKA RT/RW 002/003,SELASA GENAP,C051,188,085126348528,,2051053,Padasuka,35682,35682,LAMPUNG,Z00,0,3006,5.0,2,58,77,27.04.2026,2025-08-05 00:00:00,90052197,90052197,0 ,0 ,0 ,08:00:00,0 ,0 ,0 ,0 ,0 ,0 ,0 ,0 ,-5.479766,104.929406,RABU GENAP
YUDDY SYAHPUTRA,5611350,Genap,"(-5.48168, 104.93395)",TK ELZA,JL PRAMUKAKEL BANJARMASINKEC BULOK,SELASA GENAP,C051,188,085788776971,,2051053,Padasuka,35381,35381,LAMPUNG,Z00,0,3006,5.0,2,58,77,27.04.2026,2025-08-07 00:00:00,90052197,90052197,0 ,0 ,0 ,08:00:00,0 ,0 ,0 ,0 ,0 ,0 ,0 ,0 ,-5.48063,104.901124,RABU GENAP
YUDDY SYAHPUTRA,5613291,Ganjil,"(-5.404, 104.87231)",KANTIN PONPES ALFALAH,JL PS. KOTA BABAKANKEL GUNUNG KASIKEC PUGUNG,RABU GANJIL,C051,188,082175337598,,2051155,Babakan,35373,35373,LAMPUNG,Z00,0,3006,5.0,2,69,77,25.02.2026,2025-08-11 00:00:00,90052197,90052197,0 ,0 ,0 ,0 ,08:00:00,0 ,0 ,0 ,0 ,0 ,0 ,0 ,-5.4022804,104.871762,KAMIS GANJIL
YUDDY SYAHPUTRA,5613339,Genap,"(-5.25069, 105.02531)",TK TEMBE BAROKAH,JL RAYA KALIDADI KEL KALIREJO RT/RW 024/005 KEC KALIREJO,SENIN GENAP,C051,188,085273496586,,2051019,Kali Rejo,34174,34174,LAMPUNG,Z00,0,3006,5.0,2,69,77,11.01.2026,2025-08-11 00:00:00,90052197,90052197,0 ,08:00:00,0 ,0 ,0 ,0 ,0 ,0 ,0 ,0 ,0 ,0 ,-5.222674,104.944796,SELASA GENAP
YUDDY SYAHPUTRA,5613340,Genap,"(-5.25069, 105.02531)",SRC ARDHI,JL KARTINI RT/RW 001/001 KALIREJO,SENIN GENAP,C051,188,085761911621,,2051158,Rowo Rejo,34174,34174,LAMPUNG,Z00,0,3006,5.0,2,69,77,11.01.2026,2025-08-11 00:00:00,90052197,90052197,0 ,08:00:00,0 ,0 ,0 ,0 ,0 ,0 ,0 ,0 ,0 ,0 ,-5.223086,104.967013,SELASA GENAP
YUDDY SYAHPUTRA,5618624,Genap,"(-5.26239, 104.79136)",TK A.A,JL  RAYA SENDANG AGUNGRT/RW 008/007 SENDANG AGUNG,SENIN GENAP,C051,188,085215277560,,2051019,Kali Rejo,34174,34174,LAMPUNG,Z00,0,3006,5.0,2,69,77,11.01.2026,2025-08-20 00:00:00,90052197,90052197,0 ,08:00:00,0 ,0 ,0 ,0 ,0 ,0 ,0 ,0 ,0 ,0 ,-5.200825,104.890913,SENIN GENAP
YUDDY SYAHPUTRA,5618625,Genap,"(-5.26239, 104.79136)",TK BUSTOMI,JL DSN 7 SENDANG AGUNG KEC SENDANG AGUNG,SENIN GENAP,C051,188,085783666660,,2051019,Kali Rejo,34174,34174,LAMPUNG,Z00,0,3006,5.0,2,58,77,11.01.2026,2025-08-20 00:00:00,90052197,90052197,0 ,08:00:00,0 ,0 ,0 ,0 ,0 ,0 ,0 ,0 ,0 ,0 ,-5.193554,104.903383,SENIN GENAP
YUDDY SYAHPUTRA,5622209,Ganjil,"(-5.39066, 104.81094)",TK JURAGAN BERAS,JL KIHAJAR DEWANTARA RT/RW 001/003 KEC PUGUNG,KAMIS GANJIL,C051,188,+6287781348789,,2051050,Talang Padang,35374,35374,LAMPUNG,Z00,0,3006,5.0,2,58,77,27.04.2026,2025-08-26 00:00:00,90052197,90052197,0 ,0 ,0 ,0 ,0 ,0 ,08:00:00,0 ,0 ,0 ,0 ,0 ,-5.3907825,104.8107605,KAMIS GANJIL
YUDDY SYAHPUTRA,5622213,Genap,"(-5.18802, 105.03752)",TK BERKAH BAWANG,DSN IV KUTOWINANGUN RT/RW 008/004 KEC SENDANG AGUNG,SENIN GENAP,C051,188,085268727097,,2051019,Kali Rejo,54393,54393,LAMPUNG,Z00,0,3006,5.0,2,58,77,11.01.2026,2025-08-26 00:00:00,90052197,90052197,0 ,08:00:00,0 ,0 ,0 ,0 ,0 ,0 ,0 ,0 ,0 ,0 ,-5.184397,104.924095,SELASA GENAP
YUDDY SYAHPUTRA,5622215,Ganjil,"(-5.39001, 104.81097)",TK ARUM,DSN SUMANDA II  RT/RW 002/002 KEC PUGUNG,KAMIS GANJIL,C051,188,085269116183,,2051050,Talang Padang,35374,35374,LAMPUNG,Z00,0,3006,5.0,2,58,77,27.04.2026,2025-08-26 00:00:00,90052197,90052197,0 ,0 ,0 ,0 ,0 ,0 ,08:00:00,0 ,0 ,0 ,0 ,0 ,-5.38997,104.811222,KAMIS GANJIL
YUDDY SYAHPUTRA,5622219,Ganjil,"(-5.34371, 104.7482)",TK BUNE NASYAH,JL SIMPANG RAYA KEBUMEN RT/RW 001/000 KEC SUMBERDJO,SELASA GANJIL,C051,188,085768580204,,2051485,Pulau Panggung,35374,35374,LAMPUNG,Z00,0,3006,5.0,2,58,77,30.03.2026,2025-08-26 00:00:00,90052197,90052197,0 ,0 ,08:00:00,0 ,0 ,0 ,0 ,0 ,0 ,0 ,0 ,0 ,-5.343702,104.748107,SENIN GANJIL
YUDDY SYAHPUTRA,5622224,Ganjil,"(-5.36142, 104.78767)",WR PUTRI,JL PELTU M SAL  RT/RW 001/003 TALANG PADANG,KAMIS GANJIL,C051,188,087822987852,,2051050,Talang Padang,35374,35374,LAMPUNG,Z00,0,3006,5.0,2,58,77,30.03.2026,2025-08-26 00:00:00,90052197,90052197,0 ,0 ,0 ,0 ,0 ,0 ,08:00:00,0 ,0 ,0 ,0 ,0 ,-5.361582,104.787527,KAMIS GANJIL
YUDDY SYAHPUTRA,5622226,Ganjil,"(-5.34618, 104.75763)",LARGO CELL,JL RAYA KEBUMEN RT/RW 009/002 KEC SUMBEREJO,SELASA GANJIL,C051,188,087820061994,,2051485,Pulau Panggung,35374,35374,LAMPUNG,Z00,0,3006,5.0,2,13,77,30.03.2026,2025-08-26 00:00:00,90052197,90052197,0 ,0 ,08:00:00,0 ,0 ,0 ,0 ,0 ,0 ,0 ,0 ,0 ,-5.346307,104.757974,SENIN GANJIL
YUDDY SYAHPUTRA,5622227,Ganjil,"(-5.38592, 104.80731)",TK SRC YAYAH,DSN WAY HALOM TANJUNG LILI  RT/RW 001/004 TALANG PADANG,KAMIS GANJIL,C051,188,085609335726,,2051050,Talang Padang,35374,35374,LAMPUNG,Z00,0,3006,5.0,2,58,77,27.04.2026,2025-08-26 00:00:00,90052197,90052197,0 ,0 ,0 ,0 ,0 ,0 ,08:00:00,0 ,0 ,0 ,0 ,0 ,-5.3859,104.807435,KAMIS GANJIL
YUDDY SYAHPUTRA,5622230,Ganjil,"(-5.38188, 104.79337)",TK RIZKI NADHIRA,DSN WAY HALOM  RT/RW 001/002 KEC TALANG PADANG,SELASA GANJIL,C051,188,085841753260,,2051050,Talang Padang,35374,35374,LAMPUNG,Z00,0,3006,5.0,2,58,77,11.01.2026,2025-08-26 00:00:00,90052197,90052197,0 ,0 ,08:00:00,0 ,0 ,0 ,0 ,0 ,0 ,0 ,0 ,0 ,-5.381923,104.793416,KAMIS GANJIL
YUDDY SYAHPUTRA,5622231,Ganjil,"(-5.38098, 104.78993)",TK RN MART,DSN WAYHALOM  RT/RW 001/002 KEC TALANG PADANG,SELASA GANJIL,C051,188,085841753260,,2051050,Talang Padang,35374,35374,LAMPUNG,Z00,0,3006,5.0,2,13,77,30.03.2026,2025-08-26 00:00:00,90052197,90052197,0 ,0 ,08:00:00,0 ,0 ,0 ,0 ,0 ,0 ,0 ,0 ,0 ,-5.380905,104.790003,KAMIS GANJIL
YUDDY SYAHPUTRA,5622233,Ganjil,"(-5.32227, 104.75991)",TK RIDO/AKBAR,JL RAYA TEKAD KEC PULAU PANGGUNG,KAMIS GANJIL,C051,188,081369490302,,2051485,Pulau Panggung,35373,35373,LAMPUNG,Z00,0,3006,5.0,2,58,77,13.04.2026,2025-08-26 00:00:00,90052197,90052197,0 ,0 ,0 ,0 ,0 ,0 ,08:00:00,0 ,0 ,0 ,0 ,0 ,-5.322168,104.759914,SENIN GANJIL
YUDDY SYAHPUTRA,5625765,Genap,"(-5.43045, 104.88231)",TK KLING,JL LETNAN SARBINIKEL SUKOREJOKEC PARDASUKA,RABU GENAP,C051,188,087748001056,,2051058,Margomulyo,35682,35682,LAMPUNG,Z00,0,3006,5.0,2,58,77,29.04.2026,2025-09-01 00:00:00,90052197,90052197,0 ,0 ,0 ,0 ,0 ,08:00:00,0 ,0 ,0 ,0 ,0 ,0 ,-5.432411,104.901625,KAMIS GENAP
YUDDY SYAHPUTRA,5632667,Genap,"(-5.45332, 104.86363)",TK TIA,JL DSN SUKA WARAS KEL SUKA NEGARAKEC BULOK,RABU GENAP,C051,188,085211821891,,2051532,Pasar Bulok,35682,35682,LAMPUNG,Z00,0,3006,5.0,2,13,77,13.04.2026,2025-09-16 00:00:00,90052197,90052197,0 ,0 ,0 ,0 ,0 ,08:00:00,0 ,0 ,0 ,0 ,0 ,0 ,-5.484785,104.874243,KAMIS GENAP
YUDDY SYAHPUTRA,5638465,Ganjil,"(-5.40284, 104.80991)",SRC NURLIA,JL RAYA LUBUK KUYUNG PEKONKEL SUMANDAKEC PUGUNG,KAMIS GANJIL,C051,188,085378863758,,2051050,Talang Padang,35373,35373,LAMPUNG,Z00,0,3006,5.0,2,58,77,27.04.2026,2025-09-26 00:00:00,90052197,90052197,0 ,0 ,0 ,0 ,0 ,0 ,08:00:00,0 ,0 ,0 ,0 ,0 ,-5.402668,104.809962,KAMIS GANJIL
YUDDY SYAHPUTRA,5638472,Ganjil,"(-5.35562, 104.82246)",TK ARKAN,JL LINTAS BARAT SUMATRAKEL BANJAR AGUNG UDIKKEC PUGUNG,KAMIS GANJIL,C051,188,081271672100,,2051030,Pagelaran Lampung,35675,35675,LAMPUNG,Z00,0,3006,5.0,2,58,77,11.01.2026,2025-09-26 00:00:00,90052197,90052197,0 ,0 ,0 ,0 ,0 ,0 ,08:00:00,0 ,0 ,0 ,0 ,0 ,-5.355868,104.822833,KAMIS GANJIL
YUDDY SYAHPUTRA,5644832,Genap,"(-5.26239, 104.79136)",TK YOHANES RAKIMAN,JL DSN 4KEL SENDANG ASIHKEC SENDANG AGUNG,SENIN GENAP,C051,188,085783334736,,2051019,Kali Rejo,34174,34174,LAMPUNG,Z00,0,3006,5.0,2,58,77,11.01.2026,2025-10-07 00:00:00,90052197,90052197,0 ,08:00:00,0 ,0 ,0 ,0 ,0 ,0 ,0 ,0 ,0 ,0 ,-5.167212,104.867669,SENIN GENAP
YUDDY SYAHPUTRA,5647099,Ganjil,"(-5.34734, 104.86867)",TK YS FROOZEN,JL NUSAWUNGUKEL NUSAWUNGUKEC BANYUMAS,SENIN GANJIL,C051,188,081273694286,,2051224,Banyumas,35673,35673,LAMPUNG,Z00,0,3006,5.0,2,69,77,11.01.2026,2025-10-10 00:00:00,90052197,90052197,08:00:00,0 ,0 ,0 ,0 ,0 ,0 ,0 ,0 ,0 ,0 ,0 ,-5.265363,104.916612,RABU GANJIL
YUDDY SYAHPUTRA,5648897,Ganjil,"(-5.33031, 104.79522)",TK AYU,JL MERABUNG 1KEL TANGJUNG HERANKEC PUGUNG,KAMIS GANJIL,C051,188,085942189766,,2051001,"XXXLampung,Haji Mena",35675,35675,LAMPUNG,Z00,0,3006,5.0,2,58,77,13.04.2026,2025-10-13 00:00:00,90052197,90052197,0 ,0 ,0 ,0 ,0 ,0 ,08:00:00,0 ,0 ,0 ,0 ,0 ,-5.330288,104.794635,SENIN GANJIL
YUDDY SYAHPUTRA,5656586,Genap,"(-5.42773, 104.88229)",TK YANI,JL KYAI BASYAR RT/RW 001/004 KEC AMBARAWA,JUMAT GENAP,C051,188,+6285669694118,,2051053,Padasuka,34332,34332,LAMPUNG,Z00,0,3006,5.0,2,69,77,13.02.2026,2025-10-22 00:00:00,90052197,90052197,0 ,0 ,0 ,0 ,0 ,0 ,0 ,0 ,0 ,08:00:00,0 ,0 ,-5.413112,104.922706,KAMIS GENAP
YUDDY SYAHPUTRA,5656587,Genap,"(-5.43323, 104.9669)",TK ADET ANUKI,JL KORAMILKEL AMBARAWAKEC AMBARAWA,SELASA GENAP,C051,188,082185252583,,2051036,Pringsewu,35376,35376,LAMPUNG,Z00,0,3006,5.0,2,58,77,16.02.2026,2025-10-22 00:00:00,90052197,90052197,0 ,0 ,0 ,08:00:00,0 ,0 ,0 ,0 ,0 ,0 ,0 ,0 ,-5.404276,104.962183,RABU GENAP
YUDDY SYAHPUTRA,5660706,Ganjil,"(-5.41401, 104.8163)",TK TITA,JL LUBUK KUYUNG PEKON KEL SUKA MULYAKEC PUGUNG,KAMIS GANJIL,C051,188,082180889290,,2051012,"Gisting, Gunung Batu",35675,35675,LAMPUNG,Z00,0,3006,5.0,2,58,77,27.04.2026,2025-10-27 00:00:00,90052197,90052197,0 ,0 ,0 ,0 ,0 ,0 ,08:00:00,0 ,0 ,0 ,0 ,0 ,-5.414,104.816226,KAMIS GANJIL
YUDDY SYAHPUTRA,5678529,Genap,"(-5.42773, 104.88229)",TK LENI,JL SOEKARNO HATTA RT/RW 001/003 KEC AMBARAWA,JUMAT GENAP,C051,188,085783860881,,2051053,Padasuka,35376,35376,LAMPUNG,Z00,0,3006,5.0,2,58,77,01.02.2026,2025-11-13 00:00:00,90052197,90052197,0 ,0 ,0 ,0 ,0 ,0 ,0 ,0 ,0 ,08:00:00,0 ,0 ,-5.416714,104.91448,KAMIS GENAP
YUDDY SYAHPUTRA,5694225,Ganjil,"(-5.40027, 104.75741)",TK. MAS AJI,"JL KOTA AGUNG BALIMBING SUKARAJA GN ALIP, KAB. TANGGAMUS",SELASA GANJIL,C051,188,082278887027,,2051050,Talang Padang,35373,35373,LAMPUNG,Z00,0,3006,5.0,2,14,77,01.02.2026,2025-11-26 00:00:00,90052197,90052197,0 ,0 ,08:00:00,0 ,0 ,0 ,0 ,0 ,0 ,0 ,0 ,0 ,-5.4002928,104.7572777,SENIN GANJIL
YUDDY SYAHPUTRA,5694227,Ganjil,"(-5.39914, 104.76989)",TK. CACA,Jl.WAY HALOM KEL.WAY HALOM KEC. GN ALIP KAB. TANGGAMUS,SELASA GANJIL,C051,188,+62895321802866,,2051050,Talang Padang,35373,35373,LAMPUNG,Z00,0,3006,5.0,2,58,77,03.02.2026,2025-11-26 00:00:00,90052197,90052197,0 ,0 ,08:00:00,0 ,0 ,0 ,0 ,0 ,0 ,0 ,0 ,0 ,-5.398987,104.769735,KAMIS GANJIL
YUDDY SYAHPUTRA,5694233,Ganjil,"(-5.30307, 104.76065)",TK FRISKA,"MUARA DUA,KEC PULAU PANGGUNG TANGGAMUS",SELASA GANJIL,C051,188,082183820788,,2051485,Pulau Panggung,35679,35679,LAMPUNG,Z00,0,3006,5.0,2,58,77,11.01.2026,2025-11-26 00:00:00,90052197,90052197,0 ,0 ,08:00:00,0 ,0 ,0 ,0 ,0 ,0 ,0 ,0 ,0 ,-5.3033013,104.7602754,SENIN GANJIL
YUDDY SYAHPUTRA,5694234,Ganjil,"(-5.32183, 104.72806)",TK PIDAH,"JL RAYA GN MERKASA, KEC PULAU PUNGGUNG,KAB TANGGAMUS",SELASA GANJIL,C051,188,085389026373,,2051485,Pulau Panggung,35679,35679,LAMPUNG,Z00,0,3006,5.0,2,14,77,23.01.2026,2025-11-26 00:00:00,90052197,90052197,0 ,0 ,08:00:00,0 ,0 ,0 ,0 ,0 ,0 ,0 ,0 ,0 ,-5.321424,104.7277251,SENIN GANJIL
YUDDY SYAHPUTRA,5694235,Ganjil,"(-5.33113, 104.73903)",TK PONIJO,JL SIDOMIKTIKEC PULAU PANGGUNGTANGGAMUS,SELASA GANJIL,C051,188,081379127270,,2051050,Talang Padang,35374,35374,LAMPUNG,Z00,0,3006,5.0,2,58,77,11.01.2026,2025-11-26 00:00:00,90052197,90052197,0 ,0 ,08:00:00,0 ,0 ,0 ,0 ,0 ,0 ,0 ,0 ,0 ,-5.331218,104.7388501,SENIN GANJIL
YUDDY SYAHPUTRA,5704047,Ganjil,"(-5.39619, 104.72695)",TK PUTRII,JL  RAYA GN BATU  KEL CAMPANG KEC GISTINGTANGGAMUS  LAMPUNG,SELASA GANJIL,C051,188,085211213987,,2051012,"Gisting, Gunung Batu",34684,34684,LAMPUNG,Z00,0,3006,5.0,2,14,77,23.01.2026,2025-12-04 00:00:00,90052197,90052197,0 ,0 ,08:00:00,0 ,0 ,0 ,0 ,0 ,0 ,0 ,0 ,0 ,-5.396086,104.727032,SENIN GANJIL
YUDDY SYAHPUTRA,5704049,Ganjil,"(-5.31979, 104.74814)",TK FAHRI JAYA MOTOR,"JL RAYA TEKAD, DESA TEKAD, KEC PULAU PANGGUNG, TANGGAMUS",SELASA GANJIL,C051,188,081279794824,,2051001,"XXXLampung,Haji Mena",35679,35679,LAMPUNG,Z00,0,3006,5.0,2,14,77,23.01.2026,2025-12-04 00:00:00,90052197,90052197,0 ,0 ,08:00:00,0 ,0 ,0 ,0 ,0 ,0 ,0 ,0 ,0 ,-5.319953,104.747929,SENIN GANJIL
YUDDY SYAHPUTRA,5705948,Ganjil,"(-5.27765, 104.73612)",SRC NAILI,"TALANG KELUARGA, PEKON S. KAMPUNG, AIR NANINGAN, TANGGAMUS",SELASA GANJIL,C051,188,085809860682,,2051485,Pulau Panggung,35373,35373,LAMPUNG,Z00,0,3006,5.0,2,14,77,23.01.2026,2025-12-05 00:00:00,90052197,90052197,0 ,0 ,08:00:00,0 ,0 ,0 ,0 ,0 ,0 ,0 ,0 ,0 ,-5.2784113,104.7350162,SENIN GANJIL
YUDDY SYAHPUTRA,5708867,Ganjil,"(-5.39035, 104.7052)",TK ASIHH,"JL RAYA GN BATU,SIMPANG KANAN,KEC SUMBERREJO  TANGGAMUS",SELASA GANJIL,C051,188,082282625160,,2051012,"Gisting, Gunung Batu",35374,35374,LAMPUNG,Z00,0,3006,5.0,2,14,77,23.01.2026,2025-12-08 00:00:00,90052197,90052197,0 ,0 ,08:00:00,0 ,0 ,0 ,0 ,0 ,0 ,0 ,0 ,0 ,-5.390455,104.705271,SENIN GANJIL
YUDDY SYAHPUTRA,5719981,Ganjil,"(-5.34228, 104.77018)",SRC HARTONO,"SINDANG MARGA, KEC PULAU PANGGUNG, KAB TANGGAMUS",KAMIS GANJIL,C051,188,082280760281,,2051050,Talang Padang,35679,35679,LAMPUNG,Z00,0,3006,5.0,2,14,77,13.04.2026,2025-12-16 00:00:00,90052197,90052197,0 ,0 ,0 ,0 ,0 ,0 ,08:00:00,0 ,0 ,0 ,0 ,0 ,-5.342269,104.769943,SENIN GANJIL
YUDDY SYAHPUTRA,5721272,Ganjil,"(-5.36195, 104.78111)",TK JOHN YAKUB,DSN KEBUN KELAPA RT/RW 001/003 KEC TALANG PADANG,KAMIS GANJIL,C051,188,085269966230,,2051050,Talang Padang,35374,35374,LAMPUNG,Z00,0,3006,5.0,2,14,77,01.02.2026,2025-12-17 00:00:00,90052197,90052197,0 ,0 ,0 ,0 ,0 ,0 ,08:00:00,0 ,0 ,0 ,0 ,0 ,-5.362025,104.780973,SENIN GANJIL
YUDDY SYAHPUTRA,5723978,Genap,"(-5.25069, 105.02531)",TK SAMANI,JL KALIREJO KEL KALIREJO RT 13 RW 03 KEC KALIREJO,SENIN GENAP,C051,188,,085269064645,2051158,Rowo Rejo,34174,34174,LAMPUNG,Z00,0,3006,5.0,2,14,77,19.12.2025,2025-12-19 00:00:00,90052197,90052197,0 ,08:00:00,0 ,0 ,0 ,0 ,0 ,0 ,0 ,0 ,0 ,0 ,-5.233242,104.960002,SELASA GENAP
YUDDY SYAHPUTRA,5723981,Ganjil,"(-5.25069, 105.02531)",TK ALAGANI,"JL KOTA ADI LUIH KEC ADI  LUIH PRINGSEWU,LAMPUNG",JUMAT GANJIL,C051,188,,081959127325,2051158,Rowo Rejo,34175,34175,LAMPUNG,Z00,0,3006,5.0,2,14,77,19.12.2025,2025-12-19 00:00:00,90052197,90052197,0 ,0 ,0 ,0 ,0 ,0 ,0 ,0 ,08:00:00,0 ,0 ,0 ,-5.246513,105.000859,SELASA GANJIL
YUDDY SYAHPUTRA,5723984,Genap,"(-5.25069, 105.02531)",WK PASARAYA,JL KARTINI KEC KALIREJOKAB LAMPUNG TENGAH 34174,SENIN GENAP,C051,188,,085841067977,2051158,Rowo Rejo,34174,34174,LAMPUNG,Z00,0,3006,5.0,2,14,77,19.12.2025,2025-12-19 00:00:00,90052197,90052197,0 ,08:00:00,0 ,0 ,0 ,0 ,0 ,0 ,0 ,0 ,0 ,0 ,-5.227057,104.963891,SELASA GENAP
YUDDY SYAHPUTRA,5729823,Ganjil,"(-5.35814, 104.69849)",SRC ANGEL,"ARGOPENI, KEC SUMBERREJO, KAB TANGGAMUS",SELASA GANJIL,C051,188,,082279154130,2051012,"Gisting, Gunung Batu",35373,35373,LAMPUNG,Z00,0,3006,5.0,2,14,77,24.12.2025,2025-12-24 00:00:00,90052197,90052197,0 ,0 ,08:00:00,0 ,0 ,0 ,0 ,0 ,0 ,0 ,0 ,0 ,-5.358269,104.698509,SENIN GANJIL
YUDDY SYAHPUTRA,5736879,Genap,"(-5.39576, 105.02377)",WR DOREN 2,"GG TANI, PRINGSEWU BARAT, KEC PRINGSEWU, KAB PRINGSEWU",SELASA GENAP,C051,188,62811723745,,2051223,Sukoharjo,35673,35673,LAMPUNG,Z00,0,3006,5.0,2,14,77,01.02.2026,2025-12-30 00:00:00,90052197,90052197,0 ,0 ,0 ,08:00:00,0 ,0 ,0 ,0 ,0 ,0 ,0 ,0 ,-5.343896,104.974171,SABTU GENAP
YUDDY SYAHPUTRA,5747802,Ganjil,"(-5.27303, 104.73024)",TK SEMBARA,JL RAYA AIR KUBANGSINAR SEKAMPUNG  K2C AIR NANINGAN,SELASA GANJIL,C051,188,,082280902898,2051001,"XXXLampung,Haji Mena",35679,35679,LAMPUNG,Z00,0,3006,5.0,2,14,77,09.01.2026,2026-01-09 00:00:00,90052197,90052197,0 ,0 ,08:00:00,0 ,0 ,0 ,0 ,0 ,0 ,0 ,0 ,0 ,-5.2731599,104.7306349,SENIN GANJIL
YUDDY SYAHPUTRA,5747803,Ganjil,"(-5.36369, 104.78153)",TK RATU MAHKOTA,PS TALANG PADANG RT1/2 BLOK B 15 TALANG PADANG SP TK LMP JAY,KAMIS GANJIL,C051,188,082124648353,,2051001,"XXXLampung,Haji Mena",35377,35377,LAMPUNG,Z00,0,3006,5.0,2,14,77,01.02.2026,2026-01-09 00:00:00,90052197,90052197,0 ,0 ,0 ,0 ,0 ,0 ,08:00:00,0 ,0 ,0 ,0 ,0 ,-5.363206,104.781697,SENIN GANJIL
YUDDY SYAHPUTRA,5752373,Ganjil,"(-5.37752, 104.86273)",WR NADA,"JL RAYA BINJAI WANGI,PEKON SUKAJADI KEC PAGELARAN KAB PRINGS",RABU GANJIL,C051,188,088286189085,,2051036,Pringsewu,35675,35675,LAMPUNG,Z00,0,3006,5.0,2,14,77,27.04.2026,2026-01-13 00:00:00,90052197,90052197,0 ,0 ,0 ,0 ,08:00:00,0 ,0 ,0 ,0 ,0 ,0 ,0 ,-5.377573,104.8603341,JUMAT GANJIL
YUDDY SYAHPUTRA,5753478,Genap,"(-5.23034, 105.03126)",TK MUSLIMIN,JL RY PONCOWARNO RT 2/2 KEL SRIDADI KEC KALIREJO KAB LAMTENG,SENIN GENAP,C051,188,,085758970764,2051158,Rowo Rejo,34174,34174,LAMPUNG,Z00,0,3006,5.0,2,14,77,14.01.2026,2026-01-14 00:00:00,90052197,90052197,0 ,08:00:00,0 ,0 ,0 ,0 ,0 ,0 ,0 ,0 ,0 ,0 ,-5.198477,104.9616631,SELASA GENAP
YUDDY SYAHPUTRA,5759945,Genap,"(-5.43045, 104.88231)",TK BU NUR ASIYAH,"DESA SUKA AGUNG WAY KELOM, KEC BULOK, KAB TANGGAMUS",RABU GENAP,C051,188,085379005887,,2051002,Ambarawa,35682,35682,LAMPUNG,Z00,0,3006,5.0,2,14,77,27.04.2026,2026-01-20 00:00:00,90052197,90052197,0 ,0 ,0 ,0 ,0 ,08:00:00,0 ,0 ,0 ,0 ,0 ,0 ,-5.444938,104.896349,KAMIS GENAP
YUDDY SYAHPUTRA,5766406,Genap,"(-5.34852, 104.87056)",TK DELA,"JL LKR UTARA,FAJAR ESUK,KEC PRINGSEWU,KAB PRINGSEWU 35373",SABTU GENAP,C051,188,085709468187,,2051223,Sukoharjo,35372,35372,LAMPUNG,Z00,0,3006,5.0,2,14,77,27.04.2026,2026-01-26 00:00:00,90052197,90052197,0 ,0 ,0 ,0 ,0 ,0 ,0 ,0 ,0 ,0 ,0 ,08:00:00,-5.347631,104.950141,SENIN GENAP
YUDDY SYAHPUTRA,5766407,Genap,"(-5.46807, 104.94872)",WARUNG KANG EMIL,"DUSUN KEBON PISANG, MADA JAYA, WAY KHILAU, PESAWARAN",SELASA GENAP,C051,188,085769605501,,2051053,Padasuka,35368,35368,LAMPUNG,Z00,0,3006,5.0,2,14,77,27.04.2026,2026-01-26 00:00:00,90052197,90052197,0 ,0 ,0 ,08:00:00,0 ,0 ,0 ,0 ,0 ,0 ,0 ,0 ,-5.467989,104.948703,RABU GENAP
YUDDY SYAHPUTRA,5766408,Genap,"(-5.45248, 104.86483)",TK MASAMAH,"DS GUNUNG TERANG, KEC BULOK, KAB TANGGAMUS",SELASA GENAP,C051,188,085840120455,,2051053,Padasuka,35682,35682,LAMPUNG,Z00,0,3006,5.0,2,14,77,27.04.2026,2026-01-26 00:00:00,90052197,90052197,0 ,0 ,0 ,08:00:00,0 ,0 ,0 ,0 ,0 ,0 ,0 ,0 ,-5.486932,104.888346,KAMIS GENAP
YUDDY SYAHPUTRA,5786656,Genap,"(-5.38337, 104.87499)",TK SHEEFANO,GANJARAN BARAT RT 003 RW 002  KEC PRINGSEWU,KAMIS GENAP,C051,188,+6282281553874,,2051036,Pringsewu,35673,35673,LAMPUNG,Z00,0,3006,5.0,2,14,77,09.04.2026,2026-02-16 00:00:00,90052197,90052197,0 ,0 ,0 ,0 ,0 ,0 ,0 ,08:00:00,0 ,0 ,0 ,0 ,-5.367932,104.928847,JUMAT GENAP
YUDDY SYAHPUTRA,5789839,Genap,"(-5.45197, 104.86556)",WR DELVI,DSN III KEL SUKAMARA RT/RW 000/000 KEC BULOK,RABU GENAP,C051,188,,081379606618,2051053,Padasuka,35373,35373,LAMPUNG,Z00,0,3006,5.0,2,14,77,20.02.2026,2026-02-20 00:00:00,90052197,90052197,0 ,0 ,0 ,0 ,0 ,08:00:00,0 ,0 ,0 ,0 ,0 ,0 ,-5.485964,104.889459,KAMIS GENAP
YUDDY SYAHPUTRA,5810123,Genap,"(-5.45776, 104.94714)",TK EKO,SIDODADI RT 002 RW 001 KEC PARDASUKA,SELASA GENAP,C051,188,081373778582,,2051053,Padasuka,35673,35673,LAMPUNG,Z00,0,3006,5.0,2,14,77,27.04.2026,2026-03-26 00:00:00,90052197,90052197,0 ,0 ,0 ,08:00:00,0 ,0 ,0 ,0 ,0 ,0 ,0 ,0 ,-5.43537,104.9293271,RABU GENAP
YUDDY SYAHPUTRA,5810177,Genap,"(-5.45094, 104.86691)",TK UNAYAH,SUKA TANI RT 8 RW 8 KEL SUKA AGUNG KEC BULOK,RABU GENAP,C051,188,08179293117,,2051053,Padasuka,35373,35373,LAMPUNG,Z00,0,3006,5.0,2,14,77,06.04.2026,2026-03-26 00:00:00,90052197,90052197,0 ,0 ,0 ,0 ,0 ,08:00:00,0 ,0 ,0 ,0 ,0 ,0 ,-5.452652,104.8883351,KAMIS GENAP
YUDDY SYAHPUTRA,5810178,Genap,"(-5.43045, 104.88231)",TK MUNJIAH,JL RAYA SUKAMARA WAY KERAP RT 05 RW 05 KEL SUKA AGUNG,RABU GENAP,C051,188,087766152850,,2051002,Ambarawa,35373,35373,LAMPUNG,Z00,0,3006,5.0,2,14,77,06.04.2026,2026-03-26 00:00:00,90052197,90052197,0 ,0 ,0 ,0 ,0 ,08:00:00,0 ,0 ,0 ,0 ,0 ,0 ,-5.4512,104.8905701,KAMIS GENAP
YUDDY SYAHPUTRA,5815765,Ganjil,,TK TAKANAJUO,JL SUKANEGARA RT 1 RW 1 KEL SUKA AGUNG KEC BULOK,RABU GANJIL,C051,188,,087896883173,2051053,Padasuka,35373,35373,LAMPUNG,Z00,0,3006,5.0,2,14,77,06.04.2026,2026-04-06 00:00:00,90052197,90052197,0 ,0 ,0 ,0 ,08:00:00,0 ,0 ,0 ,0 ,0 ,0 ,0 ,,,RABU GANJIL
YUDDY SYAHPUTRA,5819479,Ganjil,,TK HAFI JAYA,Jl RAYA BANDUNG BARU KEL BANDUNG BARU,JUMAT GANJIL,C051,188,,081368914828,2051158,Rowo Rejo,35674,35674,LAMPUNG,Z00,0,3006,5.0,2,14,77,13.04.2026,2026-04-13 00:00:00,90052197,90052197,0 ,0 ,0 ,0 ,0 ,0 ,0 ,0 ,08:00:00,0 ,0 ,0 ,,,JUMAT GANJIL
YUDDY SYAHPUTRA,5820896,Ganjil,,WR MAMA ANIN,Jl GUNUNG KASIH KEL GUNUNG KASIH KEC PUGING,RABU GANJIL,C051,188,,085710794972,2051030,Pagelaran Lampung,35675,35675,LAMPUNG,Z00,0,3006,5.0,2,14,77,16.04.2026,2026-04-16 00:00:00,90052197,90052197,0 ,0 ,0 ,0 ,08:00:00,0 ,0 ,0 ,0 ,0 ,0 ,0 ,,,RABU GANJIL
YUDDY SYAHPUTRA,5823228,Genap,,WR RASYA,PUJODADI RT 1 RW 2 KEL PUJODADI  KEC PARDASUKA,RABU GENAP,C051,188,,085267760329,2051053,Padasuka,35382,35382,LAMPUNG,Z00,0,3006,5.0,2,14,77,21.04.2026,2026-04-21 00:00:00,90052197,90052197,0 ,0 ,0 ,0 ,0 ,08:00:00,0 ,0 ,0 ,0 ,0 ,0 ,,,RABU GENAP
YUDDY SYAHPUTRA,5823557,Genap,,WR WILDAN,SIDODADI RT 4 RW 2 KEL SIDODADI KEC PARDASUKA,RABU GENAP,C051,188,,087804446721,2051053,Padasuka,35682,35682,LAMPUNG,Z00,0,3006,5.0,2,14,77,22.04.2026,2026-04-22 00:00:00,90052197,90052197,0 ,0 ,0 ,0 ,0 ,08:00:00,0 ,0 ,0 ,0 ,0 ,0 ,,,RABU GENAP
YUDDY SYAHPUTRA,5825327,Ganjil,,WR IBU SUMIATI,JL PAJAJARAN SILIWANGI RT 4 RW 1 KEL SUKAMULYA KEC BANYUMAS,SENIN GANJIL,C051,188,,0887437250041,2051159,Wonosobo,35373,35373,LAMPUNG,Z00,0,3006,5.0,2,14,77,27.04.2026,2026-04-27 00:00:00,90052197,90052197,08:00:00,0 ,0 ,0 ,0 ,0 ,0 ,0 ,0 ,0 ,0 ,0 ,,,SENIN GANJIL
YUDDY SYAHPUTRA,5825333,Ganjil,,KANTIN PONDOK AL MAARIF,Jl KAUMAN No 1 RT 5 RW 2  KEL BANYUMAS KEC BANYUMAS,SENIN GANJIL,C051,188,,085379008950,2051158,Rowo Rejo,35373,35373,LAMPUNG,Z00,0,3006,5.0,2,14,77,27.04.2026,2026-04-27 00:00:00,90052197,90052197,08:00:00,0 ,0 ,0 ,0 ,0 ,0 ,0 ,0 ,0 ,0 ,0 ,,,SENIN GANJIL
YUDDY SYAHPUTRA,5825395,Ganjil,,SAE FOTOCOPY,JL BLITAR DESA PATOMAN KEC PAGELARAN,RABU GANJIL,C051,188,,085215863156,2051030,Pagelaran Lampung,35675,35675,LAMPUNG,Z00,0,3006,5.0,2,14,77,27.04.2026,2026-04-27 00:00:00,90052197,90052197,0 ,0 ,0 ,0 ,08:00:00,0 ,0 ,0 ,0 ,0 ,0 ,0 ,,,RABU GANJIL
YUDDY SYAHPUTRA,5825396,Ganjil,,SAE FOTOCOPY,JL BLITAR DESA PATOMAN KEC PAGELARAN,RABU GANJIL,C051,188,,085215863156,2051030,Pagelaran Lampung,35675,35675,LAMPUNG,Z00,0,3006,5.0,2,14,77,27.04.2026,2026-04-27 00:00:00,90052197,90052197,0 ,0 ,0 ,0 ,08:00:00,0 ,0 ,0 ,0 ,0 ,0 ,0 ,,,RABU GANJIL
YUDDY SYAHPUTRA,5825967,Ganjil,,TK DURUS SAFAAT,JL RAYA PURWODADI KEC ADILUIH,JUMAT GANJIL,C051,188,,082184487607,2051036,Pringsewu,35673,35673,LAMPUNG,Z00,0,3006,,2,14,77,29.04.2026,2026-04-29 00:00:00,90052197,90052197,0 ,0 ,0 ,0 ,0 ,0 ,0 ,0 ,08:00:00,0 ,0 ,0 ,,,JUMAT GANJIL
YUDDY SYAHPUTRA,5826086,Ganjil,,TK MARLINA,PEKON PULAU PANGGUNG RT 000 RW000 KEC PULAU PANGGUNG,SELASA GANJIL,C051,188,,082280133491,2051485,Pulau Panggung,35373,35373,LAMPUNG,Z00,0,3006,5.0,2,14,77,29.04.2026,2026-04-29 00:00:00,90052197,90052197,0 ,0 ,08:00:00,0 ,0 ,0 ,0 ,0 ,0 ,0 ,0 ,0 ,,,SELASA GANJIL
YUDDY SYAHPUTRA,641940,Ganjil,"(-5.34852, 104.87056)",WR.ALFIN,JL.AMD RT.7/3 NO.62 KEL-KEC.BANYUMAS,SENIN GANJIL,C051,188,+6285783029432,,2051224,Banyumas,35674,35674,LAMPUNG,Z00,0,3006,5.0,2,69,77,16.02.2026,2021-02-23 00:00:00,90052197,90052197,08:00:00,0 ,0 ,0 ,0 ,0 ,0 ,0 ,0 ,0 ,0 ,0 ,-5.2883317,104.9161233,RABU GANJIL
YUDDY SYAHPUTRA,642945,Ganjil,"(-5.25893, 105.02571)",WR.ANAS,WAYA KRUI RT.1/1 NO.7 KEL.WAYAKRUI KEC.BANYUMAS,SENIN GANJIL,C051,188,085273178596,,2051224,Banyumas,35373,35373,LAMPUNG,Z00,0,3006,5.0,2,69,77,11.01.2026,2021-02-24 00:00:00,90052197,90052197,08:00:00,0 ,0 ,0 ,0 ,0 ,0 ,0 ,0 ,0 ,0 ,0 ,-5.2781283,104.9337867,SELASA GANJIL
YUDDY SYAHPUTRA,643879,Ganjil,"(-5.25893, 105.02571)",WR.ANDRI-IRMA,JL.HASANUDIN RT.3 NO.43C KEL.SUKOHARJO BARAT KEC.PRINGSEWU,JUMAT GANJIL,C051,188,081247676066,,2051223,Sukoharjo,35674,35674,LAMPUNG,Z12,2000000,3006,1.0,2,14,77,01.02.2026,2021-02-25 00:00:00,90052197,90052197,0 ,0 ,0 ,0 ,0 ,0 ,0 ,0 ,08:00:00,0 ,0 ,0 ,-5.297657,104.973314,SELASA GANJIL
YUDDY SYAHPUTRA,650983,Genap,"(-5.45776, 104.94714)",TK.LUTFI HAKIM,DSN.SIDODADI RT.1/1 NO.41 KEL.SIDODADI KEC.PARDASUKA,SELASA GENAP,C051,188,081379174343,,2051002,Ambarawa,35673,35673,LAMPUNG,Z12,2000000,3006,1.0,2,69,77,27.04.2026,2021-03-03 00:00:00,90052197,90052197,0 ,0 ,0 ,08:00:00,0 ,0 ,0 ,0 ,0 ,0 ,0 ,0 ,-5.433473,104.931766,RABU GENAP
YUDDY SYAHPUTRA,692965,Genap,"(-5.38337, 104.87499)",BFC DUO PAGELARAN,JL.RY.PAGELARAN RT.2/2 NO.7 KEL.PANUTAN KEC.PAGELARAN,KAMIS GENAP,C051,188,082371139331,,2051030,Pagelaran Lampung,35676,35676,LAMPUNG,Z00,0,3006,5.0,2,14,77,23.01.2026,2021-03-17 00:00:00,90052197,90052197,0 ,0 ,0 ,0 ,0 ,0 ,0 ,08:00:00,0 ,0 ,0 ,0 ,-5.3671233,104.9182283,JUMAT GENAP
YUDDY SYAHPUTRA,855099,Genap,"(-5.43323, 104.9669)",WR.SRI YULIANI,DSN.SUMBER AGUNG RT.3/2 NO.282 KEL.SUMBER AGUNG KEC.AMBARAWA,JUMAT GENAP,C051,188,081352002577,,2051002,Ambarawa,35673,35673,LAMPUNG,Z00,0,3006,5.0,2,14,77,27.11.2025,2021-04-26 00:00:00,90052197,90052197,0 ,0 ,0 ,0 ,0 ,0 ,0 ,0 ,0 ,08:00:00,0 ,0 ,-5.4108986,104.9357461,RABU GENAP
