<?xml version="1.0" encoding="utf-8" ?>
<kml xmlns="http://www.opengis.net/kml/2.2">
<Document id="root_doc">
<Schema name="doc__cov_beni_mey_26xlsx" id="doc__cov_beni_mey_26xlsx">
	<SimpleField name="id" type="string"></SimpleField>
	<SimpleField name="timestamp" type="string"></SimpleField>
	<SimpleField name="begin" type="string"></SimpleField>
	<SimpleField name="end" type="string"></SimpleField>
	<SimpleField name="altitudeMode" type="string"></SimpleField>
	<SimpleField name="tessellate" type="int"></SimpleField>
	<SimpleField name="extrude" type="int"></SimpleField>
	<SimpleField name="visibility" type="int"></SimpleField>
	<SimpleField name="drawOrder" type="int"></SimpleField>
	<SimpleField name="icon" type="string"></SimpleField>
	<SimpleField name="Customer" type="string"></SimpleField>
	<SimpleField name="Name_1" type="string"></SimpleField>
	<SimpleField name="Represent_" type="string"></SimpleField>
	<SimpleField name="Jwk_Salesman" type="string"></SimpleField>
	<SimpleField name="SC" type="string"></SimpleField>
	<SimpleField name="Descript_" type="string"></SimpleField>
	<SimpleField name="LAT" type="string"></SimpleField>
	<SimpleField name="LONG" type="string"></SimpleField>
</Schema>
<Folder><name>doc__cov_beni_mey_26xlsx</name>
  <Placemark id="doc__cov_beni_mey_26xlsx.1">
	<name>Beni Saputra</name>
	<description>Customer: 5442799&lt;br&gt;Name 1: WR.SUMBER REZEKI&lt;br&gt;Represent.: 90052449&lt;br&gt;Jwk Salesman: SABTU GANJIL&lt;br&gt;SC: SD400A00117779E&lt;br&gt;Descript.: Gedong Aji Baru&lt;br&gt;LAT: -4.1834225&lt;br&gt;LONG: 105.3750936</description>
	<ExtendedData><SchemaData schemaUrl="#doc__cov_beni_mey_26xlsx">
		<SimpleData name="tessellate">-1</SimpleData>
		<SimpleData name="extrude">0</SimpleData>
		<SimpleData name="visibility">-1</SimpleData>
		<SimpleData name="Customer">5442799.0</SimpleData>
		<SimpleData name="Name_1">WR.SUMBER REZEKI</SimpleData>
		<SimpleData name="Represent_">9.0052449E7</SimpleData>
		<SimpleData name="Jwk_Salesman">SABTU GANJIL</SimpleData>
		<SimpleData name="SC">SD400A00117779E</SimpleData>
		<SimpleData name="Descript_">Gedong Aji Baru</SimpleData>
		<SimpleData name="LAT">-4.1834225</SimpleData>
		<SimpleData name="LONG">105.3750936</SimpleData>
	</SchemaData></ExtendedData>
      <Point><coordinates>105.3750936,-4.1834225,0</coordinates></Point>
  </Placemark>
  <Placemark id="doc__cov_beni_mey_26xlsx.2">
	<name>Beni Saputra</name>
	<description>Customer: 5445048&lt;br&gt;Name 1: TK.OLIV&lt;br&gt;Represent.: 90052449&lt;br&gt;Jwk Salesman: RABU GANJIL&lt;br&gt;SC: SD400A00117781E&lt;br&gt;Descript.: Gedong Aji Baru&lt;br&gt;LAT: -4.1988317&lt;br&gt;LONG: 105.4112451</description>
	<ExtendedData><SchemaData schemaUrl="#doc__cov_beni_mey_26xlsx">
		<SimpleData name="tessellate">-1</SimpleData>
		<SimpleData name="extrude">0</SimpleData>
		<SimpleData name="visibility">-1</SimpleData>
		<SimpleData name="Customer">5445048.0</SimpleData>
		<SimpleData name="Name_1">TK.OLIV</SimpleData>
		<SimpleData name="Represent_">9.0052449E7</SimpleData>
		<SimpleData name="Jwk_Salesman">RABU GANJIL</SimpleData>
		<SimpleData name="SC">SD400A00117781E</SimpleData>
		<SimpleData name="Descript_">Gedong Aji Baru</SimpleData>
		<SimpleData name="LAT">-4.1988317</SimpleData>
		<SimpleData name="LONG">105.4112451</SimpleData>
	</SchemaData></ExtendedData>
      <Point><coordinates>105.4112451,-4.1988317,0</coordinates></Point>
  </Placemark>
  <Placemark id="doc__cov_beni_mey_26xlsx.3">
	<name>Beni Saputra</name>
	<description>Customer: 315345&lt;br&gt;Name 1: TK.DEWI KURNIA&lt;br&gt;Represent.: 90052449&lt;br&gt;Jwk Salesman: RABU GANJIL&lt;br&gt;SC: SD400A00118833E&lt;br&gt;Descript.: PS.E1&lt;br&gt;LAT: -4.180274&lt;br&gt;LONG: 105.4120749</description>
	<ExtendedData><SchemaData schemaUrl="#doc__cov_beni_mey_26xlsx">
		<SimpleData name="tessellate">-1</SimpleData>
		<SimpleData name="extrude">0</SimpleData>
		<SimpleData name="visibility">-1</SimpleData>
		<SimpleData name="Customer">315345.0</SimpleData>
		<SimpleData name="Name_1">TK.DEWI KURNIA</SimpleData>
		<SimpleData name="Represent_">9.0052449E7</SimpleData>
		<SimpleData name="Jwk_Salesman">RABU GANJIL</SimpleData>
		<SimpleData name="SC">SD400A00118833E</SimpleData>
		<SimpleData name="Descript_">PS.E1</SimpleData>
		<SimpleData name="LAT">-4.180274</SimpleData>
		<SimpleData name="LONG">105.4120749</SimpleData>
	</SchemaData></ExtendedData>
      <Point><coordinates>105.4120749,-4.180274,0</coordinates></Point>
  </Placemark>
  <Placemark id="doc__cov_beni_mey_26xlsx.4">
	<name>Beni Saputra</name>
	<description>Customer: 459207&lt;br&gt;Name 1: TK.DINI&lt;br&gt;Represent.: 90052449&lt;br&gt;Jwk Salesman: SABTU GANJIL&lt;br&gt;SC: SD400A00118755E&lt;br&gt;Descript.: GEDONG ARENG 2E&lt;br&gt;LAT: -4.186176&lt;br&gt;LONG: 105.379507</description>
	<ExtendedData><SchemaData schemaUrl="#doc__cov_beni_mey_26xlsx">
		<SimpleData name="tessellate">-1</SimpleData>
		<SimpleData name="extrude">0</SimpleData>
		<SimpleData name="visibility">-1</SimpleData>
		<SimpleData name="Customer">459207.0</SimpleData>
		<SimpleData name="Name_1">TK.DINI</SimpleData>
		<SimpleData name="Represent_">9.0052449E7</SimpleData>
		<SimpleData name="Jwk_Salesman">SABTU GANJIL</SimpleData>
		<SimpleData name="SC">SD400A00118755E</SimpleData>
		<SimpleData name="Descript_">GEDONG ARENG 2E</SimpleData>
		<SimpleData name="LAT">-4.186176</SimpleData>
		<SimpleData name="LONG">105.379507</SimpleData>
	</SchemaData></ExtendedData>
      <Point><coordinates>105.379507,-4.186176,0</coordinates></Point>
  </Placemark>
  <Placemark id="doc__cov_beni_mey_26xlsx.5">
	<name>Beni Saputra</name>
	<description>Customer: 2571357&lt;br&gt;Name 1: TK.ARMA&lt;br&gt;Represent.: 90052449&lt;br&gt;Jwk Salesman: SABTU GANJIL&lt;br&gt;SC: SD400A00118819E&lt;br&gt;Descript.: PS.E1&lt;br&gt;LAT: -4.144955&lt;br&gt;LONG: 105.416807</description>
	<ExtendedData><SchemaData schemaUrl="#doc__cov_beni_mey_26xlsx">
		<SimpleData name="tessellate">-1</SimpleData>
		<SimpleData name="extrude">0</SimpleData>
		<SimpleData name="visibility">-1</SimpleData>
		<SimpleData name="Customer">2571357.0</SimpleData>
		<SimpleData name="Name_1">TK.ARMA</SimpleData>
		<SimpleData name="Represent_">9.0052449E7</SimpleData>
		<SimpleData name="Jwk_Salesman">SABTU GANJIL</SimpleData>
		<SimpleData name="SC">SD400A00118819E</SimpleData>
		<SimpleData name="Descript_">PS.E1</SimpleData>
		<SimpleData name="LAT">-4.144955</SimpleData>
		<SimpleData name="LONG">105.416807</SimpleData>
	</SchemaData></ExtendedData>
      <Point><coordinates>105.416807,-4.144955,0</coordinates></Point>
  </Placemark>
  <Placemark id="doc__cov_beni_mey_26xlsx.6">
	<name>Beni Saputra</name>
	<description>Customer: 3211332&lt;br&gt;Name 1: TK.NAYMAR&lt;br&gt;Represent.: 90052449&lt;br&gt;Jwk Salesman: SENIN GANJIL&lt;br&gt;SC: SD400A00117795E&lt;br&gt;Descript.: PS. UNIT 2&lt;br&gt;LAT: -4.288212&lt;br&gt;LONG: 105.221169</description>
	<ExtendedData><SchemaData schemaUrl="#doc__cov_beni_mey_26xlsx">
		<SimpleData name="tessellate">-1</SimpleData>
		<SimpleData name="extrude">0</SimpleData>
		<SimpleData name="visibility">-1</SimpleData>
		<SimpleData name="Customer">3211332.0</SimpleData>
		<SimpleData name="Name_1">TK.NAYMAR</SimpleData>
		<SimpleData name="Represent_">9.0052449E7</SimpleData>
		<SimpleData name="Jwk_Salesman">SENIN GANJIL</SimpleData>
		<SimpleData name="SC">SD400A00117795E</SimpleData>
		<SimpleData name="Descript_">PS. UNIT 2</SimpleData>
		<SimpleData name="LAT">-4.288212</SimpleData>
		<SimpleData name="LONG">105.221169</SimpleData>
	</SchemaData></ExtendedData>
      <Point><coordinates>105.221169,-4.288212,0</coordinates></Point>
  </Placemark>
  <Placemark id="doc__cov_beni_mey_26xlsx.7">
	<name>Beni Saputra</name>
	<description>Customer: 5405990&lt;br&gt;Name 1: TK.SARIMANAH&lt;br&gt;Represent.: 90052449&lt;br&gt;Jwk Salesman: SENIN GANJIL&lt;br&gt;SC: SD400A00117830E&lt;br&gt;Descript.: PS. UNIT 2&lt;br&gt;LAT: -4.288575&lt;br&gt;LONG: 105.22034</description>
	<ExtendedData><SchemaData schemaUrl="#doc__cov_beni_mey_26xlsx">
		<SimpleData name="tessellate">-1</SimpleData>
		<SimpleData name="extrude">0</SimpleData>
		<SimpleData name="visibility">-1</SimpleData>
		<SimpleData name="Customer">5405990.0</SimpleData>
		<SimpleData name="Name_1">TK.SARIMANAH</SimpleData>
		<SimpleData name="Represent_">9.0052449E7</SimpleData>
		<SimpleData name="Jwk_Salesman">SENIN GANJIL</SimpleData>
		<SimpleData name="SC">SD400A00117830E</SimpleData>
		<SimpleData name="Descript_">PS. UNIT 2</SimpleData>
		<SimpleData name="LAT">-4.288575</SimpleData>
		<SimpleData name="LONG">105.22034</SimpleData>
	</SchemaData></ExtendedData>
      <Point><coordinates>105.22034,-4.288575,0</coordinates></Point>
  </Placemark>
  <Placemark id="doc__cov_beni_mey_26xlsx.8">
	<name>Beni Saputra</name>
	<description>Customer: 5405991&lt;br&gt;Name 1: TL.BU MIYEM&lt;br&gt;Represent.: 90052449&lt;br&gt;Jwk Salesman: SENIN GANJIL&lt;br&gt;SC: SD400A00117793E&lt;br&gt;Descript.: PS. UNIT 2&lt;br&gt;LAT: -4.29031&lt;br&gt;LONG: 105.22021</description>
	<ExtendedData><SchemaData schemaUrl="#doc__cov_beni_mey_26xlsx">
		<SimpleData name="tessellate">-1</SimpleData>
		<SimpleData name="extrude">0</SimpleData>
		<SimpleData name="visibility">-1</SimpleData>
		<SimpleData name="Customer">5405991.0</SimpleData>
		<SimpleData name="Name_1">TL.BU MIYEM</SimpleData>
		<SimpleData name="Represent_">9.0052449E7</SimpleData>
		<SimpleData name="Jwk_Salesman">SENIN GANJIL</SimpleData>
		<SimpleData name="SC">SD400A00117793E</SimpleData>
		<SimpleData name="Descript_">PS. UNIT 2</SimpleData>
		<SimpleData name="LAT">-4.29031</SimpleData>
		<SimpleData name="LONG">105.22021</SimpleData>
	</SchemaData></ExtendedData>
      <Point><coordinates>105.22021,-4.29031,0</coordinates></Point>
  </Placemark>
  <Placemark id="doc__cov_beni_mey_26xlsx.9">
	<name>Beni Saputra</name>
	<description>Customer: 5413640&lt;br&gt;Name 1: TK.KASYHATI&lt;br&gt;Represent.: 90052449&lt;br&gt;Jwk Salesman: KAMIS GANJIL&lt;br&gt;SC: SD400A00118176E&lt;br&gt;Descript.: PS. UNIT 2&lt;br&gt;LAT: -4.29446&lt;br&gt;LONG: 105.226006</description>
	<ExtendedData><SchemaData schemaUrl="#doc__cov_beni_mey_26xlsx">
		<SimpleData name="tessellate">-1</SimpleData>
		<SimpleData name="extrude">0</SimpleData>
		<SimpleData name="visibility">-1</SimpleData>
		<SimpleData name="Customer">5413640.0</SimpleData>
		<SimpleData name="Name_1">TK.KASYHATI</SimpleData>
		<SimpleData name="Represent_">9.0052449E7</SimpleData>
		<SimpleData name="Jwk_Salesman">KAMIS GANJIL</SimpleData>
		<SimpleData name="SC">SD400A00118176E</SimpleData>
		<SimpleData name="Descript_">PS. UNIT 2</SimpleData>
		<SimpleData name="LAT">-4.29446</SimpleData>
		<SimpleData name="LONG">105.226006</SimpleData>
	</SchemaData></ExtendedData>
      <Point><coordinates>105.226006,-4.29446,0</coordinates></Point>
  </Placemark>
  <Placemark id="doc__cov_beni_mey_26xlsx.10">
	<name>Beni Saputra</name>
	<description>Customer: 3639417&lt;br&gt;Name 1: WR MUZINAH&lt;br&gt;Represent.: 90052449&lt;br&gt;Jwk Salesman: SENIN GANJIL&lt;br&gt;SC: SD400A00118068E&lt;br&gt;Descript.: PS. UNIT 2&lt;br&gt;LAT: -4.2879688&lt;br&gt;LONG: 105.2208433</description>
	<ExtendedData><SchemaData schemaUrl="#doc__cov_beni_mey_26xlsx">
		<SimpleData name="tessellate">-1</SimpleData>
		<SimpleData name="extrude">0</SimpleData>
		<SimpleData name="visibility">-1</SimpleData>
		<SimpleData name="Customer">3639417.0</SimpleData>
		<SimpleData name="Name_1">WR MUZINAH</SimpleData>
		<SimpleData name="Represent_">9.0052449E7</SimpleData>
		<SimpleData name="Jwk_Salesman">SENIN GANJIL</SimpleData>
		<SimpleData name="SC">SD400A00118068E</SimpleData>
		<SimpleData name="Descript_">PS. UNIT 2</SimpleData>
		<SimpleData name="LAT">-4.2879688</SimpleData>
		<SimpleData name="LONG">105.2208433</SimpleData>
	</SchemaData></ExtendedData>
      <Point><coordinates>105.2208433,-4.2879688,0</coordinates></Point>
  </Placemark>
  <Placemark id="doc__cov_beni_mey_26xlsx.11">
	<name>Beni Saputra</name>
	<description>Customer: 5468466&lt;br&gt;Name 1: TK.BARAN&lt;br&gt;Represent.: 90052449&lt;br&gt;Jwk Salesman: SENIN GANJIL&lt;br&gt;SC: SD400A00118159E&lt;br&gt;Descript.: PS. UNIT 2&lt;br&gt;LAT: -4.2881137&lt;br&gt;LONG: 105.2298235</description>
	<ExtendedData><SchemaData schemaUrl="#doc__cov_beni_mey_26xlsx">
		<SimpleData name="tessellate">-1</SimpleData>
		<SimpleData name="extrude">0</SimpleData>
		<SimpleData name="visibility">-1</SimpleData>
		<SimpleData name="Customer">5468466.0</SimpleData>
		<SimpleData name="Name_1">TK.BARAN</SimpleData>
		<SimpleData name="Represent_">9.0052449E7</SimpleData>
		<SimpleData name="Jwk_Salesman">SENIN GANJIL</SimpleData>
		<SimpleData name="SC">SD400A00118159E</SimpleData>
		<SimpleData name="Descript_">PS. UNIT 2</SimpleData>
		<SimpleData name="LAT">-4.2881137</SimpleData>
		<SimpleData name="LONG">105.2298235</SimpleData>
	</SchemaData></ExtendedData>
      <Point><coordinates>105.2298235,-4.2881137,0</coordinates></Point>
  </Placemark>
  <Placemark id="doc__cov_beni_mey_26xlsx.12">
	<name>Beni Saputra</name>
	<description>Customer: 3591527&lt;br&gt;Name 1: TK.WULAN&lt;br&gt;Represent.: 90052449&lt;br&gt;Jwk Salesman: SENIN GENAP&lt;br&gt;SC: SD400A00117900E&lt;br&gt;Descript.: Unit 4&lt;br&gt;LAT: -4.235294&lt;br&gt;LONG: 105.283686</description>
	<ExtendedData><SchemaData schemaUrl="#doc__cov_beni_mey_26xlsx">
		<SimpleData name="tessellate">-1</SimpleData>
		<SimpleData name="extrude">0</SimpleData>
		<SimpleData name="visibility">-1</SimpleData>
		<SimpleData name="Customer">3591527.0</SimpleData>
		<SimpleData name="Name_1">TK.WULAN</SimpleData>
		<SimpleData name="Represent_">9.0052449E7</SimpleData>
		<SimpleData name="Jwk_Salesman">SENIN GENAP</SimpleData>
		<SimpleData name="SC">SD400A00117900E</SimpleData>
		<SimpleData name="Descript_">Unit 4</SimpleData>
		<SimpleData name="LAT">-4.235294</SimpleData>
		<SimpleData name="LONG">105.283686</SimpleData>
	</SchemaData></ExtendedData>
      <Point><coordinates>105.283686,-4.235294,0</coordinates></Point>
  </Placemark>
  <Placemark id="doc__cov_beni_mey_26xlsx.13">
	<name>Beni Saputra</name>
	<description>Customer: 3781455&lt;br&gt;Name 1: TK.TUNAS JAYA&lt;br&gt;Represent.: 90052449&lt;br&gt;Jwk Salesman: KAMIS GANJIL&lt;br&gt;SC: SD400A00118272E&lt;br&gt;Descript.: Unit 3&lt;br&gt;LAT: -4.284858&lt;br&gt;LONG: 105.272545</description>
	<ExtendedData><SchemaData schemaUrl="#doc__cov_beni_mey_26xlsx">
		<SimpleData name="tessellate">-1</SimpleData>
		<SimpleData name="extrude">0</SimpleData>
		<SimpleData name="visibility">-1</SimpleData>
		<SimpleData name="Customer">3781455.0</SimpleData>
		<SimpleData name="Name_1">TK.TUNAS JAYA</SimpleData>
		<SimpleData name="Represent_">9.0052449E7</SimpleData>
		<SimpleData name="Jwk_Salesman">KAMIS GANJIL</SimpleData>
		<SimpleData name="SC">SD400A00118272E</SimpleData>
		<SimpleData name="Descript_">Unit 3</SimpleData>
		<SimpleData name="LAT">-4.284858</SimpleData>
		<SimpleData name="LONG">105.272545</SimpleData>
	</SchemaData></ExtendedData>
      <Point><coordinates>105.272545,-4.284858,0</coordinates></Point>
  </Placemark>
  <Placemark id="doc__cov_beni_mey_26xlsx.14">
	<name>Beni Saputra</name>
	<description>Customer: 5413641&lt;br&gt;Name 1: TK.SITI ASIYAH&lt;br&gt;Represent.: 90052449&lt;br&gt;Jwk Salesman: SELASA GANJIL&lt;br&gt;SC: SD400A00117782E&lt;br&gt;Descript.: Unit 8&lt;br&gt;LAT: -4.324093&lt;br&gt;LONG: 105.222573</description>
	<ExtendedData><SchemaData schemaUrl="#doc__cov_beni_mey_26xlsx">
		<SimpleData name="tessellate">-1</SimpleData>
		<SimpleData name="extrude">0</SimpleData>
		<SimpleData name="visibility">-1</SimpleData>
		<SimpleData name="Customer">5413641.0</SimpleData>
		<SimpleData name="Name_1">TK.SITI ASIYAH</SimpleData>
		<SimpleData name="Represent_">9.0052449E7</SimpleData>
		<SimpleData name="Jwk_Salesman">SELASA GANJIL</SimpleData>
		<SimpleData name="SC">SD400A00117782E</SimpleData>
		<SimpleData name="Descript_">Unit 8</SimpleData>
		<SimpleData name="LAT">-4.324093</SimpleData>
		<SimpleData name="LONG">105.222573</SimpleData>
	</SchemaData></ExtendedData>
      <Point><coordinates>105.222573,-4.324093,0</coordinates></Point>
  </Placemark>
  <Placemark id="doc__cov_beni_mey_26xlsx.15">
	<name>Beni Saputra</name>
	<description>Customer: 339179&lt;br&gt;Name 1: TK.ATASYA&lt;br&gt;Represent.: 90052449&lt;br&gt;Jwk Salesman: SELASA GANJIL&lt;br&gt;SC: SD400A00117885E&lt;br&gt;Descript.: Unit 8&lt;br&gt;LAT: -4.32524&lt;br&gt;LONG: 105.2209603</description>
	<ExtendedData><SchemaData schemaUrl="#doc__cov_beni_mey_26xlsx">
		<SimpleData name="tessellate">-1</SimpleData>
		<SimpleData name="extrude">0</SimpleData>
		<SimpleData name="visibility">-1</SimpleData>
		<SimpleData name="Customer">339179.0</SimpleData>
		<SimpleData name="Name_1">TK.ATASYA</SimpleData>
		<SimpleData name="Represent_">9.0052449E7</SimpleData>
		<SimpleData name="Jwk_Salesman">SELASA GANJIL</SimpleData>
		<SimpleData name="SC">SD400A00117885E</SimpleData>
		<SimpleData name="Descript_">Unit 8</SimpleData>
		<SimpleData name="LAT">-4.32524</SimpleData>
		<SimpleData name="LONG">105.2209603</SimpleData>
	</SchemaData></ExtendedData>
      <Point><coordinates>105.2209603,-4.32524,0</coordinates></Point>
  </Placemark>
  <Placemark id="doc__cov_beni_mey_26xlsx.16">
	<name>Beni Saputra</name>
	<description>Customer: 5436940&lt;br&gt;Name 1: TK.AFDI&lt;br&gt;Represent.: 90052449&lt;br&gt;Jwk Salesman: SELASA GANJIL&lt;br&gt;SC: SD400A00118143E&lt;br&gt;Descript.: PS. UNIT 2&lt;br&gt;LAT: -4.311566&lt;br&gt;LONG: 105.223222</description>
	<ExtendedData><SchemaData schemaUrl="#doc__cov_beni_mey_26xlsx">
		<SimpleData name="tessellate">-1</SimpleData>
		<SimpleData name="extrude">0</SimpleData>
		<SimpleData name="visibility">-1</SimpleData>
		<SimpleData name="Customer">5436940.0</SimpleData>
		<SimpleData name="Name_1">TK.AFDI</SimpleData>
		<SimpleData name="Represent_">9.0052449E7</SimpleData>
		<SimpleData name="Jwk_Salesman">SELASA GANJIL</SimpleData>
		<SimpleData name="SC">SD400A00118143E</SimpleData>
		<SimpleData name="Descript_">PS. UNIT 2</SimpleData>
		<SimpleData name="LAT">-4.311566</SimpleData>
		<SimpleData name="LONG">105.223222</SimpleData>
	</SchemaData></ExtendedData>
      <Point><coordinates>105.223222,-4.311566,0</coordinates></Point>
  </Placemark>
  <Placemark id="doc__cov_beni_mey_26xlsx.17">
	<name>Beni Saputra</name>
	<description>Customer: 4091680&lt;br&gt;Name 1: TK.BABE&lt;br&gt;Represent.: 90052449&lt;br&gt;Jwk Salesman: KAMIS GANJIL&lt;br&gt;SC: SD400A00129562H&lt;br&gt;Descript.: Unit 3&lt;br&gt;LAT: -4.3104402&lt;br&gt;LONG: 105.2474719</description>
	<ExtendedData><SchemaData schemaUrl="#doc__cov_beni_mey_26xlsx">
		<SimpleData name="tessellate">-1</SimpleData>
		<SimpleData name="extrude">0</SimpleData>
		<SimpleData name="visibility">-1</SimpleData>
		<SimpleData name="Customer">4091680.0</SimpleData>
		<SimpleData name="Name_1">TK.BABE</SimpleData>
		<SimpleData name="Represent_">9.0052449E7</SimpleData>
		<SimpleData name="Jwk_Salesman">KAMIS GANJIL</SimpleData>
		<SimpleData name="SC">SD400A00129562H</SimpleData>
		<SimpleData name="Descript_">Unit 3</SimpleData>
		<SimpleData name="LAT">-4.3104402</SimpleData>
		<SimpleData name="LONG">105.2474719</SimpleData>
	</SchemaData></ExtendedData>
      <Point><coordinates>105.2474719,-4.3104402,0</coordinates></Point>
  </Placemark>
  <Placemark id="doc__cov_beni_mey_26xlsx.18">
	<name>Beni Saputra</name>
	<description>Customer: 5479525&lt;br&gt;Name 1: TK.MALA&lt;br&gt;Represent.: 90052449&lt;br&gt;Jwk Salesman: KAMIS GANJIL&lt;br&gt;SC: SD400A00118168E&lt;br&gt;Descript.: Ps Rajawali&lt;br&gt;LAT: -4.292968&lt;br&gt;LONG: 105.362326</description>
	<ExtendedData><SchemaData schemaUrl="#doc__cov_beni_mey_26xlsx">
		<SimpleData name="tessellate">-1</SimpleData>
		<SimpleData name="extrude">0</SimpleData>
		<SimpleData name="visibility">-1</SimpleData>
		<SimpleData name="Customer">5479525.0</SimpleData>
		<SimpleData name="Name_1">TK.MALA</SimpleData>
		<SimpleData name="Represent_">9.0052449E7</SimpleData>
		<SimpleData name="Jwk_Salesman">KAMIS GANJIL</SimpleData>
		<SimpleData name="SC">SD400A00118168E</SimpleData>
		<SimpleData name="Descript_">Ps Rajawali</SimpleData>
		<SimpleData name="LAT">-4.292968</SimpleData>
		<SimpleData name="LONG">105.362326</SimpleData>
	</SchemaData></ExtendedData>
      <Point><coordinates>105.362326,-4.292968,0</coordinates></Point>
  </Placemark>
  <Placemark id="doc__cov_beni_mey_26xlsx.19">
	<name>Beni Saputra</name>
	<description>Customer: 5490503&lt;br&gt;Name 1: TK.YOHANES&lt;br&gt;Represent.: 90052449&lt;br&gt;Jwk Salesman: KAMIS GENAP&lt;br&gt;SC: SD400A00117893E&lt;br&gt;Descript.: Ps Rajawali&lt;br&gt;LAT: -4.2775544&lt;br&gt;LONG: 105.455615</description>
	<ExtendedData><SchemaData schemaUrl="#doc__cov_beni_mey_26xlsx">
		<SimpleData name="tessellate">-1</SimpleData>
		<SimpleData name="extrude">0</SimpleData>
		<SimpleData name="visibility">-1</SimpleData>
		<SimpleData name="Customer">5490503.0</SimpleData>
		<SimpleData name="Name_1">TK.YOHANES</SimpleData>
		<SimpleData name="Represent_">9.0052449E7</SimpleData>
		<SimpleData name="Jwk_Salesman">KAMIS GENAP</SimpleData>
		<SimpleData name="SC">SD400A00117893E</SimpleData>
		<SimpleData name="Descript_">Ps Rajawali</SimpleData>
		<SimpleData name="LAT">-4.2775544</SimpleData>
		<SimpleData name="LONG">105.455615</SimpleData>
	</SchemaData></ExtendedData>
      <Point><coordinates>105.455615,-4.2775544,0</coordinates></Point>
  </Placemark>
  <Placemark id="doc__cov_beni_mey_26xlsx.20">
	<name>Beni Saputra</name>
	<description>Customer: 427055&lt;br&gt;Name 1: TK.KASIO&lt;br&gt;Represent.: 90052449&lt;br&gt;Jwk Salesman: KAMIS GANJIL&lt;br&gt;SC: SD400A00129717H&lt;br&gt;Descript.: Ps Rajawali&lt;br&gt;LAT: -4.274184&lt;br&gt;LONG: 105.414988</description>
	<ExtendedData><SchemaData schemaUrl="#doc__cov_beni_mey_26xlsx">
		<SimpleData name="tessellate">-1</SimpleData>
		<SimpleData name="extrude">0</SimpleData>
		<SimpleData name="visibility">-1</SimpleData>
		<SimpleData name="Customer">427055.0</SimpleData>
		<SimpleData name="Name_1">TK.KASIO</SimpleData>
		<SimpleData name="Represent_">9.0052449E7</SimpleData>
		<SimpleData name="Jwk_Salesman">KAMIS GANJIL</SimpleData>
		<SimpleData name="SC">SD400A00129717H</SimpleData>
		<SimpleData name="Descript_">Ps Rajawali</SimpleData>
		<SimpleData name="LAT">-4.274184</SimpleData>
		<SimpleData name="LONG">105.414988</SimpleData>
	</SchemaData></ExtendedData>
      <Point><coordinates>105.414988,-4.274184,0</coordinates></Point>
  </Placemark>
  <Placemark id="doc__cov_beni_mey_26xlsx.21">
	<name>Beni Saputra</name>
	<description>Customer: 5552325&lt;br&gt;Name 1: TK.ZALWA&lt;br&gt;Represent.: 90052449&lt;br&gt;Jwk Salesman: KAMIS GANJIL&lt;br&gt;SC: SD400A00118822E&lt;br&gt;Descript.: PS. UNIT 2&lt;br&gt;LAT: -4.302642&lt;br&gt;LONG: 105.254224</description>
	<ExtendedData><SchemaData schemaUrl="#doc__cov_beni_mey_26xlsx">
		<SimpleData name="tessellate">-1</SimpleData>
		<SimpleData name="extrude">0</SimpleData>
		<SimpleData name="visibility">-1</SimpleData>
		<SimpleData name="Customer">5552325.0</SimpleData>
		<SimpleData name="Name_1">TK.ZALWA</SimpleData>
		<SimpleData name="Represent_">9.0052449E7</SimpleData>
		<SimpleData name="Jwk_Salesman">KAMIS GANJIL</SimpleData>
		<SimpleData name="SC">SD400A00118822E</SimpleData>
		<SimpleData name="Descript_">PS. UNIT 2</SimpleData>
		<SimpleData name="LAT">-4.302642</SimpleData>
		<SimpleData name="LONG">105.254224</SimpleData>
	</SchemaData></ExtendedData>
      <Point><coordinates>105.254224,-4.302642,0</coordinates></Point>
  </Placemark>
  <Placemark id="doc__cov_beni_mey_26xlsx.22">
	<name>Beni Saputra</name>
	<description>Customer: 5554333&lt;br&gt;Name 1: TK.ABI&lt;br&gt;Represent.: 90052449&lt;br&gt;Jwk Salesman: KAMIS GENAP&lt;br&gt;SC: SD400A00118722E&lt;br&gt;Descript.: Ps SPI B3&lt;br&gt;LAT: -4.285271&lt;br&gt;LONG: 105.490268</description>
	<ExtendedData><SchemaData schemaUrl="#doc__cov_beni_mey_26xlsx">
		<SimpleData name="tessellate">-1</SimpleData>
		<SimpleData name="extrude">0</SimpleData>
		<SimpleData name="visibility">-1</SimpleData>
		<SimpleData name="Customer">5554333.0</SimpleData>
		<SimpleData name="Name_1">TK.ABI</SimpleData>
		<SimpleData name="Represent_">9.0052449E7</SimpleData>
		<SimpleData name="Jwk_Salesman">KAMIS GENAP</SimpleData>
		<SimpleData name="SC">SD400A00118722E</SimpleData>
		<SimpleData name="Descript_">Ps SPI B3</SimpleData>
		<SimpleData name="LAT">-4.285271</SimpleData>
		<SimpleData name="LONG">105.490268</SimpleData>
	</SchemaData></ExtendedData>
      <Point><coordinates>105.490268,-4.285271,0</coordinates></Point>
  </Placemark>
  <Placemark id="doc__cov_beni_mey_26xlsx.23">
	<name>Beni Saputra</name>
	<description>Customer: 1735362&lt;br&gt;Name 1: ITA/MARLIYAH&lt;br&gt;Represent.: 90052449&lt;br&gt;Jwk Salesman: SENIN GANJIL&lt;br&gt;SC: SD400A00117829E&lt;br&gt;Descript.: PS. UNIT 2&lt;br&gt;LAT: -4.273503&lt;br&gt;LONG: 105.222529</description>
	<ExtendedData><SchemaData schemaUrl="#doc__cov_beni_mey_26xlsx">
		<SimpleData name="tessellate">-1</SimpleData>
		<SimpleData name="extrude">0</SimpleData>
		<SimpleData name="visibility">-1</SimpleData>
		<SimpleData name="Customer">1735362.0</SimpleData>
		<SimpleData name="Name_1">ITA/MARLIYAH</SimpleData>
		<SimpleData name="Represent_">9.0052449E7</SimpleData>
		<SimpleData name="Jwk_Salesman">SENIN GANJIL</SimpleData>
		<SimpleData name="SC">SD400A00117829E</SimpleData>
		<SimpleData name="Descript_">PS. UNIT 2</SimpleData>
		<SimpleData name="LAT">-4.273503</SimpleData>
		<SimpleData name="LONG">105.222529</SimpleData>
	</SchemaData></ExtendedData>
      <Point><coordinates>105.222529,-4.273503,0</coordinates></Point>
  </Placemark>
  <Placemark id="doc__cov_beni_mey_26xlsx.24">
	<name>Beni Saputra</name>
	<description>Customer: 1957638&lt;br&gt;Name 1: TK.AROFAT&lt;br&gt;Represent.: 90052449&lt;br&gt;Jwk Salesman: SENIN GANJIL&lt;br&gt;SC: SD400A00117780E&lt;br&gt;Descript.: PS. UNIT 2&lt;br&gt;LAT: -4.276109&lt;br&gt;LONG: 105.222304</description>
	<ExtendedData><SchemaData schemaUrl="#doc__cov_beni_mey_26xlsx">
		<SimpleData name="tessellate">-1</SimpleData>
		<SimpleData name="extrude">0</SimpleData>
		<SimpleData name="visibility">-1</SimpleData>
		<SimpleData name="Customer">1957638.0</SimpleData>
		<SimpleData name="Name_1">TK.AROFAT</SimpleData>
		<SimpleData name="Represent_">9.0052449E7</SimpleData>
		<SimpleData name="Jwk_Salesman">SENIN GANJIL</SimpleData>
		<SimpleData name="SC">SD400A00117780E</SimpleData>
		<SimpleData name="Descript_">PS. UNIT 2</SimpleData>
		<SimpleData name="LAT">-4.276109</SimpleData>
		<SimpleData name="LONG">105.222304</SimpleData>
	</SchemaData></ExtendedData>
      <Point><coordinates>105.222304,-4.276109,0</coordinates></Point>
  </Placemark>
  <Placemark id="doc__cov_beni_mey_26xlsx.25">
	<name>Beni Saputra</name>
	<description>Customer: 1776372&lt;br&gt;Name 1: ARSY GABE&lt;br&gt;Represent.: 90052449&lt;br&gt;Jwk Salesman: SENIN GENAP&lt;br&gt;SC: SD400A00118077E&lt;br&gt;Descript.: SP. PENAWAR&lt;br&gt;LAT: -4.2447008&lt;br&gt;LONG: 105.2553209</description>
	<ExtendedData><SchemaData schemaUrl="#doc__cov_beni_mey_26xlsx">
		<SimpleData name="tessellate">-1</SimpleData>
		<SimpleData name="extrude">0</SimpleData>
		<SimpleData name="visibility">-1</SimpleData>
		<SimpleData name="Customer">1776372.0</SimpleData>
		<SimpleData name="Name_1">ARSY GABE</SimpleData>
		<SimpleData name="Represent_">9.0052449E7</SimpleData>
		<SimpleData name="Jwk_Salesman">SENIN GENAP</SimpleData>
		<SimpleData name="SC">SD400A00118077E</SimpleData>
		<SimpleData name="Descript_">SP. PENAWAR</SimpleData>
		<SimpleData name="LAT">-4.2447008</SimpleData>
		<SimpleData name="LONG">105.2553209</SimpleData>
	</SchemaData></ExtendedData>
      <Point><coordinates>105.2553209,-4.2447008,0</coordinates></Point>
  </Placemark>
  <Placemark id="doc__cov_beni_mey_26xlsx.26">
	<name>Beni Saputra</name>
	<description>Customer: 5442798&lt;br&gt;Name 1: TK.YANI&lt;br&gt;Represent.: 90052449&lt;br&gt;Jwk Salesman: SENIN GENAP&lt;br&gt;SC: SD400A00117952E&lt;br&gt;Descript.: PS. UNIT 2&lt;br&gt;LAT: -4.2434339&lt;br&gt;LONG: 105.246572</description>
	<ExtendedData><SchemaData schemaUrl="#doc__cov_beni_mey_26xlsx">
		<SimpleData name="tessellate">-1</SimpleData>
		<SimpleData name="extrude">0</SimpleData>
		<SimpleData name="visibility">-1</SimpleData>
		<SimpleData name="Customer">5442798.0</SimpleData>
		<SimpleData name="Name_1">TK.YANI</SimpleData>
		<SimpleData name="Represent_">9.0052449E7</SimpleData>
		<SimpleData name="Jwk_Salesman">SENIN GENAP</SimpleData>
		<SimpleData name="SC">SD400A00117952E</SimpleData>
		<SimpleData name="Descript_">PS. UNIT 2</SimpleData>
		<SimpleData name="LAT">-4.2434339</SimpleData>
		<SimpleData name="LONG">105.246572</SimpleData>
	</SchemaData></ExtendedData>
      <Point><coordinates>105.246572,-4.2434339,0</coordinates></Point>
  </Placemark>
  <Placemark id="doc__cov_beni_mey_26xlsx.27">
	<name>Beni Saputra</name>
	<description>Customer: 2951041&lt;br&gt;Name 1: TK.BU KOM&lt;br&gt;Represent.: 90052449&lt;br&gt;Jwk Salesman: SENIN GENAP&lt;br&gt;SC: SD400A00118171E&lt;br&gt;Descript.: Agung Jaya&lt;br&gt;LAT: -4.220035&lt;br&gt;LONG: 105.26377</description>
	<ExtendedData><SchemaData schemaUrl="#doc__cov_beni_mey_26xlsx">
		<SimpleData name="tessellate">-1</SimpleData>
		<SimpleData name="extrude">0</SimpleData>
		<SimpleData name="visibility">-1</SimpleData>
		<SimpleData name="Customer">2951041.0</SimpleData>
		<SimpleData name="Name_1">TK.BU KOM</SimpleData>
		<SimpleData name="Represent_">9.0052449E7</SimpleData>
		<SimpleData name="Jwk_Salesman">SENIN GENAP</SimpleData>
		<SimpleData name="SC">SD400A00118171E</SimpleData>
		<SimpleData name="Descript_">Agung Jaya</SimpleData>
		<SimpleData name="LAT">-4.220035</SimpleData>
		<SimpleData name="LONG">105.26377</SimpleData>
	</SchemaData></ExtendedData>
      <Point><coordinates>105.26377,-4.220035,0</coordinates></Point>
  </Placemark>
  <Placemark id="doc__cov_beni_mey_26xlsx.28">
	<name>Beni Saputra</name>
	<description>Customer: 5531597&lt;br&gt;Name 1: TK.ARSYILA&lt;br&gt;Represent.: 90052449&lt;br&gt;Jwk Salesman: SELASA GANJIL&lt;br&gt;SC: SD400A00118173E&lt;br&gt;Descript.: SP. PENAWAR&lt;br&gt;LAT: -4.267834&lt;br&gt;LONG: 105.239311</description>
	<ExtendedData><SchemaData schemaUrl="#doc__cov_beni_mey_26xlsx">
		<SimpleData name="tessellate">-1</SimpleData>
		<SimpleData name="extrude">0</SimpleData>
		<SimpleData name="visibility">-1</SimpleData>
		<SimpleData name="Customer">5531597.0</SimpleData>
		<SimpleData name="Name_1">TK.ARSYILA</SimpleData>
		<SimpleData name="Represent_">9.0052449E7</SimpleData>
		<SimpleData name="Jwk_Salesman">SELASA GANJIL</SimpleData>
		<SimpleData name="SC">SD400A00118173E</SimpleData>
		<SimpleData name="Descript_">SP. PENAWAR</SimpleData>
		<SimpleData name="LAT">-4.267834</SimpleData>
		<SimpleData name="LONG">105.239311</SimpleData>
	</SchemaData></ExtendedData>
      <Point><coordinates>105.239311,-4.267834,0</coordinates></Point>
  </Placemark>
  <Placemark id="doc__cov_beni_mey_26xlsx.29">
	<name>Beni Saputra</name>
	<description>Customer: 5286712&lt;br&gt;Name 1: TK.MERIYANTI&lt;br&gt;Represent.: 90052449&lt;br&gt;Jwk Salesman: SENIN GENAP&lt;br&gt;SC: SD400A00118756E&lt;br&gt;Descript.: Agung Jaya&lt;br&gt;LAT: -4.2089399&lt;br&gt;LONG: 105.2550125</description>
	<ExtendedData><SchemaData schemaUrl="#doc__cov_beni_mey_26xlsx">
		<SimpleData name="tessellate">-1</SimpleData>
		<SimpleData name="extrude">0</SimpleData>
		<SimpleData name="visibility">-1</SimpleData>
		<SimpleData name="Customer">5286712.0</SimpleData>
		<SimpleData name="Name_1">TK.MERIYANTI</SimpleData>
		<SimpleData name="Represent_">9.0052449E7</SimpleData>
		<SimpleData name="Jwk_Salesman">SENIN GENAP</SimpleData>
		<SimpleData name="SC">SD400A00118756E</SimpleData>
		<SimpleData name="Descript_">Agung Jaya</SimpleData>
		<SimpleData name="LAT">-4.2089399</SimpleData>
		<SimpleData name="LONG">105.2550125</SimpleData>
	</SchemaData></ExtendedData>
      <Point><coordinates>105.2550125,-4.2089399,0</coordinates></Point>
  </Placemark>
  <Placemark id="doc__cov_beni_mey_26xlsx.30">
	<name>Beni Saputra</name>
	<description>Customer: 209215&lt;br&gt;Name 1: TK. OPIK&lt;br&gt;Represent.: 90052449&lt;br&gt;Jwk Salesman: SENIN GENAP&lt;br&gt;SC: SD400A00118723E&lt;br&gt;Descript.: Ringin Sari&lt;br&gt;LAT: -4.238653&lt;br&gt;LONG: 105.343156</description>
	<ExtendedData><SchemaData schemaUrl="#doc__cov_beni_mey_26xlsx">
		<SimpleData name="tessellate">-1</SimpleData>
		<SimpleData name="extrude">0</SimpleData>
		<SimpleData name="visibility">-1</SimpleData>
		<SimpleData name="Customer">209215.0</SimpleData>
		<SimpleData name="Name_1">TK. OPIK</SimpleData>
		<SimpleData name="Represent_">9.0052449E7</SimpleData>
		<SimpleData name="Jwk_Salesman">SENIN GENAP</SimpleData>
		<SimpleData name="SC">SD400A00118723E</SimpleData>
		<SimpleData name="Descript_">Ringin Sari</SimpleData>
		<SimpleData name="LAT">-4.238653</SimpleData>
		<SimpleData name="LONG">105.343156</SimpleData>
	</SchemaData></ExtendedData>
      <Point><coordinates>105.343156,-4.238653,0</coordinates></Point>
  </Placemark>
  <Placemark id="doc__cov_beni_mey_26xlsx.31">
	<name>Beni Saputra</name>
	<description>Customer: 5464249&lt;br&gt;Name 1: TK.YUNI&lt;br&gt;Represent.: 90052449&lt;br&gt;Jwk Salesman: SABTU GENAP&lt;br&gt;SC: SD400A00117555E&lt;br&gt;Descript.: PS. H I GD. AJI BARU&lt;br&gt;LAT: -4.164316&lt;br&gt;LONG: 105.496688</description>
	<ExtendedData><SchemaData schemaUrl="#doc__cov_beni_mey_26xlsx">
		<SimpleData name="tessellate">-1</SimpleData>
		<SimpleData name="extrude">0</SimpleData>
		<SimpleData name="visibility">-1</SimpleData>
		<SimpleData name="Customer">5464249.0</SimpleData>
		<SimpleData name="Name_1">TK.YUNI</SimpleData>
		<SimpleData name="Represent_">9.0052449E7</SimpleData>
		<SimpleData name="Jwk_Salesman">SABTU GENAP</SimpleData>
		<SimpleData name="SC">SD400A00117555E</SimpleData>
		<SimpleData name="Descript_">PS. H I GD. AJI BARU</SimpleData>
		<SimpleData name="LAT">-4.164316</SimpleData>
		<SimpleData name="LONG">105.496688</SimpleData>
	</SchemaData></ExtendedData>
      <Point><coordinates>105.496688,-4.164316,0</coordinates></Point>
  </Placemark>
  <Placemark id="doc__cov_beni_mey_26xlsx.32">
	<name>Beni Saputra</name>
	<description>Customer: 4582353&lt;br&gt;Name 1: DEGA MART&lt;br&gt;Represent.: 90052449&lt;br&gt;Jwk Salesman: RABU GANJIL&lt;br&gt;SC: SD400A00118152E&lt;br&gt;Descript.: PS. H I GD. AJI BARU&lt;br&gt;LAT: -4.182402&lt;br&gt;LONG: 105.505109</description>
	<ExtendedData><SchemaData schemaUrl="#doc__cov_beni_mey_26xlsx">
		<SimpleData name="tessellate">-1</SimpleData>
		<SimpleData name="extrude">0</SimpleData>
		<SimpleData name="visibility">-1</SimpleData>
		<SimpleData name="Customer">4582353.0</SimpleData>
		<SimpleData name="Name_1">DEGA MART</SimpleData>
		<SimpleData name="Represent_">9.0052449E7</SimpleData>
		<SimpleData name="Jwk_Salesman">RABU GANJIL</SimpleData>
		<SimpleData name="SC">SD400A00118152E</SimpleData>
		<SimpleData name="Descript_">PS. H I GD. AJI BARU</SimpleData>
		<SimpleData name="LAT">-4.182402</SimpleData>
		<SimpleData name="LONG">105.505109</SimpleData>
	</SchemaData></ExtendedData>
      <Point><coordinates>105.505109,-4.182402,0</coordinates></Point>
  </Placemark>
  <Placemark id="doc__cov_beni_mey_26xlsx.33">
	<name>Beni Saputra</name>
	<description>Customer: 2893135&lt;br&gt;Name 1: TK.RIKA&lt;br&gt;Represent.: 90052449&lt;br&gt;Jwk Salesman: RABU GANJIL&lt;br&gt;SC: SD400A00118172E&lt;br&gt;Descript.: PS. H I GD. AJI BARU&lt;br&gt;LAT: -4.190318&lt;br&gt;LONG: 105.526088</description>
	<ExtendedData><SchemaData schemaUrl="#doc__cov_beni_mey_26xlsx">
		<SimpleData name="tessellate">-1</SimpleData>
		<SimpleData name="extrude">0</SimpleData>
		<SimpleData name="visibility">-1</SimpleData>
		<SimpleData name="Customer">2893135.0</SimpleData>
		<SimpleData name="Name_1">TK.RIKA</SimpleData>
		<SimpleData name="Represent_">9.0052449E7</SimpleData>
		<SimpleData name="Jwk_Salesman">RABU GANJIL</SimpleData>
		<SimpleData name="SC">SD400A00118172E</SimpleData>
		<SimpleData name="Descript_">PS. H I GD. AJI BARU</SimpleData>
		<SimpleData name="LAT">-4.190318</SimpleData>
		<SimpleData name="LONG">105.526088</SimpleData>
	</SchemaData></ExtendedData>
      <Point><coordinates>105.526088,-4.190318,0</coordinates></Point>
  </Placemark>
  <Placemark id="doc__cov_beni_mey_26xlsx.34">
	<name>Beni Saputra</name>
	<description>Customer: 5534919&lt;br&gt;Name 1: SRC.YANTO&lt;br&gt;Represent.: 90052449&lt;br&gt;Jwk Salesman: SABTU GENAP&lt;br&gt;SC: SD400A00118065E&lt;br&gt;Descript.: Gedong Aji Baru&lt;br&gt;LAT: -4.167449&lt;br&gt;LONG: 105.493052</description>
	<ExtendedData><SchemaData schemaUrl="#doc__cov_beni_mey_26xlsx">
		<SimpleData name="tessellate">-1</SimpleData>
		<SimpleData name="extrude">0</SimpleData>
		<SimpleData name="visibility">-1</SimpleData>
		<SimpleData name="Customer">5534919.0</SimpleData>
		<SimpleData name="Name_1">SRC.YANTO</SimpleData>
		<SimpleData name="Represent_">9.0052449E7</SimpleData>
		<SimpleData name="Jwk_Salesman">SABTU GENAP</SimpleData>
		<SimpleData name="SC">SD400A00118065E</SimpleData>
		<SimpleData name="Descript_">Gedong Aji Baru</SimpleData>
		<SimpleData name="LAT">-4.167449</SimpleData>
		<SimpleData name="LONG">105.493052</SimpleData>
	</SchemaData></ExtendedData>
      <Point><coordinates>105.493052,-4.167449,0</coordinates></Point>
  </Placemark>
  <Placemark id="doc__cov_beni_mey_26xlsx.35">
	<name>Beni Saputra</name>
	<description>Customer: 5534934&lt;br&gt;Name 1: TK.BU MALA&lt;br&gt;Represent.: 90052449&lt;br&gt;Jwk Salesman: JUMAT GENAP&lt;br&gt;SC: DUMMY 1&lt;br&gt;Descript.: PS. RAWAJITU&lt;br&gt;LAT: -4.216235&lt;br&gt;LONG: 105.666885</description>
	<ExtendedData><SchemaData schemaUrl="#doc__cov_beni_mey_26xlsx">
		<SimpleData name="tessellate">-1</SimpleData>
		<SimpleData name="extrude">0</SimpleData>
		<SimpleData name="visibility">-1</SimpleData>
		<SimpleData name="Customer">5534934.0</SimpleData>
		<SimpleData name="Name_1">TK.BU MALA</SimpleData>
		<SimpleData name="Represent_">9.0052449E7</SimpleData>
		<SimpleData name="Jwk_Salesman">JUMAT GENAP</SimpleData>
		<SimpleData name="SC">DUMMY 1</SimpleData>
		<SimpleData name="Descript_">PS. RAWAJITU</SimpleData>
		<SimpleData name="LAT">-4.216235</SimpleData>
		<SimpleData name="LONG">105.666885</SimpleData>
	</SchemaData></ExtendedData>
      <Point><coordinates>105.666885,-4.216235,0</coordinates></Point>
  </Placemark>
  <Placemark id="doc__cov_beni_mey_26xlsx.36">
	<name>Beni Saputra</name>
	<description>Customer: 344680&lt;br&gt;Name 1: TK.IQBAL ROMLI&lt;br&gt;Represent.: 90052449&lt;br&gt;Jwk Salesman: JUMAT GANJIL&lt;br&gt;SC: SD400A00117688E&lt;br&gt;Descript.: PS. RAWAJITU&lt;br&gt;LAT: -4.2036136&lt;br&gt;LONG: 105.7387881</description>
	<ExtendedData><SchemaData schemaUrl="#doc__cov_beni_mey_26xlsx">
		<SimpleData name="tessellate">-1</SimpleData>
		<SimpleData name="extrude">0</SimpleData>
		<SimpleData name="visibility">-1</SimpleData>
		<SimpleData name="Customer">344680.0</SimpleData>
		<SimpleData name="Name_1">TK.IQBAL ROMLI</SimpleData>
		<SimpleData name="Represent_">9.0052449E7</SimpleData>
		<SimpleData name="Jwk_Salesman">JUMAT GANJIL</SimpleData>
		<SimpleData name="SC">SD400A00117688E</SimpleData>
		<SimpleData name="Descript_">PS. RAWAJITU</SimpleData>
		<SimpleData name="LAT">-4.2036136</SimpleData>
		<SimpleData name="LONG">105.7387881</SimpleData>
	</SchemaData></ExtendedData>
      <Point><coordinates>105.7387881,-4.2036136,0</coordinates></Point>
  </Placemark>
  <Placemark id="doc__cov_beni_mey_26xlsx.37">
	<name>Beni Saputra</name>
	<description>Customer: 2893131&lt;br&gt;Name 1: WR.SABILA&lt;br&gt;Represent.: 90052449&lt;br&gt;Jwk Salesman: RABU GENAP&lt;br&gt;SC: SD400A00118165E&lt;br&gt;Descript.: PS. H II GD. AJI BAR&lt;br&gt;LAT: -4.1993858&lt;br&gt;LONG: 105.5558226</description>
	<ExtendedData><SchemaData schemaUrl="#doc__cov_beni_mey_26xlsx">
		<SimpleData name="tessellate">-1</SimpleData>
		<SimpleData name="extrude">0</SimpleData>
		<SimpleData name="visibility">-1</SimpleData>
		<SimpleData name="Customer">2893131.0</SimpleData>
		<SimpleData name="Name_1">WR.SABILA</SimpleData>
		<SimpleData name="Represent_">9.0052449E7</SimpleData>
		<SimpleData name="Jwk_Salesman">RABU GENAP</SimpleData>
		<SimpleData name="SC">SD400A00118165E</SimpleData>
		<SimpleData name="Descript_">PS. H II GD. AJI BAR</SimpleData>
		<SimpleData name="LAT">-4.1993858</SimpleData>
		<SimpleData name="LONG">105.5558226</SimpleData>
	</SchemaData></ExtendedData>
      <Point><coordinates>105.5558226,-4.1993858,0</coordinates></Point>
  </Placemark>
  <Placemark id="doc__cov_beni_mey_26xlsx.38">
	<name>Beni Saputra</name>
	<description>Customer: 5539289&lt;br&gt;Name 1: TK.IRPAN&lt;br&gt;Represent.: 90052449&lt;br&gt;Jwk Salesman: RABU GANJIL&lt;br&gt;SC: SD400A00118158E&lt;br&gt;Descript.: Gedong Aji Baru&lt;br&gt;LAT: -4.1814428&lt;br&gt;LONG: 105.5231188</description>
	<ExtendedData><SchemaData schemaUrl="#doc__cov_beni_mey_26xlsx">
		<SimpleData name="tessellate">-1</SimpleData>
		<SimpleData name="extrude">0</SimpleData>
		<SimpleData name="visibility">-1</SimpleData>
		<SimpleData name="Customer">5539289.0</SimpleData>
		<SimpleData name="Name_1">TK.IRPAN</SimpleData>
		<SimpleData name="Represent_">9.0052449E7</SimpleData>
		<SimpleData name="Jwk_Salesman">RABU GANJIL</SimpleData>
		<SimpleData name="SC">SD400A00118158E</SimpleData>
		<SimpleData name="Descript_">Gedong Aji Baru</SimpleData>
		<SimpleData name="LAT">-4.1814428</SimpleData>
		<SimpleData name="LONG">105.5231188</SimpleData>
	</SchemaData></ExtendedData>
      <Point><coordinates>105.5231188,-4.1814428,0</coordinates></Point>
  </Placemark>
  <Placemark id="doc__cov_beni_mey_26xlsx.39">
	<name>Beni Saputra</name>
	<description>Customer: 2893190&lt;br&gt;Name 1: WR.ARIYANTO&lt;br&gt;Represent.: 90052449&lt;br&gt;Jwk Salesman: JUMAT GENAP&lt;br&gt;SC: SD400A00118742E&lt;br&gt;Descript.: PS. GUNUNG 3. RAWAJI&lt;br&gt;LAT: -4.216463&lt;br&gt;LONG: 105.638728</description>
	<ExtendedData><SchemaData schemaUrl="#doc__cov_beni_mey_26xlsx">
		<SimpleData name="tessellate">-1</SimpleData>
		<SimpleData name="extrude">0</SimpleData>
		<SimpleData name="visibility">-1</SimpleData>
		<SimpleData name="Customer">2893190.0</SimpleData>
		<SimpleData name="Name_1">WR.ARIYANTO</SimpleData>
		<SimpleData name="Represent_">9.0052449E7</SimpleData>
		<SimpleData name="Jwk_Salesman">JUMAT GENAP</SimpleData>
		<SimpleData name="SC">SD400A00118742E</SimpleData>
		<SimpleData name="Descript_">PS. GUNUNG 3. RAWAJI</SimpleData>
		<SimpleData name="LAT">-4.216463</SimpleData>
		<SimpleData name="LONG">105.638728</SimpleData>
	</SchemaData></ExtendedData>
      <Point><coordinates>105.638728,-4.216463,0</coordinates></Point>
  </Placemark>
  <Placemark id="doc__cov_beni_mey_26xlsx.40">
	<name>Beni Saputra</name>
	<description>Customer: 2893213&lt;br&gt;Name 1: WR.UMI MASRUROH&lt;br&gt;Represent.: 90052449&lt;br&gt;Jwk Salesman: JUMAT GENAP&lt;br&gt;SC: SD400A00118740E&lt;br&gt;Descript.: PS. GUNUNG 3. RAWAJI&lt;br&gt;LAT: -4.221696&lt;br&gt;LONG: 105.640189</description>
	<ExtendedData><SchemaData schemaUrl="#doc__cov_beni_mey_26xlsx">
		<SimpleData name="tessellate">-1</SimpleData>
		<SimpleData name="extrude">0</SimpleData>
		<SimpleData name="visibility">-1</SimpleData>
		<SimpleData name="Customer">2893213.0</SimpleData>
		<SimpleData name="Name_1">WR.UMI MASRUROH</SimpleData>
		<SimpleData name="Represent_">9.0052449E7</SimpleData>
		<SimpleData name="Jwk_Salesman">JUMAT GENAP</SimpleData>
		<SimpleData name="SC">SD400A00118740E</SimpleData>
		<SimpleData name="Descript_">PS. GUNUNG 3. RAWAJI</SimpleData>
		<SimpleData name="LAT">-4.221696</SimpleData>
		<SimpleData name="LONG">105.640189</SimpleData>
	</SchemaData></ExtendedData>
      <Point><coordinates>105.640189,-4.221696,0</coordinates></Point>
  </Placemark>
  <Placemark id="doc__cov_beni_mey_26xlsx.41">
	<name>Beni Saputra</name>
	<description>Customer: 5542689&lt;br&gt;Name 1: TK.NUR KHASANAH&lt;br&gt;Represent.: 90052449&lt;br&gt;Jwk Salesman: JUMAT GANJIL&lt;br&gt;SC: SD400A00117813E&lt;br&gt;Descript.: PS. IPIL RAWAJITU&lt;br&gt;LAT: -4.152258&lt;br&gt;LONG: 105.663481</description>
	<ExtendedData><SchemaData schemaUrl="#doc__cov_beni_mey_26xlsx">
		<SimpleData name="tessellate">-1</SimpleData>
		<SimpleData name="extrude">0</SimpleData>
		<SimpleData name="visibility">-1</SimpleData>
		<SimpleData name="Customer">5542689.0</SimpleData>
		<SimpleData name="Name_1">TK.NUR KHASANAH</SimpleData>
		<SimpleData name="Represent_">9.0052449E7</SimpleData>
		<SimpleData name="Jwk_Salesman">JUMAT GANJIL</SimpleData>
		<SimpleData name="SC">SD400A00117813E</SimpleData>
		<SimpleData name="Descript_">PS. IPIL RAWAJITU</SimpleData>
		<SimpleData name="LAT">-4.152258</SimpleData>
		<SimpleData name="LONG">105.663481</SimpleData>
	</SchemaData></ExtendedData>
      <Point><coordinates>105.663481,-4.152258,0</coordinates></Point>
  </Placemark>
  <Placemark id="doc__cov_beni_mey_26xlsx.42">
	<name>Beni Saputra</name>
	<description>Customer: 5542690&lt;br&gt;Name 1: WR.SARI SENGON&lt;br&gt;Represent.: 90052449&lt;br&gt;Jwk Salesman: JUMAT GENAP&lt;br&gt;SC: SD400A00118762E&lt;br&gt;Descript.: PS. IPIL RAWAJITU&lt;br&gt;LAT: -4.205322&lt;br&gt;LONG: 105.665166</description>
	<ExtendedData><SchemaData schemaUrl="#doc__cov_beni_mey_26xlsx">
		<SimpleData name="tessellate">-1</SimpleData>
		<SimpleData name="extrude">0</SimpleData>
		<SimpleData name="visibility">-1</SimpleData>
		<SimpleData name="Customer">5542690.0</SimpleData>
		<SimpleData name="Name_1">WR.SARI SENGON</SimpleData>
		<SimpleData name="Represent_">9.0052449E7</SimpleData>
		<SimpleData name="Jwk_Salesman">JUMAT GENAP</SimpleData>
		<SimpleData name="SC">SD400A00118762E</SimpleData>
		<SimpleData name="Descript_">PS. IPIL RAWAJITU</SimpleData>
		<SimpleData name="LAT">-4.205322</SimpleData>
		<SimpleData name="LONG">105.665166</SimpleData>
	</SchemaData></ExtendedData>
      <Point><coordinates>105.665166,-4.205322,0</coordinates></Point>
  </Placemark>
  <Placemark id="doc__cov_beni_mey_26xlsx.43">
	<name>Beni Saputra</name>
	<description>Customer: 5546732&lt;br&gt;Name 1: TK.SRI MARYATI&lt;br&gt;Represent.: 90052449&lt;br&gt;Jwk Salesman: RABU GANJIL&lt;br&gt;SC: SD400A00118849E&lt;br&gt;Descript.: PS. H I GD. AJI BARU&lt;br&gt;LAT: -4.183052&lt;br&gt;LONG: 105.5268</description>
	<ExtendedData><SchemaData schemaUrl="#doc__cov_beni_mey_26xlsx">
		<SimpleData name="tessellate">-1</SimpleData>
		<SimpleData name="extrude">0</SimpleData>
		<SimpleData name="visibility">-1</SimpleData>
		<SimpleData name="Customer">5546732.0</SimpleData>
		<SimpleData name="Name_1">TK.SRI MARYATI</SimpleData>
		<SimpleData name="Represent_">9.0052449E7</SimpleData>
		<SimpleData name="Jwk_Salesman">RABU GANJIL</SimpleData>
		<SimpleData name="SC">SD400A00118849E</SimpleData>
		<SimpleData name="Descript_">PS. H I GD. AJI BARU</SimpleData>
		<SimpleData name="LAT">-4.183052</SimpleData>
		<SimpleData name="LONG">105.5268</SimpleData>
	</SchemaData></ExtendedData>
      <Point><coordinates>105.5268,-4.183052,0</coordinates></Point>
  </Placemark>
  <Placemark id="doc__cov_beni_mey_26xlsx.44">
	<name>Beni Saputra</name>
	<description>Customer: 329969&lt;br&gt;Name 1: TK.MITA BOGATAMA&lt;br&gt;Represent.: 90052449&lt;br&gt;Jwk Salesman: RABU GANJIL&lt;br&gt;SC: SD400A00118724E&lt;br&gt;Descript.: PS. H I GD. AJI BARU&lt;br&gt;LAT: -4.1860173&lt;br&gt;LONG: 105.4969263</description>
	<ExtendedData><SchemaData schemaUrl="#doc__cov_beni_mey_26xlsx">
		<SimpleData name="tessellate">-1</SimpleData>
		<SimpleData name="extrude">0</SimpleData>
		<SimpleData name="visibility">-1</SimpleData>
		<SimpleData name="Customer">329969.0</SimpleData>
		<SimpleData name="Name_1">TK.MITA BOGATAMA</SimpleData>
		<SimpleData name="Represent_">9.0052449E7</SimpleData>
		<SimpleData name="Jwk_Salesman">RABU GANJIL</SimpleData>
		<SimpleData name="SC">SD400A00118724E</SimpleData>
		<SimpleData name="Descript_">PS. H I GD. AJI BARU</SimpleData>
		<SimpleData name="LAT">-4.1860173</SimpleData>
		<SimpleData name="LONG">105.4969263</SimpleData>
	</SchemaData></ExtendedData>
      <Point><coordinates>105.4969263,-4.1860173,0</coordinates></Point>
  </Placemark>
  <Placemark id="doc__cov_beni_mey_26xlsx.45">
	<name>Beni Saputra</name>
	<description>Customer: 5555901&lt;br&gt;Name 1: TK.BU EMA&lt;br&gt;Represent.: 90052449&lt;br&gt;Jwk Salesman: RABU GANJIL&lt;br&gt;SC: SD400A00118736E&lt;br&gt;Descript.: PS. BOGATAMA&lt;br&gt;LAT: -4.1818345&lt;br&gt;LONG: 105.4166454</description>
	<ExtendedData><SchemaData schemaUrl="#doc__cov_beni_mey_26xlsx">
		<SimpleData name="tessellate">-1</SimpleData>
		<SimpleData name="extrude">0</SimpleData>
		<SimpleData name="visibility">-1</SimpleData>
		<SimpleData name="Customer">5555901.0</SimpleData>
		<SimpleData name="Name_1">TK.BU EMA</SimpleData>
		<SimpleData name="Represent_">9.0052449E7</SimpleData>
		<SimpleData name="Jwk_Salesman">RABU GANJIL</SimpleData>
		<SimpleData name="SC">SD400A00118736E</SimpleData>
		<SimpleData name="Descript_">PS. BOGATAMA</SimpleData>
		<SimpleData name="LAT">-4.1818345</SimpleData>
		<SimpleData name="LONG">105.4166454</SimpleData>
	</SchemaData></ExtendedData>
      <Point><coordinates>105.4166454,-4.1818345,0</coordinates></Point>
  </Placemark>
  <Placemark id="doc__cov_beni_mey_26xlsx.46">
	<name>Beni Saputra</name>
	<description>Customer: 5556388&lt;br&gt;Name 1: TK.TIARA&lt;br&gt;Represent.: 90052449&lt;br&gt;Jwk Salesman: SABTU GANJIL&lt;br&gt;SC: SD400A00118758E&lt;br&gt;Descript.: PS. BOGATAMA&lt;br&gt;LAT: -4.151695&lt;br&gt;LONG: 105.414055</description>
	<ExtendedData><SchemaData schemaUrl="#doc__cov_beni_mey_26xlsx">
		<SimpleData name="tessellate">-1</SimpleData>
		<SimpleData name="extrude">0</SimpleData>
		<SimpleData name="visibility">-1</SimpleData>
		<SimpleData name="Customer">5556388.0</SimpleData>
		<SimpleData name="Name_1">TK.TIARA</SimpleData>
		<SimpleData name="Represent_">9.0052449E7</SimpleData>
		<SimpleData name="Jwk_Salesman">SABTU GANJIL</SimpleData>
		<SimpleData name="SC">SD400A00118758E</SimpleData>
		<SimpleData name="Descript_">PS. BOGATAMA</SimpleData>
		<SimpleData name="LAT">-4.151695</SimpleData>
		<SimpleData name="LONG">105.414055</SimpleData>
	</SchemaData></ExtendedData>
      <Point><coordinates>105.414055,-4.151695,0</coordinates></Point>
  </Placemark>
  <Placemark id="doc__cov_beni_mey_26xlsx.47">
	<name>Beni Saputra</name>
	<description>Customer: 5559582&lt;br&gt;Name 1: TK.BU JARIYAH&lt;br&gt;Represent.: 90052449&lt;br&gt;Jwk Salesman: SENIN GENAP&lt;br&gt;SC: SD400A00118789E&lt;br&gt;Descript.: Unit 3&lt;br&gt;LAT: -4.2685878&lt;br&gt;LONG: 105.2875755</description>
	<ExtendedData><SchemaData schemaUrl="#doc__cov_beni_mey_26xlsx">
		<SimpleData name="tessellate">-1</SimpleData>
		<SimpleData name="extrude">0</SimpleData>
		<SimpleData name="visibility">-1</SimpleData>
		<SimpleData name="Customer">5559582.0</SimpleData>
		<SimpleData name="Name_1">TK.BU JARIYAH</SimpleData>
		<SimpleData name="Represent_">9.0052449E7</SimpleData>
		<SimpleData name="Jwk_Salesman">SENIN GENAP</SimpleData>
		<SimpleData name="SC">SD400A00118789E</SimpleData>
		<SimpleData name="Descript_">Unit 3</SimpleData>
		<SimpleData name="LAT">-4.2685878</SimpleData>
		<SimpleData name="LONG">105.2875755</SimpleData>
	</SchemaData></ExtendedData>
      <Point><coordinates>105.2875755,-4.2685878,0</coordinates></Point>
  </Placemark>
  <Placemark id="doc__cov_beni_mey_26xlsx.48">
	<name>Beni Saputra</name>
	<description>Customer: 5559583&lt;br&gt;Name 1: TK.ALFARO&lt;br&gt;Represent.: 90052449&lt;br&gt;Jwk Salesman: SELASA GANJIL&lt;br&gt;SC: SD400A00118850E&lt;br&gt;Descript.: SP. PENAWAR&lt;br&gt;LAT: -4.2627311&lt;br&gt;LONG: 105.2313641</description>
	<ExtendedData><SchemaData schemaUrl="#doc__cov_beni_mey_26xlsx">
		<SimpleData name="tessellate">-1</SimpleData>
		<SimpleData name="extrude">0</SimpleData>
		<SimpleData name="visibility">-1</SimpleData>
		<SimpleData name="Customer">5559583.0</SimpleData>
		<SimpleData name="Name_1">TK.ALFARO</SimpleData>
		<SimpleData name="Represent_">9.0052449E7</SimpleData>
		<SimpleData name="Jwk_Salesman">SELASA GANJIL</SimpleData>
		<SimpleData name="SC">SD400A00118850E</SimpleData>
		<SimpleData name="Descript_">SP. PENAWAR</SimpleData>
		<SimpleData name="LAT">-4.2627311</SimpleData>
		<SimpleData name="LONG">105.2313641</SimpleData>
	</SchemaData></ExtendedData>
      <Point><coordinates>105.2313641,-4.2627311,0</coordinates></Point>
  </Placemark>
  <Placemark id="doc__cov_beni_mey_26xlsx.49">
	<name>Beni Saputra</name>
	<description>Customer: 5560851&lt;br&gt;Name 1: TK.ZAIDAH&lt;br&gt;Represent.: 90052449&lt;br&gt;Jwk Salesman: KAMIS GENAP&lt;br&gt;SC: SD400A00124627E&lt;br&gt;Descript.: Ps Rajawali&lt;br&gt;LAT: -4.298014&lt;br&gt;LONG: 105.39133</description>
	<ExtendedData><SchemaData schemaUrl="#doc__cov_beni_mey_26xlsx">
		<SimpleData name="tessellate">-1</SimpleData>
		<SimpleData name="extrude">0</SimpleData>
		<SimpleData name="visibility">-1</SimpleData>
		<SimpleData name="Customer">5560851.0</SimpleData>
		<SimpleData name="Name_1">TK.ZAIDAH</SimpleData>
		<SimpleData name="Represent_">9.0052449E7</SimpleData>
		<SimpleData name="Jwk_Salesman">KAMIS GENAP</SimpleData>
		<SimpleData name="SC">SD400A00124627E</SimpleData>
		<SimpleData name="Descript_">Ps Rajawali</SimpleData>
		<SimpleData name="LAT">-4.298014</SimpleData>
		<SimpleData name="LONG">105.39133</SimpleData>
	</SchemaData></ExtendedData>
      <Point><coordinates>105.39133,-4.298014,0</coordinates></Point>
  </Placemark>
  <Placemark id="doc__cov_beni_mey_26xlsx.50">
	<name>Beni Saputra</name>
	<description>Customer: 5560852&lt;br&gt;Name 1: WR.MARTINI&lt;br&gt;Represent.: 90052449&lt;br&gt;Jwk Salesman: KAMIS GENAP&lt;br&gt;SC: SD400A00124550E&lt;br&gt;Descript.: Ps Rajawali&lt;br&gt;LAT: -4.29128&lt;br&gt;LONG: 105.3891</description>
	<ExtendedData><SchemaData schemaUrl="#doc__cov_beni_mey_26xlsx">
		<SimpleData name="tessellate">-1</SimpleData>
		<SimpleData name="extrude">0</SimpleData>
		<SimpleData name="visibility">-1</SimpleData>
		<SimpleData name="Customer">5560852.0</SimpleData>
		<SimpleData name="Name_1">WR.MARTINI</SimpleData>
		<SimpleData name="Represent_">9.0052449E7</SimpleData>
		<SimpleData name="Jwk_Salesman">KAMIS GENAP</SimpleData>
		<SimpleData name="SC">SD400A00124550E</SimpleData>
		<SimpleData name="Descript_">Ps Rajawali</SimpleData>
		<SimpleData name="LAT">-4.29128</SimpleData>
		<SimpleData name="LONG">105.3891</SimpleData>
	</SchemaData></ExtendedData>
      <Point><coordinates>105.3891,-4.29128,0</coordinates></Point>
  </Placemark>
  <Placemark id="doc__cov_beni_mey_26xlsx.51">
	<name>Beni Saputra</name>
	<description>Customer: 5561592&lt;br&gt;Name 1: TK.SAKILA&lt;br&gt;Represent.: 90052449&lt;br&gt;Jwk Salesman: KAMIS GANJIL&lt;br&gt;SC: SD400A00125072E&lt;br&gt;Descript.: Ps Rajawali&lt;br&gt;LAT: -4.2969509&lt;br&gt;LONG: 105.3398286</description>
	<ExtendedData><SchemaData schemaUrl="#doc__cov_beni_mey_26xlsx">
		<SimpleData name="tessellate">-1</SimpleData>
		<SimpleData name="extrude">0</SimpleData>
		<SimpleData name="visibility">-1</SimpleData>
		<SimpleData name="Customer">5561592.0</SimpleData>
		<SimpleData name="Name_1">TK.SAKILA</SimpleData>
		<SimpleData name="Represent_">9.0052449E7</SimpleData>
		<SimpleData name="Jwk_Salesman">KAMIS GANJIL</SimpleData>
		<SimpleData name="SC">SD400A00125072E</SimpleData>
		<SimpleData name="Descript_">Ps Rajawali</SimpleData>
		<SimpleData name="LAT">-4.2969509</SimpleData>
		<SimpleData name="LONG">105.3398286</SimpleData>
	</SchemaData></ExtendedData>
      <Point><coordinates>105.3398286,-4.2969509,0</coordinates></Point>
  </Placemark>
  <Placemark id="doc__cov_beni_mey_26xlsx.52">
	<name>Beni Saputra</name>
	<description>Customer: 4726456&lt;br&gt;Name 1: TK.LATIF&lt;br&gt;Represent.: 90052449&lt;br&gt;Jwk Salesman: RABU GENAP&lt;br&gt;SC: SD400A00125003E&lt;br&gt;Descript.: PS. GUNUNG 3. RAWAJI&lt;br&gt;LAT: -4.2212456&lt;br&gt;LONG: 105.6281084</description>
	<ExtendedData><SchemaData schemaUrl="#doc__cov_beni_mey_26xlsx">
		<SimpleData name="tessellate">-1</SimpleData>
		<SimpleData name="extrude">0</SimpleData>
		<SimpleData name="visibility">-1</SimpleData>
		<SimpleData name="Customer">4726456.0</SimpleData>
		<SimpleData name="Name_1">TK.LATIF</SimpleData>
		<SimpleData name="Represent_">9.0052449E7</SimpleData>
		<SimpleData name="Jwk_Salesman">RABU GENAP</SimpleData>
		<SimpleData name="SC">SD400A00125003E</SimpleData>
		<SimpleData name="Descript_">PS. GUNUNG 3. RAWAJI</SimpleData>
		<SimpleData name="LAT">-4.2212456</SimpleData>
		<SimpleData name="LONG">105.6281084</SimpleData>
	</SchemaData></ExtendedData>
      <Point><coordinates>105.6281084,-4.2212456,0</coordinates></Point>
  </Placemark>
  <Placemark id="doc__cov_beni_mey_26xlsx.53">
	<name>Beni Saputra</name>
	<description>Customer: 5563257&lt;br&gt;Name 1: TOKO ANTIKA&lt;br&gt;Represent.: 90052449&lt;br&gt;Jwk Salesman: SELASA GANJIL&lt;br&gt;SC: SD400A00124999E&lt;br&gt;Descript.: PS. UNIT 2&lt;br&gt;LAT: -4.3122238&lt;br&gt;LONG: 105.2225705</description>
	<ExtendedData><SchemaData schemaUrl="#doc__cov_beni_mey_26xlsx">
		<SimpleData name="tessellate">-1</SimpleData>
		<SimpleData name="extrude">0</SimpleData>
		<SimpleData name="visibility">-1</SimpleData>
		<SimpleData name="Customer">5563257.0</SimpleData>
		<SimpleData name="Name_1">TOKO ANTIKA</SimpleData>
		<SimpleData name="Represent_">9.0052449E7</SimpleData>
		<SimpleData name="Jwk_Salesman">SELASA GANJIL</SimpleData>
		<SimpleData name="SC">SD400A00124999E</SimpleData>
		<SimpleData name="Descript_">PS. UNIT 2</SimpleData>
		<SimpleData name="LAT">-4.3122238</SimpleData>
		<SimpleData name="LONG">105.2225705</SimpleData>
	</SchemaData></ExtendedData>
      <Point><coordinates>105.2225705,-4.3122238,0</coordinates></Point>
  </Placemark>
  <Placemark id="doc__cov_beni_mey_26xlsx.54">
	<name>Beni Saputra</name>
	<description>Customer: 5564196&lt;br&gt;Name 1: TK.SISKA FOOD&lt;br&gt;Represent.: 90052449&lt;br&gt;Jwk Salesman: SABTU GENAP&lt;br&gt;SC: SD400A00124877E&lt;br&gt;Descript.: Gedong Aji Baru&lt;br&gt;LAT: -4.1632867&lt;br&gt;LONG: 105.4929013</description>
	<ExtendedData><SchemaData schemaUrl="#doc__cov_beni_mey_26xlsx">
		<SimpleData name="tessellate">-1</SimpleData>
		<SimpleData name="extrude">0</SimpleData>
		<SimpleData name="visibility">-1</SimpleData>
		<SimpleData name="Customer">5564196.0</SimpleData>
		<SimpleData name="Name_1">TK.SISKA FOOD</SimpleData>
		<SimpleData name="Represent_">9.0052449E7</SimpleData>
		<SimpleData name="Jwk_Salesman">SABTU GENAP</SimpleData>
		<SimpleData name="SC">SD400A00124877E</SimpleData>
		<SimpleData name="Descript_">Gedong Aji Baru</SimpleData>
		<SimpleData name="LAT">-4.1632867</SimpleData>
		<SimpleData name="LONG">105.4929013</SimpleData>
	</SchemaData></ExtendedData>
      <Point><coordinates>105.4929013,-4.1632867,0</coordinates></Point>
  </Placemark>
  <Placemark id="doc__cov_beni_mey_26xlsx.55">
	<name>Beni Saputra</name>
	<description>Customer: 230241&lt;br&gt;Name 1: TK.BU GITO&lt;br&gt;Represent.: 90052449&lt;br&gt;Jwk Salesman: JUMAT GENAP&lt;br&gt;SC: SD400A00125025E&lt;br&gt;Descript.: PS. PIDADA&lt;br&gt;LAT: -4.2117359&lt;br&gt;LONG: 105.7041048</description>
	<ExtendedData><SchemaData schemaUrl="#doc__cov_beni_mey_26xlsx">
		<SimpleData name="tessellate">-1</SimpleData>
		<SimpleData name="extrude">0</SimpleData>
		<SimpleData name="visibility">-1</SimpleData>
		<SimpleData name="Customer">230241.0</SimpleData>
		<SimpleData name="Name_1">TK.BU GITO</SimpleData>
		<SimpleData name="Represent_">9.0052449E7</SimpleData>
		<SimpleData name="Jwk_Salesman">JUMAT GENAP</SimpleData>
		<SimpleData name="SC">SD400A00125025E</SimpleData>
		<SimpleData name="Descript_">PS. PIDADA</SimpleData>
		<SimpleData name="LAT">-4.2117359</SimpleData>
		<SimpleData name="LONG">105.7041048</SimpleData>
	</SchemaData></ExtendedData>
      <Point><coordinates>105.7041048,-4.2117359,0</coordinates></Point>
  </Placemark>
  <Placemark id="doc__cov_beni_mey_26xlsx.56">
	<name>Beni Saputra</name>
	<description>Customer: 2893205&lt;br&gt;Name 1: WR.ZOYA&lt;br&gt;Represent.: 90052449&lt;br&gt;Jwk Salesman: RABU GENAP&lt;br&gt;SC: SD400A00124989E&lt;br&gt;Descript.: PS. H II GD. AJI BAR&lt;br&gt;LAT: -4.190086&lt;br&gt;LONG: 105.544635</description>
	<ExtendedData><SchemaData schemaUrl="#doc__cov_beni_mey_26xlsx">
		<SimpleData name="tessellate">-1</SimpleData>
		<SimpleData name="extrude">0</SimpleData>
		<SimpleData name="visibility">-1</SimpleData>
		<SimpleData name="Customer">2893205.0</SimpleData>
		<SimpleData name="Name_1">WR.ZOYA</SimpleData>
		<SimpleData name="Represent_">9.0052449E7</SimpleData>
		<SimpleData name="Jwk_Salesman">RABU GENAP</SimpleData>
		<SimpleData name="SC">SD400A00124989E</SimpleData>
		<SimpleData name="Descript_">PS. H II GD. AJI BAR</SimpleData>
		<SimpleData name="LAT">-4.190086</SimpleData>
		<SimpleData name="LONG">105.544635</SimpleData>
	</SchemaData></ExtendedData>
      <Point><coordinates>105.544635,-4.190086,0</coordinates></Point>
  </Placemark>
  <Placemark id="doc__cov_beni_mey_26xlsx.57">
	<name>Beni Saputra</name>
	<description>Customer: 5566399&lt;br&gt;Name 1: TK.ISMAWATI&lt;br&gt;Represent.: 90052449&lt;br&gt;Jwk Salesman: KAMIS GANJIL&lt;br&gt;SC: SD400A00123894E&lt;br&gt;Descript.: KNPI&lt;br&gt;LAT: -4.297071&lt;br&gt;LONG: 105.351779</description>
	<ExtendedData><SchemaData schemaUrl="#doc__cov_beni_mey_26xlsx">
		<SimpleData name="tessellate">-1</SimpleData>
		<SimpleData name="extrude">0</SimpleData>
		<SimpleData name="visibility">-1</SimpleData>
		<SimpleData name="Customer">5566399.0</SimpleData>
		<SimpleData name="Name_1">TK.ISMAWATI</SimpleData>
		<SimpleData name="Represent_">9.0052449E7</SimpleData>
		<SimpleData name="Jwk_Salesman">KAMIS GANJIL</SimpleData>
		<SimpleData name="SC">SD400A00123894E</SimpleData>
		<SimpleData name="Descript_">KNPI</SimpleData>
		<SimpleData name="LAT">-4.297071</SimpleData>
		<SimpleData name="LONG">105.351779</SimpleData>
	</SchemaData></ExtendedData>
      <Point><coordinates>105.351779,-4.297071,0</coordinates></Point>
  </Placemark>
  <Placemark id="doc__cov_beni_mey_26xlsx.58">
	<name>Beni Saputra</name>
	<description>Customer: 5566448&lt;br&gt;Name 1: APOTEK 14 FARMA&lt;br&gt;Represent.: 90052449&lt;br&gt;Jwk Salesman: JUMAT GANJIL&lt;br&gt;SC: SD400A00124907E&lt;br&gt;Descript.: PS. IPIL RAWAJITU&lt;br&gt;LAT: -4.1578528&lt;br&gt;LONG: 105.6615505</description>
	<ExtendedData><SchemaData schemaUrl="#doc__cov_beni_mey_26xlsx">
		<SimpleData name="tessellate">-1</SimpleData>
		<SimpleData name="extrude">0</SimpleData>
		<SimpleData name="visibility">-1</SimpleData>
		<SimpleData name="Customer">5566448.0</SimpleData>
		<SimpleData name="Name_1">APOTEK 14 FARMA</SimpleData>
		<SimpleData name="Represent_">9.0052449E7</SimpleData>
		<SimpleData name="Jwk_Salesman">JUMAT GANJIL</SimpleData>
		<SimpleData name="SC">SD400A00124907E</SimpleData>
		<SimpleData name="Descript_">PS. IPIL RAWAJITU</SimpleData>
		<SimpleData name="LAT">-4.1578528</SimpleData>
		<SimpleData name="LONG">105.6615505</SimpleData>
	</SchemaData></ExtendedData>
      <Point><coordinates>105.6615505,-4.1578528,0</coordinates></Point>
  </Placemark>
  <Placemark id="doc__cov_beni_mey_26xlsx.59">
	<name>Beni Saputra</name>
	<description>Customer: 5566449&lt;br&gt;Name 1: TK.FITRI&lt;br&gt;Represent.: 90052449&lt;br&gt;Jwk Salesman: JUMAT GENAP&lt;br&gt;SC: SD400A00125026E&lt;br&gt;Descript.: PS. GUNUNG 3. RAWAJI&lt;br&gt;LAT: -4.217672&lt;br&gt;LONG: 105.637522</description>
	<ExtendedData><SchemaData schemaUrl="#doc__cov_beni_mey_26xlsx">
		<SimpleData name="tessellate">-1</SimpleData>
		<SimpleData name="extrude">0</SimpleData>
		<SimpleData name="visibility">-1</SimpleData>
		<SimpleData name="Customer">5566449.0</SimpleData>
		<SimpleData name="Name_1">TK.FITRI</SimpleData>
		<SimpleData name="Represent_">9.0052449E7</SimpleData>
		<SimpleData name="Jwk_Salesman">JUMAT GENAP</SimpleData>
		<SimpleData name="SC">SD400A00125026E</SimpleData>
		<SimpleData name="Descript_">PS. GUNUNG 3. RAWAJI</SimpleData>
		<SimpleData name="LAT">-4.217672</SimpleData>
		<SimpleData name="LONG">105.637522</SimpleData>
	</SchemaData></ExtendedData>
      <Point><coordinates>105.637522,-4.217672,0</coordinates></Point>
  </Placemark>
  <Placemark id="doc__cov_beni_mey_26xlsx.60">
	<name>Beni Saputra</name>
	<description>Customer: 5566450&lt;br&gt;Name 1: TK.2 PUTRI&lt;br&gt;Represent.: 90052449&lt;br&gt;Jwk Salesman: KAMIS GENAP&lt;br&gt;SC: SD400A00124985E&lt;br&gt;Descript.: Ps Rajawali&lt;br&gt;LAT: -4.260397&lt;br&gt;LONG: 105.412098</description>
	<ExtendedData><SchemaData schemaUrl="#doc__cov_beni_mey_26xlsx">
		<SimpleData name="tessellate">-1</SimpleData>
		<SimpleData name="extrude">0</SimpleData>
		<SimpleData name="visibility">-1</SimpleData>
		<SimpleData name="Customer">5566450.0</SimpleData>
		<SimpleData name="Name_1">TK.2 PUTRI</SimpleData>
		<SimpleData name="Represent_">9.0052449E7</SimpleData>
		<SimpleData name="Jwk_Salesman">KAMIS GENAP</SimpleData>
		<SimpleData name="SC">SD400A00124985E</SimpleData>
		<SimpleData name="Descript_">Ps Rajawali</SimpleData>
		<SimpleData name="LAT">-4.260397</SimpleData>
		<SimpleData name="LONG">105.412098</SimpleData>
	</SchemaData></ExtendedData>
      <Point><coordinates>105.412098,-4.260397,0</coordinates></Point>
  </Placemark>
  <Placemark id="doc__cov_beni_mey_26xlsx.61">
	<name>Beni Saputra</name>
	<description>Customer: 5555117&lt;br&gt;Name 1: YULIANA&lt;br&gt;Represent.: 90052449&lt;br&gt;Jwk Salesman: SENIN GENAP&lt;br&gt;SC: SD400A00124594E&lt;br&gt;Descript.: Agung Jaya&lt;br&gt;LAT: -4.2182989&lt;br&gt;LONG: 105.2640646</description>
	<ExtendedData><SchemaData schemaUrl="#doc__cov_beni_mey_26xlsx">
		<SimpleData name="tessellate">-1</SimpleData>
		<SimpleData name="extrude">0</SimpleData>
		<SimpleData name="visibility">-1</SimpleData>
		<SimpleData name="Customer">5555117.0</SimpleData>
		<SimpleData name="Name_1">YULIANA</SimpleData>
		<SimpleData name="Represent_">9.0052449E7</SimpleData>
		<SimpleData name="Jwk_Salesman">SENIN GENAP</SimpleData>
		<SimpleData name="SC">SD400A00124594E</SimpleData>
		<SimpleData name="Descript_">Agung Jaya</SimpleData>
		<SimpleData name="LAT">-4.2182989</SimpleData>
		<SimpleData name="LONG">105.2640646</SimpleData>
	</SchemaData></ExtendedData>
      <Point><coordinates>105.2640646,-4.2182989,0</coordinates></Point>
  </Placemark>
  <Placemark id="doc__cov_beni_mey_26xlsx.62">
	<name>Beni Saputra</name>
	<description>Customer: 5569169&lt;br&gt;Name 1: TK.RAHMA&lt;br&gt;Represent.: 90052449&lt;br&gt;Jwk Salesman: JUMAT GANJIL&lt;br&gt;SC: SD400A00123884E&lt;br&gt;Descript.: PS. RAWAJITU&lt;br&gt;LAT: -4.21459&lt;br&gt;LONG: 105.741453</description>
	<ExtendedData><SchemaData schemaUrl="#doc__cov_beni_mey_26xlsx">
		<SimpleData name="tessellate">-1</SimpleData>
		<SimpleData name="extrude">0</SimpleData>
		<SimpleData name="visibility">-1</SimpleData>
		<SimpleData name="Customer">5569169.0</SimpleData>
		<SimpleData name="Name_1">TK.RAHMA</SimpleData>
		<SimpleData name="Represent_">9.0052449E7</SimpleData>
		<SimpleData name="Jwk_Salesman">JUMAT GANJIL</SimpleData>
		<SimpleData name="SC">SD400A00123884E</SimpleData>
		<SimpleData name="Descript_">PS. RAWAJITU</SimpleData>
		<SimpleData name="LAT">-4.21459</SimpleData>
		<SimpleData name="LONG">105.741453</SimpleData>
	</SchemaData></ExtendedData>
      <Point><coordinates>105.741453,-4.21459,0</coordinates></Point>
  </Placemark>
  <Placemark id="doc__cov_beni_mey_26xlsx.63">
	<name>Beni Saputra</name>
	<description>Customer: 5569170&lt;br&gt;Name 1: TK.GUNUNG JATI&lt;br&gt;Represent.: 90052449&lt;br&gt;Jwk Salesman: JUMAT GANJIL&lt;br&gt;SC: SD400A00123897E&lt;br&gt;Descript.: PS. RAWAJITU&lt;br&gt;LAT: -4.2110686&lt;br&gt;LONG: 105.755503</description>
	<ExtendedData><SchemaData schemaUrl="#doc__cov_beni_mey_26xlsx">
		<SimpleData name="tessellate">-1</SimpleData>
		<SimpleData name="extrude">0</SimpleData>
		<SimpleData name="visibility">-1</SimpleData>
		<SimpleData name="Customer">5569170.0</SimpleData>
		<SimpleData name="Name_1">TK.GUNUNG JATI</SimpleData>
		<SimpleData name="Represent_">9.0052449E7</SimpleData>
		<SimpleData name="Jwk_Salesman">JUMAT GANJIL</SimpleData>
		<SimpleData name="SC">SD400A00123897E</SimpleData>
		<SimpleData name="Descript_">PS. RAWAJITU</SimpleData>
		<SimpleData name="LAT">-4.2110686</SimpleData>
		<SimpleData name="LONG">105.755503</SimpleData>
	</SchemaData></ExtendedData>
      <Point><coordinates>105.755503,-4.2110686,0</coordinates></Point>
  </Placemark>
  <Placemark id="doc__cov_beni_mey_26xlsx.64">
	<name>Beni Saputra</name>
	<description>Customer: 195830&lt;br&gt;Name 1: TK. ATIK&lt;br&gt;Represent.: 90052449&lt;br&gt;Jwk Salesman: JUMAT GANJIL&lt;br&gt;SC: SD400A00123886E&lt;br&gt;Descript.: PS. RAWAJITU&lt;br&gt;LAT: -4.2119285&lt;br&gt;LONG: 105.739699</description>
	<ExtendedData><SchemaData schemaUrl="#doc__cov_beni_mey_26xlsx">
		<SimpleData name="tessellate">-1</SimpleData>
		<SimpleData name="extrude">0</SimpleData>
		<SimpleData name="visibility">-1</SimpleData>
		<SimpleData name="Customer">195830.0</SimpleData>
		<SimpleData name="Name_1">TK. ATIK</SimpleData>
		<SimpleData name="Represent_">9.0052449E7</SimpleData>
		<SimpleData name="Jwk_Salesman">JUMAT GANJIL</SimpleData>
		<SimpleData name="SC">SD400A00123886E</SimpleData>
		<SimpleData name="Descript_">PS. RAWAJITU</SimpleData>
		<SimpleData name="LAT">-4.2119285</SimpleData>
		<SimpleData name="LONG">105.739699</SimpleData>
	</SchemaData></ExtendedData>
      <Point><coordinates>105.739699,-4.2119285,0</coordinates></Point>
  </Placemark>
  <Placemark id="doc__cov_beni_mey_26xlsx.65">
	<name>Beni Saputra</name>
	<description>Customer: 5573832&lt;br&gt;Name 1: Kantin Lentera Berkah&lt;br&gt;Represent.: 90052449&lt;br&gt;Jwk Salesman: SELASA GANJIL&lt;br&gt;SC: SD400A00123863E&lt;br&gt;Descript.: PS. UNIT 2&lt;br&gt;LAT: -4.3196401&lt;br&gt;LONG: 105.2170797</description>
	<ExtendedData><SchemaData schemaUrl="#doc__cov_beni_mey_26xlsx">
		<SimpleData name="tessellate">-1</SimpleData>
		<SimpleData name="extrude">0</SimpleData>
		<SimpleData name="visibility">-1</SimpleData>
		<SimpleData name="Customer">5573832.0</SimpleData>
		<SimpleData name="Name_1">Kantin Lentera Berkah</SimpleData>
		<SimpleData name="Represent_">9.0052449E7</SimpleData>
		<SimpleData name="Jwk_Salesman">SELASA GANJIL</SimpleData>
		<SimpleData name="SC">SD400A00123863E</SimpleData>
		<SimpleData name="Descript_">PS. UNIT 2</SimpleData>
		<SimpleData name="LAT">-4.3196401</SimpleData>
		<SimpleData name="LONG">105.2170797</SimpleData>
	</SchemaData></ExtendedData>
      <Point><coordinates>105.2170797,-4.3196401,0</coordinates></Point>
  </Placemark>
  <Placemark id="doc__cov_beni_mey_26xlsx.66">
	<name>Beni Saputra</name>
	<description>Customer: 192035&lt;br&gt;Name 1: TK. REKINTA 96&lt;br&gt;Represent.: 90052449&lt;br&gt;Jwk Salesman: JUMAT GANJIL&lt;br&gt;SC: SD400A00123882E&lt;br&gt;Descript.: PS. IPIL RAWAJITU&lt;br&gt;LAT: -4.2158245&lt;br&gt;LONG: 105.6670145</description>
	<ExtendedData><SchemaData schemaUrl="#doc__cov_beni_mey_26xlsx">
		<SimpleData name="tessellate">-1</SimpleData>
		<SimpleData name="extrude">0</SimpleData>
		<SimpleData name="visibility">-1</SimpleData>
		<SimpleData name="Customer">192035.0</SimpleData>
		<SimpleData name="Name_1">TK. REKINTA 96</SimpleData>
		<SimpleData name="Represent_">9.0052449E7</SimpleData>
		<SimpleData name="Jwk_Salesman">JUMAT GANJIL</SimpleData>
		<SimpleData name="SC">SD400A00123882E</SimpleData>
		<SimpleData name="Descript_">PS. IPIL RAWAJITU</SimpleData>
		<SimpleData name="LAT">-4.2158245</SimpleData>
		<SimpleData name="LONG">105.6670145</SimpleData>
	</SchemaData></ExtendedData>
      <Point><coordinates>105.6670145,-4.2158245,0</coordinates></Point>
  </Placemark>
  <Placemark id="doc__cov_beni_mey_26xlsx.67">
	<name>Beni Saputra</name>
	<description>Customer: 2893182&lt;br&gt;Name 1: WR.YOGI&lt;br&gt;Represent.: 90052449&lt;br&gt;Jwk Salesman: JUMAT GANJIL&lt;br&gt;SC: SD400A00123862E&lt;br&gt;Descript.: PS. IPIL RAWAJITU&lt;br&gt;LAT: -4.1711957&lt;br&gt;LONG: 105.6618737</description>
	<ExtendedData><SchemaData schemaUrl="#doc__cov_beni_mey_26xlsx">
		<SimpleData name="tessellate">-1</SimpleData>
		<SimpleData name="extrude">0</SimpleData>
		<SimpleData name="visibility">-1</SimpleData>
		<SimpleData name="Customer">2893182.0</SimpleData>
		<SimpleData name="Name_1">WR.YOGI</SimpleData>
		<SimpleData name="Represent_">9.0052449E7</SimpleData>
		<SimpleData name="Jwk_Salesman">JUMAT GANJIL</SimpleData>
		<SimpleData name="SC">SD400A00123862E</SimpleData>
		<SimpleData name="Descript_">PS. IPIL RAWAJITU</SimpleData>
		<SimpleData name="LAT">-4.1711957</SimpleData>
		<SimpleData name="LONG">105.6618737</SimpleData>
	</SchemaData></ExtendedData>
      <Point><coordinates>105.6618737,-4.1711957,0</coordinates></Point>
  </Placemark>
  <Placemark id="doc__cov_beni_mey_26xlsx.68">
	<name>Beni Saputra</name>
	<description>Customer: 4612520&lt;br&gt;Name 1: TK.MOKHAMAD&lt;br&gt;Represent.: 90052449&lt;br&gt;Jwk Salesman: JUMAT GENAP&lt;br&gt;SC: SD400A00123868E&lt;br&gt;Descript.: PS. IPIL RAWAJITU&lt;br&gt;LAT: -4.2167163&lt;br&gt;LONG: 105.6678534</description>
	<ExtendedData><SchemaData schemaUrl="#doc__cov_beni_mey_26xlsx">
		<SimpleData name="tessellate">-1</SimpleData>
		<SimpleData name="extrude">0</SimpleData>
		<SimpleData name="visibility">-1</SimpleData>
		<SimpleData name="Customer">4612520.0</SimpleData>
		<SimpleData name="Name_1">TK.MOKHAMAD</SimpleData>
		<SimpleData name="Represent_">9.0052449E7</SimpleData>
		<SimpleData name="Jwk_Salesman">JUMAT GENAP</SimpleData>
		<SimpleData name="SC">SD400A00123868E</SimpleData>
		<SimpleData name="Descript_">PS. IPIL RAWAJITU</SimpleData>
		<SimpleData name="LAT">-4.2167163</SimpleData>
		<SimpleData name="LONG">105.6678534</SimpleData>
	</SchemaData></ExtendedData>
      <Point><coordinates>105.6678534,-4.2167163,0</coordinates></Point>
  </Placemark>
  <Placemark id="doc__cov_beni_mey_26xlsx.69">
	<name>Beni Saputra</name>
	<description>Customer: 2893167&lt;br&gt;Name 1: WR.FAHRUR&lt;br&gt;Represent.: 90052449&lt;br&gt;Jwk Salesman: JUMAT GANJIL&lt;br&gt;SC: SD400A00123872E&lt;br&gt;Descript.: PS. IPIL RAWAJITU&lt;br&gt;LAT: -4.1529165&lt;br&gt;LONG: 105.6507268</description>
	<ExtendedData><SchemaData schemaUrl="#doc__cov_beni_mey_26xlsx">
		<SimpleData name="tessellate">-1</SimpleData>
		<SimpleData name="extrude">0</SimpleData>
		<SimpleData name="visibility">-1</SimpleData>
		<SimpleData name="Customer">2893167.0</SimpleData>
		<SimpleData name="Name_1">WR.FAHRUR</SimpleData>
		<SimpleData name="Represent_">9.0052449E7</SimpleData>
		<SimpleData name="Jwk_Salesman">JUMAT GANJIL</SimpleData>
		<SimpleData name="SC">SD400A00123872E</SimpleData>
		<SimpleData name="Descript_">PS. IPIL RAWAJITU</SimpleData>
		<SimpleData name="LAT">-4.1529165</SimpleData>
		<SimpleData name="LONG">105.6507268</SimpleData>
	</SchemaData></ExtendedData>
      <Point><coordinates>105.6507268,-4.1529165,0</coordinates></Point>
  </Placemark>
  <Placemark id="doc__cov_beni_mey_26xlsx.70">
	<name>Beni Saputra</name>
	<description>Customer: 5258863&lt;br&gt;Name 1: TK.CITRA MART&lt;br&gt;Represent.: 90052449&lt;br&gt;Jwk Salesman: KAMIS GANJIL&lt;br&gt;SC: SD400A00123855E&lt;br&gt;Descript.: Unit 3&lt;br&gt;LAT: -4.3013918&lt;br&gt;LONG: 105.2411974</description>
	<ExtendedData><SchemaData schemaUrl="#doc__cov_beni_mey_26xlsx">
		<SimpleData name="tessellate">-1</SimpleData>
		<SimpleData name="extrude">0</SimpleData>
		<SimpleData name="visibility">-1</SimpleData>
		<SimpleData name="Customer">5258863.0</SimpleData>
		<SimpleData name="Name_1">TK.CITRA MART</SimpleData>
		<SimpleData name="Represent_">9.0052449E7</SimpleData>
		<SimpleData name="Jwk_Salesman">KAMIS GANJIL</SimpleData>
		<SimpleData name="SC">SD400A00123855E</SimpleData>
		<SimpleData name="Descript_">Unit 3</SimpleData>
		<SimpleData name="LAT">-4.3013918</SimpleData>
		<SimpleData name="LONG">105.2411974</SimpleData>
	</SchemaData></ExtendedData>
      <Point><coordinates>105.2411974,-4.3013918,0</coordinates></Point>
  </Placemark>
  <Placemark id="doc__cov_beni_mey_26xlsx.71">
	<name>Beni Saputra</name>
	<description>Customer: 202647&lt;br&gt;Name 1: TK. MUH RONI&lt;br&gt;Represent.: 90052449&lt;br&gt;Jwk Salesman: SELASA GENAP&lt;br&gt;SC: SD400A00123891E&lt;br&gt;Descript.: Rawapitu&lt;br&gt;LAT: -4.3010792&lt;br&gt;LONG: 105.5587237</description>
	<ExtendedData><SchemaData schemaUrl="#doc__cov_beni_mey_26xlsx">
		<SimpleData name="tessellate">-1</SimpleData>
		<SimpleData name="extrude">0</SimpleData>
		<SimpleData name="visibility">-1</SimpleData>
		<SimpleData name="Customer">202647.0</SimpleData>
		<SimpleData name="Name_1">TK. MUH RONI</SimpleData>
		<SimpleData name="Represent_">9.0052449E7</SimpleData>
		<SimpleData name="Jwk_Salesman">SELASA GENAP</SimpleData>
		<SimpleData name="SC">SD400A00123891E</SimpleData>
		<SimpleData name="Descript_">Rawapitu</SimpleData>
		<SimpleData name="LAT">-4.3010792</SimpleData>
		<SimpleData name="LONG">105.5587237</SimpleData>
	</SchemaData></ExtendedData>
      <Point><coordinates>105.5587237,-4.3010792,0</coordinates></Point>
  </Placemark>
  <Placemark id="doc__cov_beni_mey_26xlsx.72">
	<name>Beni Saputra</name>
	<description>Customer: 202658&lt;br&gt;Name 1: TK.ELI&lt;br&gt;Represent.: 90052449&lt;br&gt;Jwk Salesman: SELASA GENAP&lt;br&gt;SC: SD400A00123890E&lt;br&gt;Descript.: Rawapitu&lt;br&gt;LAT: -4.3014052&lt;br&gt;LONG: 105.5554195</description>
	<ExtendedData><SchemaData schemaUrl="#doc__cov_beni_mey_26xlsx">
		<SimpleData name="tessellate">-1</SimpleData>
		<SimpleData name="extrude">0</SimpleData>
		<SimpleData name="visibility">-1</SimpleData>
		<SimpleData name="Customer">202658.0</SimpleData>
		<SimpleData name="Name_1">TK.ELI</SimpleData>
		<SimpleData name="Represent_">9.0052449E7</SimpleData>
		<SimpleData name="Jwk_Salesman">SELASA GENAP</SimpleData>
		<SimpleData name="SC">SD400A00123890E</SimpleData>
		<SimpleData name="Descript_">Rawapitu</SimpleData>
		<SimpleData name="LAT">-4.3014052</SimpleData>
		<SimpleData name="LONG">105.5554195</SimpleData>
	</SchemaData></ExtendedData>
      <Point><coordinates>105.5554195,-4.3014052,0</coordinates></Point>
  </Placemark>
  <Placemark id="doc__cov_beni_mey_26xlsx.73">
	<name>Beni Saputra</name>
	<description>Customer: 209673&lt;br&gt;Name 1: TK. ASFA JAYA&lt;br&gt;Represent.: 90052449&lt;br&gt;Jwk Salesman: SELASA GENAP&lt;br&gt;SC: SD400A00123870E&lt;br&gt;Descript.: Ps SPI B3&lt;br&gt;LAT: -4.2804965&lt;br&gt;LONG: 105.5196251</description>
	<ExtendedData><SchemaData schemaUrl="#doc__cov_beni_mey_26xlsx">
		<SimpleData name="tessellate">-1</SimpleData>
		<SimpleData name="extrude">0</SimpleData>
		<SimpleData name="visibility">-1</SimpleData>
		<SimpleData name="Customer">209673.0</SimpleData>
		<SimpleData name="Name_1">TK. ASFA JAYA</SimpleData>
		<SimpleData name="Represent_">9.0052449E7</SimpleData>
		<SimpleData name="Jwk_Salesman">SELASA GENAP</SimpleData>
		<SimpleData name="SC">SD400A00123870E</SimpleData>
		<SimpleData name="Descript_">Ps SPI B3</SimpleData>
		<SimpleData name="LAT">-4.2804965</SimpleData>
		<SimpleData name="LONG">105.5196251</SimpleData>
	</SchemaData></ExtendedData>
      <Point><coordinates>105.5196251,-4.2804965,0</coordinates></Point>
  </Placemark>
  <Placemark id="doc__cov_beni_mey_26xlsx.74">
	<name>Beni Saputra</name>
	<description>Customer: 230239&lt;br&gt;Name 1: TK. ARUM&lt;br&gt;Represent.: 90052449&lt;br&gt;Jwk Salesman: SELASA GENAP&lt;br&gt;SC: SD400A00123869E&lt;br&gt;Descript.: Rawapitu&lt;br&gt;LAT: -4.3041043&lt;br&gt;LONG: 105.54261</description>
	<ExtendedData><SchemaData schemaUrl="#doc__cov_beni_mey_26xlsx">
		<SimpleData name="tessellate">-1</SimpleData>
		<SimpleData name="extrude">0</SimpleData>
		<SimpleData name="visibility">-1</SimpleData>
		<SimpleData name="Customer">230239.0</SimpleData>
		<SimpleData name="Name_1">TK. ARUM</SimpleData>
		<SimpleData name="Represent_">9.0052449E7</SimpleData>
		<SimpleData name="Jwk_Salesman">SELASA GENAP</SimpleData>
		<SimpleData name="SC">SD400A00123869E</SimpleData>
		<SimpleData name="Descript_">Rawapitu</SimpleData>
		<SimpleData name="LAT">-4.3041043</SimpleData>
		<SimpleData name="LONG">105.54261</SimpleData>
	</SchemaData></ExtendedData>
      <Point><coordinates>105.54261,-4.3041043,0</coordinates></Point>
  </Placemark>
  <Placemark id="doc__cov_beni_mey_26xlsx.75">
	<name>Beni Saputra</name>
	<description>Customer: 244517&lt;br&gt;Name 1: TK. ALIA&lt;br&gt;Represent.: 90052449&lt;br&gt;Jwk Salesman: SELASA GENAP&lt;br&gt;SC: SD400A00123852E&lt;br&gt;Descript.: Rawapitu&lt;br&gt;LAT: -4.3133739&lt;br&gt;LONG: 105.5013787</description>
	<ExtendedData><SchemaData schemaUrl="#doc__cov_beni_mey_26xlsx">
		<SimpleData name="tessellate">-1</SimpleData>
		<SimpleData name="extrude">0</SimpleData>
		<SimpleData name="visibility">-1</SimpleData>
		<SimpleData name="Customer">244517.0</SimpleData>
		<SimpleData name="Name_1">TK. ALIA</SimpleData>
		<SimpleData name="Represent_">9.0052449E7</SimpleData>
		<SimpleData name="Jwk_Salesman">SELASA GENAP</SimpleData>
		<SimpleData name="SC">SD400A00123852E</SimpleData>
		<SimpleData name="Descript_">Rawapitu</SimpleData>
		<SimpleData name="LAT">-4.3133739</SimpleData>
		<SimpleData name="LONG">105.5013787</SimpleData>
	</SchemaData></ExtendedData>
      <Point><coordinates>105.5013787,-4.3133739,0</coordinates></Point>
  </Placemark>
  <Placemark id="doc__cov_beni_mey_26xlsx.76">
	<name>Beni Saputra</name>
	<description>Customer: 776965&lt;br&gt;Name 1: TK.EDI PURNOMO&lt;br&gt;Represent.: 90052449&lt;br&gt;Jwk Salesman: SELASA GENAP&lt;br&gt;SC: SD400A00123853E&lt;br&gt;Descript.: Rawapitu&lt;br&gt;LAT: -4.3121432&lt;br&gt;LONG: 105.5031926</description>
	<ExtendedData><SchemaData schemaUrl="#doc__cov_beni_mey_26xlsx">
		<SimpleData name="tessellate">-1</SimpleData>
		<SimpleData name="extrude">0</SimpleData>
		<SimpleData name="visibility">-1</SimpleData>
		<SimpleData name="Customer">776965.0</SimpleData>
		<SimpleData name="Name_1">TK.EDI PURNOMO</SimpleData>
		<SimpleData name="Represent_">9.0052449E7</SimpleData>
		<SimpleData name="Jwk_Salesman">SELASA GENAP</SimpleData>
		<SimpleData name="SC">SD400A00123853E</SimpleData>
		<SimpleData name="Descript_">Rawapitu</SimpleData>
		<SimpleData name="LAT">-4.3121432</SimpleData>
		<SimpleData name="LONG">105.5031926</SimpleData>
	</SchemaData></ExtendedData>
      <Point><coordinates>105.5031926,-4.3121432,0</coordinates></Point>
  </Placemark>
  <Placemark id="doc__cov_beni_mey_26xlsx.77">
	<name>Beni Saputra</name>
	<description>Customer: 2893154&lt;br&gt;Name 1: WR.SELA&lt;br&gt;Represent.: 90052449&lt;br&gt;Jwk Salesman: SELASA GENAP&lt;br&gt;SC: SD400A00123878E&lt;br&gt;Descript.: Rawapitu&lt;br&gt;LAT: -4.3037191&lt;br&gt;LONG: 105.5826601</description>
	<ExtendedData><SchemaData schemaUrl="#doc__cov_beni_mey_26xlsx">
		<SimpleData name="tessellate">-1</SimpleData>
		<SimpleData name="extrude">0</SimpleData>
		<SimpleData name="visibility">-1</SimpleData>
		<SimpleData name="Customer">2893154.0</SimpleData>
		<SimpleData name="Name_1">WR.SELA</SimpleData>
		<SimpleData name="Represent_">9.0052449E7</SimpleData>
		<SimpleData name="Jwk_Salesman">SELASA GENAP</SimpleData>
		<SimpleData name="SC">SD400A00123878E</SimpleData>
		<SimpleData name="Descript_">Rawapitu</SimpleData>
		<SimpleData name="LAT">-4.3037191</SimpleData>
		<SimpleData name="LONG">105.5826601</SimpleData>
	</SchemaData></ExtendedData>
      <Point><coordinates>105.5826601,-4.3037191,0</coordinates></Point>
  </Placemark>
  <Placemark id="doc__cov_beni_mey_26xlsx.78">
	<name>Beni Saputra</name>
	<description>Customer: 5576441&lt;br&gt;Name 1: AFIFA MART&lt;br&gt;Represent.: 90052449&lt;br&gt;Jwk Salesman: SELASA GANJIL&lt;br&gt;SC: SD400A00123859E&lt;br&gt;Descript.: PS. UNIT 2&lt;br&gt;LAT: -4.2796369&lt;br&gt;LONG: 105.2214721</description>
	<ExtendedData><SchemaData schemaUrl="#doc__cov_beni_mey_26xlsx">
		<SimpleData name="tessellate">-1</SimpleData>
		<SimpleData name="extrude">0</SimpleData>
		<SimpleData name="visibility">-1</SimpleData>
		<SimpleData name="Customer">5576441.0</SimpleData>
		<SimpleData name="Name_1">AFIFA MART</SimpleData>
		<SimpleData name="Represent_">9.0052449E7</SimpleData>
		<SimpleData name="Jwk_Salesman">SELASA GANJIL</SimpleData>
		<SimpleData name="SC">SD400A00123859E</SimpleData>
		<SimpleData name="Descript_">PS. UNIT 2</SimpleData>
		<SimpleData name="LAT">-4.2796369</SimpleData>
		<SimpleData name="LONG">105.2214721</SimpleData>
	</SchemaData></ExtendedData>
      <Point><coordinates>105.2214721,-4.2796369,0</coordinates></Point>
  </Placemark>
  <Placemark id="doc__cov_beni_mey_26xlsx.79">
	<name>Beni Saputra</name>
	<description>Customer: 5577099&lt;br&gt;Name 1: TK FAJRI&lt;br&gt;Represent.: 90052449&lt;br&gt;Jwk Salesman: SELASA GANJIL&lt;br&gt;SC: SD400A00123871E&lt;br&gt;Descript.: PS. UNIT 2&lt;br&gt;LAT: -4.2968663&lt;br&gt;LONG: 105.2188781</description>
	<ExtendedData><SchemaData schemaUrl="#doc__cov_beni_mey_26xlsx">
		<SimpleData name="tessellate">-1</SimpleData>
		<SimpleData name="extrude">0</SimpleData>
		<SimpleData name="visibility">-1</SimpleData>
		<SimpleData name="Customer">5577099.0</SimpleData>
		<SimpleData name="Name_1">TK FAJRI</SimpleData>
		<SimpleData name="Represent_">9.0052449E7</SimpleData>
		<SimpleData name="Jwk_Salesman">SELASA GANJIL</SimpleData>
		<SimpleData name="SC">SD400A00123871E</SimpleData>
		<SimpleData name="Descript_">PS. UNIT 2</SimpleData>
		<SimpleData name="LAT">-4.2968663</SimpleData>
		<SimpleData name="LONG">105.2188781</SimpleData>
	</SchemaData></ExtendedData>
      <Point><coordinates>105.2188781,-4.2968663,0</coordinates></Point>
  </Placemark>
  <Placemark id="doc__cov_beni_mey_26xlsx.80">
	<name>Beni Saputra</name>
	<description>Customer: 2893180&lt;br&gt;Name 1: TK.GHOFUR&lt;br&gt;Represent.: 90052449&lt;br&gt;Jwk Salesman: SELASA GENAP&lt;br&gt;SC: SD400A00132367H&lt;br&gt;Descript.: Rawapitu&lt;br&gt;LAT: -4.3009157&lt;br&gt;LONG: 105.5681185</description>
	<ExtendedData><SchemaData schemaUrl="#doc__cov_beni_mey_26xlsx">
		<SimpleData name="tessellate">-1</SimpleData>
		<SimpleData name="extrude">0</SimpleData>
		<SimpleData name="visibility">-1</SimpleData>
		<SimpleData name="Customer">2893180.0</SimpleData>
		<SimpleData name="Name_1">TK.GHOFUR</SimpleData>
		<SimpleData name="Represent_">9.0052449E7</SimpleData>
		<SimpleData name="Jwk_Salesman">SELASA GENAP</SimpleData>
		<SimpleData name="SC">SD400A00132367H</SimpleData>
		<SimpleData name="Descript_">Rawapitu</SimpleData>
		<SimpleData name="LAT">-4.3009157</SimpleData>
		<SimpleData name="LONG">105.5681185</SimpleData>
	</SchemaData></ExtendedData>
      <Point><coordinates>105.5681185,-4.3009157,0</coordinates></Point>
  </Placemark>
  <Placemark id="doc__cov_beni_mey_26xlsx.81">
	<name>Beni Saputra</name>
	<description>Customer: 5580180&lt;br&gt;Name 1: TOKO 81&lt;br&gt;Represent.: 90052449&lt;br&gt;Jwk Salesman: SENIN GENAP&lt;br&gt;SC: SD400A00131339H&lt;br&gt;Descript.: PS. UNIT 2&lt;br&gt;LAT: -4.2563958&lt;br&gt;LONG: 105.2476133</description>
	<ExtendedData><SchemaData schemaUrl="#doc__cov_beni_mey_26xlsx">
		<SimpleData name="tessellate">-1</SimpleData>
		<SimpleData name="extrude">0</SimpleData>
		<SimpleData name="visibility">-1</SimpleData>
		<SimpleData name="Customer">5580180.0</SimpleData>
		<SimpleData name="Name_1">TOKO 81</SimpleData>
		<SimpleData name="Represent_">9.0052449E7</SimpleData>
		<SimpleData name="Jwk_Salesman">SENIN GENAP</SimpleData>
		<SimpleData name="SC">SD400A00131339H</SimpleData>
		<SimpleData name="Descript_">PS. UNIT 2</SimpleData>
		<SimpleData name="LAT">-4.2563958</SimpleData>
		<SimpleData name="LONG">105.2476133</SimpleData>
	</SchemaData></ExtendedData>
      <Point><coordinates>105.2476133,-4.2563958,0</coordinates></Point>
  </Placemark>
  <Placemark id="doc__cov_beni_mey_26xlsx.82">
	<name>Beni Saputra</name>
	<description>Customer: 330172&lt;br&gt;Name 1: TK.RUKUN JAYA&lt;br&gt;Represent.: 90052449&lt;br&gt;Jwk Salesman: SENIN GANJIL&lt;br&gt;SC: SD400A00132547H&lt;br&gt;Descript.: PS. UNIT 2&lt;br&gt;LAT: -4.2835266&lt;br&gt;LONG: 105.2198886</description>
	<ExtendedData><SchemaData schemaUrl="#doc__cov_beni_mey_26xlsx">
		<SimpleData name="tessellate">-1</SimpleData>
		<SimpleData name="extrude">0</SimpleData>
		<SimpleData name="visibility">-1</SimpleData>
		<SimpleData name="Customer">330172.0</SimpleData>
		<SimpleData name="Name_1">TK.RUKUN JAYA</SimpleData>
		<SimpleData name="Represent_">9.0052449E7</SimpleData>
		<SimpleData name="Jwk_Salesman">SENIN GANJIL</SimpleData>
		<SimpleData name="SC">SD400A00132547H</SimpleData>
		<SimpleData name="Descript_">PS. UNIT 2</SimpleData>
		<SimpleData name="LAT">-4.2835266</SimpleData>
		<SimpleData name="LONG">105.2198886</SimpleData>
	</SchemaData></ExtendedData>
      <Point><coordinates>105.2198886,-4.2835266,0</coordinates></Point>
  </Placemark>
  <Placemark id="doc__cov_beni_mey_26xlsx.83">
	<name>Beni Saputra</name>
	<description>Customer: 2893057&lt;br&gt;Name 1: WR.TASYA&lt;br&gt;Represent.: 90052449&lt;br&gt;Jwk Salesman: JUMAT GANJIL&lt;br&gt;SC: SD400A00132194H&lt;br&gt;Descript.: PS. RAWAJITU&lt;br&gt;LAT: -4.2141025&lt;br&gt;LONG: 105.7360157</description>
	<ExtendedData><SchemaData schemaUrl="#doc__cov_beni_mey_26xlsx">
		<SimpleData name="tessellate">-1</SimpleData>
		<SimpleData name="extrude">0</SimpleData>
		<SimpleData name="visibility">-1</SimpleData>
		<SimpleData name="Customer">2893057.0</SimpleData>
		<SimpleData name="Name_1">WR.TASYA</SimpleData>
		<SimpleData name="Represent_">9.0052449E7</SimpleData>
		<SimpleData name="Jwk_Salesman">JUMAT GANJIL</SimpleData>
		<SimpleData name="SC">SD400A00132194H</SimpleData>
		<SimpleData name="Descript_">PS. RAWAJITU</SimpleData>
		<SimpleData name="LAT">-4.2141025</SimpleData>
		<SimpleData name="LONG">105.7360157</SimpleData>
	</SchemaData></ExtendedData>
      <Point><coordinates>105.7360157,-4.2141025,0</coordinates></Point>
  </Placemark>
  <Placemark id="doc__cov_beni_mey_26xlsx.84">
	<name>Beni Saputra</name>
	<description>Customer: 592537&lt;br&gt;Name 1: TK.MAK YUS&lt;br&gt;Represent.: 90052449&lt;br&gt;Jwk Salesman: RABU GENAP&lt;br&gt;SC: SD400A00132206H&lt;br&gt;Descript.: PS. GUNUNG 3. RAWAJI&lt;br&gt;LAT: -4.2218873&lt;br&gt;LONG: 105.6372128</description>
	<ExtendedData><SchemaData schemaUrl="#doc__cov_beni_mey_26xlsx">
		<SimpleData name="tessellate">-1</SimpleData>
		<SimpleData name="extrude">0</SimpleData>
		<SimpleData name="visibility">-1</SimpleData>
		<SimpleData name="Customer">592537.0</SimpleData>
		<SimpleData name="Name_1">TK.MAK YUS</SimpleData>
		<SimpleData name="Represent_">9.0052449E7</SimpleData>
		<SimpleData name="Jwk_Salesman">RABU GENAP</SimpleData>
		<SimpleData name="SC">SD400A00132206H</SimpleData>
		<SimpleData name="Descript_">PS. GUNUNG 3. RAWAJI</SimpleData>
		<SimpleData name="LAT">-4.2218873</SimpleData>
		<SimpleData name="LONG">105.6372128</SimpleData>
	</SchemaData></ExtendedData>
      <Point><coordinates>105.6372128,-4.2218873,0</coordinates></Point>
  </Placemark>
  <Placemark id="doc__cov_beni_mey_26xlsx.85">
	<name>Beni Saputra</name>
	<description>Customer: 2893136&lt;br&gt;Name 1: WR.LOLI&lt;br&gt;Represent.: 90052449&lt;br&gt;Jwk Salesman: RABU GANJIL&lt;br&gt;SC: SD400A00132205H&lt;br&gt;Descript.: PS. H I GD. AJI BARU&lt;br&gt;LAT: -4.1800135&lt;br&gt;LONG: 105.5214561</description>
	<ExtendedData><SchemaData schemaUrl="#doc__cov_beni_mey_26xlsx">
		<SimpleData name="tessellate">-1</SimpleData>
		<SimpleData name="extrude">0</SimpleData>
		<SimpleData name="visibility">-1</SimpleData>
		<SimpleData name="Customer">2893136.0</SimpleData>
		<SimpleData name="Name_1">WR.LOLI</SimpleData>
		<SimpleData name="Represent_">9.0052449E7</SimpleData>
		<SimpleData name="Jwk_Salesman">RABU GANJIL</SimpleData>
		<SimpleData name="SC">SD400A00132205H</SimpleData>
		<SimpleData name="Descript_">PS. H I GD. AJI BARU</SimpleData>
		<SimpleData name="LAT">-4.1800135</SimpleData>
		<SimpleData name="LONG">105.5214561</SimpleData>
	</SchemaData></ExtendedData>
      <Point><coordinates>105.5214561,-4.1800135,0</coordinates></Point>
  </Placemark>
  <Placemark id="doc__cov_beni_mey_26xlsx.86">
	<name>Beni Saputra</name>
	<description>Customer: 434837&lt;br&gt;Name 1: TK.TAMI&lt;br&gt;Represent.: 90052449&lt;br&gt;Jwk Salesman: JUMAT GENAP&lt;br&gt;SC: SD400A00132183H&lt;br&gt;Descript.: PS. IPIL RAWAJITU&lt;br&gt;LAT: -4.2171684&lt;br&gt;LONG: 105.666985</description>
	<ExtendedData><SchemaData schemaUrl="#doc__cov_beni_mey_26xlsx">
		<SimpleData name="tessellate">-1</SimpleData>
		<SimpleData name="extrude">0</SimpleData>
		<SimpleData name="visibility">-1</SimpleData>
		<SimpleData name="Customer">434837.0</SimpleData>
		<SimpleData name="Name_1">TK.TAMI</SimpleData>
		<SimpleData name="Represent_">9.0052449E7</SimpleData>
		<SimpleData name="Jwk_Salesman">JUMAT GENAP</SimpleData>
		<SimpleData name="SC">SD400A00132183H</SimpleData>
		<SimpleData name="Descript_">PS. IPIL RAWAJITU</SimpleData>
		<SimpleData name="LAT">-4.2171684</SimpleData>
		<SimpleData name="LONG">105.666985</SimpleData>
	</SchemaData></ExtendedData>
      <Point><coordinates>105.666985,-4.2171684,0</coordinates></Point>
  </Placemark>
  <Placemark id="doc__cov_beni_mey_26xlsx.87">
	<name>Beni Saputra</name>
	<description>Customer: 5583050&lt;br&gt;Name 1: TOKO 3 BERSAUDARA&lt;br&gt;Represent.: 90052449&lt;br&gt;Jwk Salesman: JUMAT GANJIL&lt;br&gt;SC: SD400A00133176H&lt;br&gt;Descript.: PS. IPIL RAWAJITU&lt;br&gt;LAT: -4.1844214&lt;br&gt;LONG: 105.6628829</description>
	<ExtendedData><SchemaData schemaUrl="#doc__cov_beni_mey_26xlsx">
		<SimpleData name="tessellate">-1</SimpleData>
		<SimpleData name="extrude">0</SimpleData>
		<SimpleData name="visibility">-1</SimpleData>
		<SimpleData name="Customer">5583050.0</SimpleData>
		<SimpleData name="Name_1">TOKO 3 BERSAUDARA</SimpleData>
		<SimpleData name="Represent_">9.0052449E7</SimpleData>
		<SimpleData name="Jwk_Salesman">JUMAT GANJIL</SimpleData>
		<SimpleData name="SC">SD400A00133176H</SimpleData>
		<SimpleData name="Descript_">PS. IPIL RAWAJITU</SimpleData>
		<SimpleData name="LAT">-4.1844214</SimpleData>
		<SimpleData name="LONG">105.6628829</SimpleData>
	</SchemaData></ExtendedData>
      <Point><coordinates>105.6628829,-4.1844214,0</coordinates></Point>
  </Placemark>
  <Placemark id="doc__cov_beni_mey_26xlsx.88">
	<name>Beni Saputra</name>
	<description>Customer: 5583099&lt;br&gt;Name 1: TOKO MBA RATNA&lt;br&gt;Represent.: 90052449&lt;br&gt;Jwk Salesman: JUMAT GENAP&lt;br&gt;SC: SD400A00132201H&lt;br&gt;Descript.: PS. IPIL RAWAJITU&lt;br&gt;LAT: -4.2280647&lt;br&gt;LONG: 105.668189</description>
	<ExtendedData><SchemaData schemaUrl="#doc__cov_beni_mey_26xlsx">
		<SimpleData name="tessellate">-1</SimpleData>
		<SimpleData name="extrude">0</SimpleData>
		<SimpleData name="visibility">-1</SimpleData>
		<SimpleData name="Customer">5583099.0</SimpleData>
		<SimpleData name="Name_1">TOKO MBA RATNA</SimpleData>
		<SimpleData name="Represent_">9.0052449E7</SimpleData>
		<SimpleData name="Jwk_Salesman">JUMAT GENAP</SimpleData>
		<SimpleData name="SC">SD400A00132201H</SimpleData>
		<SimpleData name="Descript_">PS. IPIL RAWAJITU</SimpleData>
		<SimpleData name="LAT">-4.2280647</SimpleData>
		<SimpleData name="LONG">105.668189</SimpleData>
	</SchemaData></ExtendedData>
      <Point><coordinates>105.668189,-4.2280647,0</coordinates></Point>
  </Placemark>
  <Placemark id="doc__cov_beni_mey_26xlsx.89">
	<name>Beni Saputra</name>
	<description>Customer: 5584001&lt;br&gt;Name 1: TOKO LUCKY&lt;br&gt;Represent.: 90052449&lt;br&gt;Jwk Salesman: JUMAT GANJIL&lt;br&gt;SC: SD400A00132182H&lt;br&gt;Descript.: PS. RAWAJITU&lt;br&gt;LAT: -4.2149577&lt;br&gt;LONG: 105.7342882</description>
	<ExtendedData><SchemaData schemaUrl="#doc__cov_beni_mey_26xlsx">
		<SimpleData name="tessellate">-1</SimpleData>
		<SimpleData name="extrude">0</SimpleData>
		<SimpleData name="visibility">-1</SimpleData>
		<SimpleData name="Customer">5584001.0</SimpleData>
		<SimpleData name="Name_1">TOKO LUCKY</SimpleData>
		<SimpleData name="Represent_">9.0052449E7</SimpleData>
		<SimpleData name="Jwk_Salesman">JUMAT GANJIL</SimpleData>
		<SimpleData name="SC">SD400A00132182H</SimpleData>
		<SimpleData name="Descript_">PS. RAWAJITU</SimpleData>
		<SimpleData name="LAT">-4.2149577</SimpleData>
		<SimpleData name="LONG">105.7342882</SimpleData>
	</SchemaData></ExtendedData>
      <Point><coordinates>105.7342882,-4.2149577,0</coordinates></Point>
  </Placemark>
  <Placemark id="doc__cov_beni_mey_26xlsx.90">
	<name>Beni Saputra</name>
	<description>Customer: 5585228&lt;br&gt;Name 1: TOKO CHINCHIN DAN GELLANG&lt;br&gt;Represent.: 90052449&lt;br&gt;Jwk Salesman: JUMAT GENAP&lt;br&gt;SC: SD400A00132188H&lt;br&gt;Descript.: PS. IPIL RAWAJITU&lt;br&gt;LAT: -4.2319995&lt;br&gt;LONG: 105.6688361</description>
	<ExtendedData><SchemaData schemaUrl="#doc__cov_beni_mey_26xlsx">
		<SimpleData name="tessellate">-1</SimpleData>
		<SimpleData name="extrude">0</SimpleData>
		<SimpleData name="visibility">-1</SimpleData>
		<SimpleData name="Customer">5585228.0</SimpleData>
		<SimpleData name="Name_1">TOKO CHINCHIN DAN GELLANG</SimpleData>
		<SimpleData name="Represent_">9.0052449E7</SimpleData>
		<SimpleData name="Jwk_Salesman">JUMAT GENAP</SimpleData>
		<SimpleData name="SC">SD400A00132188H</SimpleData>
		<SimpleData name="Descript_">PS. IPIL RAWAJITU</SimpleData>
		<SimpleData name="LAT">-4.2319995</SimpleData>
		<SimpleData name="LONG">105.6688361</SimpleData>
	</SchemaData></ExtendedData>
      <Point><coordinates>105.6688361,-4.2319995,0</coordinates></Point>
  </Placemark>
  <Placemark id="doc__cov_beni_mey_26xlsx.91">
	<name>Beni Saputra</name>
	<description>Customer: 202662&lt;br&gt;Name 1: TK.SUMBER SARI&lt;br&gt;Represent.: 90052449&lt;br&gt;Jwk Salesman: SELASA GENAP&lt;br&gt;SC: SD400A00131842H&lt;br&gt;Descript.: Rawapitu&lt;br&gt;LAT: -4.3152645&lt;br&gt;LONG: 105.5205408</description>
	<ExtendedData><SchemaData schemaUrl="#doc__cov_beni_mey_26xlsx">
		<SimpleData name="tessellate">-1</SimpleData>
		<SimpleData name="extrude">0</SimpleData>
		<SimpleData name="visibility">-1</SimpleData>
		<SimpleData name="Customer">202662.0</SimpleData>
		<SimpleData name="Name_1">TK.SUMBER SARI</SimpleData>
		<SimpleData name="Represent_">9.0052449E7</SimpleData>
		<SimpleData name="Jwk_Salesman">SELASA GENAP</SimpleData>
		<SimpleData name="SC">SD400A00131842H</SimpleData>
		<SimpleData name="Descript_">Rawapitu</SimpleData>
		<SimpleData name="LAT">-4.3152645</SimpleData>
		<SimpleData name="LONG">105.5205408</SimpleData>
	</SchemaData></ExtendedData>
      <Point><coordinates>105.5205408,-4.3152645,0</coordinates></Point>
  </Placemark>
  <Placemark id="doc__cov_beni_mey_26xlsx.92">
	<name>Beni Saputra</name>
	<description>Customer: 1989611&lt;br&gt;Name 1: TK.BUDIARSO&lt;br&gt;Represent.: 90052449&lt;br&gt;Jwk Salesman: SELASA GENAP&lt;br&gt;SC: SD400A00133214H&lt;br&gt;Descript.: Rawapitu&lt;br&gt;LAT: -4.3126624&lt;br&gt;LONG: 105.5021281</description>
	<ExtendedData><SchemaData schemaUrl="#doc__cov_beni_mey_26xlsx">
		<SimpleData name="tessellate">-1</SimpleData>
		<SimpleData name="extrude">0</SimpleData>
		<SimpleData name="visibility">-1</SimpleData>
		<SimpleData name="Customer">1989611.0</SimpleData>
		<SimpleData name="Name_1">TK.BUDIARSO</SimpleData>
		<SimpleData name="Represent_">9.0052449E7</SimpleData>
		<SimpleData name="Jwk_Salesman">SELASA GENAP</SimpleData>
		<SimpleData name="SC">SD400A00133214H</SimpleData>
		<SimpleData name="Descript_">Rawapitu</SimpleData>
		<SimpleData name="LAT">-4.3126624</SimpleData>
		<SimpleData name="LONG">105.5021281</SimpleData>
	</SchemaData></ExtendedData>
      <Point><coordinates>105.5021281,-4.3126624,0</coordinates></Point>
  </Placemark>
  <Placemark id="doc__cov_beni_mey_26xlsx.93">
	<name>Beni Saputra</name>
	<description>Customer: 2893016&lt;br&gt;Name 1: WR.NOVI&lt;br&gt;Represent.: 90052449&lt;br&gt;Jwk Salesman: KAMIS GANJIL&lt;br&gt;SC: SD400A00131768H&lt;br&gt;Descript.: KNPI&lt;br&gt;LAT: -4.2978412&lt;br&gt;LONG: 105.3637945</description>
	<ExtendedData><SchemaData schemaUrl="#doc__cov_beni_mey_26xlsx">
		<SimpleData name="tessellate">-1</SimpleData>
		<SimpleData name="extrude">0</SimpleData>
		<SimpleData name="visibility">-1</SimpleData>
		<SimpleData name="Customer">2893016.0</SimpleData>
		<SimpleData name="Name_1">WR.NOVI</SimpleData>
		<SimpleData name="Represent_">9.0052449E7</SimpleData>
		<SimpleData name="Jwk_Salesman">KAMIS GANJIL</SimpleData>
		<SimpleData name="SC">SD400A00131768H</SimpleData>
		<SimpleData name="Descript_">KNPI</SimpleData>
		<SimpleData name="LAT">-4.2978412</SimpleData>
		<SimpleData name="LONG">105.3637945</SimpleData>
	</SchemaData></ExtendedData>
      <Point><coordinates>105.3637945,-4.2978412,0</coordinates></Point>
  </Placemark>
  <Placemark id="doc__cov_beni_mey_26xlsx.94">
	<name>Beni Saputra</name>
	<description>Customer: 2893116&lt;br&gt;Name 1: WR.KHOTIJAH&lt;br&gt;Represent.: 90052449&lt;br&gt;Jwk Salesman: SELASA GENAP&lt;br&gt;SC: SD400A00133208H&lt;br&gt;Descript.: Rawapitu&lt;br&gt;LAT: -4.2969382&lt;br&gt;LONG: 105.5232193</description>
	<ExtendedData><SchemaData schemaUrl="#doc__cov_beni_mey_26xlsx">
		<SimpleData name="tessellate">-1</SimpleData>
		<SimpleData name="extrude">0</SimpleData>
		<SimpleData name="visibility">-1</SimpleData>
		<SimpleData name="Customer">2893116.0</SimpleData>
		<SimpleData name="Name_1">WR.KHOTIJAH</SimpleData>
		<SimpleData name="Represent_">9.0052449E7</SimpleData>
		<SimpleData name="Jwk_Salesman">SELASA GENAP</SimpleData>
		<SimpleData name="SC">SD400A00133208H</SimpleData>
		<SimpleData name="Descript_">Rawapitu</SimpleData>
		<SimpleData name="LAT">-4.2969382</SimpleData>
		<SimpleData name="LONG">105.5232193</SimpleData>
	</SchemaData></ExtendedData>
      <Point><coordinates>105.5232193,-4.2969382,0</coordinates></Point>
  </Placemark>
  <Placemark id="doc__cov_beni_mey_26xlsx.95">
	<name>Beni Saputra</name>
	<description>Customer: 2913605&lt;br&gt;Name 1: WR.JAYA MANDIRI&lt;br&gt;Represent.: 90052449&lt;br&gt;Jwk Salesman: KAMIS GENAP&lt;br&gt;SC: SD400A00132972H&lt;br&gt;Descript.: KNPI&lt;br&gt;LAT: -4.291219&lt;br&gt;LONG: 105.3827896</description>
	<ExtendedData><SchemaData schemaUrl="#doc__cov_beni_mey_26xlsx">
		<SimpleData name="tessellate">-1</SimpleData>
		<SimpleData name="extrude">0</SimpleData>
		<SimpleData name="visibility">-1</SimpleData>
		<SimpleData name="Customer">2913605.0</SimpleData>
		<SimpleData name="Name_1">WR.JAYA MANDIRI</SimpleData>
		<SimpleData name="Represent_">9.0052449E7</SimpleData>
		<SimpleData name="Jwk_Salesman">KAMIS GENAP</SimpleData>
		<SimpleData name="SC">SD400A00132972H</SimpleData>
		<SimpleData name="Descript_">KNPI</SimpleData>
		<SimpleData name="LAT">-4.291219</SimpleData>
		<SimpleData name="LONG">105.3827896</SimpleData>
	</SchemaData></ExtendedData>
      <Point><coordinates>105.3827896,-4.291219,0</coordinates></Point>
  </Placemark>
  <Placemark id="doc__cov_beni_mey_26xlsx.96">
	<name>Beni Saputra</name>
	<description>Customer: 5341310&lt;br&gt;Name 1: WR.DIAN DIANA&lt;br&gt;Represent.: 90052449&lt;br&gt;Jwk Salesman: KAMIS GENAP&lt;br&gt;SC: SD400A00132307H&lt;br&gt;Descript.: KNPI&lt;br&gt;LAT: -4.2911763&lt;br&gt;LONG: 105.3874288</description>
	<ExtendedData><SchemaData schemaUrl="#doc__cov_beni_mey_26xlsx">
		<SimpleData name="tessellate">-1</SimpleData>
		<SimpleData name="extrude">0</SimpleData>
		<SimpleData name="visibility">-1</SimpleData>
		<SimpleData name="Customer">5341310.0</SimpleData>
		<SimpleData name="Name_1">WR.DIAN DIANA</SimpleData>
		<SimpleData name="Represent_">9.0052449E7</SimpleData>
		<SimpleData name="Jwk_Salesman">KAMIS GENAP</SimpleData>
		<SimpleData name="SC">SD400A00132307H</SimpleData>
		<SimpleData name="Descript_">KNPI</SimpleData>
		<SimpleData name="LAT">-4.2911763</SimpleData>
		<SimpleData name="LONG">105.3874288</SimpleData>
	</SchemaData></ExtendedData>
      <Point><coordinates>105.3874288,-4.2911763,0</coordinates></Point>
  </Placemark>
  <Placemark id="doc__cov_beni_mey_26xlsx.97">
	<name>Beni Saputra</name>
	<description>Customer: 5587480&lt;br&gt;Name 1: TOKO MAS SHOLIKIN&lt;br&gt;Represent.: 90052449&lt;br&gt;Jwk Salesman: SELASA GENAP&lt;br&gt;SC: SD400A00132370H&lt;br&gt;Descript.: Rawapitu&lt;br&gt;LAT: -4.3056171&lt;br&gt;LONG: 105.5220971</description>
	<ExtendedData><SchemaData schemaUrl="#doc__cov_beni_mey_26xlsx">
		<SimpleData name="tessellate">-1</SimpleData>
		<SimpleData name="extrude">0</SimpleData>
		<SimpleData name="visibility">-1</SimpleData>
		<SimpleData name="Customer">5587480.0</SimpleData>
		<SimpleData name="Name_1">TOKO MAS SHOLIKIN</SimpleData>
		<SimpleData name="Represent_">9.0052449E7</SimpleData>
		<SimpleData name="Jwk_Salesman">SELASA GENAP</SimpleData>
		<SimpleData name="SC">SD400A00132370H</SimpleData>
		<SimpleData name="Descript_">Rawapitu</SimpleData>
		<SimpleData name="LAT">-4.3056171</SimpleData>
		<SimpleData name="LONG">105.5220971</SimpleData>
	</SchemaData></ExtendedData>
      <Point><coordinates>105.5220971,-4.3056171,0</coordinates></Point>
  </Placemark>
  <Placemark id="doc__cov_beni_mey_26xlsx.98">
	<name>Beni Saputra</name>
	<description>Customer: 2476600&lt;br&gt;Name 1: TK.RUDI&lt;br&gt;Represent.: 90052449&lt;br&gt;Jwk Salesman: SENIN GENAP&lt;br&gt;SC: SD400A00133603H&lt;br&gt;Descript.: SP. PENAWAR&lt;br&gt;LAT: -4.260252&lt;br&gt;LONG: 105.248127</description>
	<ExtendedData><SchemaData schemaUrl="#doc__cov_beni_mey_26xlsx">
		<SimpleData name="tessellate">-1</SimpleData>
		<SimpleData name="extrude">0</SimpleData>
		<SimpleData name="visibility">-1</SimpleData>
		<SimpleData name="Customer">2476600.0</SimpleData>
		<SimpleData name="Name_1">TK.RUDI</SimpleData>
		<SimpleData name="Represent_">9.0052449E7</SimpleData>
		<SimpleData name="Jwk_Salesman">SENIN GENAP</SimpleData>
		<SimpleData name="SC">SD400A00133603H</SimpleData>
		<SimpleData name="Descript_">SP. PENAWAR</SimpleData>
		<SimpleData name="LAT">-4.260252</SimpleData>
		<SimpleData name="LONG">105.248127</SimpleData>
	</SchemaData></ExtendedData>
      <Point><coordinates>105.248127,-4.260252,0</coordinates></Point>
  </Placemark>
  <Placemark id="doc__cov_beni_mey_26xlsx.99">
	<name>Beni Saputra</name>
	<description>Customer: 2893128&lt;br&gt;Name 1: TK.MAJU JAYA&lt;br&gt;Represent.: 90052449&lt;br&gt;Jwk Salesman: KAMIS GANJIL&lt;br&gt;SC: SD400A00130194E&lt;br&gt;Descript.: Ps Rajawali&lt;br&gt;LAT: -4.2880566&lt;br&gt;LONG: 105.4150388</description>
	<ExtendedData><SchemaData schemaUrl="#doc__cov_beni_mey_26xlsx">
		<SimpleData name="tessellate">-1</SimpleData>
		<SimpleData name="extrude">0</SimpleData>
		<SimpleData name="visibility">-1</SimpleData>
		<SimpleData name="Customer">2893128.0</SimpleData>
		<SimpleData name="Name_1">TK.MAJU JAYA</SimpleData>
		<SimpleData name="Represent_">9.0052449E7</SimpleData>
		<SimpleData name="Jwk_Salesman">KAMIS GANJIL</SimpleData>
		<SimpleData name="SC">SD400A00130194E</SimpleData>
		<SimpleData name="Descript_">Ps Rajawali</SimpleData>
		<SimpleData name="LAT">-4.2880566</SimpleData>
		<SimpleData name="LONG">105.4150388</SimpleData>
	</SchemaData></ExtendedData>
      <Point><coordinates>105.4150388,-4.2880566,0</coordinates></Point>
  </Placemark>
  <Placemark id="doc__cov_beni_mey_26xlsx.100">
	<name>Beni Saputra</name>
	<description>Customer: 2893243&lt;br&gt;Name 1: TK.ALEXI&lt;br&gt;Represent.: 90052449&lt;br&gt;Jwk Salesman: JUMAT GANJIL&lt;br&gt;SC: SD400A00130168E&lt;br&gt;Descript.: PS. IPIL RAWAJITU&lt;br&gt;LAT: -4.1231216&lt;br&gt;LONG: 105.6589139</description>
	<ExtendedData><SchemaData schemaUrl="#doc__cov_beni_mey_26xlsx">
		<SimpleData name="tessellate">-1</SimpleData>
		<SimpleData name="extrude">0</SimpleData>
		<SimpleData name="visibility">-1</SimpleData>
		<SimpleData name="Customer">2893243.0</SimpleData>
		<SimpleData name="Name_1">TK.ALEXI</SimpleData>
		<SimpleData name="Represent_">9.0052449E7</SimpleData>
		<SimpleData name="Jwk_Salesman">JUMAT GANJIL</SimpleData>
		<SimpleData name="SC">SD400A00130168E</SimpleData>
		<SimpleData name="Descript_">PS. IPIL RAWAJITU</SimpleData>
		<SimpleData name="LAT">-4.1231216</SimpleData>
		<SimpleData name="LONG">105.6589139</SimpleData>
	</SchemaData></ExtendedData>
      <Point><coordinates>105.6589139,-4.1231216,0</coordinates></Point>
  </Placemark>
  <Placemark id="doc__cov_beni_mey_26xlsx.101">
	<name>Beni Saputra</name>
	<description>Customer: 2913602&lt;br&gt;Name 1: WR.SRI WAHYUNI&lt;br&gt;Represent.: 90052449&lt;br&gt;Jwk Salesman: KAMIS GENAP&lt;br&gt;SC: SD400A00130167E&lt;br&gt;Descript.: Ps Rajawali&lt;br&gt;LAT: -4.2780036&lt;br&gt;LONG: 105.4092269</description>
	<ExtendedData><SchemaData schemaUrl="#doc__cov_beni_mey_26xlsx">
		<SimpleData name="tessellate">-1</SimpleData>
		<SimpleData name="extrude">0</SimpleData>
		<SimpleData name="visibility">-1</SimpleData>
		<SimpleData name="Customer">2913602.0</SimpleData>
		<SimpleData name="Name_1">WR.SRI WAHYUNI</SimpleData>
		<SimpleData name="Represent_">9.0052449E7</SimpleData>
		<SimpleData name="Jwk_Salesman">KAMIS GENAP</SimpleData>
		<SimpleData name="SC">SD400A00130167E</SimpleData>
		<SimpleData name="Descript_">Ps Rajawali</SimpleData>
		<SimpleData name="LAT">-4.2780036</SimpleData>
		<SimpleData name="LONG">105.4092269</SimpleData>
	</SchemaData></ExtendedData>
      <Point><coordinates>105.4092269,-4.2780036,0</coordinates></Point>
  </Placemark>
  <Placemark id="doc__cov_beni_mey_26xlsx.102">
	<name>Beni Saputra</name>
	<description>Customer: 4443253&lt;br&gt;Name 1: TK.CANDRA&lt;br&gt;Represent.: 90052449&lt;br&gt;Jwk Salesman: KAMIS GANJIL&lt;br&gt;SC: SD400A00130848E&lt;br&gt;Descript.: KNPI&lt;br&gt;LAT: -4.2948697&lt;br&gt;LONG: 105.3591392</description>
	<ExtendedData><SchemaData schemaUrl="#doc__cov_beni_mey_26xlsx">
		<SimpleData name="tessellate">-1</SimpleData>
		<SimpleData name="extrude">0</SimpleData>
		<SimpleData name="visibility">-1</SimpleData>
		<SimpleData name="Customer">4443253.0</SimpleData>
		<SimpleData name="Name_1">TK.CANDRA</SimpleData>
		<SimpleData name="Represent_">9.0052449E7</SimpleData>
		<SimpleData name="Jwk_Salesman">KAMIS GANJIL</SimpleData>
		<SimpleData name="SC">SD400A00130848E</SimpleData>
		<SimpleData name="Descript_">KNPI</SimpleData>
		<SimpleData name="LAT">-4.2948697</SimpleData>
		<SimpleData name="LONG">105.3591392</SimpleData>
	</SchemaData></ExtendedData>
      <Point><coordinates>105.3591392,-4.2948697,0</coordinates></Point>
  </Placemark>
  <Placemark id="doc__cov_beni_mey_26xlsx.103">
	<name>Beni Saputra</name>
	<description>Customer: 5542039&lt;br&gt;Name 1: TK.NIA&lt;br&gt;Represent.: 90052449&lt;br&gt;Jwk Salesman: KAMIS GENAP&lt;br&gt;SC: SD400A00130166E&lt;br&gt;Descript.: Ps SPI B3&lt;br&gt;LAT: -4.2743847&lt;br&gt;LONG: 105.4564521</description>
	<ExtendedData><SchemaData schemaUrl="#doc__cov_beni_mey_26xlsx">
		<SimpleData name="tessellate">-1</SimpleData>
		<SimpleData name="extrude">0</SimpleData>
		<SimpleData name="visibility">-1</SimpleData>
		<SimpleData name="Customer">5542039.0</SimpleData>
		<SimpleData name="Name_1">TK.NIA</SimpleData>
		<SimpleData name="Represent_">9.0052449E7</SimpleData>
		<SimpleData name="Jwk_Salesman">KAMIS GENAP</SimpleData>
		<SimpleData name="SC">SD400A00130166E</SimpleData>
		<SimpleData name="Descript_">Ps SPI B3</SimpleData>
		<SimpleData name="LAT">-4.2743847</SimpleData>
		<SimpleData name="LONG">105.4564521</SimpleData>
	</SchemaData></ExtendedData>
      <Point><coordinates>105.4564521,-4.2743847,0</coordinates></Point>
  </Placemark>
  <Placemark id="doc__cov_beni_mey_26xlsx.104">
	<name>Beni Saputra</name>
	<description>Customer: 5592480&lt;br&gt;Name 1: TOKO MARZUKI&lt;br&gt;Represent.: 90052449&lt;br&gt;Jwk Salesman: KAMIS GENAP&lt;br&gt;SC: SD400A00130850E&lt;br&gt;Descript.: KNPI&lt;br&gt;LAT: -4.288094&lt;br&gt;LONG: 105.388275</description>
	<ExtendedData><SchemaData schemaUrl="#doc__cov_beni_mey_26xlsx">
		<SimpleData name="tessellate">-1</SimpleData>
		<SimpleData name="extrude">0</SimpleData>
		<SimpleData name="visibility">-1</SimpleData>
		<SimpleData name="Customer">5592480.0</SimpleData>
		<SimpleData name="Name_1">TOKO MARZUKI</SimpleData>
		<SimpleData name="Represent_">9.0052449E7</SimpleData>
		<SimpleData name="Jwk_Salesman">KAMIS GENAP</SimpleData>
		<SimpleData name="SC">SD400A00130850E</SimpleData>
		<SimpleData name="Descript_">KNPI</SimpleData>
		<SimpleData name="LAT">-4.288094</SimpleData>
		<SimpleData name="LONG">105.388275</SimpleData>
	</SchemaData></ExtendedData>
      <Point><coordinates>105.388275,-4.288094,0</coordinates></Point>
  </Placemark>
  <Placemark id="doc__cov_beni_mey_26xlsx.105">
	<name>Beni Saputra</name>
	<description>Customer: 4987446&lt;br&gt;Name 1: TK.RIO&lt;br&gt;Represent.: 90052449&lt;br&gt;Jwk Salesman: SELASA GANJIL&lt;br&gt;SC: SD400A00133213H&lt;br&gt;Descript.: Unit 3&lt;br&gt;LAT: -4.272531&lt;br&gt;LONG: 105.2371661</description>
	<ExtendedData><SchemaData schemaUrl="#doc__cov_beni_mey_26xlsx">
		<SimpleData name="tessellate">-1</SimpleData>
		<SimpleData name="extrude">0</SimpleData>
		<SimpleData name="visibility">-1</SimpleData>
		<SimpleData name="Customer">4987446.0</SimpleData>
		<SimpleData name="Name_1">TK.RIO</SimpleData>
		<SimpleData name="Represent_">9.0052449E7</SimpleData>
		<SimpleData name="Jwk_Salesman">SELASA GANJIL</SimpleData>
		<SimpleData name="SC">SD400A00133213H</SimpleData>
		<SimpleData name="Descript_">Unit 3</SimpleData>
		<SimpleData name="LAT">-4.272531</SimpleData>
		<SimpleData name="LONG">105.2371661</SimpleData>
	</SchemaData></ExtendedData>
      <Point><coordinates>105.2371661,-4.272531,0</coordinates></Point>
  </Placemark>
  <Placemark id="doc__cov_beni_mey_26xlsx.106">
	<name>Beni Saputra</name>
	<description>Customer: 5593535&lt;br&gt;Name 1: TOKO SILVI&lt;br&gt;Represent.: 90052449&lt;br&gt;Jwk Salesman: SELASA GANJIL&lt;br&gt;SC: SD400A00133232H&lt;br&gt;Descript.: SP. PENAWAR&lt;br&gt;LAT: -4.2702355&lt;br&gt;LONG: 105.2354679</description>
	<ExtendedData><SchemaData schemaUrl="#doc__cov_beni_mey_26xlsx">
		<SimpleData name="tessellate">-1</SimpleData>
		<SimpleData name="extrude">0</SimpleData>
		<SimpleData name="visibility">-1</SimpleData>
		<SimpleData name="Customer">5593535.0</SimpleData>
		<SimpleData name="Name_1">TOKO SILVI</SimpleData>
		<SimpleData name="Represent_">9.0052449E7</SimpleData>
		<SimpleData name="Jwk_Salesman">SELASA GANJIL</SimpleData>
		<SimpleData name="SC">SD400A00133232H</SimpleData>
		<SimpleData name="Descript_">SP. PENAWAR</SimpleData>
		<SimpleData name="LAT">-4.2702355</SimpleData>
		<SimpleData name="LONG">105.2354679</SimpleData>
	</SchemaData></ExtendedData>
      <Point><coordinates>105.2354679,-4.2702355,0</coordinates></Point>
  </Placemark>
  <Placemark id="doc__cov_beni_mey_26xlsx.107">
	<name>Beni Saputra</name>
	<description>Customer: 5594031&lt;br&gt;Name 1: TOKO MBA YULI&lt;br&gt;Represent.: 90052449&lt;br&gt;Jwk Salesman: SELASA GANJIL&lt;br&gt;SC: SD400A00129915E&lt;br&gt;Descript.: PS. UNIT 2&lt;br&gt;LAT: -4.2984908&lt;br&gt;LONG: 105.2172027</description>
	<ExtendedData><SchemaData schemaUrl="#doc__cov_beni_mey_26xlsx">
		<SimpleData name="tessellate">-1</SimpleData>
		<SimpleData name="extrude">0</SimpleData>
		<SimpleData name="visibility">-1</SimpleData>
		<SimpleData name="Customer">5594031.0</SimpleData>
		<SimpleData name="Name_1">TOKO MBA YULI</SimpleData>
		<SimpleData name="Represent_">9.0052449E7</SimpleData>
		<SimpleData name="Jwk_Salesman">SELASA GANJIL</SimpleData>
		<SimpleData name="SC">SD400A00129915E</SimpleData>
		<SimpleData name="Descript_">PS. UNIT 2</SimpleData>
		<SimpleData name="LAT">-4.2984908</SimpleData>
		<SimpleData name="LONG">105.2172027</SimpleData>
	</SchemaData></ExtendedData>
      <Point><coordinates>105.2172027,-4.2984908,0</coordinates></Point>
  </Placemark>
  <Placemark id="doc__cov_beni_mey_26xlsx.108">
	<name>Beni Saputra</name>
	<description>Customer: 5596053&lt;br&gt;Name 1: TK LIDIA&lt;br&gt;Represent.: 90052449&lt;br&gt;Jwk Salesman: SENIN GANJIL&lt;br&gt;SC: SD400A00130174E&lt;br&gt;Descript.: PS. UNIT 2&lt;br&gt;LAT: -4.283982&lt;br&gt;LONG: 105.230757</description>
	<ExtendedData><SchemaData schemaUrl="#doc__cov_beni_mey_26xlsx">
		<SimpleData name="tessellate">-1</SimpleData>
		<SimpleData name="extrude">0</SimpleData>
		<SimpleData name="visibility">-1</SimpleData>
		<SimpleData name="Customer">5596053.0</SimpleData>
		<SimpleData name="Name_1">TK LIDIA</SimpleData>
		<SimpleData name="Represent_">9.0052449E7</SimpleData>
		<SimpleData name="Jwk_Salesman">SENIN GANJIL</SimpleData>
		<SimpleData name="SC">SD400A00130174E</SimpleData>
		<SimpleData name="Descript_">PS. UNIT 2</SimpleData>
		<SimpleData name="LAT">-4.283982</SimpleData>
		<SimpleData name="LONG">105.230757</SimpleData>
	</SchemaData></ExtendedData>
      <Point><coordinates>105.230757,-4.283982,0</coordinates></Point>
  </Placemark>
  <Placemark id="doc__cov_beni_mey_26xlsx.109">
	<name>Beni Saputra</name>
	<description>Customer: 5596073&lt;br&gt;Name 1: TK ALFA SAMAROT&lt;br&gt;Represent.: 90052449&lt;br&gt;Jwk Salesman: SENIN GANJIL&lt;br&gt;SC: SD400A00130729E&lt;br&gt;Descript.: PS. UNIT 2&lt;br&gt;LAT: -4.285663&lt;br&gt;LONG: 105.220398</description>
	<ExtendedData><SchemaData schemaUrl="#doc__cov_beni_mey_26xlsx">
		<SimpleData name="tessellate">-1</SimpleData>
		<SimpleData name="extrude">0</SimpleData>
		<SimpleData name="visibility">-1</SimpleData>
		<SimpleData name="Customer">5596073.0</SimpleData>
		<SimpleData name="Name_1">TK ALFA SAMAROT</SimpleData>
		<SimpleData name="Represent_">9.0052449E7</SimpleData>
		<SimpleData name="Jwk_Salesman">SENIN GANJIL</SimpleData>
		<SimpleData name="SC">SD400A00130729E</SimpleData>
		<SimpleData name="Descript_">PS. UNIT 2</SimpleData>
		<SimpleData name="LAT">-4.285663</SimpleData>
		<SimpleData name="LONG">105.220398</SimpleData>
	</SchemaData></ExtendedData>
      <Point><coordinates>105.220398,-4.285663,0</coordinates></Point>
  </Placemark>
  <Placemark id="doc__cov_beni_mey_26xlsx.110">
	<name>Beni Saputra</name>
	<description>Customer: 5596362&lt;br&gt;Name 1: WR.SURYA SEMBAKO&lt;br&gt;Represent.: 90052449&lt;br&gt;Jwk Salesman: SENIN GANJIL&lt;br&gt;SC: SD400A00130189E&lt;br&gt;Descript.: PS. UNIT 2&lt;br&gt;LAT: -4.278207&lt;br&gt;LONG: 105.230383</description>
	<ExtendedData><SchemaData schemaUrl="#doc__cov_beni_mey_26xlsx">
		<SimpleData name="tessellate">-1</SimpleData>
		<SimpleData name="extrude">0</SimpleData>
		<SimpleData name="visibility">-1</SimpleData>
		<SimpleData name="Customer">5596362.0</SimpleData>
		<SimpleData name="Name_1">WR.SURYA SEMBAKO</SimpleData>
		<SimpleData name="Represent_">9.0052449E7</SimpleData>
		<SimpleData name="Jwk_Salesman">SENIN GANJIL</SimpleData>
		<SimpleData name="SC">SD400A00130189E</SimpleData>
		<SimpleData name="Descript_">PS. UNIT 2</SimpleData>
		<SimpleData name="LAT">-4.278207</SimpleData>
		<SimpleData name="LONG">105.230383</SimpleData>
	</SchemaData></ExtendedData>
      <Point><coordinates>105.230383,-4.278207,0</coordinates></Point>
  </Placemark>
  <Placemark id="doc__cov_beni_mey_26xlsx.111">
	<name>Beni Saputra</name>
	<description>Customer: 429012&lt;br&gt;Name 1: TK.YULI&lt;br&gt;Represent.: 90052449&lt;br&gt;Jwk Salesman: SELASA GANJIL&lt;br&gt;SC: SD400A00130728E&lt;br&gt;Descript.: PS. UNIT 2&lt;br&gt;LAT: -4.295762&lt;br&gt;LONG: 105.217722</description>
	<ExtendedData><SchemaData schemaUrl="#doc__cov_beni_mey_26xlsx">
		<SimpleData name="tessellate">-1</SimpleData>
		<SimpleData name="extrude">0</SimpleData>
		<SimpleData name="visibility">-1</SimpleData>
		<SimpleData name="Customer">429012.0</SimpleData>
		<SimpleData name="Name_1">TK.YULI</SimpleData>
		<SimpleData name="Represent_">9.0052449E7</SimpleData>
		<SimpleData name="Jwk_Salesman">SELASA GANJIL</SimpleData>
		<SimpleData name="SC">SD400A00130728E</SimpleData>
		<SimpleData name="Descript_">PS. UNIT 2</SimpleData>
		<SimpleData name="LAT">-4.295762</SimpleData>
		<SimpleData name="LONG">105.217722</SimpleData>
	</SchemaData></ExtendedData>
      <Point><coordinates>105.217722,-4.295762,0</coordinates></Point>
  </Placemark>
  <Placemark id="doc__cov_beni_mey_26xlsx.112">
	<name>Beni Saputra</name>
	<description>Customer: 3861921&lt;br&gt;Name 1: MARS CELL&lt;br&gt;Represent.: 90052449&lt;br&gt;Jwk Salesman: SENIN GANJIL&lt;br&gt;SC: SD400A00130109E&lt;br&gt;Descript.: Purwajaya&lt;br&gt;LAT: -4.267199&lt;br&gt;LONG: 105.222737</description>
	<ExtendedData><SchemaData schemaUrl="#doc__cov_beni_mey_26xlsx">
		<SimpleData name="tessellate">-1</SimpleData>
		<SimpleData name="extrude">0</SimpleData>
		<SimpleData name="visibility">-1</SimpleData>
		<SimpleData name="Customer">3861921.0</SimpleData>
		<SimpleData name="Name_1">MARS CELL</SimpleData>
		<SimpleData name="Represent_">9.0052449E7</SimpleData>
		<SimpleData name="Jwk_Salesman">SENIN GANJIL</SimpleData>
		<SimpleData name="SC">SD400A00130109E</SimpleData>
		<SimpleData name="Descript_">Purwajaya</SimpleData>
		<SimpleData name="LAT">-4.267199</SimpleData>
		<SimpleData name="LONG">105.222737</SimpleData>
	</SchemaData></ExtendedData>
      <Point><coordinates>105.222737,-4.267199,0</coordinates></Point>
  </Placemark>
  <Placemark id="doc__cov_beni_mey_26xlsx.113">
	<name>Beni Saputra</name>
	<description>Customer: 5598760&lt;br&gt;Name 1: TK EKA UNIT 1&lt;br&gt;Represent.: 90052449&lt;br&gt;Jwk Salesman: SELASA GANJIL&lt;br&gt;SC: SD400A00130692E&lt;br&gt;Descript.: Unit 3&lt;br&gt;LAT: -4.275789&lt;br&gt;LONG: 105.236959</description>
	<ExtendedData><SchemaData schemaUrl="#doc__cov_beni_mey_26xlsx">
		<SimpleData name="tessellate">-1</SimpleData>
		<SimpleData name="extrude">0</SimpleData>
		<SimpleData name="visibility">-1</SimpleData>
		<SimpleData name="Customer">5598760.0</SimpleData>
		<SimpleData name="Name_1">TK EKA UNIT 1</SimpleData>
		<SimpleData name="Represent_">9.0052449E7</SimpleData>
		<SimpleData name="Jwk_Salesman">SELASA GANJIL</SimpleData>
		<SimpleData name="SC">SD400A00130692E</SimpleData>
		<SimpleData name="Descript_">Unit 3</SimpleData>
		<SimpleData name="LAT">-4.275789</SimpleData>
		<SimpleData name="LONG">105.236959</SimpleData>
	</SchemaData></ExtendedData>
      <Point><coordinates>105.236959,-4.275789,0</coordinates></Point>
  </Placemark>
  <Placemark id="doc__cov_beni_mey_26xlsx.114">
	<name>Beni Saputra</name>
	<description>Customer: 5598765&lt;br&gt;Name 1: TK HAFIDZ&lt;br&gt;Represent.: 90052449&lt;br&gt;Jwk Salesman: SENIN GENAP&lt;br&gt;SC: SD400A00130178E&lt;br&gt;Descript.: SP. PENAWAR&lt;br&gt;LAT: -4.262137&lt;br&gt;LONG: 105.245078</description>
	<ExtendedData><SchemaData schemaUrl="#doc__cov_beni_mey_26xlsx">
		<SimpleData name="tessellate">-1</SimpleData>
		<SimpleData name="extrude">0</SimpleData>
		<SimpleData name="visibility">-1</SimpleData>
		<SimpleData name="Customer">5598765.0</SimpleData>
		<SimpleData name="Name_1">TK HAFIDZ</SimpleData>
		<SimpleData name="Represent_">9.0052449E7</SimpleData>
		<SimpleData name="Jwk_Salesman">SENIN GENAP</SimpleData>
		<SimpleData name="SC">SD400A00130178E</SimpleData>
		<SimpleData name="Descript_">SP. PENAWAR</SimpleData>
		<SimpleData name="LAT">-4.262137</SimpleData>
		<SimpleData name="LONG">105.245078</SimpleData>
	</SchemaData></ExtendedData>
      <Point><coordinates>105.245078,-4.262137,0</coordinates></Point>
  </Placemark>
  <Placemark id="doc__cov_beni_mey_26xlsx.115">
	<name>Beni Saputra</name>
	<description>Customer: 5600469&lt;br&gt;Name 1: TK DEDI ES&lt;br&gt;Represent.: 90052449&lt;br&gt;Jwk Salesman: SENIN GANJIL&lt;br&gt;SC: DUMMY 1&lt;br&gt;Descript.: PS. UNIT 2&lt;br&gt;LAT: -4.27002&lt;br&gt;LONG: 105.222528</description>
	<ExtendedData><SchemaData schemaUrl="#doc__cov_beni_mey_26xlsx">
		<SimpleData name="tessellate">-1</SimpleData>
		<SimpleData name="extrude">0</SimpleData>
		<SimpleData name="visibility">-1</SimpleData>
		<SimpleData name="Customer">5600469.0</SimpleData>
		<SimpleData name="Name_1">TK DEDI ES</SimpleData>
		<SimpleData name="Represent_">9.0052449E7</SimpleData>
		<SimpleData name="Jwk_Salesman">SENIN GANJIL</SimpleData>
		<SimpleData name="SC">DUMMY 1</SimpleData>
		<SimpleData name="Descript_">PS. UNIT 2</SimpleData>
		<SimpleData name="LAT">-4.27002</SimpleData>
		<SimpleData name="LONG">105.222528</SimpleData>
	</SchemaData></ExtendedData>
      <Point><coordinates>105.222528,-4.27002,0</coordinates></Point>
  </Placemark>
  <Placemark id="doc__cov_beni_mey_26xlsx.116">
	<name>Beni Saputra</name>
	<description>Customer: 5601884&lt;br&gt;Name 1: WR SEMBAKO YAYA&lt;br&gt;Represent.: 90052449&lt;br&gt;Jwk Salesman: KAMIS GANJIL&lt;br&gt;SC: DUMMY 1&lt;br&gt;Descript.: PS. UNIT 2&lt;br&gt;LAT: -4.29126&lt;br&gt;LONG: 105.222849</description>
	<ExtendedData><SchemaData schemaUrl="#doc__cov_beni_mey_26xlsx">
		<SimpleData name="tessellate">-1</SimpleData>
		<SimpleData name="extrude">0</SimpleData>
		<SimpleData name="visibility">-1</SimpleData>
		<SimpleData name="Customer">5601884.0</SimpleData>
		<SimpleData name="Name_1">WR SEMBAKO YAYA</SimpleData>
		<SimpleData name="Represent_">9.0052449E7</SimpleData>
		<SimpleData name="Jwk_Salesman">KAMIS GANJIL</SimpleData>
		<SimpleData name="SC">DUMMY 1</SimpleData>
		<SimpleData name="Descript_">PS. UNIT 2</SimpleData>
		<SimpleData name="LAT">-4.29126</SimpleData>
		<SimpleData name="LONG">105.222849</SimpleData>
	</SchemaData></ExtendedData>
      <Point><coordinates>105.222849,-4.29126,0</coordinates></Point>
  </Placemark>
  <Placemark id="doc__cov_beni_mey_26xlsx.117">
	<name>Beni Saputra</name>
	<description>Customer: 5602131&lt;br&gt;Name 1: WR TRIO&lt;br&gt;Represent.: 90052449&lt;br&gt;Jwk Salesman: KAMIS GENAP&lt;br&gt;SC: SD400A00132365H&lt;br&gt;Descript.: Ps SPI B3&lt;br&gt;LAT: -4.298411&lt;br&gt;LONG: 105.455232</description>
	<ExtendedData><SchemaData schemaUrl="#doc__cov_beni_mey_26xlsx">
		<SimpleData name="tessellate">-1</SimpleData>
		<SimpleData name="extrude">0</SimpleData>
		<SimpleData name="visibility">-1</SimpleData>
		<SimpleData name="Customer">5602131.0</SimpleData>
		<SimpleData name="Name_1">WR TRIO</SimpleData>
		<SimpleData name="Represent_">9.0052449E7</SimpleData>
		<SimpleData name="Jwk_Salesman">KAMIS GENAP</SimpleData>
		<SimpleData name="SC">SD400A00132365H</SimpleData>
		<SimpleData name="Descript_">Ps SPI B3</SimpleData>
		<SimpleData name="LAT">-4.298411</SimpleData>
		<SimpleData name="LONG">105.455232</SimpleData>
	</SchemaData></ExtendedData>
      <Point><coordinates>105.455232,-4.298411,0</coordinates></Point>
  </Placemark>
  <Placemark id="doc__cov_beni_mey_26xlsx.118">
	<name>Beni Saputra</name>
	<description>Customer: 5602135&lt;br&gt;Name 1: TK RUS&lt;br&gt;Represent.: 90052449&lt;br&gt;Jwk Salesman: SELASA GANJIL&lt;br&gt;SC: SD400A00132245H&lt;br&gt;Descript.: PS. UNIT 2&lt;br&gt;LAT: -4.297776&lt;br&gt;LONG: 105.22097</description>
	<ExtendedData><SchemaData schemaUrl="#doc__cov_beni_mey_26xlsx">
		<SimpleData name="tessellate">-1</SimpleData>
		<SimpleData name="extrude">0</SimpleData>
		<SimpleData name="visibility">-1</SimpleData>
		<SimpleData name="Customer">5602135.0</SimpleData>
		<SimpleData name="Name_1">TK RUS</SimpleData>
		<SimpleData name="Represent_">9.0052449E7</SimpleData>
		<SimpleData name="Jwk_Salesman">SELASA GANJIL</SimpleData>
		<SimpleData name="SC">SD400A00132245H</SimpleData>
		<SimpleData name="Descript_">PS. UNIT 2</SimpleData>
		<SimpleData name="LAT">-4.297776</SimpleData>
		<SimpleData name="LONG">105.22097</SimpleData>
	</SchemaData></ExtendedData>
      <Point><coordinates>105.22097,-4.297776,0</coordinates></Point>
  </Placemark>
  <Placemark id="doc__cov_beni_mey_26xlsx.119">
	<name>Beni Saputra</name>
	<description>Customer: 5602137&lt;br&gt;Name 1: TK AHMAD&lt;br&gt;Represent.: 90052449&lt;br&gt;Jwk Salesman: SELASA GANJIL&lt;br&gt;SC: SD400A00132966H&lt;br&gt;Descript.: PS. UNIT 2&lt;br&gt;LAT: -4.299607&lt;br&gt;LONG: 105.220165</description>
	<ExtendedData><SchemaData schemaUrl="#doc__cov_beni_mey_26xlsx">
		<SimpleData name="tessellate">-1</SimpleData>
		<SimpleData name="extrude">0</SimpleData>
		<SimpleData name="visibility">-1</SimpleData>
		<SimpleData name="Customer">5602137.0</SimpleData>
		<SimpleData name="Name_1">TK AHMAD</SimpleData>
		<SimpleData name="Represent_">9.0052449E7</SimpleData>
		<SimpleData name="Jwk_Salesman">SELASA GANJIL</SimpleData>
		<SimpleData name="SC">SD400A00132966H</SimpleData>
		<SimpleData name="Descript_">PS. UNIT 2</SimpleData>
		<SimpleData name="LAT">-4.299607</SimpleData>
		<SimpleData name="LONG">105.220165</SimpleData>
	</SchemaData></ExtendedData>
      <Point><coordinates>105.220165,-4.299607,0</coordinates></Point>
  </Placemark>
  <Placemark id="doc__cov_beni_mey_26xlsx.120">
	<name>Beni Saputra</name>
	<description>Customer: 4919297&lt;br&gt;Name 1: TK ANA YANTI&lt;br&gt;Represent.: 90052449&lt;br&gt;Jwk Salesman: KAMIS GANJIL&lt;br&gt;SC: SD400A00132433H&lt;br&gt;Descript.: Unit 3&lt;br&gt;LAT: -4.295467&lt;br&gt;LONG: 105.314226</description>
	<ExtendedData><SchemaData schemaUrl="#doc__cov_beni_mey_26xlsx">
		<SimpleData name="tessellate">-1</SimpleData>
		<SimpleData name="extrude">0</SimpleData>
		<SimpleData name="visibility">-1</SimpleData>
		<SimpleData name="Customer">4919297.0</SimpleData>
		<SimpleData name="Name_1">TK ANA YANTI</SimpleData>
		<SimpleData name="Represent_">9.0052449E7</SimpleData>
		<SimpleData name="Jwk_Salesman">KAMIS GANJIL</SimpleData>
		<SimpleData name="SC">SD400A00132433H</SimpleData>
		<SimpleData name="Descript_">Unit 3</SimpleData>
		<SimpleData name="LAT">-4.295467</SimpleData>
		<SimpleData name="LONG">105.314226</SimpleData>
	</SchemaData></ExtendedData>
      <Point><coordinates>105.314226,-4.295467,0</coordinates></Point>
  </Placemark>
  <Placemark id="doc__cov_beni_mey_26xlsx.121">
	<name>Beni Saputra</name>
	<description>Customer: 5606918&lt;br&gt;Name 1: TK SARI KURING&lt;br&gt;Represent.: 90052449&lt;br&gt;Jwk Salesman: KAMIS GANJIL&lt;br&gt;SC: SD400A00131740H&lt;br&gt;Descript.: PS. UNIT 2&lt;br&gt;LAT: -4.292393&lt;br&gt;LONG: 105.221079</description>
	<ExtendedData><SchemaData schemaUrl="#doc__cov_beni_mey_26xlsx">
		<SimpleData name="tessellate">-1</SimpleData>
		<SimpleData name="extrude">0</SimpleData>
		<SimpleData name="visibility">-1</SimpleData>
		<SimpleData name="Customer">5606918.0</SimpleData>
		<SimpleData name="Name_1">TK SARI KURING</SimpleData>
		<SimpleData name="Represent_">9.0052449E7</SimpleData>
		<SimpleData name="Jwk_Salesman">KAMIS GANJIL</SimpleData>
		<SimpleData name="SC">SD400A00131740H</SimpleData>
		<SimpleData name="Descript_">PS. UNIT 2</SimpleData>
		<SimpleData name="LAT">-4.292393</SimpleData>
		<SimpleData name="LONG">105.221079</SimpleData>
	</SchemaData></ExtendedData>
      <Point><coordinates>105.221079,-4.292393,0</coordinates></Point>
  </Placemark>
  <Placemark id="doc__cov_beni_mey_26xlsx.122">
	<name>Beni Saputra</name>
	<description>Customer: 5606919&lt;br&gt;Name 1: TK HJ HERLIN BAKERY&lt;br&gt;Represent.: 90052449&lt;br&gt;Jwk Salesman: SENIN GANJIL&lt;br&gt;SC: SD400A00134496E&lt;br&gt;Descript.: PS. UNIT 2&lt;br&gt;LAT: -4.28804&lt;br&gt;LONG: 105.230923</description>
	<ExtendedData><SchemaData schemaUrl="#doc__cov_beni_mey_26xlsx">
		<SimpleData name="tessellate">-1</SimpleData>
		<SimpleData name="extrude">0</SimpleData>
		<SimpleData name="visibility">-1</SimpleData>
		<SimpleData name="Customer">5606919.0</SimpleData>
		<SimpleData name="Name_1">TK HJ HERLIN BAKERY</SimpleData>
		<SimpleData name="Represent_">9.0052449E7</SimpleData>
		<SimpleData name="Jwk_Salesman">SENIN GANJIL</SimpleData>
		<SimpleData name="SC">SD400A00134496E</SimpleData>
		<SimpleData name="Descript_">PS. UNIT 2</SimpleData>
		<SimpleData name="LAT">-4.28804</SimpleData>
		<SimpleData name="LONG">105.230923</SimpleData>
	</SchemaData></ExtendedData>
      <Point><coordinates>105.230923,-4.28804,0</coordinates></Point>
  </Placemark>
  <Placemark id="doc__cov_beni_mey_26xlsx.123">
	<name>Beni Saputra</name>
	<description>Customer: 5606956&lt;br&gt;Name 1: TK GALI&lt;br&gt;Represent.: 90052449&lt;br&gt;Jwk Salesman: SELASA GENAP&lt;br&gt;SC: SD400A00134664E&lt;br&gt;Descript.: Ps Rajawali&lt;br&gt;LAT: -4.282349&lt;br&gt;LONG: 105.487981</description>
	<ExtendedData><SchemaData schemaUrl="#doc__cov_beni_mey_26xlsx">
		<SimpleData name="tessellate">-1</SimpleData>
		<SimpleData name="extrude">0</SimpleData>
		<SimpleData name="visibility">-1</SimpleData>
		<SimpleData name="Customer">5606956.0</SimpleData>
		<SimpleData name="Name_1">TK GALI</SimpleData>
		<SimpleData name="Represent_">9.0052449E7</SimpleData>
		<SimpleData name="Jwk_Salesman">SELASA GENAP</SimpleData>
		<SimpleData name="SC">SD400A00134664E</SimpleData>
		<SimpleData name="Descript_">Ps Rajawali</SimpleData>
		<SimpleData name="LAT">-4.282349</SimpleData>
		<SimpleData name="LONG">105.487981</SimpleData>
	</SchemaData></ExtendedData>
      <Point><coordinates>105.487981,-4.282349,0</coordinates></Point>
  </Placemark>
  <Placemark id="doc__cov_beni_mey_26xlsx.124">
	<name>Beni Saputra</name>
	<description>Customer: 262633&lt;br&gt;Name 1: TK ERSON&lt;br&gt;Represent.: 90052449&lt;br&gt;Jwk Salesman: JUMAT GANJIL&lt;br&gt;SC: SD400A00134558E&lt;br&gt;Descript.: PS. RAWAJITU&lt;br&gt;LAT: -4.212134&lt;br&gt;LONG: 105.767714</description>
	<ExtendedData><SchemaData schemaUrl="#doc__cov_beni_mey_26xlsx">
		<SimpleData name="tessellate">-1</SimpleData>
		<SimpleData name="extrude">0</SimpleData>
		<SimpleData name="visibility">-1</SimpleData>
		<SimpleData name="Customer">262633.0</SimpleData>
		<SimpleData name="Name_1">TK ERSON</SimpleData>
		<SimpleData name="Represent_">9.0052449E7</SimpleData>
		<SimpleData name="Jwk_Salesman">JUMAT GANJIL</SimpleData>
		<SimpleData name="SC">SD400A00134558E</SimpleData>
		<SimpleData name="Descript_">PS. RAWAJITU</SimpleData>
		<SimpleData name="LAT">-4.212134</SimpleData>
		<SimpleData name="LONG">105.767714</SimpleData>
	</SchemaData></ExtendedData>
      <Point><coordinates>105.767714,-4.212134,0</coordinates></Point>
  </Placemark>
  <Placemark id="doc__cov_beni_mey_26xlsx.125">
	<name>Beni Saputra</name>
	<description>Customer: 2893052&lt;br&gt;Name 1: WR SIHONO&lt;br&gt;Represent.: 90052449&lt;br&gt;Jwk Salesman: JUMAT GENAP&lt;br&gt;SC: SD400A00134525E&lt;br&gt;Descript.: PS. RAWAJITU&lt;br&gt;LAT: -4.209104&lt;br&gt;LONG: 105.740539</description>
	<ExtendedData><SchemaData schemaUrl="#doc__cov_beni_mey_26xlsx">
		<SimpleData name="tessellate">-1</SimpleData>
		<SimpleData name="extrude">0</SimpleData>
		<SimpleData name="visibility">-1</SimpleData>
		<SimpleData name="Customer">2893052.0</SimpleData>
		<SimpleData name="Name_1">WR SIHONO</SimpleData>
		<SimpleData name="Represent_">9.0052449E7</SimpleData>
		<SimpleData name="Jwk_Salesman">JUMAT GENAP</SimpleData>
		<SimpleData name="SC">SD400A00134525E</SimpleData>
		<SimpleData name="Descript_">PS. RAWAJITU</SimpleData>
		<SimpleData name="LAT">-4.209104</SimpleData>
		<SimpleData name="LONG">105.740539</SimpleData>
	</SchemaData></ExtendedData>
      <Point><coordinates>105.740539,-4.209104,0</coordinates></Point>
  </Placemark>
  <Placemark id="doc__cov_beni_mey_26xlsx.126">
	<name>Beni Saputra</name>
	<description>Customer: 3382569&lt;br&gt;Name 1: TK ENDRO&lt;br&gt;Represent.: 90052449&lt;br&gt;Jwk Salesman: SENIN GENAP&lt;br&gt;SC: SD400A00134521E&lt;br&gt;Descript.: Agung Jaya&lt;br&gt;LAT: -4.212211&lt;br&gt;LONG: 105.253264</description>
	<ExtendedData><SchemaData schemaUrl="#doc__cov_beni_mey_26xlsx">
		<SimpleData name="tessellate">-1</SimpleData>
		<SimpleData name="extrude">0</SimpleData>
		<SimpleData name="visibility">-1</SimpleData>
		<SimpleData name="Customer">3382569.0</SimpleData>
		<SimpleData name="Name_1">TK ENDRO</SimpleData>
		<SimpleData name="Represent_">9.0052449E7</SimpleData>
		<SimpleData name="Jwk_Salesman">SENIN GENAP</SimpleData>
		<SimpleData name="SC">SD400A00134521E</SimpleData>
		<SimpleData name="Descript_">Agung Jaya</SimpleData>
		<SimpleData name="LAT">-4.212211</SimpleData>
		<SimpleData name="LONG">105.253264</SimpleData>
	</SchemaData></ExtendedData>
      <Point><coordinates>105.253264,-4.212211,0</coordinates></Point>
  </Placemark>
  <Placemark id="doc__cov_beni_mey_26xlsx.127">
	<name>Beni Saputra</name>
	<description>Customer: 423963&lt;br&gt;Name 1: TK KAYANG PIDADA&lt;br&gt;Represent.: 90052449&lt;br&gt;Jwk Salesman: JUMAT GENAP&lt;br&gt;SC: SD400A00134555E&lt;br&gt;Descript.: PS. PIDADA&lt;br&gt;LAT: -4.210883&lt;br&gt;LONG: 105.70396</description>
	<ExtendedData><SchemaData schemaUrl="#doc__cov_beni_mey_26xlsx">
		<SimpleData name="tessellate">-1</SimpleData>
		<SimpleData name="extrude">0</SimpleData>
		<SimpleData name="visibility">-1</SimpleData>
		<SimpleData name="Customer">423963.0</SimpleData>
		<SimpleData name="Name_1">TK KAYANG PIDADA</SimpleData>
		<SimpleData name="Represent_">9.0052449E7</SimpleData>
		<SimpleData name="Jwk_Salesman">JUMAT GENAP</SimpleData>
		<SimpleData name="SC">SD400A00134555E</SimpleData>
		<SimpleData name="Descript_">PS. PIDADA</SimpleData>
		<SimpleData name="LAT">-4.210883</SimpleData>
		<SimpleData name="LONG">105.70396</SimpleData>
	</SchemaData></ExtendedData>
      <Point><coordinates>105.70396,-4.210883,0</coordinates></Point>
  </Placemark>
  <Placemark id="doc__cov_beni_mey_26xlsx.128">
	<name>Beni Saputra</name>
	<description>Customer: 2893050&lt;br&gt;Name 1: WR TOWIYAH&lt;br&gt;Represent.: 90052449&lt;br&gt;Jwk Salesman: JUMAT GANJIL&lt;br&gt;SC: SD400A00134403E&lt;br&gt;Descript.: PS. RAWAJITU&lt;br&gt;LAT: -4.217687&lt;br&gt;LONG: 105.741868</description>
	<ExtendedData><SchemaData schemaUrl="#doc__cov_beni_mey_26xlsx">
		<SimpleData name="tessellate">-1</SimpleData>
		<SimpleData name="extrude">0</SimpleData>
		<SimpleData name="visibility">-1</SimpleData>
		<SimpleData name="Customer">2893050.0</SimpleData>
		<SimpleData name="Name_1">WR TOWIYAH</SimpleData>
		<SimpleData name="Represent_">9.0052449E7</SimpleData>
		<SimpleData name="Jwk_Salesman">JUMAT GANJIL</SimpleData>
		<SimpleData name="SC">SD400A00134403E</SimpleData>
		<SimpleData name="Descript_">PS. RAWAJITU</SimpleData>
		<SimpleData name="LAT">-4.217687</SimpleData>
		<SimpleData name="LONG">105.741868</SimpleData>
	</SchemaData></ExtendedData>
      <Point><coordinates>105.741868,-4.217687,0</coordinates></Point>
  </Placemark>
  <Placemark id="doc__cov_beni_mey_26xlsx.129">
	<name>Beni Saputra</name>
	<description>Customer: 5613795&lt;br&gt;Name 1: WR TEH TATIK&lt;br&gt;Represent.: 90052449&lt;br&gt;Jwk Salesman: SENIN GANJIL&lt;br&gt;SC: SD400A00134551E&lt;br&gt;Descript.: PS. UNIT 2&lt;br&gt;LAT: -4.282564&lt;br&gt;LONG: 105.225114</description>
	<ExtendedData><SchemaData schemaUrl="#doc__cov_beni_mey_26xlsx">
		<SimpleData name="tessellate">-1</SimpleData>
		<SimpleData name="extrude">0</SimpleData>
		<SimpleData name="visibility">-1</SimpleData>
		<SimpleData name="Customer">5613795.0</SimpleData>
		<SimpleData name="Name_1">WR TEH TATIK</SimpleData>
		<SimpleData name="Represent_">9.0052449E7</SimpleData>
		<SimpleData name="Jwk_Salesman">SENIN GANJIL</SimpleData>
		<SimpleData name="SC">SD400A00134551E</SimpleData>
		<SimpleData name="Descript_">PS. UNIT 2</SimpleData>
		<SimpleData name="LAT">-4.282564</SimpleData>
		<SimpleData name="LONG">105.225114</SimpleData>
	</SchemaData></ExtendedData>
      <Point><coordinates>105.225114,-4.282564,0</coordinates></Point>
  </Placemark>
  <Placemark id="doc__cov_beni_mey_26xlsx.130">
	<name>Beni Saputra</name>
	<description>Customer: 5593927&lt;br&gt;Name 1: TK BARRA MART&lt;br&gt;Represent.: 90052449&lt;br&gt;Jwk Salesman: SABTU GANJIL&lt;br&gt;SC: SD400A00134554E&lt;br&gt;Descript.: GEDONG ARENG 2E&lt;br&gt;LAT: -4.18567&lt;br&gt;LONG: 105.379422</description>
	<ExtendedData><SchemaData schemaUrl="#doc__cov_beni_mey_26xlsx">
		<SimpleData name="tessellate">-1</SimpleData>
		<SimpleData name="extrude">0</SimpleData>
		<SimpleData name="visibility">-1</SimpleData>
		<SimpleData name="Customer">5593927.0</SimpleData>
		<SimpleData name="Name_1">TK BARRA MART</SimpleData>
		<SimpleData name="Represent_">9.0052449E7</SimpleData>
		<SimpleData name="Jwk_Salesman">SABTU GANJIL</SimpleData>
		<SimpleData name="SC">SD400A00134554E</SimpleData>
		<SimpleData name="Descript_">GEDONG ARENG 2E</SimpleData>
		<SimpleData name="LAT">-4.18567</SimpleData>
		<SimpleData name="LONG">105.379422</SimpleData>
	</SchemaData></ExtendedData>
      <Point><coordinates>105.379422,-4.18567,0</coordinates></Point>
  </Placemark>
  <Placemark id="doc__cov_beni_mey_26xlsx.131">
	<name>Beni Saputra</name>
	<description>Customer: 5615465&lt;br&gt;Name 1: WR SEMBAKO AGRA&lt;br&gt;Represent.: 90052449&lt;br&gt;Jwk Salesman: RABU GENAP&lt;br&gt;SC: SD400A00134762E&lt;br&gt;Descript.: PS. H II GD. AJI BAR&lt;br&gt;LAT: -4.195888&lt;br&gt;LONG: 105.553255</description>
	<ExtendedData><SchemaData schemaUrl="#doc__cov_beni_mey_26xlsx">
		<SimpleData name="tessellate">-1</SimpleData>
		<SimpleData name="extrude">0</SimpleData>
		<SimpleData name="visibility">-1</SimpleData>
		<SimpleData name="Customer">5615465.0</SimpleData>
		<SimpleData name="Name_1">WR SEMBAKO AGRA</SimpleData>
		<SimpleData name="Represent_">9.0052449E7</SimpleData>
		<SimpleData name="Jwk_Salesman">RABU GENAP</SimpleData>
		<SimpleData name="SC">SD400A00134762E</SimpleData>
		<SimpleData name="Descript_">PS. H II GD. AJI BAR</SimpleData>
		<SimpleData name="LAT">-4.195888</SimpleData>
		<SimpleData name="LONG">105.553255</SimpleData>
	</SchemaData></ExtendedData>
      <Point><coordinates>105.553255,-4.195888,0</coordinates></Point>
  </Placemark>
  <Placemark id="doc__cov_beni_mey_26xlsx.132">
	<name>Beni Saputra</name>
	<description>Customer: 209208&lt;br&gt;Name 1: TK BU YANI&lt;br&gt;Represent.: 90052449&lt;br&gt;Jwk Salesman: KAMIS GENAP&lt;br&gt;SC: SD400A00134018E&lt;br&gt;Descript.: Ps SPI B3&lt;br&gt;LAT: -4.282876&lt;br&gt;LONG: 105.497543</description>
	<ExtendedData><SchemaData schemaUrl="#doc__cov_beni_mey_26xlsx">
		<SimpleData name="tessellate">-1</SimpleData>
		<SimpleData name="extrude">0</SimpleData>
		<SimpleData name="visibility">-1</SimpleData>
		<SimpleData name="Customer">209208.0</SimpleData>
		<SimpleData name="Name_1">TK BU YANI</SimpleData>
		<SimpleData name="Represent_">9.0052449E7</SimpleData>
		<SimpleData name="Jwk_Salesman">KAMIS GENAP</SimpleData>
		<SimpleData name="SC">SD400A00134018E</SimpleData>
		<SimpleData name="Descript_">Ps SPI B3</SimpleData>
		<SimpleData name="LAT">-4.282876</SimpleData>
		<SimpleData name="LONG">105.497543</SimpleData>
	</SchemaData></ExtendedData>
      <Point><coordinates>105.497543,-4.282876,0</coordinates></Point>
  </Placemark>
  <Placemark id="doc__cov_beni_mey_26xlsx.133">
	<name>Beni Saputra</name>
	<description>Customer: 2893079&lt;br&gt;Name 1: WR ARIS&lt;br&gt;Represent.: 90052449&lt;br&gt;Jwk Salesman: KAMIS GENAP&lt;br&gt;SC: SD400A00135201E&lt;br&gt;Descript.: Ps SPI B3&lt;br&gt;LAT: -4.284893&lt;br&gt;LONG: 105.48792</description>
	<ExtendedData><SchemaData schemaUrl="#doc__cov_beni_mey_26xlsx">
		<SimpleData name="tessellate">-1</SimpleData>
		<SimpleData name="extrude">0</SimpleData>
		<SimpleData name="visibility">-1</SimpleData>
		<SimpleData name="Customer">2893079.0</SimpleData>
		<SimpleData name="Name_1">WR ARIS</SimpleData>
		<SimpleData name="Represent_">9.0052449E7</SimpleData>
		<SimpleData name="Jwk_Salesman">KAMIS GENAP</SimpleData>
		<SimpleData name="SC">SD400A00135201E</SimpleData>
		<SimpleData name="Descript_">Ps SPI B3</SimpleData>
		<SimpleData name="LAT">-4.284893</SimpleData>
		<SimpleData name="LONG">105.48792</SimpleData>
	</SchemaData></ExtendedData>
      <Point><coordinates>105.48792,-4.284893,0</coordinates></Point>
  </Placemark>
  <Placemark id="doc__cov_beni_mey_26xlsx.134">
	<name>Beni Saputra</name>
	<description>Customer: 3387443&lt;br&gt;Name 1: WR HUSMUK&lt;br&gt;Represent.: 90052449&lt;br&gt;Jwk Salesman: SELASA GENAP&lt;br&gt;SC: SD400A00134765E&lt;br&gt;Descript.: Rawapitu&lt;br&gt;LAT: -4.277827&lt;br&gt;LONG: 105.54516</description>
	<ExtendedData><SchemaData schemaUrl="#doc__cov_beni_mey_26xlsx">
		<SimpleData name="tessellate">-1</SimpleData>
		<SimpleData name="extrude">0</SimpleData>
		<SimpleData name="visibility">-1</SimpleData>
		<SimpleData name="Customer">3387443.0</SimpleData>
		<SimpleData name="Name_1">WR HUSMUK</SimpleData>
		<SimpleData name="Represent_">9.0052449E7</SimpleData>
		<SimpleData name="Jwk_Salesman">SELASA GENAP</SimpleData>
		<SimpleData name="SC">SD400A00134765E</SimpleData>
		<SimpleData name="Descript_">Rawapitu</SimpleData>
		<SimpleData name="LAT">-4.277827</SimpleData>
		<SimpleData name="LONG">105.54516</SimpleData>
	</SchemaData></ExtendedData>
      <Point><coordinates>105.54516,-4.277827,0</coordinates></Point>
  </Placemark>
  <Placemark id="doc__cov_beni_mey_26xlsx.135">
	<name>Beni Saputra</name>
	<description>Customer: 5617997&lt;br&gt;Name 1: WR LIA SEMBAKO&lt;br&gt;Represent.: 90052449&lt;br&gt;Jwk Salesman: KAMIS GENAP&lt;br&gt;SC: SD400A00134068E&lt;br&gt;Descript.: Ps SPI B3&lt;br&gt;LAT: -4.281752&lt;br&gt;LONG: 105.490798</description>
	<ExtendedData><SchemaData schemaUrl="#doc__cov_beni_mey_26xlsx">
		<SimpleData name="tessellate">-1</SimpleData>
		<SimpleData name="extrude">0</SimpleData>
		<SimpleData name="visibility">-1</SimpleData>
		<SimpleData name="Customer">5617997.0</SimpleData>
		<SimpleData name="Name_1">WR LIA SEMBAKO</SimpleData>
		<SimpleData name="Represent_">9.0052449E7</SimpleData>
		<SimpleData name="Jwk_Salesman">KAMIS GENAP</SimpleData>
		<SimpleData name="SC">SD400A00134068E</SimpleData>
		<SimpleData name="Descript_">Ps SPI B3</SimpleData>
		<SimpleData name="LAT">-4.281752</SimpleData>
		<SimpleData name="LONG">105.490798</SimpleData>
	</SchemaData></ExtendedData>
      <Point><coordinates>105.490798,-4.281752,0</coordinates></Point>
  </Placemark>
  <Placemark id="doc__cov_beni_mey_26xlsx.136">
	<name>Beni Saputra</name>
	<description>Customer: 315342&lt;br&gt;Name 1: TK LINA&lt;br&gt;Represent.: 90052449&lt;br&gt;Jwk Salesman: SABTU GENAP&lt;br&gt;SC: SD400A00123847E&lt;br&gt;Descript.: PS.E1&lt;br&gt;LAT: -4.180992&lt;br&gt;LONG: 105.418947</description>
	<ExtendedData><SchemaData schemaUrl="#doc__cov_beni_mey_26xlsx">
		<SimpleData name="tessellate">-1</SimpleData>
		<SimpleData name="extrude">0</SimpleData>
		<SimpleData name="visibility">-1</SimpleData>
		<SimpleData name="Customer">315342.0</SimpleData>
		<SimpleData name="Name_1">TK LINA</SimpleData>
		<SimpleData name="Represent_">9.0052449E7</SimpleData>
		<SimpleData name="Jwk_Salesman">SABTU GENAP</SimpleData>
		<SimpleData name="SC">SD400A00123847E</SimpleData>
		<SimpleData name="Descript_">PS.E1</SimpleData>
		<SimpleData name="LAT">-4.180992</SimpleData>
		<SimpleData name="LONG">105.418947</SimpleData>
	</SchemaData></ExtendedData>
      <Point><coordinates>105.418947,-4.180992,0</coordinates></Point>
  </Placemark>
  <Placemark id="doc__cov_beni_mey_26xlsx.137">
	<name>Beni Saputra</name>
	<description>Customer: 271050&lt;br&gt;Name 1: TK DANI&lt;br&gt;Represent.: 90052449&lt;br&gt;Jwk Salesman: SABTU GENAP&lt;br&gt;SC: SD400A00134764E&lt;br&gt;Descript.: PS.E1&lt;br&gt;LAT: -4.180706&lt;br&gt;LONG: 105.449596</description>
	<ExtendedData><SchemaData schemaUrl="#doc__cov_beni_mey_26xlsx">
		<SimpleData name="tessellate">-1</SimpleData>
		<SimpleData name="extrude">0</SimpleData>
		<SimpleData name="visibility">-1</SimpleData>
		<SimpleData name="Customer">271050.0</SimpleData>
		<SimpleData name="Name_1">TK DANI</SimpleData>
		<SimpleData name="Represent_">9.0052449E7</SimpleData>
		<SimpleData name="Jwk_Salesman">SABTU GENAP</SimpleData>
		<SimpleData name="SC">SD400A00134764E</SimpleData>
		<SimpleData name="Descript_">PS.E1</SimpleData>
		<SimpleData name="LAT">-4.180706</SimpleData>
		<SimpleData name="LONG">105.449596</SimpleData>
	</SchemaData></ExtendedData>
      <Point><coordinates>105.449596,-4.180706,0</coordinates></Point>
  </Placemark>
  <Placemark id="doc__cov_beni_mey_26xlsx.138">
	<name>Beni Saputra</name>
	<description>Customer: 5450067&lt;br&gt;Name 1: TK AYU PLASTIK&lt;br&gt;Represent.: 90052449&lt;br&gt;Jwk Salesman: SABTU GANJIL&lt;br&gt;SC: SD400A00134748E&lt;br&gt;Descript.: GEDONG ARENG 2E&lt;br&gt;LAT: -4.176825&lt;br&gt;LONG: 105.379816</description>
	<ExtendedData><SchemaData schemaUrl="#doc__cov_beni_mey_26xlsx">
		<SimpleData name="tessellate">-1</SimpleData>
		<SimpleData name="extrude">0</SimpleData>
		<SimpleData name="visibility">-1</SimpleData>
		<SimpleData name="Customer">5450067.0</SimpleData>
		<SimpleData name="Name_1">TK AYU PLASTIK</SimpleData>
		<SimpleData name="Represent_">9.0052449E7</SimpleData>
		<SimpleData name="Jwk_Salesman">SABTU GANJIL</SimpleData>
		<SimpleData name="SC">SD400A00134748E</SimpleData>
		<SimpleData name="Descript_">GEDONG ARENG 2E</SimpleData>
		<SimpleData name="LAT">-4.176825</SimpleData>
		<SimpleData name="LONG">105.379816</SimpleData>
	</SchemaData></ExtendedData>
      <Point><coordinates>105.379816,-4.176825,0</coordinates></Point>
  </Placemark>
  <Placemark id="doc__cov_beni_mey_26xlsx.139">
	<name>Beni Saputra</name>
	<description>Customer: 5612285&lt;br&gt;Name 1: TK MBA SULIS&lt;br&gt;Represent.: 90052449&lt;br&gt;Jwk Salesman: SENIN GENAP&lt;br&gt;SC: SD400A00132461H&lt;br&gt;Descript.: SP. PENAWAR&lt;br&gt;LAT: -4.244098&lt;br&gt;LONG: 105.256877</description>
	<ExtendedData><SchemaData schemaUrl="#doc__cov_beni_mey_26xlsx">
		<SimpleData name="tessellate">-1</SimpleData>
		<SimpleData name="extrude">0</SimpleData>
		<SimpleData name="visibility">-1</SimpleData>
		<SimpleData name="Customer">5612285.0</SimpleData>
		<SimpleData name="Name_1">TK MBA SULIS</SimpleData>
		<SimpleData name="Represent_">9.0052449E7</SimpleData>
		<SimpleData name="Jwk_Salesman">SENIN GENAP</SimpleData>
		<SimpleData name="SC">SD400A00132461H</SimpleData>
		<SimpleData name="Descript_">SP. PENAWAR</SimpleData>
		<SimpleData name="LAT">-4.244098</SimpleData>
		<SimpleData name="LONG">105.256877</SimpleData>
	</SchemaData></ExtendedData>
      <Point><coordinates>105.256877,-4.244098,0</coordinates></Point>
  </Placemark>
  <Placemark id="doc__cov_beni_mey_26xlsx.140">
	<name>Beni Saputra</name>
	<description>Customer: 4091940&lt;br&gt;Name 1: TK ARIF&lt;br&gt;Represent.: 90052449&lt;br&gt;Jwk Salesman: SENIN GENAP&lt;br&gt;SC: SD400A00117859E&lt;br&gt;Descript.: Unit 4&lt;br&gt;LAT: -4.235396&lt;br&gt;LONG: 105.286153</description>
	<ExtendedData><SchemaData schemaUrl="#doc__cov_beni_mey_26xlsx">
		<SimpleData name="tessellate">-1</SimpleData>
		<SimpleData name="extrude">0</SimpleData>
		<SimpleData name="visibility">-1</SimpleData>
		<SimpleData name="Customer">4091940.0</SimpleData>
		<SimpleData name="Name_1">TK ARIF</SimpleData>
		<SimpleData name="Represent_">9.0052449E7</SimpleData>
		<SimpleData name="Jwk_Salesman">SENIN GENAP</SimpleData>
		<SimpleData name="SC">SD400A00117859E</SimpleData>
		<SimpleData name="Descript_">Unit 4</SimpleData>
		<SimpleData name="LAT">-4.235396</SimpleData>
		<SimpleData name="LONG">105.286153</SimpleData>
	</SchemaData></ExtendedData>
      <Point><coordinates>105.286153,-4.235396,0</coordinates></Point>
  </Placemark>
  <Placemark id="doc__cov_beni_mey_26xlsx.141">
	<name>Beni Saputra</name>
	<description>Customer: 2913594&lt;br&gt;Name 1: WR SERLY&lt;br&gt;Represent.: 90052449&lt;br&gt;Jwk Salesman: KAMIS GENAP&lt;br&gt;SC: SD400A00134119E&lt;br&gt;Descript.: Ps SPI B3&lt;br&gt;LAT: -4.268793&lt;br&gt;LONG: 105.488637</description>
	<ExtendedData><SchemaData schemaUrl="#doc__cov_beni_mey_26xlsx">
		<SimpleData name="tessellate">-1</SimpleData>
		<SimpleData name="extrude">0</SimpleData>
		<SimpleData name="visibility">-1</SimpleData>
		<SimpleData name="Customer">2913594.0</SimpleData>
		<SimpleData name="Name_1">WR SERLY</SimpleData>
		<SimpleData name="Represent_">9.0052449E7</SimpleData>
		<SimpleData name="Jwk_Salesman">KAMIS GENAP</SimpleData>
		<SimpleData name="SC">SD400A00134119E</SimpleData>
		<SimpleData name="Descript_">Ps SPI B3</SimpleData>
		<SimpleData name="LAT">-4.268793</SimpleData>
		<SimpleData name="LONG">105.488637</SimpleData>
	</SchemaData></ExtendedData>
      <Point><coordinates>105.488637,-4.268793,0</coordinates></Point>
  </Placemark>
  <Placemark id="doc__cov_beni_mey_26xlsx.142">
	<name>Beni Saputra</name>
	<description>Customer: 5623014&lt;br&gt;Name 1: TK SATRIA ALANG ALANG&lt;br&gt;Represent.: 90052449&lt;br&gt;Jwk Salesman: SENIN GENAP&lt;br&gt;SC: SD400A00134144E&lt;br&gt;Descript.: Unit 3&lt;br&gt;LAT: -4.269243&lt;br&gt;LONG: 105.278857</description>
	<ExtendedData><SchemaData schemaUrl="#doc__cov_beni_mey_26xlsx">
		<SimpleData name="tessellate">-1</SimpleData>
		<SimpleData name="extrude">0</SimpleData>
		<SimpleData name="visibility">-1</SimpleData>
		<SimpleData name="Customer">5623014.0</SimpleData>
		<SimpleData name="Name_1">TK SATRIA ALANG ALANG</SimpleData>
		<SimpleData name="Represent_">9.0052449E7</SimpleData>
		<SimpleData name="Jwk_Salesman">SENIN GENAP</SimpleData>
		<SimpleData name="SC">SD400A00134144E</SimpleData>
		<SimpleData name="Descript_">Unit 3</SimpleData>
		<SimpleData name="LAT">-4.269243</SimpleData>
		<SimpleData name="LONG">105.278857</SimpleData>
	</SchemaData></ExtendedData>
      <Point><coordinates>105.278857,-4.269243,0</coordinates></Point>
  </Placemark>
  <Placemark id="doc__cov_beni_mey_26xlsx.143">
	<name>Beni Saputra</name>
	<description>Customer: 5222050&lt;br&gt;Name 1: WR BU ERNA&lt;br&gt;Represent.: 90052449&lt;br&gt;Jwk Salesman: SENIN GENAP&lt;br&gt;SC: SD400A00133312H&lt;br&gt;Descript.: SP. PENAWAR&lt;br&gt;LAT: -4.258847&lt;br&gt;LONG: 105.268457</description>
	<ExtendedData><SchemaData schemaUrl="#doc__cov_beni_mey_26xlsx">
		<SimpleData name="tessellate">-1</SimpleData>
		<SimpleData name="extrude">0</SimpleData>
		<SimpleData name="visibility">-1</SimpleData>
		<SimpleData name="Customer">5222050.0</SimpleData>
		<SimpleData name="Name_1">WR BU ERNA</SimpleData>
		<SimpleData name="Represent_">9.0052449E7</SimpleData>
		<SimpleData name="Jwk_Salesman">SENIN GENAP</SimpleData>
		<SimpleData name="SC">SD400A00133312H</SimpleData>
		<SimpleData name="Descript_">SP. PENAWAR</SimpleData>
		<SimpleData name="LAT">-4.258847</SimpleData>
		<SimpleData name="LONG">105.268457</SimpleData>
	</SchemaData></ExtendedData>
      <Point><coordinates>105.268457,-4.258847,0</coordinates></Point>
  </Placemark>
  <Placemark id="doc__cov_beni_mey_26xlsx.144">
	<name>Beni Saputra</name>
	<description>Customer: 2893137&lt;br&gt;Name 1: WR RUSMINI&lt;br&gt;Represent.: 90052449&lt;br&gt;Jwk Salesman: RABU GANJIL&lt;br&gt;SC: SD400A00137024H&lt;br&gt;Descript.: PS. H I GD. AJI BARU&lt;br&gt;LAT: -4.199522&lt;br&gt;LONG: 105.5297</description>
	<ExtendedData><SchemaData schemaUrl="#doc__cov_beni_mey_26xlsx">
		<SimpleData name="tessellate">-1</SimpleData>
		<SimpleData name="extrude">0</SimpleData>
		<SimpleData name="visibility">-1</SimpleData>
		<SimpleData name="Customer">2893137.0</SimpleData>
		<SimpleData name="Name_1">WR RUSMINI</SimpleData>
		<SimpleData name="Represent_">9.0052449E7</SimpleData>
		<SimpleData name="Jwk_Salesman">RABU GANJIL</SimpleData>
		<SimpleData name="SC">SD400A00137024H</SimpleData>
		<SimpleData name="Descript_">PS. H I GD. AJI BARU</SimpleData>
		<SimpleData name="LAT">-4.199522</SimpleData>
		<SimpleData name="LONG">105.5297</SimpleData>
	</SchemaData></ExtendedData>
      <Point><coordinates>105.5297,-4.199522,0</coordinates></Point>
  </Placemark>
  <Placemark id="doc__cov_beni_mey_26xlsx.145">
	<name>Beni Saputra</name>
	<description>Customer: 5632628&lt;br&gt;Name 1: TK UMMY PRASMANAN&lt;br&gt;Represent.: 90052449&lt;br&gt;Jwk Salesman: SENIN GANJIL&lt;br&gt;SC: SD400A00137044H&lt;br&gt;Descript.: PS. UNIT 2&lt;br&gt;LAT: -4.28567&lt;br&gt;LONG: 105.22098</description>
	<ExtendedData><SchemaData schemaUrl="#doc__cov_beni_mey_26xlsx">
		<SimpleData name="tessellate">-1</SimpleData>
		<SimpleData name="extrude">0</SimpleData>
		<SimpleData name="visibility">-1</SimpleData>
		<SimpleData name="Customer">5632628.0</SimpleData>
		<SimpleData name="Name_1">TK UMMY PRASMANAN</SimpleData>
		<SimpleData name="Represent_">9.0052449E7</SimpleData>
		<SimpleData name="Jwk_Salesman">SENIN GANJIL</SimpleData>
		<SimpleData name="SC">SD400A00137044H</SimpleData>
		<SimpleData name="Descript_">PS. UNIT 2</SimpleData>
		<SimpleData name="LAT">-4.28567</SimpleData>
		<SimpleData name="LONG">105.22098</SimpleData>
	</SchemaData></ExtendedData>
      <Point><coordinates>105.22098,-4.28567,0</coordinates></Point>
  </Placemark>
  <Placemark id="doc__cov_beni_mey_26xlsx.146">
	<name>Beni Saputra</name>
	<description>Customer: 5634335&lt;br&gt;Name 1: TK OM GONDRONG&lt;br&gt;Represent.: 90052449&lt;br&gt;Jwk Salesman: RABU GENAP&lt;br&gt;SC: SD400A00137670H&lt;br&gt;Descript.: PS. H I GD. AJI BARU&lt;br&gt;LAT: -4.180998&lt;br&gt;LONG: 105.53083</description>
	<ExtendedData><SchemaData schemaUrl="#doc__cov_beni_mey_26xlsx">
		<SimpleData name="tessellate">-1</SimpleData>
		<SimpleData name="extrude">0</SimpleData>
		<SimpleData name="visibility">-1</SimpleData>
		<SimpleData name="Customer">5634335.0</SimpleData>
		<SimpleData name="Name_1">TK OM GONDRONG</SimpleData>
		<SimpleData name="Represent_">9.0052449E7</SimpleData>
		<SimpleData name="Jwk_Salesman">RABU GENAP</SimpleData>
		<SimpleData name="SC">SD400A00137670H</SimpleData>
		<SimpleData name="Descript_">PS. H I GD. AJI BARU</SimpleData>
		<SimpleData name="LAT">-4.180998</SimpleData>
		<SimpleData name="LONG">105.53083</SimpleData>
	</SchemaData></ExtendedData>
      <Point><coordinates>105.53083,-4.180998,0</coordinates></Point>
  </Placemark>
  <Placemark id="doc__cov_beni_mey_26xlsx.147">
	<name>Beni Saputra</name>
	<description>Customer: 5634336&lt;br&gt;Name 1: TK FERDINAN&lt;br&gt;Represent.: 90052449&lt;br&gt;Jwk Salesman: RABU GANJIL&lt;br&gt;SC: SD400A00137669H&lt;br&gt;Descript.: PS. H I GD. AJI BARU&lt;br&gt;LAT: -4.198256&lt;br&gt;LONG: 105.531106</description>
	<ExtendedData><SchemaData schemaUrl="#doc__cov_beni_mey_26xlsx">
		<SimpleData name="tessellate">-1</SimpleData>
		<SimpleData name="extrude">0</SimpleData>
		<SimpleData name="visibility">-1</SimpleData>
		<SimpleData name="Customer">5634336.0</SimpleData>
		<SimpleData name="Name_1">TK FERDINAN</SimpleData>
		<SimpleData name="Represent_">9.0052449E7</SimpleData>
		<SimpleData name="Jwk_Salesman">RABU GANJIL</SimpleData>
		<SimpleData name="SC">SD400A00137669H</SimpleData>
		<SimpleData name="Descript_">PS. H I GD. AJI BARU</SimpleData>
		<SimpleData name="LAT">-4.198256</SimpleData>
		<SimpleData name="LONG">105.531106</SimpleData>
	</SchemaData></ExtendedData>
      <Point><coordinates>105.531106,-4.198256,0</coordinates></Point>
  </Placemark>
  <Placemark id="doc__cov_beni_mey_26xlsx.148">
	<name>Beni Saputra</name>
	<description>Customer: 5634338&lt;br&gt;Name 1: TK PUTU LANANG KABEH&lt;br&gt;Represent.: 90052449&lt;br&gt;Jwk Salesman: RABU GANJIL&lt;br&gt;SC: SD400A00135652H&lt;br&gt;Descript.: PS. H I GD. AJI BARU&lt;br&gt;LAT: -4.195597&lt;br&gt;LONG: 105.52766</description>
	<ExtendedData><SchemaData schemaUrl="#doc__cov_beni_mey_26xlsx">
		<SimpleData name="tessellate">-1</SimpleData>
		<SimpleData name="extrude">0</SimpleData>
		<SimpleData name="visibility">-1</SimpleData>
		<SimpleData name="Customer">5634338.0</SimpleData>
		<SimpleData name="Name_1">TK PUTU LANANG KABEH</SimpleData>
		<SimpleData name="Represent_">9.0052449E7</SimpleData>
		<SimpleData name="Jwk_Salesman">RABU GANJIL</SimpleData>
		<SimpleData name="SC">SD400A00135652H</SimpleData>
		<SimpleData name="Descript_">PS. H I GD. AJI BARU</SimpleData>
		<SimpleData name="LAT">-4.195597</SimpleData>
		<SimpleData name="LONG">105.52766</SimpleData>
	</SchemaData></ExtendedData>
      <Point><coordinates>105.52766,-4.195597,0</coordinates></Point>
  </Placemark>
  <Placemark id="doc__cov_beni_mey_26xlsx.149">
	<name>Beni Saputra</name>
	<description>Customer: 2951092&lt;br&gt;Name 1: TK SUKANI&lt;br&gt;Represent.: 90052449&lt;br&gt;Jwk Salesman: SABTU GENAP&lt;br&gt;SC: SD400A00138087H&lt;br&gt;Descript.: PS.E1&lt;br&gt;LAT: -4.180601&lt;br&gt;LONG: 105.4563</description>
	<ExtendedData><SchemaData schemaUrl="#doc__cov_beni_mey_26xlsx">
		<SimpleData name="tessellate">-1</SimpleData>
		<SimpleData name="extrude">0</SimpleData>
		<SimpleData name="visibility">-1</SimpleData>
		<SimpleData name="Customer">2951092.0</SimpleData>
		<SimpleData name="Name_1">TK SUKANI</SimpleData>
		<SimpleData name="Represent_">9.0052449E7</SimpleData>
		<SimpleData name="Jwk_Salesman">SABTU GENAP</SimpleData>
		<SimpleData name="SC">SD400A00138087H</SimpleData>
		<SimpleData name="Descript_">PS.E1</SimpleData>
		<SimpleData name="LAT">-4.180601</SimpleData>
		<SimpleData name="LONG">105.4563</SimpleData>
	</SchemaData></ExtendedData>
      <Point><coordinates>105.4563,-4.180601,0</coordinates></Point>
  </Placemark>
  <Placemark id="doc__cov_beni_mey_26xlsx.150">
	<name>Beni Saputra</name>
	<description>Customer: 5637586&lt;br&gt;Name 1: TK BU WIJI&lt;br&gt;Represent.: 90052449&lt;br&gt;Jwk Salesman: SENIN GENAP&lt;br&gt;SC: SD400A00118751E&lt;br&gt;Descript.: PS. BOGATAMA&lt;br&gt;LAT: -4.272767&lt;br&gt;LONG: 105.282301</description>
	<ExtendedData><SchemaData schemaUrl="#doc__cov_beni_mey_26xlsx">
		<SimpleData name="tessellate">-1</SimpleData>
		<SimpleData name="extrude">0</SimpleData>
		<SimpleData name="visibility">-1</SimpleData>
		<SimpleData name="Customer">5637586.0</SimpleData>
		<SimpleData name="Name_1">TK BU WIJI</SimpleData>
		<SimpleData name="Represent_">9.0052449E7</SimpleData>
		<SimpleData name="Jwk_Salesman">SENIN GENAP</SimpleData>
		<SimpleData name="SC">SD400A00118751E</SimpleData>
		<SimpleData name="Descript_">PS. BOGATAMA</SimpleData>
		<SimpleData name="LAT">-4.272767</SimpleData>
		<SimpleData name="LONG">105.282301</SimpleData>
	</SchemaData></ExtendedData>
      <Point><coordinates>105.282301,-4.272767,0</coordinates></Point>
  </Placemark>
  <Placemark id="doc__cov_beni_mey_26xlsx.151">
	<name>Beni Saputra</name>
	<description>Customer: 5637683&lt;br&gt;Name 1: TK UTY KIYA&lt;br&gt;Represent.: 90052449&lt;br&gt;Jwk Salesman: RABU GENAP&lt;br&gt;SC: SD400A00137660H&lt;br&gt;Descript.: PS. GUNUNG 3. RAWAJI&lt;br&gt;LAT: -4.220388&lt;br&gt;LONG: 105.637113</description>
	<ExtendedData><SchemaData schemaUrl="#doc__cov_beni_mey_26xlsx">
		<SimpleData name="tessellate">-1</SimpleData>
		<SimpleData name="extrude">0</SimpleData>
		<SimpleData name="visibility">-1</SimpleData>
		<SimpleData name="Customer">5637683.0</SimpleData>
		<SimpleData name="Name_1">TK UTY KIYA</SimpleData>
		<SimpleData name="Represent_">9.0052449E7</SimpleData>
		<SimpleData name="Jwk_Salesman">RABU GENAP</SimpleData>
		<SimpleData name="SC">SD400A00137660H</SimpleData>
		<SimpleData name="Descript_">PS. GUNUNG 3. RAWAJI</SimpleData>
		<SimpleData name="LAT">-4.220388</SimpleData>
		<SimpleData name="LONG">105.637113</SimpleData>
	</SchemaData></ExtendedData>
      <Point><coordinates>105.637113,-4.220388,0</coordinates></Point>
  </Placemark>
  <Placemark id="doc__cov_beni_mey_26xlsx.152">
	<name>Beni Saputra</name>
	<description>Customer: 5638473&lt;br&gt;Name 1: TK ANNA COLECTION&lt;br&gt;Represent.: 90052449&lt;br&gt;Jwk Salesman: RABU GENAP&lt;br&gt;SC: SD400A00137671H&lt;br&gt;Descript.: Gedong Aji Baru&lt;br&gt;LAT: -4.175945&lt;br&gt;LONG: 105.527062</description>
	<ExtendedData><SchemaData schemaUrl="#doc__cov_beni_mey_26xlsx">
		<SimpleData name="tessellate">-1</SimpleData>
		<SimpleData name="extrude">0</SimpleData>
		<SimpleData name="visibility">-1</SimpleData>
		<SimpleData name="Customer">5638473.0</SimpleData>
		<SimpleData name="Name_1">TK ANNA COLECTION</SimpleData>
		<SimpleData name="Represent_">9.0052449E7</SimpleData>
		<SimpleData name="Jwk_Salesman">RABU GENAP</SimpleData>
		<SimpleData name="SC">SD400A00137671H</SimpleData>
		<SimpleData name="Descript_">Gedong Aji Baru</SimpleData>
		<SimpleData name="LAT">-4.175945</SimpleData>
		<SimpleData name="LONG">105.527062</SimpleData>
	</SchemaData></ExtendedData>
      <Point><coordinates>105.527062,-4.175945,0</coordinates></Point>
  </Placemark>
  <Placemark id="doc__cov_beni_mey_26xlsx.153">
	<name>Beni Saputra</name>
	<description>Customer: 5640384&lt;br&gt;Name 1: TK MBA SRI E1&lt;br&gt;Represent.: 90052449&lt;br&gt;Jwk Salesman: RABU GANJIL&lt;br&gt;SC: SD400A00135664H&lt;br&gt;Descript.: PS.E1&lt;br&gt;LAT: -4.174503&lt;br&gt;LONG: 105.41551</description>
	<ExtendedData><SchemaData schemaUrl="#doc__cov_beni_mey_26xlsx">
		<SimpleData name="tessellate">-1</SimpleData>
		<SimpleData name="extrude">0</SimpleData>
		<SimpleData name="visibility">-1</SimpleData>
		<SimpleData name="Customer">5640384.0</SimpleData>
		<SimpleData name="Name_1">TK MBA SRI E1</SimpleData>
		<SimpleData name="Represent_">9.0052449E7</SimpleData>
		<SimpleData name="Jwk_Salesman">RABU GANJIL</SimpleData>
		<SimpleData name="SC">SD400A00135664H</SimpleData>
		<SimpleData name="Descript_">PS.E1</SimpleData>
		<SimpleData name="LAT">-4.174503</SimpleData>
		<SimpleData name="LONG">105.41551</SimpleData>
	</SchemaData></ExtendedData>
      <Point><coordinates>105.41551,-4.174503,0</coordinates></Point>
  </Placemark>
  <Placemark id="doc__cov_beni_mey_26xlsx.154">
	<name>Beni Saputra</name>
	<description>Customer: 3211334&lt;br&gt;Name 1: TK GABRIEL&lt;br&gt;Represent.: 90052449&lt;br&gt;Jwk Salesman: SENIN GANJIL&lt;br&gt;SC: SD400A00129217H&lt;br&gt;Descript.: PS. UNIT 2&lt;br&gt;LAT: -4.277713&lt;br&gt;LONG: 105.218738</description>
	<ExtendedData><SchemaData schemaUrl="#doc__cov_beni_mey_26xlsx">
		<SimpleData name="tessellate">-1</SimpleData>
		<SimpleData name="extrude">0</SimpleData>
		<SimpleData name="visibility">-1</SimpleData>
		<SimpleData name="Customer">3211334.0</SimpleData>
		<SimpleData name="Name_1">TK GABRIEL</SimpleData>
		<SimpleData name="Represent_">9.0052449E7</SimpleData>
		<SimpleData name="Jwk_Salesman">SENIN GANJIL</SimpleData>
		<SimpleData name="SC">SD400A00129217H</SimpleData>
		<SimpleData name="Descript_">PS. UNIT 2</SimpleData>
		<SimpleData name="LAT">-4.277713</SimpleData>
		<SimpleData name="LONG">105.218738</SimpleData>
	</SchemaData></ExtendedData>
      <Point><coordinates>105.218738,-4.277713,0</coordinates></Point>
  </Placemark>
  <Placemark id="doc__cov_beni_mey_26xlsx.155">
	<name>Beni Saputra</name>
	<description>Customer: 5648881&lt;br&gt;Name 1: TK YUMNA&lt;br&gt;Represent.: 90052449&lt;br&gt;Jwk Salesman: SENIN GANJIL&lt;br&gt;SC: SD400A00134770E&lt;br&gt;Descript.: PS. UNIT 2&lt;br&gt;LAT: -4.278999&lt;br&gt;LONG: 105.225282</description>
	<ExtendedData><SchemaData schemaUrl="#doc__cov_beni_mey_26xlsx">
		<SimpleData name="tessellate">-1</SimpleData>
		<SimpleData name="extrude">0</SimpleData>
		<SimpleData name="visibility">-1</SimpleData>
		<SimpleData name="Customer">5648881.0</SimpleData>
		<SimpleData name="Name_1">TK YUMNA</SimpleData>
		<SimpleData name="Represent_">9.0052449E7</SimpleData>
		<SimpleData name="Jwk_Salesman">SENIN GANJIL</SimpleData>
		<SimpleData name="SC">SD400A00134770E</SimpleData>
		<SimpleData name="Descript_">PS. UNIT 2</SimpleData>
		<SimpleData name="LAT">-4.278999</SimpleData>
		<SimpleData name="LONG">105.225282</SimpleData>
	</SchemaData></ExtendedData>
      <Point><coordinates>105.225282,-4.278999,0</coordinates></Point>
  </Placemark>
  <Placemark id="doc__cov_beni_mey_26xlsx.156">
	<name>Beni Saputra</name>
	<description>Customer: 5648925&lt;br&gt;Name 1: TK KANG SARNO&lt;br&gt;Represent.: 90052449&lt;br&gt;Jwk Salesman: RABU GENAP&lt;br&gt;SC: SD400A00134066E&lt;br&gt;Descript.: PS. GUNUNG 3. RAWAJI&lt;br&gt;LAT: -4.22086&lt;br&gt;LONG: 105.624721</description>
	<ExtendedData><SchemaData schemaUrl="#doc__cov_beni_mey_26xlsx">
		<SimpleData name="tessellate">-1</SimpleData>
		<SimpleData name="extrude">0</SimpleData>
		<SimpleData name="visibility">-1</SimpleData>
		<SimpleData name="Customer">5648925.0</SimpleData>
		<SimpleData name="Name_1">TK KANG SARNO</SimpleData>
		<SimpleData name="Represent_">9.0052449E7</SimpleData>
		<SimpleData name="Jwk_Salesman">RABU GENAP</SimpleData>
		<SimpleData name="SC">SD400A00134066E</SimpleData>
		<SimpleData name="Descript_">PS. GUNUNG 3. RAWAJI</SimpleData>
		<SimpleData name="LAT">-4.22086</SimpleData>
		<SimpleData name="LONG">105.624721</SimpleData>
	</SchemaData></ExtendedData>
      <Point><coordinates>105.624721,-4.22086,0</coordinates></Point>
  </Placemark>
  <Placemark id="doc__cov_beni_mey_26xlsx.157">
	<name>Beni Saputra</name>
	<description>Customer: 5648926&lt;br&gt;Name 1: TK SANIA&lt;br&gt;Represent.: 90052449&lt;br&gt;Jwk Salesman: RABU GENAP&lt;br&gt;SC: SD400A00134406E&lt;br&gt;Descript.: PS. H I GD. AJI BARU&lt;br&gt;LAT: -4.177932&lt;br&gt;LONG: 105.534788</description>
	<ExtendedData><SchemaData schemaUrl="#doc__cov_beni_mey_26xlsx">
		<SimpleData name="tessellate">-1</SimpleData>
		<SimpleData name="extrude">0</SimpleData>
		<SimpleData name="visibility">-1</SimpleData>
		<SimpleData name="Customer">5648926.0</SimpleData>
		<SimpleData name="Name_1">TK SANIA</SimpleData>
		<SimpleData name="Represent_">9.0052449E7</SimpleData>
		<SimpleData name="Jwk_Salesman">RABU GENAP</SimpleData>
		<SimpleData name="SC">SD400A00134406E</SimpleData>
		<SimpleData name="Descript_">PS. H I GD. AJI BARU</SimpleData>
		<SimpleData name="LAT">-4.177932</SimpleData>
		<SimpleData name="LONG">105.534788</SimpleData>
	</SchemaData></ExtendedData>
      <Point><coordinates>105.534788,-4.177932,0</coordinates></Point>
  </Placemark>
  <Placemark id="doc__cov_beni_mey_26xlsx.158">
	<name>Beni Saputra</name>
	<description>Customer: 455005&lt;br&gt;Name 1: TK RUDI ANDILA&lt;br&gt;Represent.: 90052449&lt;br&gt;Jwk Salesman: RABU GENAP&lt;br&gt;SC: SD400A00134041E&lt;br&gt;Descript.: PS. H I GD. AJI BARU&lt;br&gt;LAT: -4.179713&lt;br&gt;LONG: 105.527499</description>
	<ExtendedData><SchemaData schemaUrl="#doc__cov_beni_mey_26xlsx">
		<SimpleData name="tessellate">-1</SimpleData>
		<SimpleData name="extrude">0</SimpleData>
		<SimpleData name="visibility">-1</SimpleData>
		<SimpleData name="Customer">455005.0</SimpleData>
		<SimpleData name="Name_1">TK RUDI ANDILA</SimpleData>
		<SimpleData name="Represent_">9.0052449E7</SimpleData>
		<SimpleData name="Jwk_Salesman">RABU GENAP</SimpleData>
		<SimpleData name="SC">SD400A00134041E</SimpleData>
		<SimpleData name="Descript_">PS. H I GD. AJI BARU</SimpleData>
		<SimpleData name="LAT">-4.179713</SimpleData>
		<SimpleData name="LONG">105.527499</SimpleData>
	</SchemaData></ExtendedData>
      <Point><coordinates>105.527499,-4.179713,0</coordinates></Point>
  </Placemark>
  <Placemark id="doc__cov_beni_mey_26xlsx.159">
	<name>Beni Saputra</name>
	<description>Customer: 2913651&lt;br&gt;Name 1: WR MBAK TITIN&lt;br&gt;Represent.: 90052449&lt;br&gt;Jwk Salesman: KAMIS GENAP&lt;br&gt;SC: SD400A00134141E&lt;br&gt;Descript.: Ps SPI B3&lt;br&gt;LAT: -4.237193&lt;br&gt;LONG: 105.490404</description>
	<ExtendedData><SchemaData schemaUrl="#doc__cov_beni_mey_26xlsx">
		<SimpleData name="tessellate">-1</SimpleData>
		<SimpleData name="extrude">0</SimpleData>
		<SimpleData name="visibility">-1</SimpleData>
		<SimpleData name="Customer">2913651.0</SimpleData>
		<SimpleData name="Name_1">WR MBAK TITIN</SimpleData>
		<SimpleData name="Represent_">9.0052449E7</SimpleData>
		<SimpleData name="Jwk_Salesman">KAMIS GENAP</SimpleData>
		<SimpleData name="SC">SD400A00134141E</SimpleData>
		<SimpleData name="Descript_">Ps SPI B3</SimpleData>
		<SimpleData name="LAT">-4.237193</SimpleData>
		<SimpleData name="LONG">105.490404</SimpleData>
	</SchemaData></ExtendedData>
      <Point><coordinates>105.490404,-4.237193,0</coordinates></Point>
  </Placemark>
  <Placemark id="doc__cov_beni_mey_26xlsx.160">
	<name>Beni Saputra</name>
	<description>Customer: 5611147&lt;br&gt;Name 1: TK BERKAH R3&lt;br&gt;Represent.: 90052449&lt;br&gt;Jwk Salesman: SELASA GENAP&lt;br&gt;SC: SD400A00134786E&lt;br&gt;Descript.: Ps SPI B3&lt;br&gt;LAT: -4.263327&lt;br&gt;LONG: 105.514495</description>
	<ExtendedData><SchemaData schemaUrl="#doc__cov_beni_mey_26xlsx">
		<SimpleData name="tessellate">-1</SimpleData>
		<SimpleData name="extrude">0</SimpleData>
		<SimpleData name="visibility">-1</SimpleData>
		<SimpleData name="Customer">5611147.0</SimpleData>
		<SimpleData name="Name_1">TK BERKAH R3</SimpleData>
		<SimpleData name="Represent_">9.0052449E7</SimpleData>
		<SimpleData name="Jwk_Salesman">SELASA GENAP</SimpleData>
		<SimpleData name="SC">SD400A00134786E</SimpleData>
		<SimpleData name="Descript_">Ps SPI B3</SimpleData>
		<SimpleData name="LAT">-4.263327</SimpleData>
		<SimpleData name="LONG">105.514495</SimpleData>
	</SchemaData></ExtendedData>
      <Point><coordinates>105.514495,-4.263327,0</coordinates></Point>
  </Placemark>
  <Placemark id="doc__cov_beni_mey_26xlsx.161">
	<name>Beni Saputra</name>
	<description>Customer: 5652439&lt;br&gt;Name 1: TK ALBI&lt;br&gt;Represent.: 90052449&lt;br&gt;Jwk Salesman: SELASA GANJIL&lt;br&gt;SC: SD400A00134779E&lt;br&gt;Descript.: PS. UNIT 2&lt;br&gt;LAT: -4.304495&lt;br&gt;LONG: 105.220236</description>
	<ExtendedData><SchemaData schemaUrl="#doc__cov_beni_mey_26xlsx">
		<SimpleData name="tessellate">-1</SimpleData>
		<SimpleData name="extrude">0</SimpleData>
		<SimpleData name="visibility">-1</SimpleData>
		<SimpleData name="Customer">5652439.0</SimpleData>
		<SimpleData name="Name_1">TK ALBI</SimpleData>
		<SimpleData name="Represent_">9.0052449E7</SimpleData>
		<SimpleData name="Jwk_Salesman">SELASA GANJIL</SimpleData>
		<SimpleData name="SC">SD400A00134779E</SimpleData>
		<SimpleData name="Descript_">PS. UNIT 2</SimpleData>
		<SimpleData name="LAT">-4.304495</SimpleData>
		<SimpleData name="LONG">105.220236</SimpleData>
	</SchemaData></ExtendedData>
      <Point><coordinates>105.220236,-4.304495,0</coordinates></Point>
  </Placemark>
  <Placemark id="doc__cov_beni_mey_26xlsx.162">
	<name>Beni Saputra</name>
	<description>Customer: 5654920&lt;br&gt;Name 1: TK ABADI&lt;br&gt;Represent.: 90052449&lt;br&gt;Jwk Salesman: JUMAT GENAP&lt;br&gt;SC: SD400A00134821E&lt;br&gt;Descript.: PS. IPIL RAWAJITU&lt;br&gt;LAT: -4.243137&lt;br&gt;LONG: 105.669988</description>
	<ExtendedData><SchemaData schemaUrl="#doc__cov_beni_mey_26xlsx">
		<SimpleData name="tessellate">-1</SimpleData>
		<SimpleData name="extrude">0</SimpleData>
		<SimpleData name="visibility">-1</SimpleData>
		<SimpleData name="Customer">5654920.0</SimpleData>
		<SimpleData name="Name_1">TK ABADI</SimpleData>
		<SimpleData name="Represent_">9.0052449E7</SimpleData>
		<SimpleData name="Jwk_Salesman">JUMAT GENAP</SimpleData>
		<SimpleData name="SC">SD400A00134821E</SimpleData>
		<SimpleData name="Descript_">PS. IPIL RAWAJITU</SimpleData>
		<SimpleData name="LAT">-4.243137</SimpleData>
		<SimpleData name="LONG">105.669988</SimpleData>
	</SchemaData></ExtendedData>
      <Point><coordinates>105.669988,-4.243137,0</coordinates></Point>
  </Placemark>
  <Placemark id="doc__cov_beni_mey_26xlsx.163">
	<name>Beni Saputra</name>
	<description>Customer: 5655907&lt;br&gt;Name 1: TRISNO CELL&lt;br&gt;Represent.: 90052449&lt;br&gt;Jwk Salesman: KAMIS GANJIL&lt;br&gt;SC: SD400A00117797E&lt;br&gt;Descript.: Unit 3&lt;br&gt;LAT: -4626284&lt;br&gt;LONG: 105157046</description>
	<ExtendedData><SchemaData schemaUrl="#doc__cov_beni_mey_26xlsx">
		<SimpleData name="visibility">-1</SimpleData>
		<SimpleData name="Customer">5655907.0</SimpleData>
		<SimpleData name="Name_1">TRISNO CELL</SimpleData>
		<SimpleData name="Represent_">9.0052449E7</SimpleData>
		<SimpleData name="Jwk_Salesman">KAMIS GANJIL</SimpleData>
		<SimpleData name="SC">SD400A00117797E</SimpleData>
		<SimpleData name="Descript_">Unit 3</SimpleData>
		<SimpleData name="LAT">-4626284</SimpleData>
		<SimpleData name="LONG">105157046</SimpleData>
	</SchemaData></ExtendedData>
      <Point><coordinates>0,0,0</coordinates></Point>
  </Placemark>
  <Placemark id="doc__cov_beni_mey_26xlsx.164">
	<name>Beni Saputra</name>
	<description>Customer: 5657266&lt;br&gt;Name 1: TK INDO KUOTA 2&lt;br&gt;Represent.: 90052449&lt;br&gt;Jwk Salesman: JUMAT GANJIL&lt;br&gt;SC: SD400A00134767E&lt;br&gt;Descript.: PS. RAWAJITU&lt;br&gt;LAT: -4.213309&lt;br&gt;LONG: 105.735527</description>
	<ExtendedData><SchemaData schemaUrl="#doc__cov_beni_mey_26xlsx">
		<SimpleData name="tessellate">-1</SimpleData>
		<SimpleData name="extrude">0</SimpleData>
		<SimpleData name="visibility">-1</SimpleData>
		<SimpleData name="Customer">5657266.0</SimpleData>
		<SimpleData name="Name_1">TK INDO KUOTA 2</SimpleData>
		<SimpleData name="Represent_">9.0052449E7</SimpleData>
		<SimpleData name="Jwk_Salesman">JUMAT GANJIL</SimpleData>
		<SimpleData name="SC">SD400A00134767E</SimpleData>
		<SimpleData name="Descript_">PS. RAWAJITU</SimpleData>
		<SimpleData name="LAT">-4.213309</SimpleData>
		<SimpleData name="LONG">105.735527</SimpleData>
	</SchemaData></ExtendedData>
      <Point><coordinates>105.735527,-4.213309,0</coordinates></Point>
  </Placemark>
  <Placemark id="doc__cov_beni_mey_26xlsx.165">
	<name>Beni Saputra</name>
	<description>Customer: 602333&lt;br&gt;Name 1: TK.SUMBER LESTARI&lt;br&gt;Represent.: 90052449&lt;br&gt;Jwk Salesman: SABTU GANJIL&lt;br&gt;SC: SD400A00134809E&lt;br&gt;Descript.: GEDONG ARENG 2E&lt;br&gt;LAT: -4.177219&lt;br&gt;LONG: 105.379615</description>
	<ExtendedData><SchemaData schemaUrl="#doc__cov_beni_mey_26xlsx">
		<SimpleData name="tessellate">-1</SimpleData>
		<SimpleData name="extrude">0</SimpleData>
		<SimpleData name="visibility">-1</SimpleData>
		<SimpleData name="Customer">602333.0</SimpleData>
		<SimpleData name="Name_1">TK.SUMBER LESTARI</SimpleData>
		<SimpleData name="Represent_">9.0052449E7</SimpleData>
		<SimpleData name="Jwk_Salesman">SABTU GANJIL</SimpleData>
		<SimpleData name="SC">SD400A00134809E</SimpleData>
		<SimpleData name="Descript_">GEDONG ARENG 2E</SimpleData>
		<SimpleData name="LAT">-4.177219</SimpleData>
		<SimpleData name="LONG">105.379615</SimpleData>
	</SchemaData></ExtendedData>
      <Point><coordinates>105.379615,-4.177219,0</coordinates></Point>
  </Placemark>
  <Placemark id="doc__cov_beni_mey_26xlsx.166">
	<name>Beni Saputra</name>
	<description>Customer: 5677197&lt;br&gt;Name 1: WR MAMA GEN&lt;br&gt;Represent.: 90052449&lt;br&gt;Jwk Salesman: KAMIS GENAP&lt;br&gt;SC: SD400A00117831E&lt;br&gt;Descript.: Ps SPI B3&lt;br&gt;LAT: -4.278651&lt;br&gt;LONG: 105.492564</description>
	<ExtendedData><SchemaData schemaUrl="#doc__cov_beni_mey_26xlsx">
		<SimpleData name="tessellate">-1</SimpleData>
		<SimpleData name="extrude">0</SimpleData>
		<SimpleData name="visibility">-1</SimpleData>
		<SimpleData name="Customer">5677197.0</SimpleData>
		<SimpleData name="Name_1">WR MAMA GEN</SimpleData>
		<SimpleData name="Represent_">9.0052449E7</SimpleData>
		<SimpleData name="Jwk_Salesman">KAMIS GENAP</SimpleData>
		<SimpleData name="SC">SD400A00117831E</SimpleData>
		<SimpleData name="Descript_">Ps SPI B3</SimpleData>
		<SimpleData name="LAT">-4.278651</SimpleData>
		<SimpleData name="LONG">105.492564</SimpleData>
	</SchemaData></ExtendedData>
      <Point><coordinates>105.492564,-4.278651,0</coordinates></Point>
  </Placemark>
  <Placemark id="doc__cov_beni_mey_26xlsx.167">
	<name>Beni Saputra</name>
	<description>Customer: 5684078&lt;br&gt;Name 1: TK BERKAH 3 PUTRA&lt;br&gt;Represent.: 90052449&lt;br&gt;Jwk Salesman: RABU GANJIL&lt;br&gt;SC: SD400A00141032H&lt;br&gt;Descript.: PS. BOGATAMA&lt;br&gt;LAT: -4.18782&lt;br&gt;LONG: 105.483273</description>
	<ExtendedData><SchemaData schemaUrl="#doc__cov_beni_mey_26xlsx">
		<SimpleData name="tessellate">-1</SimpleData>
		<SimpleData name="extrude">0</SimpleData>
		<SimpleData name="visibility">-1</SimpleData>
		<SimpleData name="Customer">5684078.0</SimpleData>
		<SimpleData name="Name_1">TK BERKAH 3 PUTRA</SimpleData>
		<SimpleData name="Represent_">9.0052449E7</SimpleData>
		<SimpleData name="Jwk_Salesman">RABU GANJIL</SimpleData>
		<SimpleData name="SC">SD400A00141032H</SimpleData>
		<SimpleData name="Descript_">PS. BOGATAMA</SimpleData>
		<SimpleData name="LAT">-4.18782</SimpleData>
		<SimpleData name="LONG">105.483273</SimpleData>
	</SchemaData></ExtendedData>
      <Point><coordinates>105.483273,-4.18782,0</coordinates></Point>
  </Placemark>
  <Placemark id="doc__cov_beni_mey_26xlsx.168">
	<name>Beni Saputra</name>
	<description>Customer: 5684161&lt;br&gt;Name 1: TK ALYA ANISA&lt;br&gt;Represent.: 90052449&lt;br&gt;Jwk Salesman: JUMAT GANJIL&lt;br&gt;SC: SD400A00141060H&lt;br&gt;Descript.: PS. PIDADA&lt;br&gt;LAT: -4.153578&lt;br&gt;LONG: 105.6587091</description>
	<ExtendedData><SchemaData schemaUrl="#doc__cov_beni_mey_26xlsx">
		<SimpleData name="tessellate">-1</SimpleData>
		<SimpleData name="extrude">0</SimpleData>
		<SimpleData name="visibility">-1</SimpleData>
		<SimpleData name="Customer">5684161.0</SimpleData>
		<SimpleData name="Name_1">TK ALYA ANISA</SimpleData>
		<SimpleData name="Represent_">9.0052449E7</SimpleData>
		<SimpleData name="Jwk_Salesman">JUMAT GANJIL</SimpleData>
		<SimpleData name="SC">SD400A00141060H</SimpleData>
		<SimpleData name="Descript_">PS. PIDADA</SimpleData>
		<SimpleData name="LAT">-4.153578</SimpleData>
		<SimpleData name="LONG">105.6587091</SimpleData>
	</SchemaData></ExtendedData>
      <Point><coordinates>105.6587091,-4.153578,0</coordinates></Point>
  </Placemark>
  <Placemark id="doc__cov_beni_mey_26xlsx.169">
	<name>Beni Saputra</name>
	<description>Customer: 5684164&lt;br&gt;Name 1: TK LESTARI&lt;br&gt;Represent.: 90052449&lt;br&gt;Jwk Salesman: JUMAT GENAP&lt;br&gt;SC: SD400A00141055H&lt;br&gt;Descript.: PS. PIDADA&lt;br&gt;LAT: -4.255228&lt;br&gt;LONG: 105.670665</description>
	<ExtendedData><SchemaData schemaUrl="#doc__cov_beni_mey_26xlsx">
		<SimpleData name="tessellate">-1</SimpleData>
		<SimpleData name="extrude">0</SimpleData>
		<SimpleData name="visibility">-1</SimpleData>
		<SimpleData name="Customer">5684164.0</SimpleData>
		<SimpleData name="Name_1">TK LESTARI</SimpleData>
		<SimpleData name="Represent_">9.0052449E7</SimpleData>
		<SimpleData name="Jwk_Salesman">JUMAT GENAP</SimpleData>
		<SimpleData name="SC">SD400A00141055H</SimpleData>
		<SimpleData name="Descript_">PS. PIDADA</SimpleData>
		<SimpleData name="LAT">-4.255228</SimpleData>
		<SimpleData name="LONG">105.670665</SimpleData>
	</SchemaData></ExtendedData>
      <Point><coordinates>105.670665,-4.255228,0</coordinates></Point>
  </Placemark>
  <Placemark id="doc__cov_beni_mey_26xlsx.170">
	<name>Beni Saputra</name>
	<description>Customer: 5684565&lt;br&gt;Name 1: TK TIGA PUTRA&lt;br&gt;Represent.: 90052449&lt;br&gt;Jwk Salesman: JUMAT GANJIL&lt;br&gt;SC: SD400A00140691H&lt;br&gt;Descript.: PS. RAWAJITU&lt;br&gt;LAT: -4.215376&lt;br&gt;LONG: 105.739948</description>
	<ExtendedData><SchemaData schemaUrl="#doc__cov_beni_mey_26xlsx">
		<SimpleData name="tessellate">-1</SimpleData>
		<SimpleData name="extrude">0</SimpleData>
		<SimpleData name="visibility">-1</SimpleData>
		<SimpleData name="Customer">5684565.0</SimpleData>
		<SimpleData name="Name_1">TK TIGA PUTRA</SimpleData>
		<SimpleData name="Represent_">9.0052449E7</SimpleData>
		<SimpleData name="Jwk_Salesman">JUMAT GANJIL</SimpleData>
		<SimpleData name="SC">SD400A00140691H</SimpleData>
		<SimpleData name="Descript_">PS. RAWAJITU</SimpleData>
		<SimpleData name="LAT">-4.215376</SimpleData>
		<SimpleData name="LONG">105.739948</SimpleData>
	</SchemaData></ExtendedData>
      <Point><coordinates>105.739948,-4.215376,0</coordinates></Point>
  </Placemark>
  <Placemark id="doc__cov_beni_mey_26xlsx.171">
	<name>Beni Saputra</name>
	<description>Customer: 5575734&lt;br&gt;Name 1: SUGI CELL&lt;br&gt;Represent.: 90052449&lt;br&gt;Jwk Salesman: RABU GANJIL&lt;br&gt;SC: SD400A00140623H&lt;br&gt;Descript.: PS.E1&lt;br&gt;LAT: -4.180187&lt;br&gt;LONG: 105.410856</description>
	<ExtendedData><SchemaData schemaUrl="#doc__cov_beni_mey_26xlsx">
		<SimpleData name="tessellate">-1</SimpleData>
		<SimpleData name="extrude">0</SimpleData>
		<SimpleData name="visibility">-1</SimpleData>
		<SimpleData name="Customer">5575734.0</SimpleData>
		<SimpleData name="Name_1">SUGI CELL</SimpleData>
		<SimpleData name="Represent_">9.0052449E7</SimpleData>
		<SimpleData name="Jwk_Salesman">RABU GANJIL</SimpleData>
		<SimpleData name="SC">SD400A00140623H</SimpleData>
		<SimpleData name="Descript_">PS.E1</SimpleData>
		<SimpleData name="LAT">-4.180187</SimpleData>
		<SimpleData name="LONG">105.410856</SimpleData>
	</SchemaData></ExtendedData>
      <Point><coordinates>105.410856,-4.180187,0</coordinates></Point>
  </Placemark>
  <Placemark id="doc__cov_beni_mey_26xlsx.172">
	<name>Beni Saputra</name>
	<description>Customer: 5685600&lt;br&gt;Name 1: WR BU NUR&lt;br&gt;Represent.: 90052449&lt;br&gt;Jwk Salesman: SABTU GANJIL&lt;br&gt;SC: SD400A00140679H&lt;br&gt;Descript.: Gedong Aji Baru&lt;br&gt;LAT: -4.149139&lt;br&gt;LONG: 105.373297</description>
	<ExtendedData><SchemaData schemaUrl="#doc__cov_beni_mey_26xlsx">
		<SimpleData name="tessellate">-1</SimpleData>
		<SimpleData name="extrude">0</SimpleData>
		<SimpleData name="visibility">-1</SimpleData>
		<SimpleData name="Customer">5685600.0</SimpleData>
		<SimpleData name="Name_1">WR BU NUR</SimpleData>
		<SimpleData name="Represent_">9.0052449E7</SimpleData>
		<SimpleData name="Jwk_Salesman">SABTU GANJIL</SimpleData>
		<SimpleData name="SC">SD400A00140679H</SimpleData>
		<SimpleData name="Descript_">Gedong Aji Baru</SimpleData>
		<SimpleData name="LAT">-4.149139</SimpleData>
		<SimpleData name="LONG">105.373297</SimpleData>
	</SchemaData></ExtendedData>
      <Point><coordinates>105.373297,-4.149139,0</coordinates></Point>
  </Placemark>
  <Placemark id="doc__cov_beni_mey_26xlsx.173">
	<name>Beni Saputra</name>
	<description>Customer: 5685603&lt;br&gt;Name 1: TK ADITYA&lt;br&gt;Represent.: 90052449&lt;br&gt;Jwk Salesman: KAMIS GENAP&lt;br&gt;SC: SD400A00140677H&lt;br&gt;Descript.: Ps SPI B3&lt;br&gt;LAT: -4.267459&lt;br&gt;LONG: 105.487734</description>
	<ExtendedData><SchemaData schemaUrl="#doc__cov_beni_mey_26xlsx">
		<SimpleData name="tessellate">-1</SimpleData>
		<SimpleData name="extrude">0</SimpleData>
		<SimpleData name="visibility">-1</SimpleData>
		<SimpleData name="Customer">5685603.0</SimpleData>
		<SimpleData name="Name_1">TK ADITYA</SimpleData>
		<SimpleData name="Represent_">9.0052449E7</SimpleData>
		<SimpleData name="Jwk_Salesman">KAMIS GENAP</SimpleData>
		<SimpleData name="SC">SD400A00140677H</SimpleData>
		<SimpleData name="Descript_">Ps SPI B3</SimpleData>
		<SimpleData name="LAT">-4.267459</SimpleData>
		<SimpleData name="LONG">105.487734</SimpleData>
	</SchemaData></ExtendedData>
      <Point><coordinates>105.487734,-4.267459,0</coordinates></Point>
  </Placemark>
  <Placemark id="doc__cov_beni_mey_26xlsx.174">
	<name>Beni Saputra</name>
	<description>Customer: 5685604&lt;br&gt;Name 1: TK AURA CELL&lt;br&gt;Represent.: 90052449&lt;br&gt;Jwk Salesman: SABTU GANJIL&lt;br&gt;SC: SD400A00140629H&lt;br&gt;Descript.: GEDONG ARENG 2E&lt;br&gt;LAT: -4.180939&lt;br&gt;LONG: 105.375221</description>
	<ExtendedData><SchemaData schemaUrl="#doc__cov_beni_mey_26xlsx">
		<SimpleData name="tessellate">-1</SimpleData>
		<SimpleData name="extrude">0</SimpleData>
		<SimpleData name="visibility">-1</SimpleData>
		<SimpleData name="Customer">5685604.0</SimpleData>
		<SimpleData name="Name_1">TK AURA CELL</SimpleData>
		<SimpleData name="Represent_">9.0052449E7</SimpleData>
		<SimpleData name="Jwk_Salesman">SABTU GANJIL</SimpleData>
		<SimpleData name="SC">SD400A00140629H</SimpleData>
		<SimpleData name="Descript_">GEDONG ARENG 2E</SimpleData>
		<SimpleData name="LAT">-4.180939</SimpleData>
		<SimpleData name="LONG">105.375221</SimpleData>
	</SchemaData></ExtendedData>
      <Point><coordinates>105.375221,-4.180939,0</coordinates></Point>
  </Placemark>
  <Placemark id="doc__cov_beni_mey_26xlsx.175">
	<name>Beni Saputra</name>
	<description>Customer: 5686881&lt;br&gt;Name 1: TK CINTA OLSHOP&lt;br&gt;Represent.: 90052449&lt;br&gt;Jwk Salesman: SELASA GENAP&lt;br&gt;SC: SD400A00141058H&lt;br&gt;Descript.: Rawapitu&lt;br&gt;LAT: -4.263439&lt;br&gt;LONG: 105.518359</description>
	<ExtendedData><SchemaData schemaUrl="#doc__cov_beni_mey_26xlsx">
		<SimpleData name="tessellate">-1</SimpleData>
		<SimpleData name="extrude">0</SimpleData>
		<SimpleData name="visibility">-1</SimpleData>
		<SimpleData name="Customer">5686881.0</SimpleData>
		<SimpleData name="Name_1">TK CINTA OLSHOP</SimpleData>
		<SimpleData name="Represent_">9.0052449E7</SimpleData>
		<SimpleData name="Jwk_Salesman">SELASA GENAP</SimpleData>
		<SimpleData name="SC">SD400A00141058H</SimpleData>
		<SimpleData name="Descript_">Rawapitu</SimpleData>
		<SimpleData name="LAT">-4.263439</SimpleData>
		<SimpleData name="LONG">105.518359</SimpleData>
	</SchemaData></ExtendedData>
      <Point><coordinates>105.518359,-4.263439,0</coordinates></Point>
  </Placemark>
  <Placemark id="doc__cov_beni_mey_26xlsx.176">
	<name>Beni Saputra</name>
	<description>Customer: 5686882&lt;br&gt;Name 1: TK HANI CELL&lt;br&gt;Represent.: 90052449&lt;br&gt;Jwk Salesman: SELASA GENAP&lt;br&gt;SC: SD400A00140685H&lt;br&gt;Descript.: Rawapitu&lt;br&gt;LAT: -4.263459&lt;br&gt;LONG: 105.529564</description>
	<ExtendedData><SchemaData schemaUrl="#doc__cov_beni_mey_26xlsx">
		<SimpleData name="tessellate">-1</SimpleData>
		<SimpleData name="extrude">0</SimpleData>
		<SimpleData name="visibility">-1</SimpleData>
		<SimpleData name="Customer">5686882.0</SimpleData>
		<SimpleData name="Name_1">TK HANI CELL</SimpleData>
		<SimpleData name="Represent_">9.0052449E7</SimpleData>
		<SimpleData name="Jwk_Salesman">SELASA GENAP</SimpleData>
		<SimpleData name="SC">SD400A00140685H</SimpleData>
		<SimpleData name="Descript_">Rawapitu</SimpleData>
		<SimpleData name="LAT">-4.263459</SimpleData>
		<SimpleData name="LONG">105.529564</SimpleData>
	</SchemaData></ExtendedData>
      <Point><coordinates>105.529564,-4.263459,0</coordinates></Point>
  </Placemark>
  <Placemark id="doc__cov_beni_mey_26xlsx.177">
	<name>Beni Saputra</name>
	<description>Customer: 5686976&lt;br&gt;Name 1: WR BU TUTI&lt;br&gt;Represent.: 90052449&lt;br&gt;Jwk Salesman: KAMIS GENAP&lt;br&gt;SC: SD400A00140648H&lt;br&gt;Descript.: Ps SPI B3&lt;br&gt;LAT: -4.281761&lt;br&gt;LONG: 105.490257</description>
	<ExtendedData><SchemaData schemaUrl="#doc__cov_beni_mey_26xlsx">
		<SimpleData name="tessellate">-1</SimpleData>
		<SimpleData name="extrude">0</SimpleData>
		<SimpleData name="visibility">-1</SimpleData>
		<SimpleData name="Customer">5686976.0</SimpleData>
		<SimpleData name="Name_1">WR BU TUTI</SimpleData>
		<SimpleData name="Represent_">9.0052449E7</SimpleData>
		<SimpleData name="Jwk_Salesman">KAMIS GENAP</SimpleData>
		<SimpleData name="SC">SD400A00140648H</SimpleData>
		<SimpleData name="Descript_">Ps SPI B3</SimpleData>
		<SimpleData name="LAT">-4.281761</SimpleData>
		<SimpleData name="LONG">105.490257</SimpleData>
	</SchemaData></ExtendedData>
      <Point><coordinates>105.490257,-4.281761,0</coordinates></Point>
  </Placemark>
  <Placemark id="doc__cov_beni_mey_26xlsx.178">
	<name>Beni Saputra</name>
	<description>Customer: 5686978&lt;br&gt;Name 1: TK QORI&lt;br&gt;Represent.: 90052449&lt;br&gt;Jwk Salesman: SELASA GENAP&lt;br&gt;SC: SD400A00140649H&lt;br&gt;Descript.: PS. H II GD. AJI BAR&lt;br&gt;LAT: -4.262177&lt;br&gt;LONG: 105.551925</description>
	<ExtendedData><SchemaData schemaUrl="#doc__cov_beni_mey_26xlsx">
		<SimpleData name="tessellate">-1</SimpleData>
		<SimpleData name="extrude">0</SimpleData>
		<SimpleData name="visibility">-1</SimpleData>
		<SimpleData name="Customer">5686978.0</SimpleData>
		<SimpleData name="Name_1">TK QORI</SimpleData>
		<SimpleData name="Represent_">9.0052449E7</SimpleData>
		<SimpleData name="Jwk_Salesman">SELASA GENAP</SimpleData>
		<SimpleData name="SC">SD400A00140649H</SimpleData>
		<SimpleData name="Descript_">PS. H II GD. AJI BAR</SimpleData>
		<SimpleData name="LAT">-4.262177</SimpleData>
		<SimpleData name="LONG">105.551925</SimpleData>
	</SchemaData></ExtendedData>
      <Point><coordinates>105.551925,-4.262177,0</coordinates></Point>
  </Placemark>
  <Placemark id="doc__cov_beni_mey_26xlsx.179">
	<name>Beni Saputra</name>
	<description>Customer: 5687579&lt;br&gt;Name 1: TK ZUNIATUN&lt;br&gt;Represent.: 90052449&lt;br&gt;Jwk Salesman: KAMIS GENAP&lt;br&gt;SC: SD400A00140633H&lt;br&gt;Descript.: Rawapitu&lt;br&gt;LAT: -4.164426&lt;br&gt;LONG: 105.4120971</description>
	<ExtendedData><SchemaData schemaUrl="#doc__cov_beni_mey_26xlsx">
		<SimpleData name="tessellate">-1</SimpleData>
		<SimpleData name="extrude">0</SimpleData>
		<SimpleData name="visibility">-1</SimpleData>
		<SimpleData name="Customer">5687579.0</SimpleData>
		<SimpleData name="Name_1">TK ZUNIATUN</SimpleData>
		<SimpleData name="Represent_">9.0052449E7</SimpleData>
		<SimpleData name="Jwk_Salesman">KAMIS GENAP</SimpleData>
		<SimpleData name="SC">SD400A00140633H</SimpleData>
		<SimpleData name="Descript_">Rawapitu</SimpleData>
		<SimpleData name="LAT">-4.164426</SimpleData>
		<SimpleData name="LONG">105.4120971</SimpleData>
	</SchemaData></ExtendedData>
      <Point><coordinates>105.4120971,-4.164426,0</coordinates></Point>
  </Placemark>
  <Placemark id="doc__cov_beni_mey_26xlsx.180">
	<name>Beni Saputra</name>
	<description>Customer: 5687581&lt;br&gt;Name 1: WR KANTIN MAMI&lt;br&gt;Represent.: 90052449&lt;br&gt;Jwk Salesman: RABU GANJIL&lt;br&gt;SC: SD400A00140736H&lt;br&gt;Descript.: GEDONG ARENG 2E&lt;br&gt;LAT: -4.17917&lt;br&gt;LONG: 105.414354</description>
	<ExtendedData><SchemaData schemaUrl="#doc__cov_beni_mey_26xlsx">
		<SimpleData name="tessellate">-1</SimpleData>
		<SimpleData name="extrude">0</SimpleData>
		<SimpleData name="visibility">-1</SimpleData>
		<SimpleData name="Customer">5687581.0</SimpleData>
		<SimpleData name="Name_1">WR KANTIN MAMI</SimpleData>
		<SimpleData name="Represent_">9.0052449E7</SimpleData>
		<SimpleData name="Jwk_Salesman">RABU GANJIL</SimpleData>
		<SimpleData name="SC">SD400A00140736H</SimpleData>
		<SimpleData name="Descript_">GEDONG ARENG 2E</SimpleData>
		<SimpleData name="LAT">-4.17917</SimpleData>
		<SimpleData name="LONG">105.414354</SimpleData>
	</SchemaData></ExtendedData>
      <Point><coordinates>105.414354,-4.17917,0</coordinates></Point>
  </Placemark>
  <Placemark id="doc__cov_beni_mey_26xlsx.181">
	<name>Beni Saputra</name>
	<description>Customer: 5687583&lt;br&gt;Name 1: WR SALSABILA MAULANA&lt;br&gt;Represent.: 90052449&lt;br&gt;Jwk Salesman: RABU GANJIL&lt;br&gt;SC: SD400A00140687H&lt;br&gt;Descript.: GEDONG ARENG 2E&lt;br&gt;LAT: -4.164426&lt;br&gt;LONG: 105.414672</description>
	<ExtendedData><SchemaData schemaUrl="#doc__cov_beni_mey_26xlsx">
		<SimpleData name="tessellate">-1</SimpleData>
		<SimpleData name="extrude">0</SimpleData>
		<SimpleData name="visibility">-1</SimpleData>
		<SimpleData name="Customer">5687583.0</SimpleData>
		<SimpleData name="Name_1">WR SALSABILA MAULANA</SimpleData>
		<SimpleData name="Represent_">9.0052449E7</SimpleData>
		<SimpleData name="Jwk_Salesman">RABU GANJIL</SimpleData>
		<SimpleData name="SC">SD400A00140687H</SimpleData>
		<SimpleData name="Descript_">GEDONG ARENG 2E</SimpleData>
		<SimpleData name="LAT">-4.164426</SimpleData>
		<SimpleData name="LONG">105.414672</SimpleData>
	</SchemaData></ExtendedData>
      <Point><coordinates>105.414672,-4.164426,0</coordinates></Point>
  </Placemark>
  <Placemark id="doc__cov_beni_mey_26xlsx.182">
	<name>Beni Saputra</name>
	<description>Customer: 5691351&lt;br&gt;Name 1: TK KANTIN ROUDLOTUL FALAH&lt;br&gt;Represent.: 90052449&lt;br&gt;Jwk Salesman: RABU GENAP&lt;br&gt;SC: SD400A00140683H&lt;br&gt;Descript.: PS. IPIL RAWAJITU&lt;br&gt;LAT: -4.2221678&lt;br&gt;LONG: 105.6286696</description>
	<ExtendedData><SchemaData schemaUrl="#doc__cov_beni_mey_26xlsx">
		<SimpleData name="tessellate">-1</SimpleData>
		<SimpleData name="extrude">0</SimpleData>
		<SimpleData name="visibility">-1</SimpleData>
		<SimpleData name="Customer">5691351.0</SimpleData>
		<SimpleData name="Name_1">TK KANTIN ROUDLOTUL FALAH</SimpleData>
		<SimpleData name="Represent_">9.0052449E7</SimpleData>
		<SimpleData name="Jwk_Salesman">RABU GENAP</SimpleData>
		<SimpleData name="SC">SD400A00140683H</SimpleData>
		<SimpleData name="Descript_">PS. IPIL RAWAJITU</SimpleData>
		<SimpleData name="LAT">-4.2221678</SimpleData>
		<SimpleData name="LONG">105.6286696</SimpleData>
	</SchemaData></ExtendedData>
      <Point><coordinates>105.6286696,-4.2221678,0</coordinates></Point>
  </Placemark>
  <Placemark id="doc__cov_beni_mey_26xlsx.183">
	<name>Beni Saputra</name>
	<description>Customer: 5694232&lt;br&gt;Name 1: TK BERKAH&lt;br&gt;Represent.: 90052449&lt;br&gt;Jwk Salesman: JUMAT GENAP&lt;br&gt;SC: SD400A00140676H&lt;br&gt;Descript.: PS. GUNUNG 3. RAWAJI&lt;br&gt;LAT: -4.220485&lt;br&gt;LONG: 105.626301</description>
	<ExtendedData><SchemaData schemaUrl="#doc__cov_beni_mey_26xlsx">
		<SimpleData name="tessellate">-1</SimpleData>
		<SimpleData name="extrude">0</SimpleData>
		<SimpleData name="visibility">-1</SimpleData>
		<SimpleData name="Customer">5694232.0</SimpleData>
		<SimpleData name="Name_1">TK BERKAH</SimpleData>
		<SimpleData name="Represent_">9.0052449E7</SimpleData>
		<SimpleData name="Jwk_Salesman">JUMAT GENAP</SimpleData>
		<SimpleData name="SC">SD400A00140676H</SimpleData>
		<SimpleData name="Descript_">PS. GUNUNG 3. RAWAJI</SimpleData>
		<SimpleData name="LAT">-4.220485</SimpleData>
		<SimpleData name="LONG">105.626301</SimpleData>
	</SchemaData></ExtendedData>
      <Point><coordinates>105.626301,-4.220485,0</coordinates></Point>
  </Placemark>
  <Placemark id="doc__cov_beni_mey_26xlsx.184">
	<name>Beni Saputra</name>
	<description>Customer: 5515411&lt;br&gt;Name 1: TK BABY SHOP ZAFEERA&lt;br&gt;Represent.: 90052449&lt;br&gt;Jwk Salesman: KAMIS GANJIL&lt;br&gt;SC: SD400A00140666H&lt;br&gt;Descript.: Ps Rajawali&lt;br&gt;LAT: -4.279107&lt;br&gt;LONG: 105.415043</description>
	<ExtendedData><SchemaData schemaUrl="#doc__cov_beni_mey_26xlsx">
		<SimpleData name="tessellate">-1</SimpleData>
		<SimpleData name="extrude">0</SimpleData>
		<SimpleData name="visibility">-1</SimpleData>
		<SimpleData name="Customer">5515411.0</SimpleData>
		<SimpleData name="Name_1">TK BABY SHOP ZAFEERA</SimpleData>
		<SimpleData name="Represent_">9.0052449E7</SimpleData>
		<SimpleData name="Jwk_Salesman">KAMIS GANJIL</SimpleData>
		<SimpleData name="SC">SD400A00140666H</SimpleData>
		<SimpleData name="Descript_">Ps Rajawali</SimpleData>
		<SimpleData name="LAT">-4.279107</SimpleData>
		<SimpleData name="LONG">105.415043</SimpleData>
	</SchemaData></ExtendedData>
      <Point><coordinates>105.415043,-4.279107,0</coordinates></Point>
  </Placemark>
  <Placemark id="doc__cov_beni_mey_26xlsx.185">
	<name>Beni Saputra</name>
	<description>Customer: 5312882&lt;br&gt;Name 1: WR MBAK VIVIN&lt;br&gt;Represent.: 90052449&lt;br&gt;Jwk Salesman: JUMAT GENAP&lt;br&gt;SC: SD400A00140661H&lt;br&gt;Descript.: PS. RAWAJITU&lt;br&gt;LAT: -4.2093896&lt;br&gt;LONG: 105.7373909</description>
	<ExtendedData><SchemaData schemaUrl="#doc__cov_beni_mey_26xlsx">
		<SimpleData name="tessellate">-1</SimpleData>
		<SimpleData name="extrude">0</SimpleData>
		<SimpleData name="visibility">-1</SimpleData>
		<SimpleData name="Customer">5312882.0</SimpleData>
		<SimpleData name="Name_1">WR MBAK VIVIN</SimpleData>
		<SimpleData name="Represent_">9.0052449E7</SimpleData>
		<SimpleData name="Jwk_Salesman">JUMAT GENAP</SimpleData>
		<SimpleData name="SC">SD400A00140661H</SimpleData>
		<SimpleData name="Descript_">PS. RAWAJITU</SimpleData>
		<SimpleData name="LAT">-4.2093896</SimpleData>
		<SimpleData name="LONG">105.7373909</SimpleData>
	</SchemaData></ExtendedData>
      <Point><coordinates>105.7373909,-4.2093896,0</coordinates></Point>
  </Placemark>
  <Placemark id="doc__cov_beni_mey_26xlsx.186">
	<name>Beni Saputra</name>
	<description>Customer: 5650602&lt;br&gt;Name 1: TK ABIYA&lt;br&gt;Represent.: 90052449&lt;br&gt;Jwk Salesman: RABU GENAP&lt;br&gt;SC: SD400A00134079E&lt;br&gt;Descript.: PS. H II GD. AJI BAR&lt;br&gt;LAT: -4.2124153&lt;br&gt;LONG: 105.5939773</description>
	<ExtendedData><SchemaData schemaUrl="#doc__cov_beni_mey_26xlsx">
		<SimpleData name="tessellate">-1</SimpleData>
		<SimpleData name="extrude">0</SimpleData>
		<SimpleData name="visibility">-1</SimpleData>
		<SimpleData name="Customer">5650602.0</SimpleData>
		<SimpleData name="Name_1">TK ABIYA</SimpleData>
		<SimpleData name="Represent_">9.0052449E7</SimpleData>
		<SimpleData name="Jwk_Salesman">RABU GENAP</SimpleData>
		<SimpleData name="SC">SD400A00134079E</SimpleData>
		<SimpleData name="Descript_">PS. H II GD. AJI BAR</SimpleData>
		<SimpleData name="LAT">-4.2124153</SimpleData>
		<SimpleData name="LONG">105.5939773</SimpleData>
	</SchemaData></ExtendedData>
      <Point><coordinates>105.5939773,-4.2124153,0</coordinates></Point>
  </Placemark>
  <Placemark id="doc__cov_beni_mey_26xlsx.187">
	<name>Beni Saputra</name>
	<description>Customer: 5705844&lt;br&gt;Name 1: TK TIGA PUTRI&lt;br&gt;Represent.: 90052449&lt;br&gt;Jwk Salesman: JUMAT GENAP&lt;br&gt;SC: SD400A00134155E&lt;br&gt;Descript.: PS. RAWAJITU&lt;br&gt;LAT: -4.2100851&lt;br&gt;LONG: 105.7193324</description>
	<ExtendedData><SchemaData schemaUrl="#doc__cov_beni_mey_26xlsx">
		<SimpleData name="tessellate">-1</SimpleData>
		<SimpleData name="extrude">0</SimpleData>
		<SimpleData name="visibility">-1</SimpleData>
		<SimpleData name="Customer">5705844.0</SimpleData>
		<SimpleData name="Name_1">TK TIGA PUTRI</SimpleData>
		<SimpleData name="Represent_">9.0052449E7</SimpleData>
		<SimpleData name="Jwk_Salesman">JUMAT GENAP</SimpleData>
		<SimpleData name="SC">SD400A00134155E</SimpleData>
		<SimpleData name="Descript_">PS. RAWAJITU</SimpleData>
		<SimpleData name="LAT">-4.2100851</SimpleData>
		<SimpleData name="LONG">105.7193324</SimpleData>
	</SchemaData></ExtendedData>
      <Point><coordinates>105.7193324,-4.2100851,0</coordinates></Point>
  </Placemark>
  <Placemark id="doc__cov_beni_mey_26xlsx.188">
	<name>Beni Saputra</name>
	<description>Customer: 5708564&lt;br&gt;Name 1: TK SUBANDI&lt;br&gt;Represent.: 90052449&lt;br&gt;Jwk Salesman: JUMAT GANJIL&lt;br&gt;SC: SD400A00140731H&lt;br&gt;Descript.: PS. PIDADA&lt;br&gt;LAT: -4.184579&lt;br&gt;LONG: 105.662823</description>
	<ExtendedData><SchemaData schemaUrl="#doc__cov_beni_mey_26xlsx">
		<SimpleData name="tessellate">-1</SimpleData>
		<SimpleData name="extrude">0</SimpleData>
		<SimpleData name="visibility">-1</SimpleData>
		<SimpleData name="Customer">5708564.0</SimpleData>
		<SimpleData name="Name_1">TK SUBANDI</SimpleData>
		<SimpleData name="Represent_">9.0052449E7</SimpleData>
		<SimpleData name="Jwk_Salesman">JUMAT GANJIL</SimpleData>
		<SimpleData name="SC">SD400A00140731H</SimpleData>
		<SimpleData name="Descript_">PS. PIDADA</SimpleData>
		<SimpleData name="LAT">-4.184579</SimpleData>
		<SimpleData name="LONG">105.662823</SimpleData>
	</SchemaData></ExtendedData>
      <Point><coordinates>105.662823,-4.184579,0</coordinates></Point>
  </Placemark>
  <Placemark id="doc__cov_beni_mey_26xlsx.189">
	<name>Beni Saputra</name>
	<description>Customer: 5708865&lt;br&gt;Name 1: TK AKBAR&lt;br&gt;Represent.: 90052449&lt;br&gt;Jwk Salesman: KAMIS GANJIL&lt;br&gt;SC: SD400A00140627H&lt;br&gt;Descript.: PS. UNIT 2&lt;br&gt;LAT: -4.2958111&lt;br&gt;LONG: 105.230651</description>
	<ExtendedData><SchemaData schemaUrl="#doc__cov_beni_mey_26xlsx">
		<SimpleData name="tessellate">-1</SimpleData>
		<SimpleData name="extrude">0</SimpleData>
		<SimpleData name="visibility">-1</SimpleData>
		<SimpleData name="Customer">5708865.0</SimpleData>
		<SimpleData name="Name_1">TK AKBAR</SimpleData>
		<SimpleData name="Represent_">9.0052449E7</SimpleData>
		<SimpleData name="Jwk_Salesman">KAMIS GANJIL</SimpleData>
		<SimpleData name="SC">SD400A00140627H</SimpleData>
		<SimpleData name="Descript_">PS. UNIT 2</SimpleData>
		<SimpleData name="LAT">-4.2958111</SimpleData>
		<SimpleData name="LONG">105.230651</SimpleData>
	</SchemaData></ExtendedData>
      <Point><coordinates>105.230651,-4.2958111,0</coordinates></Point>
  </Placemark>
  <Placemark id="doc__cov_beni_mey_26xlsx.190">
	<name>Beni Saputra</name>
	<description>Customer: 5727480&lt;br&gt;Name 1: TK SILVI&lt;br&gt;Represent.: 90052449&lt;br&gt;Jwk Salesman: SELASA GANJIL&lt;br&gt;SC: SD400A00140664H&lt;br&gt;Descript.: Indraloka Luar&lt;br&gt;LAT: -4.269613&lt;br&gt;LONG: 105.236163</description>
	<ExtendedData><SchemaData schemaUrl="#doc__cov_beni_mey_26xlsx">
		<SimpleData name="tessellate">-1</SimpleData>
		<SimpleData name="extrude">0</SimpleData>
		<SimpleData name="visibility">-1</SimpleData>
		<SimpleData name="Customer">5727480.0</SimpleData>
		<SimpleData name="Name_1">TK SILVI</SimpleData>
		<SimpleData name="Represent_">9.0052449E7</SimpleData>
		<SimpleData name="Jwk_Salesman">SELASA GANJIL</SimpleData>
		<SimpleData name="SC">SD400A00140664H</SimpleData>
		<SimpleData name="Descript_">Indraloka Luar</SimpleData>
		<SimpleData name="LAT">-4.269613</SimpleData>
		<SimpleData name="LONG">105.236163</SimpleData>
	</SchemaData></ExtendedData>
      <Point><coordinates>105.236163,-4.269613,0</coordinates></Point>
  </Placemark>
  <Placemark id="doc__cov_beni_mey_26xlsx.191">
	<name>Beni Saputra</name>
	<description>Customer: 5541959&lt;br&gt;Name 1: TK MURBI&lt;br&gt;Represent.: 90052449&lt;br&gt;Jwk Salesman: KAMIS GANJIL&lt;br&gt;SC: SD400A00144497H&lt;br&gt;Descript.: Unit 3&lt;br&gt;LAT: -4.301312&lt;br&gt;LONG: 105.241458</description>
	<ExtendedData><SchemaData schemaUrl="#doc__cov_beni_mey_26xlsx">
		<SimpleData name="tessellate">-1</SimpleData>
		<SimpleData name="extrude">0</SimpleData>
		<SimpleData name="visibility">-1</SimpleData>
		<SimpleData name="Customer">5541959.0</SimpleData>
		<SimpleData name="Name_1">TK MURBI</SimpleData>
		<SimpleData name="Represent_">9.0052449E7</SimpleData>
		<SimpleData name="Jwk_Salesman">KAMIS GANJIL</SimpleData>
		<SimpleData name="SC">SD400A00144497H</SimpleData>
		<SimpleData name="Descript_">Unit 3</SimpleData>
		<SimpleData name="LAT">-4.301312</SimpleData>
		<SimpleData name="LONG">105.241458</SimpleData>
	</SchemaData></ExtendedData>
      <Point><coordinates>105.241458,-4.301312,0</coordinates></Point>
  </Placemark>
  <Placemark id="doc__cov_beni_mey_26xlsx.192">
	<name>Beni Saputra</name>
	<description>Customer: 5746418&lt;br&gt;Name 1: WR MBOK DELES&lt;br&gt;Represent.: 90052449&lt;br&gt;Jwk Salesman: RABU GENAP&lt;br&gt;SC: SD400A00145642H&lt;br&gt;Descript.: PS. H II GD. AJI BAR&lt;br&gt;LAT: -4.175352&lt;br&gt;LONG: 105.526139</description>
	<ExtendedData><SchemaData schemaUrl="#doc__cov_beni_mey_26xlsx">
		<SimpleData name="tessellate">-1</SimpleData>
		<SimpleData name="extrude">0</SimpleData>
		<SimpleData name="visibility">-1</SimpleData>
		<SimpleData name="Customer">5746418.0</SimpleData>
		<SimpleData name="Name_1">WR MBOK DELES</SimpleData>
		<SimpleData name="Represent_">9.0052449E7</SimpleData>
		<SimpleData name="Jwk_Salesman">RABU GENAP</SimpleData>
		<SimpleData name="SC">SD400A00145642H</SimpleData>
		<SimpleData name="Descript_">PS. H II GD. AJI BAR</SimpleData>
		<SimpleData name="LAT">-4.175352</SimpleData>
		<SimpleData name="LONG">105.526139</SimpleData>
	</SchemaData></ExtendedData>
      <Point><coordinates>105.526139,-4.175352,0</coordinates></Point>
  </Placemark>
  <Placemark id="doc__cov_beni_mey_26xlsx.193">
	<name>Beni Saputra</name>
	<description>Customer: 5746420&lt;br&gt;Name 1: R.A FROZEN FOOD&lt;br&gt;Represent.: 90052449&lt;br&gt;Jwk Salesman: RABU GENAP&lt;br&gt;SC: SD400A00144647H&lt;br&gt;Descript.: PS. H II GD. AJI BAR&lt;br&gt;LAT: -4.1799673&lt;br&gt;LONG: 105.5278801</description>
	<ExtendedData><SchemaData schemaUrl="#doc__cov_beni_mey_26xlsx">
		<SimpleData name="tessellate">-1</SimpleData>
		<SimpleData name="extrude">0</SimpleData>
		<SimpleData name="visibility">-1</SimpleData>
		<SimpleData name="Customer">5746420.0</SimpleData>
		<SimpleData name="Name_1">R.A FROZEN FOOD</SimpleData>
		<SimpleData name="Represent_">9.0052449E7</SimpleData>
		<SimpleData name="Jwk_Salesman">RABU GENAP</SimpleData>
		<SimpleData name="SC">SD400A00144647H</SimpleData>
		<SimpleData name="Descript_">PS. H II GD. AJI BAR</SimpleData>
		<SimpleData name="LAT">-4.1799673</SimpleData>
		<SimpleData name="LONG">105.5278801</SimpleData>
	</SchemaData></ExtendedData>
      <Point><coordinates>105.5278801,-4.1799673,0</coordinates></Point>
  </Placemark>
  <Placemark id="doc__cov_beni_mey_26xlsx.194">
	<name>Beni Saputra</name>
	<description>Customer: 5746421&lt;br&gt;Name 1: TK SAKHI&lt;br&gt;Represent.: 90052449&lt;br&gt;Jwk Salesman: JUMAT GENAP&lt;br&gt;SC: SD400A00145634H&lt;br&gt;Descript.: PS. IPIL RAWAJITU&lt;br&gt;LAT: -4.238004&lt;br&gt;LONG: 105.669236</description>
	<ExtendedData><SchemaData schemaUrl="#doc__cov_beni_mey_26xlsx">
		<SimpleData name="tessellate">-1</SimpleData>
		<SimpleData name="extrude">0</SimpleData>
		<SimpleData name="visibility">-1</SimpleData>
		<SimpleData name="Customer">5746421.0</SimpleData>
		<SimpleData name="Name_1">TK SAKHI</SimpleData>
		<SimpleData name="Represent_">9.0052449E7</SimpleData>
		<SimpleData name="Jwk_Salesman">JUMAT GENAP</SimpleData>
		<SimpleData name="SC">SD400A00145634H</SimpleData>
		<SimpleData name="Descript_">PS. IPIL RAWAJITU</SimpleData>
		<SimpleData name="LAT">-4.238004</SimpleData>
		<SimpleData name="LONG">105.669236</SimpleData>
	</SchemaData></ExtendedData>
      <Point><coordinates>105.669236,-4.238004,0</coordinates></Point>
  </Placemark>
  <Placemark id="doc__cov_beni_mey_26xlsx.195">
	<name>Beni Saputra</name>
	<description>Customer: 5761087&lt;br&gt;Name 1: TK ENI&lt;br&gt;Represent.: 90052449&lt;br&gt;Jwk Salesman: SENIN GANJIL&lt;br&gt;SC: SD400A00146304H&lt;br&gt;Descript.: PS. UNIT 2&lt;br&gt;LAT: -4.286152&lt;br&gt;LONG: 105.23068</description>
	<ExtendedData><SchemaData schemaUrl="#doc__cov_beni_mey_26xlsx">
		<SimpleData name="tessellate">-1</SimpleData>
		<SimpleData name="extrude">0</SimpleData>
		<SimpleData name="visibility">-1</SimpleData>
		<SimpleData name="Customer">5761087.0</SimpleData>
		<SimpleData name="Name_1">TK ENI</SimpleData>
		<SimpleData name="Represent_">9.0052449E7</SimpleData>
		<SimpleData name="Jwk_Salesman">SENIN GANJIL</SimpleData>
		<SimpleData name="SC">SD400A00146304H</SimpleData>
		<SimpleData name="Descript_">PS. UNIT 2</SimpleData>
		<SimpleData name="LAT">-4.286152</SimpleData>
		<SimpleData name="LONG">105.23068</SimpleData>
	</SchemaData></ExtendedData>
      <Point><coordinates>105.23068,-4.286152,0</coordinates></Point>
  </Placemark>
  <Placemark id="doc__cov_beni_mey_26xlsx.196">
	<name>Beni Saputra</name>
	<description>Customer: 3303441&lt;br&gt;Name 1: TK YONO&lt;br&gt;Represent.: 90052449&lt;br&gt;Jwk Salesman: SENIN GENAP&lt;br&gt;SC: SD400A00144660H&lt;br&gt;Descript.: Unit 3&lt;br&gt;LAT: -4.268849&lt;br&gt;LONG: 105.2876111</description>
	<ExtendedData><SchemaData schemaUrl="#doc__cov_beni_mey_26xlsx">
		<SimpleData name="tessellate">-1</SimpleData>
		<SimpleData name="extrude">0</SimpleData>
		<SimpleData name="visibility">-1</SimpleData>
		<SimpleData name="Customer">3303441.0</SimpleData>
		<SimpleData name="Name_1">TK YONO</SimpleData>
		<SimpleData name="Represent_">9.0052449E7</SimpleData>
		<SimpleData name="Jwk_Salesman">SENIN GENAP</SimpleData>
		<SimpleData name="SC">SD400A00144660H</SimpleData>
		<SimpleData name="Descript_">Unit 3</SimpleData>
		<SimpleData name="LAT">-4.268849</SimpleData>
		<SimpleData name="LONG">105.2876111</SimpleData>
	</SchemaData></ExtendedData>
      <Point><coordinates>105.2876111,-4.268849,0</coordinates></Point>
  </Placemark>
  <Placemark id="doc__cov_beni_mey_26xlsx.197">
	<name>Beni Saputra</name>
	<description>Customer: 5767599&lt;br&gt;Name 1: DONALD CELL&lt;br&gt;Represent.: 90052449&lt;br&gt;Jwk Salesman: KAMIS GANJIL&lt;br&gt;SC: SD400A00144800H&lt;br&gt;Descript.: PS . UNIT 6&lt;br&gt;LAT: -4.293894&lt;br&gt;LONG: 105.223065</description>
	<ExtendedData><SchemaData schemaUrl="#doc__cov_beni_mey_26xlsx">
		<SimpleData name="tessellate">-1</SimpleData>
		<SimpleData name="extrude">0</SimpleData>
		<SimpleData name="visibility">-1</SimpleData>
		<SimpleData name="Customer">5767599.0</SimpleData>
		<SimpleData name="Name_1">DONALD CELL</SimpleData>
		<SimpleData name="Represent_">9.0052449E7</SimpleData>
		<SimpleData name="Jwk_Salesman">KAMIS GANJIL</SimpleData>
		<SimpleData name="SC">SD400A00144800H</SimpleData>
		<SimpleData name="Descript_">PS . UNIT 6</SimpleData>
		<SimpleData name="LAT">-4.293894</SimpleData>
		<SimpleData name="LONG">105.223065</SimpleData>
	</SchemaData></ExtendedData>
      <Point><coordinates>105.223065,-4.293894,0</coordinates></Point>
  </Placemark>
  <Placemark id="doc__cov_beni_mey_26xlsx.198">
	<name>Beni Saputra</name>
	<description>Customer: 5774342&lt;br&gt;Name 1: TK ZEN BAROKAH&lt;br&gt;Represent.: 90052449&lt;br&gt;Jwk Salesman: SABTU GENAP&lt;br&gt;SC: SD400A00147675H&lt;br&gt;Descript.: PS.E1&lt;br&gt;LAT: -4.166075&lt;br&gt;LONG: 105.467674</description>
	<ExtendedData><SchemaData schemaUrl="#doc__cov_beni_mey_26xlsx">
		<SimpleData name="tessellate">-1</SimpleData>
		<SimpleData name="extrude">0</SimpleData>
		<SimpleData name="visibility">-1</SimpleData>
		<SimpleData name="Customer">5774342.0</SimpleData>
		<SimpleData name="Name_1">TK ZEN BAROKAH</SimpleData>
		<SimpleData name="Represent_">9.0052449E7</SimpleData>
		<SimpleData name="Jwk_Salesman">SABTU GENAP</SimpleData>
		<SimpleData name="SC">SD400A00147675H</SimpleData>
		<SimpleData name="Descript_">PS.E1</SimpleData>
		<SimpleData name="LAT">-4.166075</SimpleData>
		<SimpleData name="LONG">105.467674</SimpleData>
	</SchemaData></ExtendedData>
      <Point><coordinates>105.467674,-4.166075,0</coordinates></Point>
  </Placemark>
  <Placemark id="doc__cov_beni_mey_26xlsx.199">
	<name>Beni Saputra</name>
	<description>Customer: 5776432&lt;br&gt;Name 1: TK PUJI ASTUTI&lt;br&gt;Represent.: 90052449&lt;br&gt;Jwk Salesman: SABTU GANJIL&lt;br&gt;SC: SD400A00145038H&lt;br&gt;Descript.: GEDONG ARENG 2E&lt;br&gt;LAT: -4.18524&lt;br&gt;LONG: 105.374442</description>
	<ExtendedData><SchemaData schemaUrl="#doc__cov_beni_mey_26xlsx">
		<SimpleData name="tessellate">-1</SimpleData>
		<SimpleData name="extrude">0</SimpleData>
		<SimpleData name="visibility">-1</SimpleData>
		<SimpleData name="Customer">5776432.0</SimpleData>
		<SimpleData name="Name_1">TK PUJI ASTUTI</SimpleData>
		<SimpleData name="Represent_">9.0052449E7</SimpleData>
		<SimpleData name="Jwk_Salesman">SABTU GANJIL</SimpleData>
		<SimpleData name="SC">SD400A00145038H</SimpleData>
		<SimpleData name="Descript_">GEDONG ARENG 2E</SimpleData>
		<SimpleData name="LAT">-4.18524</SimpleData>
		<SimpleData name="LONG">105.374442</SimpleData>
	</SchemaData></ExtendedData>
      <Point><coordinates>105.374442,-4.18524,0</coordinates></Point>
  </Placemark>
  <Placemark id="doc__cov_beni_mey_26xlsx.200">
	<name>Beni Saputra</name>
	<description>Customer: 5776429&lt;br&gt;Name 1: TK ZASKIA&lt;br&gt;Represent.: 90052449&lt;br&gt;Jwk Salesman: RABU GANJIL&lt;br&gt;SC: SD400A00146294H&lt;br&gt;Descript.: PS. H II GD. AJI BAR&lt;br&gt;LAT: -4.187536&lt;br&gt;LONG: 105.526524</description>
	<ExtendedData><SchemaData schemaUrl="#doc__cov_beni_mey_26xlsx">
		<SimpleData name="tessellate">-1</SimpleData>
		<SimpleData name="extrude">0</SimpleData>
		<SimpleData name="visibility">-1</SimpleData>
		<SimpleData name="Customer">5776429.0</SimpleData>
		<SimpleData name="Name_1">TK ZASKIA</SimpleData>
		<SimpleData name="Represent_">9.0052449E7</SimpleData>
		<SimpleData name="Jwk_Salesman">RABU GANJIL</SimpleData>
		<SimpleData name="SC">SD400A00146294H</SimpleData>
		<SimpleData name="Descript_">PS. H II GD. AJI BAR</SimpleData>
		<SimpleData name="LAT">-4.187536</SimpleData>
		<SimpleData name="LONG">105.526524</SimpleData>
	</SchemaData></ExtendedData>
      <Point><coordinates>105.526524,-4.187536,0</coordinates></Point>
  </Placemark>
  <Placemark id="doc__cov_beni_mey_26xlsx.201">
	<name>Beni Saputra</name>
	<description>Customer: 5781862&lt;br&gt;Name 1: TK SHERLY&lt;br&gt;Represent.: 90052449&lt;br&gt;Jwk Salesman: SELASA GANJIL&lt;br&gt;SC: SD400A00145622H&lt;br&gt;Descript.: BLJ SPI&lt;br&gt;LAT: -4.32281&lt;br&gt;LONG: 105.22317</description>
	<ExtendedData><SchemaData schemaUrl="#doc__cov_beni_mey_26xlsx">
		<SimpleData name="tessellate">-1</SimpleData>
		<SimpleData name="extrude">0</SimpleData>
		<SimpleData name="visibility">-1</SimpleData>
		<SimpleData name="Customer">5781862.0</SimpleData>
		<SimpleData name="Name_1">TK SHERLY</SimpleData>
		<SimpleData name="Represent_">9.0052449E7</SimpleData>
		<SimpleData name="Jwk_Salesman">SELASA GANJIL</SimpleData>
		<SimpleData name="SC">SD400A00145622H</SimpleData>
		<SimpleData name="Descript_">BLJ SPI</SimpleData>
		<SimpleData name="LAT">-4.32281</SimpleData>
		<SimpleData name="LONG">105.22317</SimpleData>
	</SchemaData></ExtendedData>
      <Point><coordinates>105.22317,-4.32281,0</coordinates></Point>
  </Placemark>
  <Placemark id="doc__cov_beni_mey_26xlsx.202">
	<name>Beni Saputra</name>
	<description>Customer: 5782274&lt;br&gt;Name 1: TK ABYAN&lt;br&gt;Represent.: 90052449&lt;br&gt;Jwk Salesman: SABTU GENAP&lt;br&gt;SC: SD400A00145631H&lt;br&gt;Descript.: PS. BOGATAMA&lt;br&gt;LAT: -4.165555&lt;br&gt;LONG: 105.493313</description>
	<ExtendedData><SchemaData schemaUrl="#doc__cov_beni_mey_26xlsx">
		<SimpleData name="tessellate">-1</SimpleData>
		<SimpleData name="extrude">0</SimpleData>
		<SimpleData name="visibility">-1</SimpleData>
		<SimpleData name="Customer">5782274.0</SimpleData>
		<SimpleData name="Name_1">TK ABYAN</SimpleData>
		<SimpleData name="Represent_">9.0052449E7</SimpleData>
		<SimpleData name="Jwk_Salesman">SABTU GENAP</SimpleData>
		<SimpleData name="SC">SD400A00145631H</SimpleData>
		<SimpleData name="Descript_">PS. BOGATAMA</SimpleData>
		<SimpleData name="LAT">-4.165555</SimpleData>
		<SimpleData name="LONG">105.493313</SimpleData>
	</SchemaData></ExtendedData>
      <Point><coordinates>105.493313,-4.165555,0</coordinates></Point>
  </Placemark>
  <Placemark id="doc__cov_beni_mey_26xlsx.203">
	<name>Beni Saputra</name>
	<description>Customer: 5782276&lt;br&gt;Name 1: TK BU ENDANG&lt;br&gt;Represent.: 90052449&lt;br&gt;Jwk Salesman: SABTU GENAP&lt;br&gt;SC: SD400A00144498H&lt;br&gt;Descript.: PS. BOGATAMA&lt;br&gt;LAT: -4.161771&lt;br&gt;LONG: 105.496337</description>
	<ExtendedData><SchemaData schemaUrl="#doc__cov_beni_mey_26xlsx">
		<SimpleData name="tessellate">-1</SimpleData>
		<SimpleData name="extrude">0</SimpleData>
		<SimpleData name="visibility">-1</SimpleData>
		<SimpleData name="Customer">5782276.0</SimpleData>
		<SimpleData name="Name_1">TK BU ENDANG</SimpleData>
		<SimpleData name="Represent_">9.0052449E7</SimpleData>
		<SimpleData name="Jwk_Salesman">SABTU GENAP</SimpleData>
		<SimpleData name="SC">SD400A00144498H</SimpleData>
		<SimpleData name="Descript_">PS. BOGATAMA</SimpleData>
		<SimpleData name="LAT">-4.161771</SimpleData>
		<SimpleData name="LONG">105.496337</SimpleData>
	</SchemaData></ExtendedData>
      <Point><coordinates>105.496337,-4.161771,0</coordinates></Point>
  </Placemark>
  <Placemark id="doc__cov_beni_mey_26xlsx.204">
	<name>Beni Saputra</name>
	<description>Customer: 5782277&lt;br&gt;Name 1: TK FADILA&lt;br&gt;Represent.: 90052449&lt;br&gt;Jwk Salesman: JUMAT GENAP&lt;br&gt;SC: SD400A00144668H&lt;br&gt;Descript.: PS. RAWAJITU&lt;br&gt;LAT: -4.209755&lt;br&gt;LONG: 105.70503</description>
	<ExtendedData><SchemaData schemaUrl="#doc__cov_beni_mey_26xlsx">
		<SimpleData name="tessellate">-1</SimpleData>
		<SimpleData name="extrude">0</SimpleData>
		<SimpleData name="visibility">-1</SimpleData>
		<SimpleData name="Customer">5782277.0</SimpleData>
		<SimpleData name="Name_1">TK FADILA</SimpleData>
		<SimpleData name="Represent_">9.0052449E7</SimpleData>
		<SimpleData name="Jwk_Salesman">JUMAT GENAP</SimpleData>
		<SimpleData name="SC">SD400A00144668H</SimpleData>
		<SimpleData name="Descript_">PS. RAWAJITU</SimpleData>
		<SimpleData name="LAT">-4.209755</SimpleData>
		<SimpleData name="LONG">105.70503</SimpleData>
	</SchemaData></ExtendedData>
      <Point><coordinates>105.70503,-4.209755,0</coordinates></Point>
  </Placemark>
  <Placemark id="doc__cov_beni_mey_26xlsx.205">
	<name>Beni Saputra</name>
	<description>Customer: 2893201&lt;br&gt;Name 1: WR MBAK RONA&lt;br&gt;Represent.: 90052449&lt;br&gt;Jwk Salesman: RABU GENAP&lt;br&gt;SC: SD400A00144914H&lt;br&gt;Descript.: PS. H II GD. AJI BAR&lt;br&gt;LAT: -4.196024&lt;br&gt;LONG: 105.550213</description>
	<ExtendedData><SchemaData schemaUrl="#doc__cov_beni_mey_26xlsx">
		<SimpleData name="tessellate">-1</SimpleData>
		<SimpleData name="extrude">0</SimpleData>
		<SimpleData name="visibility">-1</SimpleData>
		<SimpleData name="Customer">2893201.0</SimpleData>
		<SimpleData name="Name_1">WR MBAK RONA</SimpleData>
		<SimpleData name="Represent_">9.0052449E7</SimpleData>
		<SimpleData name="Jwk_Salesman">RABU GENAP</SimpleData>
		<SimpleData name="SC">SD400A00144914H</SimpleData>
		<SimpleData name="Descript_">PS. H II GD. AJI BAR</SimpleData>
		<SimpleData name="LAT">-4.196024</SimpleData>
		<SimpleData name="LONG">105.550213</SimpleData>
	</SchemaData></ExtendedData>
      <Point><coordinates>105.550213,-4.196024,0</coordinates></Point>
  </Placemark>
  <Placemark id="doc__cov_beni_mey_26xlsx.206">
	<name>Beni Saputra</name>
	<description>Customer: 3211343&lt;br&gt;Name 1: TK MILA YANI H1&lt;br&gt;Represent.: 90052449&lt;br&gt;Jwk Salesman: RABU GENAP&lt;br&gt;SC: SD400A00146242H&lt;br&gt;Descript.: PS. H I GD. AJI BARU&lt;br&gt;LAT: -4.179833&lt;br&gt;LONG: 105.527579</description>
	<ExtendedData><SchemaData schemaUrl="#doc__cov_beni_mey_26xlsx">
		<SimpleData name="tessellate">-1</SimpleData>
		<SimpleData name="extrude">0</SimpleData>
		<SimpleData name="visibility">-1</SimpleData>
		<SimpleData name="Customer">3211343.0</SimpleData>
		<SimpleData name="Name_1">TK MILA YANI H1</SimpleData>
		<SimpleData name="Represent_">9.0052449E7</SimpleData>
		<SimpleData name="Jwk_Salesman">RABU GENAP</SimpleData>
		<SimpleData name="SC">SD400A00146242H</SimpleData>
		<SimpleData name="Descript_">PS. H I GD. AJI BARU</SimpleData>
		<SimpleData name="LAT">-4.179833</SimpleData>
		<SimpleData name="LONG">105.527579</SimpleData>
	</SchemaData></ExtendedData>
      <Point><coordinates>105.527579,-4.179833,0</coordinates></Point>
  </Placemark>
  <Placemark id="doc__cov_beni_mey_26xlsx.207">
	<name>Beni Saputra</name>
	<description>Customer: 5783275&lt;br&gt;Name 1: TK RINI&lt;br&gt;Represent.: 90052449&lt;br&gt;Jwk Salesman: SABTU GENAP&lt;br&gt;SC: SD400A00146239H&lt;br&gt;Descript.: PS. BOGATAMA&lt;br&gt;LAT: -4.16872&lt;br&gt;LONG: 105.494234</description>
	<ExtendedData><SchemaData schemaUrl="#doc__cov_beni_mey_26xlsx">
		<SimpleData name="tessellate">-1</SimpleData>
		<SimpleData name="extrude">0</SimpleData>
		<SimpleData name="visibility">-1</SimpleData>
		<SimpleData name="Customer">5783275.0</SimpleData>
		<SimpleData name="Name_1">TK RINI</SimpleData>
		<SimpleData name="Represent_">9.0052449E7</SimpleData>
		<SimpleData name="Jwk_Salesman">SABTU GENAP</SimpleData>
		<SimpleData name="SC">SD400A00146239H</SimpleData>
		<SimpleData name="Descript_">PS. BOGATAMA</SimpleData>
		<SimpleData name="LAT">-4.16872</SimpleData>
		<SimpleData name="LONG">105.494234</SimpleData>
	</SchemaData></ExtendedData>
      <Point><coordinates>105.494234,-4.16872,0</coordinates></Point>
  </Placemark>
  <Placemark id="doc__cov_beni_mey_26xlsx.208">
	<name>Beni Saputra</name>
	<description>Customer: 5783283&lt;br&gt;Name 1: TK SUMBER REZEKI&lt;br&gt;Represent.: 90052449&lt;br&gt;Jwk Salesman: KAMIS GENAP&lt;br&gt;SC: SD400A00146265H&lt;br&gt;Descript.: Ringin Sari&lt;br&gt;LAT: -4.287383&lt;br&gt;LONG: 105.390999</description>
	<ExtendedData><SchemaData schemaUrl="#doc__cov_beni_mey_26xlsx">
		<SimpleData name="tessellate">-1</SimpleData>
		<SimpleData name="extrude">0</SimpleData>
		<SimpleData name="visibility">-1</SimpleData>
		<SimpleData name="Customer">5783283.0</SimpleData>
		<SimpleData name="Name_1">TK SUMBER REZEKI</SimpleData>
		<SimpleData name="Represent_">9.0052449E7</SimpleData>
		<SimpleData name="Jwk_Salesman">KAMIS GENAP</SimpleData>
		<SimpleData name="SC">SD400A00146265H</SimpleData>
		<SimpleData name="Descript_">Ringin Sari</SimpleData>
		<SimpleData name="LAT">-4.287383</SimpleData>
		<SimpleData name="LONG">105.390999</SimpleData>
	</SchemaData></ExtendedData>
      <Point><coordinates>105.390999,-4.287383,0</coordinates></Point>
  </Placemark>
  <Placemark id="doc__cov_beni_mey_26xlsx.209">
	<name>Beni Saputra</name>
	<description>Customer: 5783284&lt;br&gt;Name 1: TK LIA&lt;br&gt;Represent.: 90052449&lt;br&gt;Jwk Salesman: SELASA GANJIL&lt;br&gt;SC: SD400A00146253H&lt;br&gt;Descript.: PS. INDRA LOKA II&lt;br&gt;LAT: -4.272421&lt;br&gt;LONG: 105.240263</description>
	<ExtendedData><SchemaData schemaUrl="#doc__cov_beni_mey_26xlsx">
		<SimpleData name="tessellate">-1</SimpleData>
		<SimpleData name="extrude">0</SimpleData>
		<SimpleData name="visibility">-1</SimpleData>
		<SimpleData name="Customer">5783284.0</SimpleData>
		<SimpleData name="Name_1">TK LIA</SimpleData>
		<SimpleData name="Represent_">9.0052449E7</SimpleData>
		<SimpleData name="Jwk_Salesman">SELASA GANJIL</SimpleData>
		<SimpleData name="SC">SD400A00146253H</SimpleData>
		<SimpleData name="Descript_">PS. INDRA LOKA II</SimpleData>
		<SimpleData name="LAT">-4.272421</SimpleData>
		<SimpleData name="LONG">105.240263</SimpleData>
	</SchemaData></ExtendedData>
      <Point><coordinates>105.240263,-4.272421,0</coordinates></Point>
  </Placemark>
  <Placemark id="doc__cov_beni_mey_26xlsx.210">
	<name>Beni Saputra</name>
	<description>Customer: 5784390&lt;br&gt;Name 1: TK VENNY&lt;br&gt;Represent.: 90052449&lt;br&gt;Jwk Salesman: SENIN GENAP&lt;br&gt;SC: SD400A00144662H&lt;br&gt;Descript.: Indraloka Luar&lt;br&gt;LAT: -4.220787&lt;br&gt;LONG: 105.262595</description>
	<ExtendedData><SchemaData schemaUrl="#doc__cov_beni_mey_26xlsx">
		<SimpleData name="tessellate">-1</SimpleData>
		<SimpleData name="extrude">0</SimpleData>
		<SimpleData name="visibility">-1</SimpleData>
		<SimpleData name="Customer">5784390.0</SimpleData>
		<SimpleData name="Name_1">TK VENNY</SimpleData>
		<SimpleData name="Represent_">9.0052449E7</SimpleData>
		<SimpleData name="Jwk_Salesman">SENIN GENAP</SimpleData>
		<SimpleData name="SC">SD400A00144662H</SimpleData>
		<SimpleData name="Descript_">Indraloka Luar</SimpleData>
		<SimpleData name="LAT">-4.220787</SimpleData>
		<SimpleData name="LONG">105.262595</SimpleData>
	</SchemaData></ExtendedData>
      <Point><coordinates>105.262595,-4.220787,0</coordinates></Point>
  </Placemark>
  <Placemark id="doc__cov_beni_mey_26xlsx.211">
	<name>Beni Saputra</name>
	<description>Customer: 5786265&lt;br&gt;Name 1: TK WISNU&lt;br&gt;Represent.: 90052449&lt;br&gt;Jwk Salesman: SENIN GANJIL&lt;br&gt;SC: SD400A00146716H&lt;br&gt;Descript.: PS. UNIT 2&lt;br&gt;LAT: -4.277771&lt;br&gt;LONG: 105.230361</description>
	<ExtendedData><SchemaData schemaUrl="#doc__cov_beni_mey_26xlsx">
		<SimpleData name="tessellate">-1</SimpleData>
		<SimpleData name="extrude">0</SimpleData>
		<SimpleData name="visibility">-1</SimpleData>
		<SimpleData name="Customer">5786265.0</SimpleData>
		<SimpleData name="Name_1">TK WISNU</SimpleData>
		<SimpleData name="Represent_">9.0052449E7</SimpleData>
		<SimpleData name="Jwk_Salesman">SENIN GANJIL</SimpleData>
		<SimpleData name="SC">SD400A00146716H</SimpleData>
		<SimpleData name="Descript_">PS. UNIT 2</SimpleData>
		<SimpleData name="LAT">-4.277771</SimpleData>
		<SimpleData name="LONG">105.230361</SimpleData>
	</SchemaData></ExtendedData>
      <Point><coordinates>105.230361,-4.277771,0</coordinates></Point>
  </Placemark>
  <Placemark id="doc__cov_beni_mey_26xlsx.212">
	<name>Beni Saputra</name>
	<description>Customer: 5791676&lt;br&gt;Name 1: TK TUNAS NAULI&lt;br&gt;Represent.: 90052449&lt;br&gt;Jwk Salesman: SENIN GANJIL&lt;br&gt;SC: SD400A00124555E&lt;br&gt;Descript.: BLJ SPI&lt;br&gt;LAT: -4.284706&lt;br&gt;LONG: 105.224625</description>
	<ExtendedData><SchemaData schemaUrl="#doc__cov_beni_mey_26xlsx">
		<SimpleData name="tessellate">-1</SimpleData>
		<SimpleData name="extrude">0</SimpleData>
		<SimpleData name="visibility">-1</SimpleData>
		<SimpleData name="Customer">5791676.0</SimpleData>
		<SimpleData name="Name_1">TK TUNAS NAULI</SimpleData>
		<SimpleData name="Represent_">9.0052449E7</SimpleData>
		<SimpleData name="Jwk_Salesman">SENIN GANJIL</SimpleData>
		<SimpleData name="SC">SD400A00124555E</SimpleData>
		<SimpleData name="Descript_">BLJ SPI</SimpleData>
		<SimpleData name="LAT">-4.284706</SimpleData>
		<SimpleData name="LONG">105.224625</SimpleData>
	</SchemaData></ExtendedData>
      <Point><coordinates>105.224625,-4.284706,0</coordinates></Point>
  </Placemark>
  <Placemark id="doc__cov_beni_mey_26xlsx.213">
	<name>Beni Saputra</name>
	<description>Customer: 5793412&lt;br&gt;Name 1: TK JEFANYA&lt;br&gt;Represent.: 90052449&lt;br&gt;Jwk Salesman: KAMIS GANJIL&lt;br&gt;SC: SD400A00146745H&lt;br&gt;Descript.: SP. PENAWAR&lt;br&gt;LAT: -4.293513&lt;br&gt;LONG: 105.305693</description>
	<ExtendedData><SchemaData schemaUrl="#doc__cov_beni_mey_26xlsx">
		<SimpleData name="tessellate">-1</SimpleData>
		<SimpleData name="extrude">0</SimpleData>
		<SimpleData name="visibility">-1</SimpleData>
		<SimpleData name="Customer">5793412.0</SimpleData>
		<SimpleData name="Name_1">TK JEFANYA</SimpleData>
		<SimpleData name="Represent_">9.0052449E7</SimpleData>
		<SimpleData name="Jwk_Salesman">KAMIS GANJIL</SimpleData>
		<SimpleData name="SC">SD400A00146745H</SimpleData>
		<SimpleData name="Descript_">SP. PENAWAR</SimpleData>
		<SimpleData name="LAT">-4.293513</SimpleData>
		<SimpleData name="LONG">105.305693</SimpleData>
	</SchemaData></ExtendedData>
      <Point><coordinates>105.305693,-4.293513,0</coordinates></Point>
  </Placemark>
  <Placemark id="doc__cov_beni_mey_26xlsx.214">
	<name>Beni Saputra</name>
	<description>Customer: 5781773&lt;br&gt;Name 1: TK YULI&lt;br&gt;Represent.: 90052449&lt;br&gt;Jwk Salesman: SABTU GENAP&lt;br&gt;SC: SD400A00118149E&lt;br&gt;Descript.: Gedong Aji Baru&lt;br&gt;LAT: -4.18075&lt;br&gt;LONG: 105.436752</description>
	<ExtendedData><SchemaData schemaUrl="#doc__cov_beni_mey_26xlsx">
		<SimpleData name="tessellate">-1</SimpleData>
		<SimpleData name="extrude">0</SimpleData>
		<SimpleData name="visibility">-1</SimpleData>
		<SimpleData name="Customer">5781773.0</SimpleData>
		<SimpleData name="Name_1">TK YULI</SimpleData>
		<SimpleData name="Represent_">9.0052449E7</SimpleData>
		<SimpleData name="Jwk_Salesman">SABTU GENAP</SimpleData>
		<SimpleData name="SC">SD400A00118149E</SimpleData>
		<SimpleData name="Descript_">Gedong Aji Baru</SimpleData>
		<SimpleData name="LAT">-4.18075</SimpleData>
		<SimpleData name="LONG">105.436752</SimpleData>
	</SchemaData></ExtendedData>
      <Point><coordinates>105.436752,-4.18075,0</coordinates></Point>
  </Placemark>
  <Placemark id="doc__cov_beni_mey_26xlsx.215">
	<name>Beni Saputra</name>
	<description>Customer: 5793843&lt;br&gt;Name 1: TK SRITARNO&lt;br&gt;Represent.: 90052449&lt;br&gt;Jwk Salesman: RABU GENAP&lt;br&gt;SC: SD400A00140701H&lt;br&gt;Descript.: PS. IPIL RAWAJITU&lt;br&gt;LAT: -4.226226&lt;br&gt;LONG: 105.626206</description>
	<ExtendedData><SchemaData schemaUrl="#doc__cov_beni_mey_26xlsx">
		<SimpleData name="tessellate">-1</SimpleData>
		<SimpleData name="extrude">0</SimpleData>
		<SimpleData name="visibility">-1</SimpleData>
		<SimpleData name="Customer">5793843.0</SimpleData>
		<SimpleData name="Name_1">TK SRITARNO</SimpleData>
		<SimpleData name="Represent_">9.0052449E7</SimpleData>
		<SimpleData name="Jwk_Salesman">RABU GENAP</SimpleData>
		<SimpleData name="SC">SD400A00140701H</SimpleData>
		<SimpleData name="Descript_">PS. IPIL RAWAJITU</SimpleData>
		<SimpleData name="LAT">-4.226226</SimpleData>
		<SimpleData name="LONG">105.626206</SimpleData>
	</SchemaData></ExtendedData>
      <Point><coordinates>105.626206,-4.226226,0</coordinates></Point>
  </Placemark>
  <Placemark id="doc__cov_beni_mey_26xlsx.216">
	<name>Beni Saputra</name>
	<description>Customer: 5793966&lt;br&gt;Name 1: TK SUJIO&lt;br&gt;Represent.: 90052449&lt;br&gt;Jwk Salesman: KAMIS GANJIL&lt;br&gt;SC: SD400A00134510E&lt;br&gt;Descript.: Ringin Sari&lt;br&gt;LAT: -4.29444&lt;br&gt;LONG: 105.352052</description>
	<ExtendedData><SchemaData schemaUrl="#doc__cov_beni_mey_26xlsx">
		<SimpleData name="tessellate">-1</SimpleData>
		<SimpleData name="extrude">0</SimpleData>
		<SimpleData name="visibility">-1</SimpleData>
		<SimpleData name="Customer">5793966.0</SimpleData>
		<SimpleData name="Name_1">TK SUJIO</SimpleData>
		<SimpleData name="Represent_">9.0052449E7</SimpleData>
		<SimpleData name="Jwk_Salesman">KAMIS GANJIL</SimpleData>
		<SimpleData name="SC">SD400A00134510E</SimpleData>
		<SimpleData name="Descript_">Ringin Sari</SimpleData>
		<SimpleData name="LAT">-4.29444</SimpleData>
		<SimpleData name="LONG">105.352052</SimpleData>
	</SchemaData></ExtendedData>
      <Point><coordinates>105.352052,-4.29444,0</coordinates></Point>
  </Placemark>
  <Placemark id="doc__cov_beni_mey_26xlsx.217">
	<name>Beni Saputra</name>
	<description>Customer: 5796121&lt;br&gt;Name 1: TK MUTMAINAH&lt;br&gt;Represent.: 90052449&lt;br&gt;Jwk Salesman: RABU GENAP&lt;br&gt;SC: SD400A00140729H&lt;br&gt;Descript.: PS. H II GD. AJI BAR&lt;br&gt;LAT: -4.192441&lt;br&gt;LONG: 105.547355</description>
	<ExtendedData><SchemaData schemaUrl="#doc__cov_beni_mey_26xlsx">
		<SimpleData name="tessellate">-1</SimpleData>
		<SimpleData name="extrude">0</SimpleData>
		<SimpleData name="visibility">-1</SimpleData>
		<SimpleData name="Customer">5796121.0</SimpleData>
		<SimpleData name="Name_1">TK MUTMAINAH</SimpleData>
		<SimpleData name="Represent_">9.0052449E7</SimpleData>
		<SimpleData name="Jwk_Salesman">RABU GENAP</SimpleData>
		<SimpleData name="SC">SD400A00140729H</SimpleData>
		<SimpleData name="Descript_">PS. H II GD. AJI BAR</SimpleData>
		<SimpleData name="LAT">-4.192441</SimpleData>
		<SimpleData name="LONG">105.547355</SimpleData>
	</SchemaData></ExtendedData>
      <Point><coordinates>105.547355,-4.192441,0</coordinates></Point>
  </Placemark>
  <Placemark id="doc__cov_beni_mey_26xlsx.218">
	<name>Beni Saputra</name>
	<description>Customer: 5796676&lt;br&gt;Name 1: TK BAYU PUTRA&lt;br&gt;Represent.: 90052449&lt;br&gt;Jwk Salesman: JUMAT GANJIL&lt;br&gt;SC: SD400A00146720H&lt;br&gt;Descript.: PS. RAWAJITU&lt;br&gt;LAT: -4.212408&lt;br&gt;LONG: 105.742272</description>
	<ExtendedData><SchemaData schemaUrl="#doc__cov_beni_mey_26xlsx">
		<SimpleData name="tessellate">-1</SimpleData>
		<SimpleData name="extrude">0</SimpleData>
		<SimpleData name="visibility">-1</SimpleData>
		<SimpleData name="Customer">5796676.0</SimpleData>
		<SimpleData name="Name_1">TK BAYU PUTRA</SimpleData>
		<SimpleData name="Represent_">9.0052449E7</SimpleData>
		<SimpleData name="Jwk_Salesman">JUMAT GANJIL</SimpleData>
		<SimpleData name="SC">SD400A00146720H</SimpleData>
		<SimpleData name="Descript_">PS. RAWAJITU</SimpleData>
		<SimpleData name="LAT">-4.212408</SimpleData>
		<SimpleData name="LONG">105.742272</SimpleData>
	</SchemaData></ExtendedData>
      <Point><coordinates>105.742272,-4.212408,0</coordinates></Point>
  </Placemark>
  <Placemark id="doc__cov_beni_mey_26xlsx.219">
	<name>Beni Saputra</name>
	<description>Customer: 5799088&lt;br&gt;Name 1: TK YAYUK HIDAYAH&lt;br&gt;Represent.: 90052449&lt;br&gt;Jwk Salesman: RABU GENAP&lt;br&gt;SC: SD400A00140730H&lt;br&gt;Descript.: PS. H II GD. AJI BAR&lt;br&gt;LAT: -4.192151&lt;br&gt;LONG: 105.546699</description>
	<ExtendedData><SchemaData schemaUrl="#doc__cov_beni_mey_26xlsx">
		<SimpleData name="tessellate">-1</SimpleData>
		<SimpleData name="extrude">0</SimpleData>
		<SimpleData name="visibility">-1</SimpleData>
		<SimpleData name="Customer">5799088.0</SimpleData>
		<SimpleData name="Name_1">TK YAYUK HIDAYAH</SimpleData>
		<SimpleData name="Represent_">9.0052449E7</SimpleData>
		<SimpleData name="Jwk_Salesman">RABU GENAP</SimpleData>
		<SimpleData name="SC">SD400A00140730H</SimpleData>
		<SimpleData name="Descript_">PS. H II GD. AJI BAR</SimpleData>
		<SimpleData name="LAT">-4.192151</SimpleData>
		<SimpleData name="LONG">105.546699</SimpleData>
	</SchemaData></ExtendedData>
      <Point><coordinates>105.546699,-4.192151,0</coordinates></Point>
  </Placemark>
  <Placemark id="doc__cov_beni_mey_26xlsx.220">
	<name>Beni Saputra</name>
	<description>Customer: 5799090&lt;br&gt;Name 1: TK ALFI MART&lt;br&gt;Represent.: 90052449&lt;br&gt;Jwk Salesman: KAMIS GANJIL&lt;br&gt;SC: SD400A00123861E&lt;br&gt;Descript.: Ringin Sari&lt;br&gt;LAT: -4.298685&lt;br&gt;LONG: 105.35944</description>
	<ExtendedData><SchemaData schemaUrl="#doc__cov_beni_mey_26xlsx">
		<SimpleData name="tessellate">-1</SimpleData>
		<SimpleData name="extrude">0</SimpleData>
		<SimpleData name="visibility">-1</SimpleData>
		<SimpleData name="Customer">5799090.0</SimpleData>
		<SimpleData name="Name_1">TK ALFI MART</SimpleData>
		<SimpleData name="Represent_">9.0052449E7</SimpleData>
		<SimpleData name="Jwk_Salesman">KAMIS GANJIL</SimpleData>
		<SimpleData name="SC">SD400A00123861E</SimpleData>
		<SimpleData name="Descript_">Ringin Sari</SimpleData>
		<SimpleData name="LAT">-4.298685</SimpleData>
		<SimpleData name="LONG">105.35944</SimpleData>
	</SchemaData></ExtendedData>
      <Point><coordinates>105.35944,-4.298685,0</coordinates></Point>
  </Placemark>
  <Placemark id="doc__cov_beni_mey_26xlsx.221">
	<name>Beni Saputra</name>
	<description>Customer: 5799089&lt;br&gt;Name 1: TK SAMSUL HADI 1&lt;br&gt;Represent.: 90052449&lt;br&gt;Jwk Salesman: JUMAT GANJIL&lt;br&gt;SC: SD400A00140707H&lt;br&gt;Descript.: PS. RAWAJITU&lt;br&gt;LAT: -4.212109&lt;br&gt;LONG: 105.747911</description>
	<ExtendedData><SchemaData schemaUrl="#doc__cov_beni_mey_26xlsx">
		<SimpleData name="tessellate">-1</SimpleData>
		<SimpleData name="extrude">0</SimpleData>
		<SimpleData name="visibility">-1</SimpleData>
		<SimpleData name="Customer">5799089.0</SimpleData>
		<SimpleData name="Name_1">TK SAMSUL HADI 1</SimpleData>
		<SimpleData name="Represent_">9.0052449E7</SimpleData>
		<SimpleData name="Jwk_Salesman">JUMAT GANJIL</SimpleData>
		<SimpleData name="SC">SD400A00140707H</SimpleData>
		<SimpleData name="Descript_">PS. RAWAJITU</SimpleData>
		<SimpleData name="LAT">-4.212109</SimpleData>
		<SimpleData name="LONG">105.747911</SimpleData>
	</SchemaData></ExtendedData>
      <Point><coordinates>105.747911,-4.212109,0</coordinates></Point>
  </Placemark>
  <Placemark id="doc__cov_beni_mey_26xlsx.222">
	<name>Beni Saputra</name>
	<description>Customer: 5802837&lt;br&gt;Name 1: TK GUSTI&lt;br&gt;Represent.: 90052449&lt;br&gt;Jwk Salesman: RABU GANJIL&lt;br&gt;SC: SD400A00143756E&lt;br&gt;Descript.: GEDONG ARENG 2E&lt;br&gt;LAT: -4.180417&lt;br&gt;LONG: 105.41328</description>
	<ExtendedData><SchemaData schemaUrl="#doc__cov_beni_mey_26xlsx">
		<SimpleData name="tessellate">-1</SimpleData>
		<SimpleData name="extrude">0</SimpleData>
		<SimpleData name="visibility">-1</SimpleData>
		<SimpleData name="Customer">5802837.0</SimpleData>
		<SimpleData name="Name_1">TK GUSTI</SimpleData>
		<SimpleData name="Represent_">9.0052449E7</SimpleData>
		<SimpleData name="Jwk_Salesman">RABU GANJIL</SimpleData>
		<SimpleData name="SC">SD400A00143756E</SimpleData>
		<SimpleData name="Descript_">GEDONG ARENG 2E</SimpleData>
		<SimpleData name="LAT">-4.180417</SimpleData>
		<SimpleData name="LONG">105.41328</SimpleData>
	</SchemaData></ExtendedData>
      <Point><coordinates>105.41328,-4.180417,0</coordinates></Point>
  </Placemark>
  <Placemark id="doc__cov_beni_mey_26xlsx.223">
	<name>Beni Saputra</name>
	<description>Customer: 5802835&lt;br&gt;Name 1: TK KENAN&lt;br&gt;Represent.: 90052449&lt;br&gt;Jwk Salesman: SABTU GANJIL&lt;br&gt;SC: SD400A00141579E&lt;br&gt;Descript.: Gedong Aji Baru&lt;br&gt;LAT: -4.148862&lt;br&gt;LONG: 105.417913</description>
	<ExtendedData><SchemaData schemaUrl="#doc__cov_beni_mey_26xlsx">
		<SimpleData name="tessellate">-1</SimpleData>
		<SimpleData name="extrude">0</SimpleData>
		<SimpleData name="visibility">-1</SimpleData>
		<SimpleData name="Customer">5802835.0</SimpleData>
		<SimpleData name="Name_1">TK KENAN</SimpleData>
		<SimpleData name="Represent_">9.0052449E7</SimpleData>
		<SimpleData name="Jwk_Salesman">SABTU GANJIL</SimpleData>
		<SimpleData name="SC">SD400A00141579E</SimpleData>
		<SimpleData name="Descript_">Gedong Aji Baru</SimpleData>
		<SimpleData name="LAT">-4.148862</SimpleData>
		<SimpleData name="LONG">105.417913</SimpleData>
	</SchemaData></ExtendedData>
      <Point><coordinates>105.417913,-4.148862,0</coordinates></Point>
  </Placemark>
  <Placemark id="doc__cov_beni_mey_26xlsx.224">
	<name>Beni Saputra</name>
	<description>Customer: 5810130&lt;br&gt;Name 1: TK MANURUNG&lt;br&gt;Represent.: 90052449&lt;br&gt;Jwk Salesman: RABU GANJIL&lt;br&gt;SC: SD400A00134086E&lt;br&gt;Descript.: GEDONG ARENG 2E&lt;br&gt;LAT: -4.17285&lt;br&gt;LONG: 105.41381</description>
	<ExtendedData><SchemaData schemaUrl="#doc__cov_beni_mey_26xlsx">
		<SimpleData name="tessellate">-1</SimpleData>
		<SimpleData name="extrude">0</SimpleData>
		<SimpleData name="visibility">-1</SimpleData>
		<SimpleData name="Customer">5810130.0</SimpleData>
		<SimpleData name="Name_1">TK MANURUNG</SimpleData>
		<SimpleData name="Represent_">9.0052449E7</SimpleData>
		<SimpleData name="Jwk_Salesman">RABU GANJIL</SimpleData>
		<SimpleData name="SC">SD400A00134086E</SimpleData>
		<SimpleData name="Descript_">GEDONG ARENG 2E</SimpleData>
		<SimpleData name="LAT">-4.17285</SimpleData>
		<SimpleData name="LONG">105.41381</SimpleData>
	</SchemaData></ExtendedData>
      <Point><coordinates>105.41381,-4.17285,0</coordinates></Point>
  </Placemark>
  <Placemark id="doc__cov_beni_mey_26xlsx.225">
	<name>Beni Saputra</name>
	<description>Customer: 5817749&lt;br&gt;Name 1: TK ANTON&lt;br&gt;Represent.: 90052449&lt;br&gt;Jwk Salesman: JUMAT GANJIL&lt;br&gt;SC: SD400A00141582E&lt;br&gt;Descript.: PS. RAWAJITU&lt;br&gt;LAT: -4214966&lt;br&gt;LONG: 105737233</description>
	<ExtendedData><SchemaData schemaUrl="#doc__cov_beni_mey_26xlsx">
		<SimpleData name="visibility">-1</SimpleData>
		<SimpleData name="Customer">5817749.0</SimpleData>
		<SimpleData name="Name_1">TK ANTON</SimpleData>
		<SimpleData name="Represent_">9.0052449E7</SimpleData>
		<SimpleData name="Jwk_Salesman">JUMAT GANJIL</SimpleData>
		<SimpleData name="SC">SD400A00141582E</SimpleData>
		<SimpleData name="Descript_">PS. RAWAJITU</SimpleData>
		<SimpleData name="LAT">-4214966</SimpleData>
		<SimpleData name="LONG">105737233</SimpleData>
	</SchemaData></ExtendedData>
      <Point><coordinates>0,0,0</coordinates></Point>
  </Placemark>
  <Placemark id="doc__cov_beni_mey_26xlsx.226">
	<name>Beni Saputra</name>
	<description>Customer: 5817750&lt;br&gt;Name 1: TK ABAY CELL&lt;br&gt;Represent.: 90052449&lt;br&gt;Jwk Salesman: JUMAT GANJIL&lt;br&gt;SC: SD400A00146264H&lt;br&gt;Descript.: PS. RAWAJITU&lt;br&gt;LAT: -4213041&lt;br&gt;LONG: 105737845</description>
	<ExtendedData><SchemaData schemaUrl="#doc__cov_beni_mey_26xlsx">
		<SimpleData name="visibility">-1</SimpleData>
		<SimpleData name="Customer">5817750.0</SimpleData>
		<SimpleData name="Name_1">TK ABAY CELL</SimpleData>
		<SimpleData name="Represent_">9.0052449E7</SimpleData>
		<SimpleData name="Jwk_Salesman">JUMAT GANJIL</SimpleData>
		<SimpleData name="SC">SD400A00146264H</SimpleData>
		<SimpleData name="Descript_">PS. RAWAJITU</SimpleData>
		<SimpleData name="LAT">-4213041</SimpleData>
		<SimpleData name="LONG">105737845</SimpleData>
	</SchemaData></ExtendedData>
      <Point><coordinates>0,0,0</coordinates></Point>
  </Placemark>
  <Placemark id="doc__cov_beni_mey_26xlsx.227">
	<name>Beni Saputra</name>
	<description>Customer: 5819850&lt;br&gt;Name 1: TK BALQIS&lt;br&gt;Represent.: 90052449&lt;br&gt;Jwk Salesman: SENIN GENAP&lt;br&gt;SC: SD400A00133226H&lt;br&gt;Descript.: Indraloka Luar&lt;br&gt;LAT: -42557&lt;br&gt;LONG: 105252607</description>
	<ExtendedData><SchemaData schemaUrl="#doc__cov_beni_mey_26xlsx">
		<SimpleData name="visibility">-1</SimpleData>
		<SimpleData name="Customer">5819850.0</SimpleData>
		<SimpleData name="Name_1">TK BALQIS</SimpleData>
		<SimpleData name="Represent_">9.0052449E7</SimpleData>
		<SimpleData name="Jwk_Salesman">SENIN GENAP</SimpleData>
		<SimpleData name="SC">SD400A00133226H</SimpleData>
		<SimpleData name="Descript_">Indraloka Luar</SimpleData>
		<SimpleData name="LAT">-42557</SimpleData>
		<SimpleData name="LONG">105252607</SimpleData>
	</SchemaData></ExtendedData>
      <Point><coordinates>0,0,0</coordinates></Point>
  </Placemark>
  <Placemark id="doc__cov_beni_mey_26xlsx.228">
	<name>Beni Saputra</name>
	<description>Customer: 2145200&lt;br&gt;Name 1: SITI&lt;br&gt;Represent.: 90052449&lt;br&gt;Jwk Salesman: SENIN GENAP&lt;br&gt;SC: SD400A00147674H&lt;br&gt;Descript.: SP. PENAWAR&lt;br&gt;LAT: -4262306&lt;br&gt;LONG: 105247197</description>
	<ExtendedData><SchemaData schemaUrl="#doc__cov_beni_mey_26xlsx">
		<SimpleData name="visibility">-1</SimpleData>
		<SimpleData name="Customer">2145200.0</SimpleData>
		<SimpleData name="Name_1">SITI</SimpleData>
		<SimpleData name="Represent_">9.0052449E7</SimpleData>
		<SimpleData name="Jwk_Salesman">SENIN GENAP</SimpleData>
		<SimpleData name="SC">SD400A00147674H</SimpleData>
		<SimpleData name="Descript_">SP. PENAWAR</SimpleData>
		<SimpleData name="LAT">-4262306</SimpleData>
		<SimpleData name="LONG">105247197</SimpleData>
	</SchemaData></ExtendedData>
      <Point><coordinates>0,0,0</coordinates></Point>
  </Placemark>
  <Placemark id="doc__cov_beni_mey_26xlsx.229">
	<name>Beni Saputra</name>
	<description>Customer: 5821570&lt;br&gt;Name 1: TK AK ANANDA KREASI&lt;br&gt;Represent.: 90052449&lt;br&gt;Jwk Salesman: RABU GENAP&lt;br&gt;SC: SD400A00132306H&lt;br&gt;Descript.: PS. H II GD. AJI BAR&lt;br&gt;LAT: -4203417&lt;br&gt;LONG: 105570382</description>
	<ExtendedData><SchemaData schemaUrl="#doc__cov_beni_mey_26xlsx">
		<SimpleData name="visibility">-1</SimpleData>
		<SimpleData name="Customer">5821570.0</SimpleData>
		<SimpleData name="Name_1">TK AK ANANDA KREASI</SimpleData>
		<SimpleData name="Represent_">9.0052449E7</SimpleData>
		<SimpleData name="Jwk_Salesman">RABU GENAP</SimpleData>
		<SimpleData name="SC">SD400A00132306H</SimpleData>
		<SimpleData name="Descript_">PS. H II GD. AJI BAR</SimpleData>
		<SimpleData name="LAT">-4203417</SimpleData>
		<SimpleData name="LONG">105570382</SimpleData>
	</SchemaData></ExtendedData>
      <Point><coordinates>0,0,0</coordinates></Point>
  </Placemark>
  <Placemark id="doc__cov_beni_mey_26xlsx.230">
	<name>Beni Saputra</name>
	<description>Customer: 5823302&lt;br&gt;Name 1: TK WONO AGUNG&lt;br&gt;Represent.: 90052449&lt;br&gt;Jwk Salesman: JUMAT GENAP&lt;br&gt;SC: SD400A00146303H&lt;br&gt;Descript.: PS. PIDADA&lt;br&gt;LAT: -4216362&lt;br&gt;LONG: 10566703</description>
	<ExtendedData><SchemaData schemaUrl="#doc__cov_beni_mey_26xlsx">
		<SimpleData name="visibility">-1</SimpleData>
		<SimpleData name="Customer">5823302.0</SimpleData>
		<SimpleData name="Name_1">TK WONO AGUNG</SimpleData>
		<SimpleData name="Represent_">9.0052449E7</SimpleData>
		<SimpleData name="Jwk_Salesman">JUMAT GENAP</SimpleData>
		<SimpleData name="SC">SD400A00146303H</SimpleData>
		<SimpleData name="Descript_">PS. PIDADA</SimpleData>
		<SimpleData name="LAT">-4216362</SimpleData>
		<SimpleData name="LONG">10566703</SimpleData>
	</SchemaData></ExtendedData>
      <Point><coordinates>0,0,0</coordinates></Point>
  </Placemark>
  <Placemark id="doc__cov_beni_mey_26xlsx.231">
	<name>Beni Saputra</name>
	<description>Customer: 5824153&lt;br&gt;Name 1: TK MIKHA&lt;br&gt;Represent.: 90052449&lt;br&gt;Jwk Salesman: SELASA GANJIL&lt;br&gt;SC: SD400A00145623H&lt;br&gt;Descript.: BLJ SPI&lt;br&gt;LAT: -4320958&lt;br&gt;LONG: 105225175</description>
	<ExtendedData><SchemaData schemaUrl="#doc__cov_beni_mey_26xlsx">
		<SimpleData name="visibility">-1</SimpleData>
		<SimpleData name="Customer">5824153.0</SimpleData>
		<SimpleData name="Name_1">TK MIKHA</SimpleData>
		<SimpleData name="Represent_">9.0052449E7</SimpleData>
		<SimpleData name="Jwk_Salesman">SELASA GANJIL</SimpleData>
		<SimpleData name="SC">SD400A00145623H</SimpleData>
		<SimpleData name="Descript_">BLJ SPI</SimpleData>
		<SimpleData name="LAT">-4320958</SimpleData>
		<SimpleData name="LONG">105225175</SimpleData>
	</SchemaData></ExtendedData>
      <Point><coordinates>0,0,0</coordinates></Point>
  </Placemark>
  <Placemark id="doc__cov_beni_mey_26xlsx.232">
	<name>Beni Saputra</name>
	<description>Customer: 5828227&lt;br&gt;Name 1: TK KEMBAR&lt;br&gt;Represent.: 90052449&lt;br&gt;Jwk Salesman: RABU GANJIL&lt;br&gt;SC: 0&lt;br&gt;Descript.: GEDONG ARENG 2E&lt;br&gt;LAT: -4,174,846&lt;br&gt;LONG: 105,411,462</description>
	<ExtendedData><SchemaData schemaUrl="#doc__cov_beni_mey_26xlsx">
		<SimpleData name="visibility">-1</SimpleData>
		<SimpleData name="Customer">5828227.0</SimpleData>
		<SimpleData name="Name_1">TK KEMBAR</SimpleData>
		<SimpleData name="Represent_">9.0052449E7</SimpleData>
		<SimpleData name="Jwk_Salesman">RABU GANJIL</SimpleData>
		<SimpleData name="SC">0</SimpleData>
		<SimpleData name="Descript_">GEDONG ARENG 2E</SimpleData>
		<SimpleData name="LAT">-4,174,846</SimpleData>
		<SimpleData name="LONG">105,411,462</SimpleData>
	</SchemaData></ExtendedData>
      <Point><coordinates>0,0,0</coordinates></Point>
  </Placemark>
  <Placemark id="doc__cov_beni_mey_26xlsx.233">
	<name>Beni Saputra</name>
	<description>Customer: 5828228&lt;br&gt;Name 1: TK FERA&lt;br&gt;Represent.: 90052449&lt;br&gt;Jwk Salesman: SABTU GENAP&lt;br&gt;SC: 0&lt;br&gt;Descript.: Gedong Aji Baru&lt;br&gt;LAT: -4,180,503&lt;br&gt;LONG: 105,448,579</description>
	<ExtendedData><SchemaData schemaUrl="#doc__cov_beni_mey_26xlsx">
		<SimpleData name="visibility">-1</SimpleData>
		<SimpleData name="Customer">5828228.0</SimpleData>
		<SimpleData name="Name_1">TK FERA</SimpleData>
		<SimpleData name="Represent_">9.0052449E7</SimpleData>
		<SimpleData name="Jwk_Salesman">SABTU GENAP</SimpleData>
		<SimpleData name="SC">0</SimpleData>
		<SimpleData name="Descript_">Gedong Aji Baru</SimpleData>
		<SimpleData name="LAT">-4,180,503</SimpleData>
		<SimpleData name="LONG">105,448,579</SimpleData>
	</SchemaData></ExtendedData>
      <Point><coordinates>0,0,0</coordinates></Point>
  </Placemark>
  <Placemark id="doc__cov_beni_mey_26xlsx.234">
	<name>Musholah Mbah warno</name>
	<description>Customer: &lt;br&gt;Name 1: &lt;br&gt;Represent.: &lt;br&gt;Jwk Salesman: &lt;br&gt;SC: &lt;br&gt;Descript.: &lt;br&gt;LAT: &lt;br&gt;LONG: </description>
	<ExtendedData><SchemaData schemaUrl="#doc__cov_beni_mey_26xlsx">
		<SimpleData name="tessellate">-1</SimpleData>
		<SimpleData name="extrude">0</SimpleData>
		<SimpleData name="visibility">-1</SimpleData>
		<SimpleData name="Customer"></SimpleData>
		<SimpleData name="Name_1"></SimpleData>
		<SimpleData name="Represent_"></SimpleData>
		<SimpleData name="Jwk_Salesman"></SimpleData>
		<SimpleData name="SC"></SimpleData>
		<SimpleData name="Descript_"></SimpleData>
		<SimpleData name="LAT"></SimpleData>
		<SimpleData name="LONG"></SimpleData>
	</SchemaData></ExtendedData>
      <Point><coordinates>105.403798,-4.2683832,0</coordinates></Point>
  </Placemark>
</Folder>
</Document></kml>
