<?xml version="1.0" encoding="utf-8" ?>
<kml xmlns="http://www.opengis.net/kml/2.2">
<Document id="root_doc">
<Schema name="doc__cov_rudi_mey_26xlsx" id="doc__cov_rudi_mey_26xlsx">
	<SimpleField name="id" type="string"></SimpleField>
	<SimpleField name="timestamp" type="string"></SimpleField>
	<SimpleField name="begin" type="string"></SimpleField>
	<SimpleField name="end" type="string"></SimpleField>
	<SimpleField name="altitudeMode" type="string"></SimpleField>
	<SimpleField name="tessellate" type="int"></SimpleField>
	<SimpleField name="extrude" type="int"></SimpleField>
	<SimpleField name="visibility" type="int"></SimpleField>
	<SimpleField name="drawOrder" type="int"></SimpleField>
	<SimpleField name="icon" type="string"></SimpleField>
	<SimpleField name="Customer" type="string"></SimpleField>
	<SimpleField name="Name_1" type="string"></SimpleField>
	<SimpleField name="Represent_" type="string"></SimpleField>
	<SimpleField name="Jwk_Salesman" type="string"></SimpleField>
	<SimpleField name="SC" type="string"></SimpleField>
	<SimpleField name="Descript_" type="string"></SimpleField>
	<SimpleField name="LAT" type="string"></SimpleField>
	<SimpleField name="LONG" type="string"></SimpleField>
</Schema>
<Folder><name>doc__cov_rudi_mey_26xlsx</name>
  <Placemark id="doc__cov_rudi_mey_26xlsx.1">
	<name>Rudi Anggoro</name>
	<description>Customer: 5450814&lt;br&gt;Name 1: TK.LISNA&lt;br&gt;Represent.: 90052442&lt;br&gt;Jwk Salesman: SENIN GENAP&lt;br&gt;SC: SD400A00118840E&lt;br&gt;Descript.: PS . UNIT 6&lt;br&gt;LAT: -4.320606&lt;br&gt;LONG: 105.063787</description>
	<ExtendedData><SchemaData schemaUrl="#doc__cov_rudi_mey_26xlsx">
		<SimpleData name="tessellate">-1</SimpleData>
		<SimpleData name="extrude">0</SimpleData>
		<SimpleData name="visibility">-1</SimpleData>
		<SimpleData name="Customer">5450814.0</SimpleData>
		<SimpleData name="Name_1">TK.LISNA</SimpleData>
		<SimpleData name="Represent_">9.0052442E7</SimpleData>
		<SimpleData name="Jwk_Salesman">SENIN GENAP</SimpleData>
		<SimpleData name="SC">SD400A00118840E</SimpleData>
		<SimpleData name="Descript_">PS . UNIT 6</SimpleData>
		<SimpleData name="LAT">-4.320606</SimpleData>
		<SimpleData name="LONG">105.063787</SimpleData>
	</SchemaData></ExtendedData>
      <Point><coordinates>105.063787,-4.320606,0</coordinates></Point>
  </Placemark>
  <Placemark id="doc__cov_rudi_mey_26xlsx.2">
	<name>Rudi Anggoro</name>
	<description>Customer: 427242&lt;br&gt;Name 1: TOSERBA PS TRAYA&lt;br&gt;Represent.: 90052442&lt;br&gt;Jwk Salesman: SENIN GENAP&lt;br&gt;SC: SD400A00118160E&lt;br&gt;Descript.: pasar traya&lt;br&gt;LAT: -4.331483&lt;br&gt;LONG: 105.062012</description>
	<ExtendedData><SchemaData schemaUrl="#doc__cov_rudi_mey_26xlsx">
		<SimpleData name="tessellate">-1</SimpleData>
		<SimpleData name="extrude">0</SimpleData>
		<SimpleData name="visibility">-1</SimpleData>
		<SimpleData name="Customer">427242.0</SimpleData>
		<SimpleData name="Name_1">TOSERBA PS TRAYA</SimpleData>
		<SimpleData name="Represent_">9.0052442E7</SimpleData>
		<SimpleData name="Jwk_Salesman">SENIN GENAP</SimpleData>
		<SimpleData name="SC">SD400A00118160E</SimpleData>
		<SimpleData name="Descript_">pasar traya</SimpleData>
		<SimpleData name="LAT">-4.331483</SimpleData>
		<SimpleData name="LONG">105.062012</SimpleData>
	</SchemaData></ExtendedData>
      <Point><coordinates>105.062012,-4.331483,0</coordinates></Point>
  </Placemark>
  <Placemark id="doc__cov_rudi_mey_26xlsx.3">
	<name>Rudi Anggoro</name>
	<description>Customer: 1714864&lt;br&gt;Name 1: TK.ULVA TRAYA&lt;br&gt;Represent.: 90052442&lt;br&gt;Jwk Salesman: SENIN GENAP&lt;br&gt;SC: SD400A00117977E&lt;br&gt;Descript.: pasar traya&lt;br&gt;LAT: -4.334355&lt;br&gt;LONG: 105.062358</description>
	<ExtendedData><SchemaData schemaUrl="#doc__cov_rudi_mey_26xlsx">
		<SimpleData name="tessellate">-1</SimpleData>
		<SimpleData name="extrude">0</SimpleData>
		<SimpleData name="visibility">-1</SimpleData>
		<SimpleData name="Customer">1714864.0</SimpleData>
		<SimpleData name="Name_1">TK.ULVA TRAYA</SimpleData>
		<SimpleData name="Represent_">9.0052442E7</SimpleData>
		<SimpleData name="Jwk_Salesman">SENIN GENAP</SimpleData>
		<SimpleData name="SC">SD400A00117977E</SimpleData>
		<SimpleData name="Descript_">pasar traya</SimpleData>
		<SimpleData name="LAT">-4.334355</SimpleData>
		<SimpleData name="LONG">105.062358</SimpleData>
	</SchemaData></ExtendedData>
      <Point><coordinates>105.062358,-4.334355,0</coordinates></Point>
  </Placemark>
  <Placemark id="doc__cov_rudi_mey_26xlsx.4">
	<name>Rudi Anggoro</name>
	<description>Customer: 2308866&lt;br&gt;Name 1: SEPKA&lt;br&gt;Represent.: 90052442&lt;br&gt;Jwk Salesman: SENIN GENAP&lt;br&gt;SC: SD400A00117864E&lt;br&gt;Descript.: pasar traya&lt;br&gt;LAT: -4.4504205&lt;br&gt;LONG: 105.0687326</description>
	<ExtendedData><SchemaData schemaUrl="#doc__cov_rudi_mey_26xlsx">
		<SimpleData name="tessellate">-1</SimpleData>
		<SimpleData name="extrude">0</SimpleData>
		<SimpleData name="visibility">-1</SimpleData>
		<SimpleData name="Customer">2308866.0</SimpleData>
		<SimpleData name="Name_1">SEPKA</SimpleData>
		<SimpleData name="Represent_">9.0052442E7</SimpleData>
		<SimpleData name="Jwk_Salesman">SENIN GENAP</SimpleData>
		<SimpleData name="SC">SD400A00117864E</SimpleData>
		<SimpleData name="Descript_">pasar traya</SimpleData>
		<SimpleData name="LAT">-4.4504205</SimpleData>
		<SimpleData name="LONG">105.0687326</SimpleData>
	</SchemaData></ExtendedData>
      <Point><coordinates>105.0687326,-4.4504205,0</coordinates></Point>
  </Placemark>
  <Placemark id="doc__cov_rudi_mey_26xlsx.5">
	<name>Rudi Anggoro</name>
	<description>Customer: 1736847&lt;br&gt;Name 1: TK.ASA A1&lt;br&gt;Represent.: 90052442&lt;br&gt;Jwk Salesman: SELASA GANJIL&lt;br&gt;SC: SD400A00129716H&lt;br&gt;Descript.: PS. SPUA&lt;br&gt;LAT: -4.0047825&lt;br&gt;LONG: 105.2871936</description>
	<ExtendedData><SchemaData schemaUrl="#doc__cov_rudi_mey_26xlsx">
		<SimpleData name="tessellate">-1</SimpleData>
		<SimpleData name="extrude">0</SimpleData>
		<SimpleData name="visibility">-1</SimpleData>
		<SimpleData name="Customer">1736847.0</SimpleData>
		<SimpleData name="Name_1">TK.ASA A1</SimpleData>
		<SimpleData name="Represent_">9.0052442E7</SimpleData>
		<SimpleData name="Jwk_Salesman">SELASA GANJIL</SimpleData>
		<SimpleData name="SC">SD400A00129716H</SimpleData>
		<SimpleData name="Descript_">PS. SPUA</SimpleData>
		<SimpleData name="LAT">-4.0047825</SimpleData>
		<SimpleData name="LONG">105.2871936</SimpleData>
	</SchemaData></ExtendedData>
      <Point><coordinates>105.2871936,-4.0047825,0</coordinates></Point>
  </Placemark>
  <Placemark id="doc__cov_rudi_mey_26xlsx.6">
	<name>Rudi Anggoro</name>
	<description>Customer: 2334920&lt;br&gt;Name 1: TK.SISWANTO&lt;br&gt;Represent.: 90052442&lt;br&gt;Jwk Salesman: SABTU GANJIL&lt;br&gt;SC: SD400A00129011H&lt;br&gt;Descript.: PS. BRABASAN&lt;br&gt;LAT: -3.9776499&lt;br&gt;LONG: 105.341923</description>
	<ExtendedData><SchemaData schemaUrl="#doc__cov_rudi_mey_26xlsx">
		<SimpleData name="tessellate">-1</SimpleData>
		<SimpleData name="extrude">0</SimpleData>
		<SimpleData name="visibility">-1</SimpleData>
		<SimpleData name="Customer">2334920.0</SimpleData>
		<SimpleData name="Name_1">TK.SISWANTO</SimpleData>
		<SimpleData name="Represent_">9.0052442E7</SimpleData>
		<SimpleData name="Jwk_Salesman">SABTU GANJIL</SimpleData>
		<SimpleData name="SC">SD400A00129011H</SimpleData>
		<SimpleData name="Descript_">PS. BRABASAN</SimpleData>
		<SimpleData name="LAT">-3.9776499</SimpleData>
		<SimpleData name="LONG">105.341923</SimpleData>
	</SchemaData></ExtendedData>
      <Point><coordinates>105.341923,-3.9776499,0</coordinates></Point>
  </Placemark>
  <Placemark id="doc__cov_rudi_mey_26xlsx.7">
	<name>Rudi Anggoro</name>
	<description>Customer: 2888298&lt;br&gt;Name 1: TK.TIKA&lt;br&gt;Represent.: 90052442&lt;br&gt;Jwk Salesman: SABTU GANJIL&lt;br&gt;SC: SD400A00129207H&lt;br&gt;Descript.: PS. BRABASAN&lt;br&gt;LAT: -3.996936&lt;br&gt;LONG: 105.334138</description>
	<ExtendedData><SchemaData schemaUrl="#doc__cov_rudi_mey_26xlsx">
		<SimpleData name="tessellate">-1</SimpleData>
		<SimpleData name="extrude">0</SimpleData>
		<SimpleData name="visibility">-1</SimpleData>
		<SimpleData name="Customer">2888298.0</SimpleData>
		<SimpleData name="Name_1">TK.TIKA</SimpleData>
		<SimpleData name="Represent_">9.0052442E7</SimpleData>
		<SimpleData name="Jwk_Salesman">SABTU GANJIL</SimpleData>
		<SimpleData name="SC">SD400A00129207H</SimpleData>
		<SimpleData name="Descript_">PS. BRABASAN</SimpleData>
		<SimpleData name="LAT">-3.996936</SimpleData>
		<SimpleData name="LONG">105.334138</SimpleData>
	</SchemaData></ExtendedData>
      <Point><coordinates>105.334138,-3.996936,0</coordinates></Point>
  </Placemark>
  <Placemark id="doc__cov_rudi_mey_26xlsx.8">
	<name>Rudi Anggoro</name>
	<description>Customer: 830993&lt;br&gt;Name 1: TK.RARERO&lt;br&gt;Represent.: 90052442&lt;br&gt;Jwk Salesman: SABTU GANJIL&lt;br&gt;SC: SD400A00129205H&lt;br&gt;Descript.: PS. GEDONG RAM&lt;br&gt;LAT: -3.963482&lt;br&gt;LONG: 105.362715</description>
	<ExtendedData><SchemaData schemaUrl="#doc__cov_rudi_mey_26xlsx">
		<SimpleData name="tessellate">-1</SimpleData>
		<SimpleData name="extrude">0</SimpleData>
		<SimpleData name="visibility">-1</SimpleData>
		<SimpleData name="Customer">830993.0</SimpleData>
		<SimpleData name="Name_1">TK.RARERO</SimpleData>
		<SimpleData name="Represent_">9.0052442E7</SimpleData>
		<SimpleData name="Jwk_Salesman">SABTU GANJIL</SimpleData>
		<SimpleData name="SC">SD400A00129205H</SimpleData>
		<SimpleData name="Descript_">PS. GEDONG RAM</SimpleData>
		<SimpleData name="LAT">-3.963482</SimpleData>
		<SimpleData name="LONG">105.362715</SimpleData>
	</SchemaData></ExtendedData>
      <Point><coordinates>105.362715,-3.963482,0</coordinates></Point>
  </Placemark>
  <Placemark id="doc__cov_rudi_mey_26xlsx.9">
	<name>Rudi Anggoro</name>
	<description>Customer: 4431209&lt;br&gt;Name 1: TK.GEMBULS BUJUNG BURING&lt;br&gt;Represent.: 90052442&lt;br&gt;Jwk Salesman: SABTU GANJIL&lt;br&gt;SC: SD400A00129202H&lt;br&gt;Descript.: PS. BUJUNG BURUNG&lt;br&gt;LAT: -3.917626&lt;br&gt;LONG: 105.353813</description>
	<ExtendedData><SchemaData schemaUrl="#doc__cov_rudi_mey_26xlsx">
		<SimpleData name="tessellate">-1</SimpleData>
		<SimpleData name="extrude">0</SimpleData>
		<SimpleData name="visibility">-1</SimpleData>
		<SimpleData name="Customer">4431209.0</SimpleData>
		<SimpleData name="Name_1">TK.GEMBULS BUJUNG BURING</SimpleData>
		<SimpleData name="Represent_">9.0052442E7</SimpleData>
		<SimpleData name="Jwk_Salesman">SABTU GANJIL</SimpleData>
		<SimpleData name="SC">SD400A00129202H</SimpleData>
		<SimpleData name="Descript_">PS. BUJUNG BURUNG</SimpleData>
		<SimpleData name="LAT">-3.917626</SimpleData>
		<SimpleData name="LONG">105.353813</SimpleData>
	</SchemaData></ExtendedData>
      <Point><coordinates>105.353813,-3.917626,0</coordinates></Point>
  </Placemark>
  <Placemark id="doc__cov_rudi_mey_26xlsx.10">
	<name>Rudi Anggoro</name>
	<description>Customer: 5508265&lt;br&gt;Name 1: WR.RIFQI&lt;br&gt;Represent.: 90052442&lt;br&gt;Jwk Salesman: SABTU GANJIL&lt;br&gt;SC: SD400A00129567H&lt;br&gt;Descript.: PS. BRABASAN&lt;br&gt;LAT: -3.993691&lt;br&gt;LONG: 105.334775</description>
	<ExtendedData><SchemaData schemaUrl="#doc__cov_rudi_mey_26xlsx">
		<SimpleData name="tessellate">-1</SimpleData>
		<SimpleData name="extrude">0</SimpleData>
		<SimpleData name="visibility">-1</SimpleData>
		<SimpleData name="Customer">5508265.0</SimpleData>
		<SimpleData name="Name_1">WR.RIFQI</SimpleData>
		<SimpleData name="Represent_">9.0052442E7</SimpleData>
		<SimpleData name="Jwk_Salesman">SABTU GANJIL</SimpleData>
		<SimpleData name="SC">SD400A00129567H</SimpleData>
		<SimpleData name="Descript_">PS. BRABASAN</SimpleData>
		<SimpleData name="LAT">-3.993691</SimpleData>
		<SimpleData name="LONG">105.334775</SimpleData>
	</SchemaData></ExtendedData>
      <Point><coordinates>105.334775,-3.993691,0</coordinates></Point>
  </Placemark>
  <Placemark id="doc__cov_rudi_mey_26xlsx.11">
	<name>Rudi Anggoro</name>
	<description>Customer: 5508266&lt;br&gt;Name 1: AL-FALAH MART&lt;br&gt;Represent.: 90052442&lt;br&gt;Jwk Salesman: JUMAT GENAP&lt;br&gt;SC: SD400A00134387E&lt;br&gt;Descript.: PS. GEDONG RAM&lt;br&gt;LAT: -3.9685171&lt;br&gt;LONG: 105.4002903</description>
	<ExtendedData><SchemaData schemaUrl="#doc__cov_rudi_mey_26xlsx">
		<SimpleData name="tessellate">-1</SimpleData>
		<SimpleData name="extrude">0</SimpleData>
		<SimpleData name="visibility">-1</SimpleData>
		<SimpleData name="Customer">5508266.0</SimpleData>
		<SimpleData name="Name_1">AL-FALAH MART</SimpleData>
		<SimpleData name="Represent_">9.0052442E7</SimpleData>
		<SimpleData name="Jwk_Salesman">JUMAT GENAP</SimpleData>
		<SimpleData name="SC">SD400A00134387E</SimpleData>
		<SimpleData name="Descript_">PS. GEDONG RAM</SimpleData>
		<SimpleData name="LAT">-3.9685171</SimpleData>
		<SimpleData name="LONG">105.4002903</SimpleData>
	</SchemaData></ExtendedData>
      <Point><coordinates>105.4002903,-3.9685171,0</coordinates></Point>
  </Placemark>
  <Placemark id="doc__cov_rudi_mey_26xlsx.12">
	<name>Rudi Anggoro</name>
	<description>Customer: 438091&lt;br&gt;Name 1: TK.SULASTRI&lt;br&gt;Represent.: 90052442&lt;br&gt;Jwk Salesman: SELASA GANJIL&lt;br&gt;SC: SD400A00118072E&lt;br&gt;Descript.: PS. SPUA&lt;br&gt;LAT: -4.003575&lt;br&gt;LONG: 105.284339</description>
	<ExtendedData><SchemaData schemaUrl="#doc__cov_rudi_mey_26xlsx">
		<SimpleData name="tessellate">-1</SimpleData>
		<SimpleData name="extrude">0</SimpleData>
		<SimpleData name="visibility">-1</SimpleData>
		<SimpleData name="Customer">438091.0</SimpleData>
		<SimpleData name="Name_1">TK.SULASTRI</SimpleData>
		<SimpleData name="Represent_">9.0052442E7</SimpleData>
		<SimpleData name="Jwk_Salesman">SELASA GANJIL</SimpleData>
		<SimpleData name="SC">SD400A00118072E</SimpleData>
		<SimpleData name="Descript_">PS. SPUA</SimpleData>
		<SimpleData name="LAT">-4.003575</SimpleData>
		<SimpleData name="LONG">105.284339</SimpleData>
	</SchemaData></ExtendedData>
      <Point><coordinates>105.284339,-4.003575,0</coordinates></Point>
  </Placemark>
  <Placemark id="doc__cov_rudi_mey_26xlsx.13">
	<name>Rudi Anggoro</name>
	<description>Customer: 2888271&lt;br&gt;Name 1: TK.DITA&lt;br&gt;Represent.: 90052442&lt;br&gt;Jwk Salesman: SELASA GANJIL&lt;br&gt;SC: SD400A00129199H&lt;br&gt;Descript.: PS. BUJUNG BURUNG&lt;br&gt;LAT: -3.958468&lt;br&gt;LONG: 105.283326</description>
	<ExtendedData><SchemaData schemaUrl="#doc__cov_rudi_mey_26xlsx">
		<SimpleData name="tessellate">-1</SimpleData>
		<SimpleData name="extrude">0</SimpleData>
		<SimpleData name="visibility">-1</SimpleData>
		<SimpleData name="Customer">2888271.0</SimpleData>
		<SimpleData name="Name_1">TK.DITA</SimpleData>
		<SimpleData name="Represent_">9.0052442E7</SimpleData>
		<SimpleData name="Jwk_Salesman">SELASA GANJIL</SimpleData>
		<SimpleData name="SC">SD400A00129199H</SimpleData>
		<SimpleData name="Descript_">PS. BUJUNG BURUNG</SimpleData>
		<SimpleData name="LAT">-3.958468</SimpleData>
		<SimpleData name="LONG">105.283326</SimpleData>
	</SchemaData></ExtendedData>
      <Point><coordinates>105.283326,-3.958468,0</coordinates></Point>
  </Placemark>
  <Placemark id="doc__cov_rudi_mey_26xlsx.14">
	<name>Rudi Anggoro</name>
	<description>Customer: 3730312&lt;br&gt;Name 1: TOKO PAK SURYANI (PAK SUR)&lt;br&gt;Represent.: 90052442&lt;br&gt;Jwk Salesman: SELASA GANJIL&lt;br&gt;SC: SD400A00129568H&lt;br&gt;Descript.: PS. BUJUNG BURUNG&lt;br&gt;LAT: -3.978357&lt;br&gt;LONG: 105.280368</description>
	<ExtendedData><SchemaData schemaUrl="#doc__cov_rudi_mey_26xlsx">
		<SimpleData name="tessellate">-1</SimpleData>
		<SimpleData name="extrude">0</SimpleData>
		<SimpleData name="visibility">-1</SimpleData>
		<SimpleData name="Customer">3730312.0</SimpleData>
		<SimpleData name="Name_1">TOKO PAK SURYANI (PAK SUR)</SimpleData>
		<SimpleData name="Represent_">9.0052442E7</SimpleData>
		<SimpleData name="Jwk_Salesman">SELASA GANJIL</SimpleData>
		<SimpleData name="SC">SD400A00129568H</SimpleData>
		<SimpleData name="Descript_">PS. BUJUNG BURUNG</SimpleData>
		<SimpleData name="LAT">-3.978357</SimpleData>
		<SimpleData name="LONG">105.280368</SimpleData>
	</SchemaData></ExtendedData>
      <Point><coordinates>105.280368,-3.978357,0</coordinates></Point>
  </Placemark>
  <Placemark id="doc__cov_rudi_mey_26xlsx.15">
	<name>Rudi Anggoro</name>
	<description>Customer: 5547666&lt;br&gt;Name 1: TK.SEMBAKO BUNDA&lt;br&gt;Represent.: 90052442&lt;br&gt;Jwk Salesman: SABTU GANJIL&lt;br&gt;SC: SD400A00118831E&lt;br&gt;Descript.: PS. BUJUNG BURUNG&lt;br&gt;LAT: -3.92188&lt;br&gt;LONG: 105.343148</description>
	<ExtendedData><SchemaData schemaUrl="#doc__cov_rudi_mey_26xlsx">
		<SimpleData name="tessellate">-1</SimpleData>
		<SimpleData name="extrude">0</SimpleData>
		<SimpleData name="visibility">-1</SimpleData>
		<SimpleData name="Customer">5547666.0</SimpleData>
		<SimpleData name="Name_1">TK.SEMBAKO BUNDA</SimpleData>
		<SimpleData name="Represent_">9.0052442E7</SimpleData>
		<SimpleData name="Jwk_Salesman">SABTU GANJIL</SimpleData>
		<SimpleData name="SC">SD400A00118831E</SimpleData>
		<SimpleData name="Descript_">PS. BUJUNG BURUNG</SimpleData>
		<SimpleData name="LAT">-3.92188</SimpleData>
		<SimpleData name="LONG">105.343148</SimpleData>
	</SchemaData></ExtendedData>
      <Point><coordinates>105.343148,-3.92188,0</coordinates></Point>
  </Placemark>
  <Placemark id="doc__cov_rudi_mey_26xlsx.16">
	<name>Rudi Anggoro</name>
	<description>Customer: 5216885&lt;br&gt;Name 1: WR. MBA YUNI&lt;br&gt;Represent.: 90052442&lt;br&gt;Jwk Salesman: RABU GENAP&lt;br&gt;SC: SD400A00117866E&lt;br&gt;Descript.: PS. SPI MENGGALA C&lt;br&gt;LAT: -4,238218&lt;br&gt;LONG: 105,15674</description>
	<ExtendedData><SchemaData schemaUrl="#doc__cov_rudi_mey_26xlsx">
		<SimpleData name="visibility">-1</SimpleData>
		<SimpleData name="Customer">5216885.0</SimpleData>
		<SimpleData name="Name_1">WR. MBA YUNI</SimpleData>
		<SimpleData name="Represent_">9.0052442E7</SimpleData>
		<SimpleData name="Jwk_Salesman">RABU GENAP</SimpleData>
		<SimpleData name="SC">SD400A00117866E</SimpleData>
		<SimpleData name="Descript_">PS. SPI MENGGALA C</SimpleData>
		<SimpleData name="LAT">-4,238218</SimpleData>
		<SimpleData name="LONG">105,15674</SimpleData>
	</SchemaData></ExtendedData>
      <Point><coordinates>0,0,0</coordinates></Point>
  </Placemark>
  <Placemark id="doc__cov_rudi_mey_26xlsx.17">
	<name>Rudi Anggoro</name>
	<description>Customer: 247709&lt;br&gt;Name 1: TK. BIMA SP 1C&lt;br&gt;Represent.: 90052442&lt;br&gt;Jwk Salesman: RABU GANJIL&lt;br&gt;SC: SD400A00117822E&lt;br&gt;Descript.: PS. SPI MENGGALA C&lt;br&gt;LAT: -4.242022&lt;br&gt;LONG: 105.058958</description>
	<ExtendedData><SchemaData schemaUrl="#doc__cov_rudi_mey_26xlsx">
		<SimpleData name="tessellate">-1</SimpleData>
		<SimpleData name="extrude">0</SimpleData>
		<SimpleData name="visibility">-1</SimpleData>
		<SimpleData name="Customer">247709.0</SimpleData>
		<SimpleData name="Name_1">TK. BIMA SP 1C</SimpleData>
		<SimpleData name="Represent_">9.0052442E7</SimpleData>
		<SimpleData name="Jwk_Salesman">RABU GANJIL</SimpleData>
		<SimpleData name="SC">SD400A00117822E</SimpleData>
		<SimpleData name="Descript_">PS. SPI MENGGALA C</SimpleData>
		<SimpleData name="LAT">-4.242022</SimpleData>
		<SimpleData name="LONG">105.058958</SimpleData>
	</SchemaData></ExtendedData>
      <Point><coordinates>105.058958,-4.242022,0</coordinates></Point>
  </Placemark>
  <Placemark id="doc__cov_rudi_mey_26xlsx.18">
	<name>Rudi Anggoro</name>
	<description>Customer: 5294336&lt;br&gt;Name 1: WR LESTARI&lt;br&gt;Represent.: 90052442&lt;br&gt;Jwk Salesman: RABU GANJIL&lt;br&gt;SC: SD400A00129554H&lt;br&gt;Descript.: PS. SPI MENGGALA C&lt;br&gt;LAT: -4.248562&lt;br&gt;LONG: 105.1261281</description>
	<ExtendedData><SchemaData schemaUrl="#doc__cov_rudi_mey_26xlsx">
		<SimpleData name="tessellate">-1</SimpleData>
		<SimpleData name="extrude">0</SimpleData>
		<SimpleData name="visibility">-1</SimpleData>
		<SimpleData name="Customer">5294336.0</SimpleData>
		<SimpleData name="Name_1">WR LESTARI</SimpleData>
		<SimpleData name="Represent_">9.0052442E7</SimpleData>
		<SimpleData name="Jwk_Salesman">RABU GANJIL</SimpleData>
		<SimpleData name="SC">SD400A00129554H</SimpleData>
		<SimpleData name="Descript_">PS. SPI MENGGALA C</SimpleData>
		<SimpleData name="LAT">-4.248562</SimpleData>
		<SimpleData name="LONG">105.1261281</SimpleData>
	</SchemaData></ExtendedData>
      <Point><coordinates>105.1261281,-4.248562,0</coordinates></Point>
  </Placemark>
  <Placemark id="doc__cov_rudi_mey_26xlsx.19">
	<name>Rudi Anggoro</name>
	<description>Customer: 5270130&lt;br&gt;Name 1: WR ILMA&lt;br&gt;Represent.: 90052442&lt;br&gt;Jwk Salesman: RABU GANJIL&lt;br&gt;SC: SD400A00129204H&lt;br&gt;Descript.: PS. SPI MENGGALA C&lt;br&gt;LAT: -4.246558&lt;br&gt;LONG: 105.033868</description>
	<ExtendedData><SchemaData schemaUrl="#doc__cov_rudi_mey_26xlsx">
		<SimpleData name="tessellate">-1</SimpleData>
		<SimpleData name="extrude">0</SimpleData>
		<SimpleData name="visibility">-1</SimpleData>
		<SimpleData name="Customer">5270130.0</SimpleData>
		<SimpleData name="Name_1">WR ILMA</SimpleData>
		<SimpleData name="Represent_">9.0052442E7</SimpleData>
		<SimpleData name="Jwk_Salesman">RABU GANJIL</SimpleData>
		<SimpleData name="SC">SD400A00129204H</SimpleData>
		<SimpleData name="Descript_">PS. SPI MENGGALA C</SimpleData>
		<SimpleData name="LAT">-4.246558</SimpleData>
		<SimpleData name="LONG">105.033868</SimpleData>
	</SchemaData></ExtendedData>
      <Point><coordinates>105.033868,-4.246558,0</coordinates></Point>
  </Placemark>
  <Placemark id="doc__cov_rudi_mey_26xlsx.20">
	<name>Rudi Anggoro</name>
	<description>Customer: 4209075&lt;br&gt;Name 1: TK HAFIZ&lt;br&gt;Represent.: 90052442&lt;br&gt;Jwk Salesman: SELASA GENAP&lt;br&gt;SC: SD400A00117890E&lt;br&gt;Descript.: Indraloka Luar&lt;br&gt;LAT: -4.196678&lt;br&gt;LONG: 105.212641</description>
	<ExtendedData><SchemaData schemaUrl="#doc__cov_rudi_mey_26xlsx">
		<SimpleData name="tessellate">-1</SimpleData>
		<SimpleData name="extrude">0</SimpleData>
		<SimpleData name="visibility">-1</SimpleData>
		<SimpleData name="Customer">4209075.0</SimpleData>
		<SimpleData name="Name_1">TK HAFIZ</SimpleData>
		<SimpleData name="Represent_">9.0052442E7</SimpleData>
		<SimpleData name="Jwk_Salesman">SELASA GENAP</SimpleData>
		<SimpleData name="SC">SD400A00117890E</SimpleData>
		<SimpleData name="Descript_">Indraloka Luar</SimpleData>
		<SimpleData name="LAT">-4.196678</SimpleData>
		<SimpleData name="LONG">105.212641</SimpleData>
	</SchemaData></ExtendedData>
      <Point><coordinates>105.212641,-4.196678,0</coordinates></Point>
  </Placemark>
  <Placemark id="doc__cov_rudi_mey_26xlsx.21">
	<name>Rudi Anggoro</name>
	<description>Customer: 487183&lt;br&gt;Name 1: TK.DWI BUJUK&lt;br&gt;Represent.: 90052442&lt;br&gt;Jwk Salesman: SELASA GENAP&lt;br&gt;SC: SD400A00118071E&lt;br&gt;Descript.: Agung Jaya&lt;br&gt;LAT: -4.20396&lt;br&gt;LONG: 105.245378</description>
	<ExtendedData><SchemaData schemaUrl="#doc__cov_rudi_mey_26xlsx">
		<SimpleData name="tessellate">-1</SimpleData>
		<SimpleData name="extrude">0</SimpleData>
		<SimpleData name="visibility">-1</SimpleData>
		<SimpleData name="Customer">487183.0</SimpleData>
		<SimpleData name="Name_1">TK.DWI BUJUK</SimpleData>
		<SimpleData name="Represent_">9.0052442E7</SimpleData>
		<SimpleData name="Jwk_Salesman">SELASA GENAP</SimpleData>
		<SimpleData name="SC">SD400A00118071E</SimpleData>
		<SimpleData name="Descript_">Agung Jaya</SimpleData>
		<SimpleData name="LAT">-4.20396</SimpleData>
		<SimpleData name="LONG">105.245378</SimpleData>
	</SchemaData></ExtendedData>
      <Point><coordinates>105.245378,-4.20396,0</coordinates></Point>
  </Placemark>
  <Placemark id="doc__cov_rudi_mey_26xlsx.22">
	<name>Rudi Anggoro</name>
	<description>Customer: 602315&lt;br&gt;Name 1: TK.HETI KEJADIAN&lt;br&gt;Represent.: 90052442&lt;br&gt;Jwk Salesman: KAMIS GANJIL&lt;br&gt;SC: SD400A00117560E&lt;br&gt;Descript.: SP5E&lt;br&gt;LAT: -4.201277&lt;br&gt;LONG: 105.076965</description>
	<ExtendedData><SchemaData schemaUrl="#doc__cov_rudi_mey_26xlsx">
		<SimpleData name="tessellate">-1</SimpleData>
		<SimpleData name="extrude">0</SimpleData>
		<SimpleData name="visibility">-1</SimpleData>
		<SimpleData name="Customer">602315.0</SimpleData>
		<SimpleData name="Name_1">TK.HETI KEJADIAN</SimpleData>
		<SimpleData name="Represent_">9.0052442E7</SimpleData>
		<SimpleData name="Jwk_Salesman">KAMIS GANJIL</SimpleData>
		<SimpleData name="SC">SD400A00117560E</SimpleData>
		<SimpleData name="Descript_">SP5E</SimpleData>
		<SimpleData name="LAT">-4.201277</SimpleData>
		<SimpleData name="LONG">105.076965</SimpleData>
	</SchemaData></ExtendedData>
      <Point><coordinates>105.076965,-4.201277,0</coordinates></Point>
  </Placemark>
  <Placemark id="doc__cov_rudi_mey_26xlsx.23">
	<name>Rudi Anggoro</name>
	<description>Customer: 344684&lt;br&gt;Name 1: TK.FATNAN&lt;br&gt;Represent.: 90052442&lt;br&gt;Jwk Salesman: KAMIS GENAP&lt;br&gt;SC: SD400A00118154E&lt;br&gt;Descript.: SP5E&lt;br&gt;LAT: -4.188049&lt;br&gt;LONG: 105.115012</description>
	<ExtendedData><SchemaData schemaUrl="#doc__cov_rudi_mey_26xlsx">
		<SimpleData name="tessellate">-1</SimpleData>
		<SimpleData name="extrude">0</SimpleData>
		<SimpleData name="visibility">-1</SimpleData>
		<SimpleData name="Customer">344684.0</SimpleData>
		<SimpleData name="Name_1">TK.FATNAN</SimpleData>
		<SimpleData name="Represent_">9.0052442E7</SimpleData>
		<SimpleData name="Jwk_Salesman">KAMIS GENAP</SimpleData>
		<SimpleData name="SC">SD400A00118154E</SimpleData>
		<SimpleData name="Descript_">SP5E</SimpleData>
		<SimpleData name="LAT">-4.188049</SimpleData>
		<SimpleData name="LONG">105.115012</SimpleData>
	</SchemaData></ExtendedData>
      <Point><coordinates>105.115012,-4.188049,0</coordinates></Point>
  </Placemark>
  <Placemark id="doc__cov_rudi_mey_26xlsx.24">
	<name>Rudi Anggoro</name>
	<description>Customer: 5191265&lt;br&gt;Name 1: TK.INA&lt;br&gt;Represent.: 90052442&lt;br&gt;Jwk Salesman: SELASA GENAP&lt;br&gt;SC: SD400A00118747E&lt;br&gt;Descript.: Agung Jaya&lt;br&gt;LAT: -4.203738&lt;br&gt;LONG: 105.243867</description>
	<ExtendedData><SchemaData schemaUrl="#doc__cov_rudi_mey_26xlsx">
		<SimpleData name="tessellate">-1</SimpleData>
		<SimpleData name="extrude">0</SimpleData>
		<SimpleData name="visibility">-1</SimpleData>
		<SimpleData name="Customer">5191265.0</SimpleData>
		<SimpleData name="Name_1">TK.INA</SimpleData>
		<SimpleData name="Represent_">9.0052442E7</SimpleData>
		<SimpleData name="Jwk_Salesman">SELASA GENAP</SimpleData>
		<SimpleData name="SC">SD400A00118747E</SimpleData>
		<SimpleData name="Descript_">Agung Jaya</SimpleData>
		<SimpleData name="LAT">-4.203738</SimpleData>
		<SimpleData name="LONG">105.243867</SimpleData>
	</SchemaData></ExtendedData>
      <Point><coordinates>105.243867,-4.203738,0</coordinates></Point>
  </Placemark>
  <Placemark id="doc__cov_rudi_mey_26xlsx.25">
	<name>Rudi Anggoro</name>
	<description>Customer: 5543425&lt;br&gt;Name 1: TK.ADILA&lt;br&gt;Represent.: 90052442&lt;br&gt;Jwk Salesman: KAMIS GANJIL&lt;br&gt;SC: SD400A00118726E&lt;br&gt;Descript.: SP5E&lt;br&gt;LAT: -4.2072219&lt;br&gt;LONG: 105.0588211</description>
	<ExtendedData><SchemaData schemaUrl="#doc__cov_rudi_mey_26xlsx">
		<SimpleData name="tessellate">-1</SimpleData>
		<SimpleData name="extrude">0</SimpleData>
		<SimpleData name="visibility">-1</SimpleData>
		<SimpleData name="Customer">5543425.0</SimpleData>
		<SimpleData name="Name_1">TK.ADILA</SimpleData>
		<SimpleData name="Represent_">9.0052442E7</SimpleData>
		<SimpleData name="Jwk_Salesman">KAMIS GANJIL</SimpleData>
		<SimpleData name="SC">SD400A00118726E</SimpleData>
		<SimpleData name="Descript_">SP5E</SimpleData>
		<SimpleData name="LAT">-4.2072219</SimpleData>
		<SimpleData name="LONG">105.0588211</SimpleData>
	</SchemaData></ExtendedData>
      <Point><coordinates>105.0588211,-4.2072219,0</coordinates></Point>
  </Placemark>
  <Placemark id="doc__cov_rudi_mey_26xlsx.26">
	<name>Rudi Anggoro</name>
	<description>Customer: 5543426&lt;br&gt;Name 1: TK.MAWAR&lt;br&gt;Represent.: 90052442&lt;br&gt;Jwk Salesman: KAMIS GANJIL&lt;br&gt;SC: SD400A00118749E&lt;br&gt;Descript.: SP5E&lt;br&gt;LAT: -4.203489&lt;br&gt;LONG: 105.0776043</description>
	<ExtendedData><SchemaData schemaUrl="#doc__cov_rudi_mey_26xlsx">
		<SimpleData name="tessellate">-1</SimpleData>
		<SimpleData name="extrude">0</SimpleData>
		<SimpleData name="visibility">-1</SimpleData>
		<SimpleData name="Customer">5543426.0</SimpleData>
		<SimpleData name="Name_1">TK.MAWAR</SimpleData>
		<SimpleData name="Represent_">9.0052442E7</SimpleData>
		<SimpleData name="Jwk_Salesman">KAMIS GANJIL</SimpleData>
		<SimpleData name="SC">SD400A00118749E</SimpleData>
		<SimpleData name="Descript_">SP5E</SimpleData>
		<SimpleData name="LAT">-4.203489</SimpleData>
		<SimpleData name="LONG">105.0776043</SimpleData>
	</SchemaData></ExtendedData>
      <Point><coordinates>105.0776043,-4.203489,0</coordinates></Point>
  </Placemark>
  <Placemark id="doc__cov_rudi_mey_26xlsx.27">
	<name>Rudi Anggoro</name>
	<description>Customer: 5553311&lt;br&gt;Name 1: TK.FANY&lt;br&gt;Represent.: 90052442&lt;br&gt;Jwk Salesman: KAMIS GENAP&lt;br&gt;SC: SD400A00118778E&lt;br&gt;Descript.: SP5E&lt;br&gt;LAT: -4.1875307&lt;br&gt;LONG: 105.10369</description>
	<ExtendedData><SchemaData schemaUrl="#doc__cov_rudi_mey_26xlsx">
		<SimpleData name="tessellate">-1</SimpleData>
		<SimpleData name="extrude">0</SimpleData>
		<SimpleData name="visibility">-1</SimpleData>
		<SimpleData name="Customer">5553311.0</SimpleData>
		<SimpleData name="Name_1">TK.FANY</SimpleData>
		<SimpleData name="Represent_">9.0052442E7</SimpleData>
		<SimpleData name="Jwk_Salesman">KAMIS GENAP</SimpleData>
		<SimpleData name="SC">SD400A00118778E</SimpleData>
		<SimpleData name="Descript_">SP5E</SimpleData>
		<SimpleData name="LAT">-4.1875307</SimpleData>
		<SimpleData name="LONG">105.10369</SimpleData>
	</SchemaData></ExtendedData>
      <Point><coordinates>105.10369,-4.1875307,0</coordinates></Point>
  </Placemark>
  <Placemark id="doc__cov_rudi_mey_26xlsx.28">
	<name>Rudi Anggoro</name>
	<description>Customer: 5553312&lt;br&gt;Name 1: TK.DELTA&lt;br&gt;Represent.: 90052442&lt;br&gt;Jwk Salesman: KAMIS GENAP&lt;br&gt;SC: SD400A00118765E&lt;br&gt;Descript.: SP5E&lt;br&gt;LAT: -4.1870399&lt;br&gt;LONG: 105.1097564</description>
	<ExtendedData><SchemaData schemaUrl="#doc__cov_rudi_mey_26xlsx">
		<SimpleData name="tessellate">-1</SimpleData>
		<SimpleData name="extrude">0</SimpleData>
		<SimpleData name="visibility">-1</SimpleData>
		<SimpleData name="Customer">5553312.0</SimpleData>
		<SimpleData name="Name_1">TK.DELTA</SimpleData>
		<SimpleData name="Represent_">9.0052442E7</SimpleData>
		<SimpleData name="Jwk_Salesman">KAMIS GENAP</SimpleData>
		<SimpleData name="SC">SD400A00118765E</SimpleData>
		<SimpleData name="Descript_">SP5E</SimpleData>
		<SimpleData name="LAT">-4.1870399</SimpleData>
		<SimpleData name="LONG">105.1097564</SimpleData>
	</SchemaData></ExtendedData>
      <Point><coordinates>105.1097564,-4.1870399,0</coordinates></Point>
  </Placemark>
  <Placemark id="doc__cov_rudi_mey_26xlsx.29">
	<name>Rudi Anggoro</name>
	<description>Customer: 602297&lt;br&gt;Name 1: TK.KRISNA BUJUK&lt;br&gt;Represent.: 90052442&lt;br&gt;Jwk Salesman: SELASA GENAP&lt;br&gt;SC: SD400A00118761E&lt;br&gt;Descript.: Agung Jaya&lt;br&gt;LAT: -4.1974899&lt;br&gt;LONG: 105.2351547</description>
	<ExtendedData><SchemaData schemaUrl="#doc__cov_rudi_mey_26xlsx">
		<SimpleData name="tessellate">-1</SimpleData>
		<SimpleData name="extrude">0</SimpleData>
		<SimpleData name="visibility">-1</SimpleData>
		<SimpleData name="Customer">602297.0</SimpleData>
		<SimpleData name="Name_1">TK.KRISNA BUJUK</SimpleData>
		<SimpleData name="Represent_">9.0052442E7</SimpleData>
		<SimpleData name="Jwk_Salesman">SELASA GENAP</SimpleData>
		<SimpleData name="SC">SD400A00118761E</SimpleData>
		<SimpleData name="Descript_">Agung Jaya</SimpleData>
		<SimpleData name="LAT">-4.1974899</SimpleData>
		<SimpleData name="LONG">105.2351547</SimpleData>
	</SchemaData></ExtendedData>
      <Point><coordinates>105.2351547,-4.1974899,0</coordinates></Point>
  </Placemark>
  <Placemark id="doc__cov_rudi_mey_26xlsx.30">
	<name>Rudi Anggoro</name>
	<description>Customer: 5450002&lt;br&gt;Name 1: TK.WATIK&lt;br&gt;Represent.: 90052442&lt;br&gt;Jwk Salesman: KAMIS GANJIL&lt;br&gt;SC: SD400A00118838E&lt;br&gt;Descript.: SP5E&lt;br&gt;LAT: -4.1977895&lt;br&gt;LONG: 105.0758349</description>
	<ExtendedData><SchemaData schemaUrl="#doc__cov_rudi_mey_26xlsx">
		<SimpleData name="tessellate">-1</SimpleData>
		<SimpleData name="extrude">0</SimpleData>
		<SimpleData name="visibility">-1</SimpleData>
		<SimpleData name="Customer">5450002.0</SimpleData>
		<SimpleData name="Name_1">TK.WATIK</SimpleData>
		<SimpleData name="Represent_">9.0052442E7</SimpleData>
		<SimpleData name="Jwk_Salesman">KAMIS GANJIL</SimpleData>
		<SimpleData name="SC">SD400A00118838E</SimpleData>
		<SimpleData name="Descript_">SP5E</SimpleData>
		<SimpleData name="LAT">-4.1977895</SimpleData>
		<SimpleData name="LONG">105.0758349</SimpleData>
	</SchemaData></ExtendedData>
      <Point><coordinates>105.0758349,-4.1977895,0</coordinates></Point>
  </Placemark>
  <Placemark id="doc__cov_rudi_mey_26xlsx.31">
	<name>Rudi Anggoro</name>
	<description>Customer: 592529&lt;br&gt;Name 1: TK.SABITA&lt;br&gt;Represent.: 90052442&lt;br&gt;Jwk Salesman: SENIN GANJIL&lt;br&gt;SC: SD400A00118728E&lt;br&gt;Descript.: SP5E&lt;br&gt;LAT: -4.1800944&lt;br&gt;LONG: 105.1631693</description>
	<ExtendedData><SchemaData schemaUrl="#doc__cov_rudi_mey_26xlsx">
		<SimpleData name="tessellate">-1</SimpleData>
		<SimpleData name="extrude">0</SimpleData>
		<SimpleData name="visibility">-1</SimpleData>
		<SimpleData name="Customer">592529.0</SimpleData>
		<SimpleData name="Name_1">TK.SABITA</SimpleData>
		<SimpleData name="Represent_">9.0052442E7</SimpleData>
		<SimpleData name="Jwk_Salesman">SENIN GANJIL</SimpleData>
		<SimpleData name="SC">SD400A00118728E</SimpleData>
		<SimpleData name="Descript_">SP5E</SimpleData>
		<SimpleData name="LAT">-4.1800944</SimpleData>
		<SimpleData name="LONG">105.1631693</SimpleData>
	</SchemaData></ExtendedData>
      <Point><coordinates>105.1631693,-4.1800944,0</coordinates></Point>
  </Placemark>
  <Placemark id="doc__cov_rudi_mey_26xlsx.32">
	<name>Rudi Anggoro</name>
	<description>Customer: 2571358&lt;br&gt;Name 1: TK.MBAK YUNI&lt;br&gt;Represent.: 90052442&lt;br&gt;Jwk Salesman: JUMAT GANJIL&lt;br&gt;SC: SD400A00129586H&lt;br&gt;Descript.: Margo Jadi Mesuji&lt;br&gt;LAT: -3.998373&lt;br&gt;LONG: 105.3824701</description>
	<ExtendedData><SchemaData schemaUrl="#doc__cov_rudi_mey_26xlsx">
		<SimpleData name="tessellate">-1</SimpleData>
		<SimpleData name="extrude">0</SimpleData>
		<SimpleData name="visibility">-1</SimpleData>
		<SimpleData name="Customer">2571358.0</SimpleData>
		<SimpleData name="Name_1">TK.MBAK YUNI</SimpleData>
		<SimpleData name="Represent_">9.0052442E7</SimpleData>
		<SimpleData name="Jwk_Salesman">JUMAT GANJIL</SimpleData>
		<SimpleData name="SC">SD400A00129586H</SimpleData>
		<SimpleData name="Descript_">Margo Jadi Mesuji</SimpleData>
		<SimpleData name="LAT">-3.998373</SimpleData>
		<SimpleData name="LONG">105.3824701</SimpleData>
	</SchemaData></ExtendedData>
      <Point><coordinates>105.3824701,-3.998373,0</coordinates></Point>
  </Placemark>
  <Placemark id="doc__cov_rudi_mey_26xlsx.33">
	<name>Rudi Anggoro</name>
	<description>Customer: 4496123&lt;br&gt;Name 1: TK.SIWI MUARA TENANG&lt;br&gt;Represent.: 90052442&lt;br&gt;Jwk Salesman: JUMAT GANJIL&lt;br&gt;SC: SD400A00129214H&lt;br&gt;Descript.: Margo Jadi Mesuji&lt;br&gt;LAT: -3.9980294&lt;br&gt;LONG: 105.3816698</description>
	<ExtendedData><SchemaData schemaUrl="#doc__cov_rudi_mey_26xlsx">
		<SimpleData name="tessellate">-1</SimpleData>
		<SimpleData name="extrude">0</SimpleData>
		<SimpleData name="visibility">-1</SimpleData>
		<SimpleData name="Customer">4496123.0</SimpleData>
		<SimpleData name="Name_1">TK.SIWI MUARA TENANG</SimpleData>
		<SimpleData name="Represent_">9.0052442E7</SimpleData>
		<SimpleData name="Jwk_Salesman">JUMAT GANJIL</SimpleData>
		<SimpleData name="SC">SD400A00129214H</SimpleData>
		<SimpleData name="Descript_">Margo Jadi Mesuji</SimpleData>
		<SimpleData name="LAT">-3.9980294</SimpleData>
		<SimpleData name="LONG">105.3816698</SimpleData>
	</SchemaData></ExtendedData>
      <Point><coordinates>105.3816698,-3.9980294,0</coordinates></Point>
  </Placemark>
  <Placemark id="doc__cov_rudi_mey_26xlsx.34">
	<name>Rudi Anggoro</name>
	<description>Customer: 5521108&lt;br&gt;Name 1: TK.RENI TJ.MENANG&lt;br&gt;Represent.: 90052442&lt;br&gt;Jwk Salesman: JUMAT GENAP&lt;br&gt;SC: SD400A00129577H&lt;br&gt;Descript.: PS. GEDONG RAM&lt;br&gt;LAT: -4.007624&lt;br&gt;LONG: 105.463869</description>
	<ExtendedData><SchemaData schemaUrl="#doc__cov_rudi_mey_26xlsx">
		<SimpleData name="tessellate">-1</SimpleData>
		<SimpleData name="extrude">0</SimpleData>
		<SimpleData name="visibility">-1</SimpleData>
		<SimpleData name="Customer">5521108.0</SimpleData>
		<SimpleData name="Name_1">TK.RENI TJ.MENANG</SimpleData>
		<SimpleData name="Represent_">9.0052442E7</SimpleData>
		<SimpleData name="Jwk_Salesman">JUMAT GENAP</SimpleData>
		<SimpleData name="SC">SD400A00129577H</SimpleData>
		<SimpleData name="Descript_">PS. GEDONG RAM</SimpleData>
		<SimpleData name="LAT">-4.007624</SimpleData>
		<SimpleData name="LONG">105.463869</SimpleData>
	</SchemaData></ExtendedData>
      <Point><coordinates>105.463869,-4.007624,0</coordinates></Point>
  </Placemark>
  <Placemark id="doc__cov_rudi_mey_26xlsx.35">
	<name>Rudi Anggoro</name>
	<description>Customer: 3903210&lt;br&gt;Name 1: WR RITA&lt;br&gt;Represent.: 90052442&lt;br&gt;Jwk Salesman: JUMAT GENAP&lt;br&gt;SC: SD400A00117884E&lt;br&gt;Descript.: Margo Jadi Mesuji&lt;br&gt;LAT: -4.0009&lt;br&gt;LONG: 105.39331</description>
	<ExtendedData><SchemaData schemaUrl="#doc__cov_rudi_mey_26xlsx">
		<SimpleData name="tessellate">-1</SimpleData>
		<SimpleData name="extrude">0</SimpleData>
		<SimpleData name="visibility">-1</SimpleData>
		<SimpleData name="Customer">3903210.0</SimpleData>
		<SimpleData name="Name_1">WR RITA</SimpleData>
		<SimpleData name="Represent_">9.0052442E7</SimpleData>
		<SimpleData name="Jwk_Salesman">JUMAT GENAP</SimpleData>
		<SimpleData name="SC">SD400A00117884E</SimpleData>
		<SimpleData name="Descript_">Margo Jadi Mesuji</SimpleData>
		<SimpleData name="LAT">-4.0009</SimpleData>
		<SimpleData name="LONG">105.39331</SimpleData>
	</SchemaData></ExtendedData>
      <Point><coordinates>105.39331,-4.0009,0</coordinates></Point>
  </Placemark>
  <Placemark id="doc__cov_rudi_mey_26xlsx.36">
	<name>Rudi Anggoro</name>
	<description>Customer: 459212&lt;br&gt;Name 1: TK.EDI DKM&lt;br&gt;Represent.: 90052442&lt;br&gt;Jwk Salesman: JUMAT GANJIL&lt;br&gt;SC: SD400A00118153E&lt;br&gt;Descript.: PS.KOTA MANDIRI(KTM)&lt;br&gt;LAT: -4.041575&lt;br&gt;LONG: 105.496605</description>
	<ExtendedData><SchemaData schemaUrl="#doc__cov_rudi_mey_26xlsx">
		<SimpleData name="tessellate">-1</SimpleData>
		<SimpleData name="extrude">0</SimpleData>
		<SimpleData name="visibility">-1</SimpleData>
		<SimpleData name="Customer">459212.0</SimpleData>
		<SimpleData name="Name_1">TK.EDI DKM</SimpleData>
		<SimpleData name="Represent_">9.0052442E7</SimpleData>
		<SimpleData name="Jwk_Salesman">JUMAT GANJIL</SimpleData>
		<SimpleData name="SC">SD400A00118153E</SimpleData>
		<SimpleData name="Descript_">PS.KOTA MANDIRI(KTM)</SimpleData>
		<SimpleData name="LAT">-4.041575</SimpleData>
		<SimpleData name="LONG">105.496605</SimpleData>
	</SchemaData></ExtendedData>
      <Point><coordinates>105.496605,-4.041575,0</coordinates></Point>
  </Placemark>
  <Placemark id="doc__cov_rudi_mey_26xlsx.37">
	<name>Rudi Anggoro</name>
	<description>Customer: 2888321&lt;br&gt;Name 1: TK.AMEL&lt;br&gt;Represent.: 90052442&lt;br&gt;Jwk Salesman: JUMAT GANJIL&lt;br&gt;SC: SD400A00117581E&lt;br&gt;Descript.: PS.KOTA MANDIRI(KTM)&lt;br&gt;LAT: -4.041404&lt;br&gt;LONG: 105.490501</description>
	<ExtendedData><SchemaData schemaUrl="#doc__cov_rudi_mey_26xlsx">
		<SimpleData name="tessellate">-1</SimpleData>
		<SimpleData name="extrude">0</SimpleData>
		<SimpleData name="visibility">-1</SimpleData>
		<SimpleData name="Customer">2888321.0</SimpleData>
		<SimpleData name="Name_1">TK.AMEL</SimpleData>
		<SimpleData name="Represent_">9.0052442E7</SimpleData>
		<SimpleData name="Jwk_Salesman">JUMAT GANJIL</SimpleData>
		<SimpleData name="SC">SD400A00117581E</SimpleData>
		<SimpleData name="Descript_">PS.KOTA MANDIRI(KTM)</SimpleData>
		<SimpleData name="LAT">-4.041404</SimpleData>
		<SimpleData name="LONG">105.490501</SimpleData>
	</SchemaData></ExtendedData>
      <Point><coordinates>105.490501,-4.041404,0</coordinates></Point>
  </Placemark>
  <Placemark id="doc__cov_rudi_mey_26xlsx.38">
	<name>Rudi Anggoro</name>
	<description>Customer: 2888327&lt;br&gt;Name 1: TK.BU SARTI&lt;br&gt;Represent.: 90052442&lt;br&gt;Jwk Salesman: JUMAT GANJIL&lt;br&gt;SC: SD400A00117587E&lt;br&gt;Descript.: PS.KOTA MANDIRI(KTM)&lt;br&gt;LAT: -4.041405&lt;br&gt;LONG: 105.493689</description>
	<ExtendedData><SchemaData schemaUrl="#doc__cov_rudi_mey_26xlsx">
		<SimpleData name="tessellate">-1</SimpleData>
		<SimpleData name="extrude">0</SimpleData>
		<SimpleData name="visibility">-1</SimpleData>
		<SimpleData name="Customer">2888327.0</SimpleData>
		<SimpleData name="Name_1">TK.BU SARTI</SimpleData>
		<SimpleData name="Represent_">9.0052442E7</SimpleData>
		<SimpleData name="Jwk_Salesman">JUMAT GANJIL</SimpleData>
		<SimpleData name="SC">SD400A00117587E</SimpleData>
		<SimpleData name="Descript_">PS.KOTA MANDIRI(KTM)</SimpleData>
		<SimpleData name="LAT">-4.041405</SimpleData>
		<SimpleData name="LONG">105.493689</SimpleData>
	</SchemaData></ExtendedData>
      <Point><coordinates>105.493689,-4.041405,0</coordinates></Point>
  </Placemark>
  <Placemark id="doc__cov_rudi_mey_26xlsx.39">
	<name>Rudi Anggoro</name>
	<description>Customer: 443876&lt;br&gt;Name 1: TK.SUMINI&lt;br&gt;Represent.: 90052442&lt;br&gt;Jwk Salesman: SABTU GANJIL&lt;br&gt;SC: SD400A00118721E&lt;br&gt;Descript.: PS. BUJUNG BURUNG&lt;br&gt;LAT: -3.9546454&lt;br&gt;LONG: 105.3250885</description>
	<ExtendedData><SchemaData schemaUrl="#doc__cov_rudi_mey_26xlsx">
		<SimpleData name="tessellate">-1</SimpleData>
		<SimpleData name="extrude">0</SimpleData>
		<SimpleData name="visibility">-1</SimpleData>
		<SimpleData name="Customer">443876.0</SimpleData>
		<SimpleData name="Name_1">TK.SUMINI</SimpleData>
		<SimpleData name="Represent_">9.0052442E7</SimpleData>
		<SimpleData name="Jwk_Salesman">SABTU GANJIL</SimpleData>
		<SimpleData name="SC">SD400A00118721E</SimpleData>
		<SimpleData name="Descript_">PS. BUJUNG BURUNG</SimpleData>
		<SimpleData name="LAT">-3.9546454</SimpleData>
		<SimpleData name="LONG">105.3250885</SimpleData>
	</SchemaData></ExtendedData>
      <Point><coordinates>105.3250885,-3.9546454,0</coordinates></Point>
  </Placemark>
  <Placemark id="doc__cov_rudi_mey_26xlsx.40">
	<name>Rudi Anggoro</name>
	<description>Customer: 5028919&lt;br&gt;Name 1: TK.MBAK RINA MARGO MULYO&lt;br&gt;Represent.: 90052442&lt;br&gt;Jwk Salesman: JUMAT GANJIL&lt;br&gt;SC: SD400A00118757E&lt;br&gt;Descript.: Margo Jadi Mesuji&lt;br&gt;LAT: -4.003837&lt;br&gt;LONG: 105.4393872</description>
	<ExtendedData><SchemaData schemaUrl="#doc__cov_rudi_mey_26xlsx">
		<SimpleData name="tessellate">-1</SimpleData>
		<SimpleData name="extrude">0</SimpleData>
		<SimpleData name="visibility">-1</SimpleData>
		<SimpleData name="Customer">5028919.0</SimpleData>
		<SimpleData name="Name_1">TK.MBAK RINA MARGO MULYO</SimpleData>
		<SimpleData name="Represent_">9.0052442E7</SimpleData>
		<SimpleData name="Jwk_Salesman">JUMAT GANJIL</SimpleData>
		<SimpleData name="SC">SD400A00118757E</SimpleData>
		<SimpleData name="Descript_">Margo Jadi Mesuji</SimpleData>
		<SimpleData name="LAT">-4.003837</SimpleData>
		<SimpleData name="LONG">105.4393872</SimpleData>
	</SchemaData></ExtendedData>
      <Point><coordinates>105.4393872,-4.003837,0</coordinates></Point>
  </Placemark>
  <Placemark id="doc__cov_rudi_mey_26xlsx.41">
	<name>Rudi Anggoro</name>
	<description>Customer: 5555758&lt;br&gt;Name 1: TK.RANGGA&lt;br&gt;Represent.: 90052442&lt;br&gt;Jwk Salesman: KAMIS GENAP&lt;br&gt;SC: SD400A00118834E&lt;br&gt;Descript.: SP5E&lt;br&gt;LAT: -4.181586&lt;br&gt;LONG: 105.1161733</description>
	<ExtendedData><SchemaData schemaUrl="#doc__cov_rudi_mey_26xlsx">
		<SimpleData name="tessellate">-1</SimpleData>
		<SimpleData name="extrude">0</SimpleData>
		<SimpleData name="visibility">-1</SimpleData>
		<SimpleData name="Customer">5555758.0</SimpleData>
		<SimpleData name="Name_1">TK.RANGGA</SimpleData>
		<SimpleData name="Represent_">9.0052442E7</SimpleData>
		<SimpleData name="Jwk_Salesman">KAMIS GENAP</SimpleData>
		<SimpleData name="SC">SD400A00118834E</SimpleData>
		<SimpleData name="Descript_">SP5E</SimpleData>
		<SimpleData name="LAT">-4.181586</SimpleData>
		<SimpleData name="LONG">105.1161733</SimpleData>
	</SchemaData></ExtendedData>
      <Point><coordinates>105.1161733,-4.181586,0</coordinates></Point>
  </Placemark>
  <Placemark id="doc__cov_rudi_mey_26xlsx.42">
	<name>Rudi Anggoro</name>
	<description>Customer: 4145736&lt;br&gt;Name 1: TOKO MBAK DWI&lt;br&gt;Represent.: 90052442&lt;br&gt;Jwk Salesman: RABU GENAP&lt;br&gt;SC: SD400A00124639E&lt;br&gt;Descript.: PS . UNIT 6&lt;br&gt;LAT: -4.2892338&lt;br&gt;LONG: 105.097252</description>
	<ExtendedData><SchemaData schemaUrl="#doc__cov_rudi_mey_26xlsx">
		<SimpleData name="tessellate">-1</SimpleData>
		<SimpleData name="extrude">0</SimpleData>
		<SimpleData name="visibility">-1</SimpleData>
		<SimpleData name="Customer">4145736.0</SimpleData>
		<SimpleData name="Name_1">TOKO MBAK DWI</SimpleData>
		<SimpleData name="Represent_">9.0052442E7</SimpleData>
		<SimpleData name="Jwk_Salesman">RABU GENAP</SimpleData>
		<SimpleData name="SC">SD400A00124639E</SimpleData>
		<SimpleData name="Descript_">PS . UNIT 6</SimpleData>
		<SimpleData name="LAT">-4.2892338</SimpleData>
		<SimpleData name="LONG">105.097252</SimpleData>
	</SchemaData></ExtendedData>
      <Point><coordinates>105.097252,-4.2892338,0</coordinates></Point>
  </Placemark>
  <Placemark id="doc__cov_rudi_mey_26xlsx.43">
	<name>Rudi Anggoro</name>
	<description>Customer: 5560855&lt;br&gt;Name 1: TK.GISENDA&lt;br&gt;Represent.: 90052442&lt;br&gt;Jwk Salesman: RABU GANJIL&lt;br&gt;SC: SD400A00124547E&lt;br&gt;Descript.: PS. SPI MENGGALA C&lt;br&gt;LAT: -4.243037&lt;br&gt;LONG: 105.104645</description>
	<ExtendedData><SchemaData schemaUrl="#doc__cov_rudi_mey_26xlsx">
		<SimpleData name="tessellate">-1</SimpleData>
		<SimpleData name="extrude">0</SimpleData>
		<SimpleData name="visibility">-1</SimpleData>
		<SimpleData name="Customer">5560855.0</SimpleData>
		<SimpleData name="Name_1">TK.GISENDA</SimpleData>
		<SimpleData name="Represent_">9.0052442E7</SimpleData>
		<SimpleData name="Jwk_Salesman">RABU GANJIL</SimpleData>
		<SimpleData name="SC">SD400A00124547E</SimpleData>
		<SimpleData name="Descript_">PS. SPI MENGGALA C</SimpleData>
		<SimpleData name="LAT">-4.243037</SimpleData>
		<SimpleData name="LONG">105.104645</SimpleData>
	</SchemaData></ExtendedData>
      <Point><coordinates>105.104645,-4.243037,0</coordinates></Point>
  </Placemark>
  <Placemark id="doc__cov_rudi_mey_26xlsx.44">
	<name>Rudi Anggoro</name>
	<description>Customer: 5560856&lt;br&gt;Name 1: SRC.NAIFA&lt;br&gt;Represent.: 90052442&lt;br&gt;Jwk Salesman: RABU GANJIL&lt;br&gt;SC: SD400A00124524E&lt;br&gt;Descript.: PS. SPI MENGGALA C&lt;br&gt;LAT: -4.241025&lt;br&gt;LONG: 105.106835</description>
	<ExtendedData><SchemaData schemaUrl="#doc__cov_rudi_mey_26xlsx">
		<SimpleData name="tessellate">-1</SimpleData>
		<SimpleData name="extrude">0</SimpleData>
		<SimpleData name="visibility">-1</SimpleData>
		<SimpleData name="Customer">5560856.0</SimpleData>
		<SimpleData name="Name_1">SRC.NAIFA</SimpleData>
		<SimpleData name="Represent_">9.0052442E7</SimpleData>
		<SimpleData name="Jwk_Salesman">RABU GANJIL</SimpleData>
		<SimpleData name="SC">SD400A00124524E</SimpleData>
		<SimpleData name="Descript_">PS. SPI MENGGALA C</SimpleData>
		<SimpleData name="LAT">-4.241025</SimpleData>
		<SimpleData name="LONG">105.106835</SimpleData>
	</SchemaData></ExtendedData>
      <Point><coordinates>105.106835,-4.241025,0</coordinates></Point>
  </Placemark>
  <Placemark id="doc__cov_rudi_mey_26xlsx.45">
	<name>Rudi Anggoro</name>
	<description>Customer: 2888479&lt;br&gt;Name 1: TK.NAZQI&lt;br&gt;Represent.: 90052442&lt;br&gt;Jwk Salesman: SABTU GENAP&lt;br&gt;SC: SD400A00125014E&lt;br&gt;Descript.: Wirabangun&lt;br&gt;LAT: -3.9923406&lt;br&gt;LONG: 105.1687996</description>
	<ExtendedData><SchemaData schemaUrl="#doc__cov_rudi_mey_26xlsx">
		<SimpleData name="tessellate">-1</SimpleData>
		<SimpleData name="extrude">0</SimpleData>
		<SimpleData name="visibility">-1</SimpleData>
		<SimpleData name="Customer">2888479.0</SimpleData>
		<SimpleData name="Name_1">TK.NAZQI</SimpleData>
		<SimpleData name="Represent_">9.0052442E7</SimpleData>
		<SimpleData name="Jwk_Salesman">SABTU GENAP</SimpleData>
		<SimpleData name="SC">SD400A00125014E</SimpleData>
		<SimpleData name="Descript_">Wirabangun</SimpleData>
		<SimpleData name="LAT">-3.9923406</SimpleData>
		<SimpleData name="LONG">105.1687996</SimpleData>
	</SchemaData></ExtendedData>
      <Point><coordinates>105.1687996,-3.9923406,0</coordinates></Point>
  </Placemark>
  <Placemark id="doc__cov_rudi_mey_26xlsx.46">
	<name>Rudi Anggoro</name>
	<description>Customer: 5194371&lt;br&gt;Name 1: WR. LESEHAN&lt;br&gt;Represent.: 90052442&lt;br&gt;Jwk Salesman: KAMIS GENAP&lt;br&gt;SC: SD400A00124995E&lt;br&gt;Descript.: SP5E&lt;br&gt;LAT: -4.187903&lt;br&gt;LONG: 105.105551</description>
	<ExtendedData><SchemaData schemaUrl="#doc__cov_rudi_mey_26xlsx">
		<SimpleData name="tessellate">-1</SimpleData>
		<SimpleData name="extrude">0</SimpleData>
		<SimpleData name="visibility">-1</SimpleData>
		<SimpleData name="Customer">5194371.0</SimpleData>
		<SimpleData name="Name_1">WR. LESEHAN</SimpleData>
		<SimpleData name="Represent_">9.0052442E7</SimpleData>
		<SimpleData name="Jwk_Salesman">KAMIS GENAP</SimpleData>
		<SimpleData name="SC">SD400A00124995E</SimpleData>
		<SimpleData name="Descript_">SP5E</SimpleData>
		<SimpleData name="LAT">-4.187903</SimpleData>
		<SimpleData name="LONG">105.105551</SimpleData>
	</SchemaData></ExtendedData>
      <Point><coordinates>105.105551,-4.187903,0</coordinates></Point>
  </Placemark>
  <Placemark id="doc__cov_rudi_mey_26xlsx.47">
	<name>Rudi Anggoro</name>
	<description>Customer: 5562882&lt;br&gt;Name 1: TOKO AGUS&lt;br&gt;Represent.: 90052442&lt;br&gt;Jwk Salesman: KAMIS GANJIL&lt;br&gt;SC: SD400A00125068E&lt;br&gt;Descript.: SP5E&lt;br&gt;LAT: -4.194363&lt;br&gt;LONG: 105.0676177</description>
	<ExtendedData><SchemaData schemaUrl="#doc__cov_rudi_mey_26xlsx">
		<SimpleData name="tessellate">-1</SimpleData>
		<SimpleData name="extrude">0</SimpleData>
		<SimpleData name="visibility">-1</SimpleData>
		<SimpleData name="Customer">5562882.0</SimpleData>
		<SimpleData name="Name_1">TOKO AGUS</SimpleData>
		<SimpleData name="Represent_">9.0052442E7</SimpleData>
		<SimpleData name="Jwk_Salesman">KAMIS GANJIL</SimpleData>
		<SimpleData name="SC">SD400A00125068E</SimpleData>
		<SimpleData name="Descript_">SP5E</SimpleData>
		<SimpleData name="LAT">-4.194363</SimpleData>
		<SimpleData name="LONG">105.0676177</SimpleData>
	</SchemaData></ExtendedData>
      <Point><coordinates>105.0676177,-4.194363,0</coordinates></Point>
  </Placemark>
  <Placemark id="doc__cov_rudi_mey_26xlsx.48">
	<name>Rudi Anggoro</name>
	<description>Customer: 5562883&lt;br&gt;Name 1: TK.MBA AMI&lt;br&gt;Represent.: 90052442&lt;br&gt;Jwk Salesman: KAMIS GANJIL&lt;br&gt;SC: SD400A00125000E&lt;br&gt;Descript.: SP5E&lt;br&gt;LAT: -4.1999034&lt;br&gt;LONG: 105.0690764</description>
	<ExtendedData><SchemaData schemaUrl="#doc__cov_rudi_mey_26xlsx">
		<SimpleData name="tessellate">-1</SimpleData>
		<SimpleData name="extrude">0</SimpleData>
		<SimpleData name="visibility">-1</SimpleData>
		<SimpleData name="Customer">5562883.0</SimpleData>
		<SimpleData name="Name_1">TK.MBA AMI</SimpleData>
		<SimpleData name="Represent_">9.0052442E7</SimpleData>
		<SimpleData name="Jwk_Salesman">KAMIS GANJIL</SimpleData>
		<SimpleData name="SC">SD400A00125000E</SimpleData>
		<SimpleData name="Descript_">SP5E</SimpleData>
		<SimpleData name="LAT">-4.1999034</SimpleData>
		<SimpleData name="LONG">105.0690764</SimpleData>
	</SchemaData></ExtendedData>
      <Point><coordinates>105.0690764,-4.1999034,0</coordinates></Point>
  </Placemark>
  <Placemark id="doc__cov_rudi_mey_26xlsx.49">
	<name>Rudi Anggoro</name>
	<description>Customer: 5562884&lt;br&gt;Name 1: TK.BU YEM&lt;br&gt;Represent.: 90052442&lt;br&gt;Jwk Salesman: SABTU GENAP&lt;br&gt;SC: SD400A00124841E&lt;br&gt;Descript.: Wirabangun&lt;br&gt;LAT: -3.9937597&lt;br&gt;LONG: 105.174163</description>
	<ExtendedData><SchemaData schemaUrl="#doc__cov_rudi_mey_26xlsx">
		<SimpleData name="tessellate">-1</SimpleData>
		<SimpleData name="extrude">0</SimpleData>
		<SimpleData name="visibility">-1</SimpleData>
		<SimpleData name="Customer">5562884.0</SimpleData>
		<SimpleData name="Name_1">TK.BU YEM</SimpleData>
		<SimpleData name="Represent_">9.0052442E7</SimpleData>
		<SimpleData name="Jwk_Salesman">SABTU GENAP</SimpleData>
		<SimpleData name="SC">SD400A00124841E</SimpleData>
		<SimpleData name="Descript_">Wirabangun</SimpleData>
		<SimpleData name="LAT">-3.9937597</SimpleData>
		<SimpleData name="LONG">105.174163</SimpleData>
	</SchemaData></ExtendedData>
      <Point><coordinates>105.174163,-3.9937597,0</coordinates></Point>
  </Placemark>
  <Placemark id="doc__cov_rudi_mey_26xlsx.50">
	<name>Rudi Anggoro</name>
	<description>Customer: 5562885&lt;br&gt;Name 1: TK.ALIFAH CELL&lt;br&gt;Represent.: 90052442&lt;br&gt;Jwk Salesman: SABTU GENAP&lt;br&gt;SC: SD400A00124886E&lt;br&gt;Descript.: PS. SPUA&lt;br&gt;LAT: -4.01373&lt;br&gt;LONG: 105.214243</description>
	<ExtendedData><SchemaData schemaUrl="#doc__cov_rudi_mey_26xlsx">
		<SimpleData name="tessellate">-1</SimpleData>
		<SimpleData name="extrude">0</SimpleData>
		<SimpleData name="visibility">-1</SimpleData>
		<SimpleData name="Customer">5562885.0</SimpleData>
		<SimpleData name="Name_1">TK.ALIFAH CELL</SimpleData>
		<SimpleData name="Represent_">9.0052442E7</SimpleData>
		<SimpleData name="Jwk_Salesman">SABTU GENAP</SimpleData>
		<SimpleData name="SC">SD400A00124886E</SimpleData>
		<SimpleData name="Descript_">PS. SPUA</SimpleData>
		<SimpleData name="LAT">-4.01373</SimpleData>
		<SimpleData name="LONG">105.214243</SimpleData>
	</SchemaData></ExtendedData>
      <Point><coordinates>105.214243,-4.01373,0</coordinates></Point>
  </Placemark>
  <Placemark id="doc__cov_rudi_mey_26xlsx.51">
	<name>Rudi Anggoro</name>
	<description>Customer: 2951079&lt;br&gt;Name 1: WR.YULI&lt;br&gt;Represent.: 90052442&lt;br&gt;Jwk Salesman: KAMIS GANJIL&lt;br&gt;SC: SD400A00123851E&lt;br&gt;Descript.: Gd. Boga&lt;br&gt;LAT: -4.0955244&lt;br&gt;LONG: 105.1496426</description>
	<ExtendedData><SchemaData schemaUrl="#doc__cov_rudi_mey_26xlsx">
		<SimpleData name="tessellate">-1</SimpleData>
		<SimpleData name="extrude">0</SimpleData>
		<SimpleData name="visibility">-1</SimpleData>
		<SimpleData name="Customer">2951079.0</SimpleData>
		<SimpleData name="Name_1">WR.YULI</SimpleData>
		<SimpleData name="Represent_">9.0052442E7</SimpleData>
		<SimpleData name="Jwk_Salesman">KAMIS GANJIL</SimpleData>
		<SimpleData name="SC">SD400A00123851E</SimpleData>
		<SimpleData name="Descript_">Gd. Boga</SimpleData>
		<SimpleData name="LAT">-4.0955244</SimpleData>
		<SimpleData name="LONG">105.1496426</SimpleData>
	</SchemaData></ExtendedData>
      <Point><coordinates>105.1496426,-4.0955244,0</coordinates></Point>
  </Placemark>
  <Placemark id="doc__cov_rudi_mey_26xlsx.52">
	<name>Rudi Anggoro</name>
	<description>Customer: 197188&lt;br&gt;Name 1: TK.SINAR JAWA&lt;br&gt;Represent.: 90052442&lt;br&gt;Jwk Salesman: KAMIS GENAP&lt;br&gt;SC: SD400A00124998E&lt;br&gt;Descript.: SP5E&lt;br&gt;LAT: -4.1884011&lt;br&gt;LONG: 105.1070437</description>
	<ExtendedData><SchemaData schemaUrl="#doc__cov_rudi_mey_26xlsx">
		<SimpleData name="tessellate">-1</SimpleData>
		<SimpleData name="extrude">0</SimpleData>
		<SimpleData name="visibility">-1</SimpleData>
		<SimpleData name="Customer">197188.0</SimpleData>
		<SimpleData name="Name_1">TK.SINAR JAWA</SimpleData>
		<SimpleData name="Represent_">9.0052442E7</SimpleData>
		<SimpleData name="Jwk_Salesman">KAMIS GENAP</SimpleData>
		<SimpleData name="SC">SD400A00124998E</SimpleData>
		<SimpleData name="Descript_">SP5E</SimpleData>
		<SimpleData name="LAT">-4.1884011</SimpleData>
		<SimpleData name="LONG">105.1070437</SimpleData>
	</SchemaData></ExtendedData>
      <Point><coordinates>105.1070437,-4.1884011,0</coordinates></Point>
  </Placemark>
  <Placemark id="doc__cov_rudi_mey_26xlsx.53">
	<name>Rudi Anggoro</name>
	<description>Customer: 201663&lt;br&gt;Name 1: TK. SINAR MULIA&lt;br&gt;Represent.: 90052442&lt;br&gt;Jwk Salesman: KAMIS GANJIL&lt;br&gt;SC: SD400A00125015E&lt;br&gt;Descript.: SP5E&lt;br&gt;LAT: -4.1995968&lt;br&gt;LONG: 105.0736133</description>
	<ExtendedData><SchemaData schemaUrl="#doc__cov_rudi_mey_26xlsx">
		<SimpleData name="tessellate">-1</SimpleData>
		<SimpleData name="extrude">0</SimpleData>
		<SimpleData name="visibility">-1</SimpleData>
		<SimpleData name="Customer">201663.0</SimpleData>
		<SimpleData name="Name_1">TK. SINAR MULIA</SimpleData>
		<SimpleData name="Represent_">9.0052442E7</SimpleData>
		<SimpleData name="Jwk_Salesman">KAMIS GANJIL</SimpleData>
		<SimpleData name="SC">SD400A00125015E</SimpleData>
		<SimpleData name="Descript_">SP5E</SimpleData>
		<SimpleData name="LAT">-4.1995968</SimpleData>
		<SimpleData name="LONG">105.0736133</SimpleData>
	</SchemaData></ExtendedData>
      <Point><coordinates>105.0736133,-4.1995968,0</coordinates></Point>
  </Placemark>
  <Placemark id="doc__cov_rudi_mey_26xlsx.54">
	<name>Rudi Anggoro</name>
	<description>Customer: 5566395&lt;br&gt;Name 1: TOKO ARTHA&lt;br&gt;Represent.: 90052442&lt;br&gt;Jwk Salesman: KAMIS GENAP&lt;br&gt;SC: SD400A00124932E&lt;br&gt;Descript.: SP5E&lt;br&gt;LAT: -4.2074031&lt;br&gt;LONG: 105.1277651</description>
	<ExtendedData><SchemaData schemaUrl="#doc__cov_rudi_mey_26xlsx">
		<SimpleData name="tessellate">-1</SimpleData>
		<SimpleData name="extrude">0</SimpleData>
		<SimpleData name="visibility">-1</SimpleData>
		<SimpleData name="Customer">5566395.0</SimpleData>
		<SimpleData name="Name_1">TOKO ARTHA</SimpleData>
		<SimpleData name="Represent_">9.0052442E7</SimpleData>
		<SimpleData name="Jwk_Salesman">KAMIS GENAP</SimpleData>
		<SimpleData name="SC">SD400A00124932E</SimpleData>
		<SimpleData name="Descript_">SP5E</SimpleData>
		<SimpleData name="LAT">-4.2074031</SimpleData>
		<SimpleData name="LONG">105.1277651</SimpleData>
	</SchemaData></ExtendedData>
      <Point><coordinates>105.1277651,-4.2074031,0</coordinates></Point>
  </Placemark>
  <Placemark id="doc__cov_rudi_mey_26xlsx.55">
	<name>Rudi Anggoro</name>
	<description>Customer: 5566396&lt;br&gt;Name 1: TOKO DIPTA&lt;br&gt;Represent.: 90052442&lt;br&gt;Jwk Salesman: KAMIS GENAP&lt;br&gt;SC: SD400A00125022E&lt;br&gt;Descript.: SP5E&lt;br&gt;LAT: -4.2056647&lt;br&gt;LONG: 105.1259841</description>
	<ExtendedData><SchemaData schemaUrl="#doc__cov_rudi_mey_26xlsx">
		<SimpleData name="tessellate">-1</SimpleData>
		<SimpleData name="extrude">0</SimpleData>
		<SimpleData name="visibility">-1</SimpleData>
		<SimpleData name="Customer">5566396.0</SimpleData>
		<SimpleData name="Name_1">TOKO DIPTA</SimpleData>
		<SimpleData name="Represent_">9.0052442E7</SimpleData>
		<SimpleData name="Jwk_Salesman">KAMIS GENAP</SimpleData>
		<SimpleData name="SC">SD400A00125022E</SimpleData>
		<SimpleData name="Descript_">SP5E</SimpleData>
		<SimpleData name="LAT">-4.2056647</SimpleData>
		<SimpleData name="LONG">105.1259841</SimpleData>
	</SchemaData></ExtendedData>
      <Point><coordinates>105.1259841,-4.2056647,0</coordinates></Point>
  </Placemark>
  <Placemark id="doc__cov_rudi_mey_26xlsx.56">
	<name>Rudi Anggoro</name>
	<description>Customer: 5566398&lt;br&gt;Name 1: TOKO WIWIN&lt;br&gt;Represent.: 90052442&lt;br&gt;Jwk Salesman: RABU GANJIL&lt;br&gt;SC: SD400A00124991E&lt;br&gt;Descript.: PS. SPI MENGGALA C&lt;br&gt;LAT: -4.2391447&lt;br&gt;LONG: 105.1282654</description>
	<ExtendedData><SchemaData schemaUrl="#doc__cov_rudi_mey_26xlsx">
		<SimpleData name="tessellate">-1</SimpleData>
		<SimpleData name="extrude">0</SimpleData>
		<SimpleData name="visibility">-1</SimpleData>
		<SimpleData name="Customer">5566398.0</SimpleData>
		<SimpleData name="Name_1">TOKO WIWIN</SimpleData>
		<SimpleData name="Represent_">9.0052442E7</SimpleData>
		<SimpleData name="Jwk_Salesman">RABU GANJIL</SimpleData>
		<SimpleData name="SC">SD400A00124991E</SimpleData>
		<SimpleData name="Descript_">PS. SPI MENGGALA C</SimpleData>
		<SimpleData name="LAT">-4.2391447</SimpleData>
		<SimpleData name="LONG">105.1282654</SimpleData>
	</SchemaData></ExtendedData>
      <Point><coordinates>105.1282654,-4.2391447,0</coordinates></Point>
  </Placemark>
  <Placemark id="doc__cov_rudi_mey_26xlsx.57">
	<name>Rudi Anggoro</name>
	<description>Customer: 5265097&lt;br&gt;Name 1: TK.AAN INDRALOKA 1&lt;br&gt;Represent.: 90052442&lt;br&gt;Jwk Salesman: SENIN GANJIL&lt;br&gt;SC: SD400A00124988E&lt;br&gt;Descript.: PS. INDRA LOKA II&lt;br&gt;LAT: -4.1922652&lt;br&gt;LONG: 105.1720531</description>
	<ExtendedData><SchemaData schemaUrl="#doc__cov_rudi_mey_26xlsx">
		<SimpleData name="tessellate">-1</SimpleData>
		<SimpleData name="extrude">0</SimpleData>
		<SimpleData name="visibility">-1</SimpleData>
		<SimpleData name="Customer">5265097.0</SimpleData>
		<SimpleData name="Name_1">TK.AAN INDRALOKA 1</SimpleData>
		<SimpleData name="Represent_">9.0052442E7</SimpleData>
		<SimpleData name="Jwk_Salesman">SENIN GANJIL</SimpleData>
		<SimpleData name="SC">SD400A00124988E</SimpleData>
		<SimpleData name="Descript_">PS. INDRA LOKA II</SimpleData>
		<SimpleData name="LAT">-4.1922652</SimpleData>
		<SimpleData name="LONG">105.1720531</SimpleData>
	</SchemaData></ExtendedData>
      <Point><coordinates>105.1720531,-4.1922652,0</coordinates></Point>
  </Placemark>
  <Placemark id="doc__cov_rudi_mey_26xlsx.58">
	<name>Rudi Anggoro</name>
	<description>Customer: 5567364&lt;br&gt;Name 1: TK.BOBY&lt;br&gt;Represent.: 90052442&lt;br&gt;Jwk Salesman: SELASA GANJIL&lt;br&gt;SC: SD400A00123921E&lt;br&gt;Descript.: PS. SPUA&lt;br&gt;LAT: -4.012548&lt;br&gt;LONG: 105.243721</description>
	<ExtendedData><SchemaData schemaUrl="#doc__cov_rudi_mey_26xlsx">
		<SimpleData name="tessellate">-1</SimpleData>
		<SimpleData name="extrude">0</SimpleData>
		<SimpleData name="visibility">-1</SimpleData>
		<SimpleData name="Customer">5567364.0</SimpleData>
		<SimpleData name="Name_1">TK.BOBY</SimpleData>
		<SimpleData name="Represent_">9.0052442E7</SimpleData>
		<SimpleData name="Jwk_Salesman">SELASA GANJIL</SimpleData>
		<SimpleData name="SC">SD400A00123921E</SimpleData>
		<SimpleData name="Descript_">PS. SPUA</SimpleData>
		<SimpleData name="LAT">-4.012548</SimpleData>
		<SimpleData name="LONG">105.243721</SimpleData>
	</SchemaData></ExtendedData>
      <Point><coordinates>105.243721,-4.012548,0</coordinates></Point>
  </Placemark>
  <Placemark id="doc__cov_rudi_mey_26xlsx.59">
	<name>Rudi Anggoro</name>
	<description>Customer: 235360&lt;br&gt;Name 1: TK. MUTIAH&lt;br&gt;Represent.: 90052442&lt;br&gt;Jwk Salesman: KAMIS GENAP&lt;br&gt;SC: SD400A00123881E&lt;br&gt;Descript.: Gd. Boga&lt;br&gt;LAT: -4.1673546&lt;br&gt;LONG: 105.1112618</description>
	<ExtendedData><SchemaData schemaUrl="#doc__cov_rudi_mey_26xlsx">
		<SimpleData name="tessellate">-1</SimpleData>
		<SimpleData name="extrude">0</SimpleData>
		<SimpleData name="visibility">-1</SimpleData>
		<SimpleData name="Customer">235360.0</SimpleData>
		<SimpleData name="Name_1">TK. MUTIAH</SimpleData>
		<SimpleData name="Represent_">9.0052442E7</SimpleData>
		<SimpleData name="Jwk_Salesman">KAMIS GENAP</SimpleData>
		<SimpleData name="SC">SD400A00123881E</SimpleData>
		<SimpleData name="Descript_">Gd. Boga</SimpleData>
		<SimpleData name="LAT">-4.1673546</SimpleData>
		<SimpleData name="LONG">105.1112618</SimpleData>
	</SchemaData></ExtendedData>
      <Point><coordinates>105.1112618,-4.1673546,0</coordinates></Point>
  </Placemark>
  <Placemark id="doc__cov_rudi_mey_26xlsx.60">
	<name>Rudi Anggoro</name>
	<description>Customer: 552965&lt;br&gt;Name 1: TK.CINTA&lt;br&gt;Represent.: 90052442&lt;br&gt;Jwk Salesman: KAMIS GENAP&lt;br&gt;SC: SD400A00123877E&lt;br&gt;Descript.: Gd. Boga&lt;br&gt;LAT: -4.1593459&lt;br&gt;LONG: 105.107724</description>
	<ExtendedData><SchemaData schemaUrl="#doc__cov_rudi_mey_26xlsx">
		<SimpleData name="tessellate">-1</SimpleData>
		<SimpleData name="extrude">0</SimpleData>
		<SimpleData name="visibility">-1</SimpleData>
		<SimpleData name="Customer">552965.0</SimpleData>
		<SimpleData name="Name_1">TK.CINTA</SimpleData>
		<SimpleData name="Represent_">9.0052442E7</SimpleData>
		<SimpleData name="Jwk_Salesman">KAMIS GENAP</SimpleData>
		<SimpleData name="SC">SD400A00123877E</SimpleData>
		<SimpleData name="Descript_">Gd. Boga</SimpleData>
		<SimpleData name="LAT">-4.1593459</SimpleData>
		<SimpleData name="LONG">105.107724</SimpleData>
	</SchemaData></ExtendedData>
      <Point><coordinates>105.107724,-4.1593459,0</coordinates></Point>
  </Placemark>
  <Placemark id="doc__cov_rudi_mey_26xlsx.61">
	<name>Rudi Anggoro</name>
	<description>Customer: 602312&lt;br&gt;Name 1: TK.NADA SP3C&lt;br&gt;Represent.: 90052442&lt;br&gt;Jwk Salesman: RABU GENAP&lt;br&gt;SC: SD400A00123922E&lt;br&gt;Descript.: PS. SPI MENGGALA C&lt;br&gt;LAT: -4.2608724&lt;br&gt;LONG: 105.1061723</description>
	<ExtendedData><SchemaData schemaUrl="#doc__cov_rudi_mey_26xlsx">
		<SimpleData name="tessellate">-1</SimpleData>
		<SimpleData name="extrude">0</SimpleData>
		<SimpleData name="visibility">-1</SimpleData>
		<SimpleData name="Customer">602312.0</SimpleData>
		<SimpleData name="Name_1">TK.NADA SP3C</SimpleData>
		<SimpleData name="Represent_">9.0052442E7</SimpleData>
		<SimpleData name="Jwk_Salesman">RABU GENAP</SimpleData>
		<SimpleData name="SC">SD400A00123922E</SimpleData>
		<SimpleData name="Descript_">PS. SPI MENGGALA C</SimpleData>
		<SimpleData name="LAT">-4.2608724</SimpleData>
		<SimpleData name="LONG">105.1061723</SimpleData>
	</SchemaData></ExtendedData>
      <Point><coordinates>105.1061723,-4.2608724,0</coordinates></Point>
  </Placemark>
  <Placemark id="doc__cov_rudi_mey_26xlsx.62">
	<name>Rudi Anggoro</name>
	<description>Customer: 5209343&lt;br&gt;Name 1: WR. NUR&lt;br&gt;Represent.: 90052442&lt;br&gt;Jwk Salesman: RABU GENAP&lt;br&gt;SC: SD400A00123901E&lt;br&gt;Descript.: PS. SP 2 MENGGALA C&lt;br&gt;LAT: -4.2974373&lt;br&gt;LONG: 105.0562001</description>
	<ExtendedData><SchemaData schemaUrl="#doc__cov_rudi_mey_26xlsx">
		<SimpleData name="tessellate">-1</SimpleData>
		<SimpleData name="extrude">0</SimpleData>
		<SimpleData name="visibility">-1</SimpleData>
		<SimpleData name="Customer">5209343.0</SimpleData>
		<SimpleData name="Name_1">WR. NUR</SimpleData>
		<SimpleData name="Represent_">9.0052442E7</SimpleData>
		<SimpleData name="Jwk_Salesman">RABU GENAP</SimpleData>
		<SimpleData name="SC">SD400A00123901E</SimpleData>
		<SimpleData name="Descript_">PS. SP 2 MENGGALA C</SimpleData>
		<SimpleData name="LAT">-4.2974373</SimpleData>
		<SimpleData name="LONG">105.0562001</SimpleData>
	</SchemaData></ExtendedData>
      <Point><coordinates>105.0562001,-4.2974373,0</coordinates></Point>
  </Placemark>
  <Placemark id="doc__cov_rudi_mey_26xlsx.63">
	<name>Rudi Anggoro</name>
	<description>Customer: 5576440&lt;br&gt;Name 1: TOKO ARSHA&lt;br&gt;Represent.: 90052442&lt;br&gt;Jwk Salesman: SELASA GENAP&lt;br&gt;SC: SD400A00123867E&lt;br&gt;Descript.: Indraloka Luar&lt;br&gt;LAT: -4.2009146&lt;br&gt;LONG: 105.2190139</description>
	<ExtendedData><SchemaData schemaUrl="#doc__cov_rudi_mey_26xlsx">
		<SimpleData name="tessellate">-1</SimpleData>
		<SimpleData name="extrude">0</SimpleData>
		<SimpleData name="visibility">-1</SimpleData>
		<SimpleData name="Customer">5576440.0</SimpleData>
		<SimpleData name="Name_1">TOKO ARSHA</SimpleData>
		<SimpleData name="Represent_">9.0052442E7</SimpleData>
		<SimpleData name="Jwk_Salesman">SELASA GENAP</SimpleData>
		<SimpleData name="SC">SD400A00123867E</SimpleData>
		<SimpleData name="Descript_">Indraloka Luar</SimpleData>
		<SimpleData name="LAT">-4.2009146</SimpleData>
		<SimpleData name="LONG">105.2190139</SimpleData>
	</SchemaData></ExtendedData>
      <Point><coordinates>105.2190139,-4.2009146,0</coordinates></Point>
  </Placemark>
  <Placemark id="doc__cov_rudi_mey_26xlsx.64">
	<name>Rudi Anggoro</name>
	<description>Customer: 5577101&lt;br&gt;Name 1: TOKO AMANAH&lt;br&gt;Represent.: 90052442&lt;br&gt;Jwk Salesman: SELASA GENAP&lt;br&gt;SC: SD400A00123873E&lt;br&gt;Descript.: Indraloka Luar&lt;br&gt;LAT: -4.1998492&lt;br&gt;LONG: 105.2056625</description>
	<ExtendedData><SchemaData schemaUrl="#doc__cov_rudi_mey_26xlsx">
		<SimpleData name="tessellate">-1</SimpleData>
		<SimpleData name="extrude">0</SimpleData>
		<SimpleData name="visibility">-1</SimpleData>
		<SimpleData name="Customer">5577101.0</SimpleData>
		<SimpleData name="Name_1">TOKO AMANAH</SimpleData>
		<SimpleData name="Represent_">9.0052442E7</SimpleData>
		<SimpleData name="Jwk_Salesman">SELASA GENAP</SimpleData>
		<SimpleData name="SC">SD400A00123873E</SimpleData>
		<SimpleData name="Descript_">Indraloka Luar</SimpleData>
		<SimpleData name="LAT">-4.1998492</SimpleData>
		<SimpleData name="LONG">105.2056625</SimpleData>
	</SchemaData></ExtendedData>
      <Point><coordinates>105.2056625,-4.1998492,0</coordinates></Point>
  </Placemark>
  <Placemark id="doc__cov_rudi_mey_26xlsx.65">
	<name>Rudi Anggoro</name>
	<description>Customer: 5577102&lt;br&gt;Name 1: TOKO MBA NING&lt;br&gt;Represent.: 90052442&lt;br&gt;Jwk Salesman: SELASA GENAP&lt;br&gt;SC: SD400A00123876E&lt;br&gt;Descript.: Indraloka Luar&lt;br&gt;LAT: -4.202024&lt;br&gt;LONG: 105.2191792</description>
	<ExtendedData><SchemaData schemaUrl="#doc__cov_rudi_mey_26xlsx">
		<SimpleData name="tessellate">-1</SimpleData>
		<SimpleData name="extrude">0</SimpleData>
		<SimpleData name="visibility">-1</SimpleData>
		<SimpleData name="Customer">5577102.0</SimpleData>
		<SimpleData name="Name_1">TOKO MBA NING</SimpleData>
		<SimpleData name="Represent_">9.0052442E7</SimpleData>
		<SimpleData name="Jwk_Salesman">SELASA GENAP</SimpleData>
		<SimpleData name="SC">SD400A00123876E</SimpleData>
		<SimpleData name="Descript_">Indraloka Luar</SimpleData>
		<SimpleData name="LAT">-4.202024</SimpleData>
		<SimpleData name="LONG">105.2191792</SimpleData>
	</SchemaData></ExtendedData>
      <Point><coordinates>105.2191792,-4.202024,0</coordinates></Point>
  </Placemark>
  <Placemark id="doc__cov_rudi_mey_26xlsx.66">
	<name>Rudi Anggoro</name>
	<description>Customer: 4582342&lt;br&gt;Name 1: TK.FIFIT&lt;br&gt;Represent.: 90052442&lt;br&gt;Jwk Salesman: JUMAT GANJIL&lt;br&gt;SC: SD400A00132034H&lt;br&gt;Descript.: Margo Jadi Mesuji&lt;br&gt;LAT: -4.000927&lt;br&gt;LONG: 105.3850926</description>
	<ExtendedData><SchemaData schemaUrl="#doc__cov_rudi_mey_26xlsx">
		<SimpleData name="tessellate">-1</SimpleData>
		<SimpleData name="extrude">0</SimpleData>
		<SimpleData name="visibility">-1</SimpleData>
		<SimpleData name="Customer">4582342.0</SimpleData>
		<SimpleData name="Name_1">TK.FIFIT</SimpleData>
		<SimpleData name="Represent_">9.0052442E7</SimpleData>
		<SimpleData name="Jwk_Salesman">JUMAT GANJIL</SimpleData>
		<SimpleData name="SC">SD400A00132034H</SimpleData>
		<SimpleData name="Descript_">Margo Jadi Mesuji</SimpleData>
		<SimpleData name="LAT">-4.000927</SimpleData>
		<SimpleData name="LONG">105.3850926</SimpleData>
	</SchemaData></ExtendedData>
      <Point><coordinates>105.3850926,-4.000927,0</coordinates></Point>
  </Placemark>
  <Placemark id="doc__cov_rudi_mey_26xlsx.67">
	<name>Rudi Anggoro</name>
	<description>Customer: 5125577&lt;br&gt;Name 1: WR NABILA&lt;br&gt;Represent.: 90052442&lt;br&gt;Jwk Salesman: JUMAT GENAP&lt;br&gt;SC: SD400A00132167H&lt;br&gt;Descript.: PS. BRABASAN&lt;br&gt;LAT: -4.0076434&lt;br&gt;LONG: 105.317631</description>
	<ExtendedData><SchemaData schemaUrl="#doc__cov_rudi_mey_26xlsx">
		<SimpleData name="tessellate">-1</SimpleData>
		<SimpleData name="extrude">0</SimpleData>
		<SimpleData name="visibility">-1</SimpleData>
		<SimpleData name="Customer">5125577.0</SimpleData>
		<SimpleData name="Name_1">WR NABILA</SimpleData>
		<SimpleData name="Represent_">9.0052442E7</SimpleData>
		<SimpleData name="Jwk_Salesman">JUMAT GENAP</SimpleData>
		<SimpleData name="SC">SD400A00132167H</SimpleData>
		<SimpleData name="Descript_">PS. BRABASAN</SimpleData>
		<SimpleData name="LAT">-4.0076434</SimpleData>
		<SimpleData name="LONG">105.317631</SimpleData>
	</SchemaData></ExtendedData>
      <Point><coordinates>105.317631,-4.0076434,0</coordinates></Point>
  </Placemark>
  <Placemark id="doc__cov_rudi_mey_26xlsx.68">
	<name>Rudi Anggoro</name>
	<description>Customer: 5450000&lt;br&gt;Name 1: TK.ZAQKY MART&lt;br&gt;Represent.: 90052442&lt;br&gt;Jwk Salesman: SENIN GENAP&lt;br&gt;SC: SD400A00132477H&lt;br&gt;Descript.: Batu Putih&lt;br&gt;LAT: -4.2979489&lt;br&gt;LONG: 105.017409</description>
	<ExtendedData><SchemaData schemaUrl="#doc__cov_rudi_mey_26xlsx">
		<SimpleData name="tessellate">-1</SimpleData>
		<SimpleData name="extrude">0</SimpleData>
		<SimpleData name="visibility">-1</SimpleData>
		<SimpleData name="Customer">5450000.0</SimpleData>
		<SimpleData name="Name_1">TK.ZAQKY MART</SimpleData>
		<SimpleData name="Represent_">9.0052442E7</SimpleData>
		<SimpleData name="Jwk_Salesman">SENIN GENAP</SimpleData>
		<SimpleData name="SC">SD400A00132477H</SimpleData>
		<SimpleData name="Descript_">Batu Putih</SimpleData>
		<SimpleData name="LAT">-4.2979489</SimpleData>
		<SimpleData name="LONG">105.017409</SimpleData>
	</SchemaData></ExtendedData>
      <Point><coordinates>105.017409,-4.2979489,0</coordinates></Point>
  </Placemark>
  <Placemark id="doc__cov_rudi_mey_26xlsx.69">
	<name>Rudi Anggoro</name>
	<description>Customer: 230243&lt;br&gt;Name 1: TK. GG&lt;br&gt;Represent.: 90052442&lt;br&gt;Jwk Salesman: KAMIS GANJIL&lt;br&gt;SC: SD400A00132220H&lt;br&gt;Descript.: Gd. Boga&lt;br&gt;LAT: -4.1398475&lt;br&gt;LONG: 105,,075,6622</description>
	<ExtendedData><SchemaData schemaUrl="#doc__cov_rudi_mey_26xlsx">
		<SimpleData name="visibility">-1</SimpleData>
		<SimpleData name="Customer">230243.0</SimpleData>
		<SimpleData name="Name_1">TK. GG</SimpleData>
		<SimpleData name="Represent_">9.0052442E7</SimpleData>
		<SimpleData name="Jwk_Salesman">KAMIS GANJIL</SimpleData>
		<SimpleData name="SC">SD400A00132220H</SimpleData>
		<SimpleData name="Descript_">Gd. Boga</SimpleData>
		<SimpleData name="LAT">-4.1398475</SimpleData>
		<SimpleData name="LONG">105,,075,6622</SimpleData>
	</SchemaData></ExtendedData>
      <Point><coordinates>0,0,0</coordinates></Point>
  </Placemark>
  <Placemark id="doc__cov_rudi_mey_26xlsx.70">
	<name>Rudi Anggoro</name>
	<description>Customer: 2951126&lt;br&gt;Name 1: TK.AFNAN&lt;br&gt;Represent.: 90052442&lt;br&gt;Jwk Salesman: KAMIS GANJIL&lt;br&gt;SC: SD400A00132031H&lt;br&gt;Descript.: Gd. Boga&lt;br&gt;LAT: -4.1380123&lt;br&gt;LONG: 105.090353</description>
	<ExtendedData><SchemaData schemaUrl="#doc__cov_rudi_mey_26xlsx">
		<SimpleData name="tessellate">-1</SimpleData>
		<SimpleData name="extrude">0</SimpleData>
		<SimpleData name="visibility">-1</SimpleData>
		<SimpleData name="Customer">2951126.0</SimpleData>
		<SimpleData name="Name_1">TK.AFNAN</SimpleData>
		<SimpleData name="Represent_">9.0052442E7</SimpleData>
		<SimpleData name="Jwk_Salesman">KAMIS GANJIL</SimpleData>
		<SimpleData name="SC">SD400A00132031H</SimpleData>
		<SimpleData name="Descript_">Gd. Boga</SimpleData>
		<SimpleData name="LAT">-4.1380123</SimpleData>
		<SimpleData name="LONG">105.090353</SimpleData>
	</SchemaData></ExtendedData>
      <Point><coordinates>105.090353,-4.1380123,0</coordinates></Point>
  </Placemark>
  <Placemark id="doc__cov_rudi_mey_26xlsx.71">
	<name>Rudi Anggoro</name>
	<description>Customer: 5579211&lt;br&gt;Name 1: TOKO ARA MART&lt;br&gt;Represent.: 90052442&lt;br&gt;Jwk Salesman: KAMIS GANJIL&lt;br&gt;SC: SD400A00132439H&lt;br&gt;Descript.: Gd. Boga&lt;br&gt;LAT: -4.1405819&lt;br&gt;LONG: 105.089429</description>
	<ExtendedData><SchemaData schemaUrl="#doc__cov_rudi_mey_26xlsx">
		<SimpleData name="tessellate">-1</SimpleData>
		<SimpleData name="extrude">0</SimpleData>
		<SimpleData name="visibility">-1</SimpleData>
		<SimpleData name="Customer">5579211.0</SimpleData>
		<SimpleData name="Name_1">TOKO ARA MART</SimpleData>
		<SimpleData name="Represent_">9.0052442E7</SimpleData>
		<SimpleData name="Jwk_Salesman">KAMIS GANJIL</SimpleData>
		<SimpleData name="SC">SD400A00132439H</SimpleData>
		<SimpleData name="Descript_">Gd. Boga</SimpleData>
		<SimpleData name="LAT">-4.1405819</SimpleData>
		<SimpleData name="LONG">105.089429</SimpleData>
	</SchemaData></ExtendedData>
      <Point><coordinates>105.089429,-4.1405819,0</coordinates></Point>
  </Placemark>
  <Placemark id="doc__cov_rudi_mey_26xlsx.72">
	<name>Rudi Anggoro</name>
	<description>Customer: 3860167&lt;br&gt;Name 1: TOKO GALIH&lt;br&gt;Represent.: 90052442&lt;br&gt;Jwk Salesman: KAMIS GANJIL&lt;br&gt;SC: SD400A00132168H&lt;br&gt;Descript.: Gd. Boga&lt;br&gt;LAT: -4.0681577&lt;br&gt;LONG: 105.1899096</description>
	<ExtendedData><SchemaData schemaUrl="#doc__cov_rudi_mey_26xlsx">
		<SimpleData name="tessellate">-1</SimpleData>
		<SimpleData name="extrude">0</SimpleData>
		<SimpleData name="visibility">-1</SimpleData>
		<SimpleData name="Customer">3860167.0</SimpleData>
		<SimpleData name="Name_1">TOKO GALIH</SimpleData>
		<SimpleData name="Represent_">9.0052442E7</SimpleData>
		<SimpleData name="Jwk_Salesman">KAMIS GANJIL</SimpleData>
		<SimpleData name="SC">SD400A00132168H</SimpleData>
		<SimpleData name="Descript_">Gd. Boga</SimpleData>
		<SimpleData name="LAT">-4.0681577</SimpleData>
		<SimpleData name="LONG">105.1899096</SimpleData>
	</SchemaData></ExtendedData>
      <Point><coordinates>105.1899096,-4.0681577,0</coordinates></Point>
  </Placemark>
  <Placemark id="doc__cov_rudi_mey_26xlsx.73">
	<name>Rudi Anggoro</name>
	<description>Customer: 5580212&lt;br&gt;Name 1: TOKO YANI&lt;br&gt;Represent.: 90052442&lt;br&gt;Jwk Salesman: RABU GANJIL&lt;br&gt;SC: SD400A00132181H&lt;br&gt;Descript.: PS. SPI MENGGALA C&lt;br&gt;LAT: -4.2421326&lt;br&gt;LONG: 105.0636365</description>
	<ExtendedData><SchemaData schemaUrl="#doc__cov_rudi_mey_26xlsx">
		<SimpleData name="tessellate">-1</SimpleData>
		<SimpleData name="extrude">0</SimpleData>
		<SimpleData name="visibility">-1</SimpleData>
		<SimpleData name="Customer">5580212.0</SimpleData>
		<SimpleData name="Name_1">TOKO YANI</SimpleData>
		<SimpleData name="Represent_">9.0052442E7</SimpleData>
		<SimpleData name="Jwk_Salesman">RABU GANJIL</SimpleData>
		<SimpleData name="SC">SD400A00132181H</SimpleData>
		<SimpleData name="Descript_">PS. SPI MENGGALA C</SimpleData>
		<SimpleData name="LAT">-4.2421326</SimpleData>
		<SimpleData name="LONG">105.0636365</SimpleData>
	</SchemaData></ExtendedData>
      <Point><coordinates>105.0636365,-4.2421326,0</coordinates></Point>
  </Placemark>
  <Placemark id="doc__cov_rudi_mey_26xlsx.74">
	<name>Rudi Anggoro</name>
	<description>Customer: 3122023&lt;br&gt;Name 1: TK.KIRANA CELL&lt;br&gt;Represent.: 90052442&lt;br&gt;Jwk Salesman: SENIN GENAP&lt;br&gt;SC: SD400A00133180H&lt;br&gt;Descript.: Batu Putih&lt;br&gt;LAT: -4.2975808&lt;br&gt;LONG: 105.0270995</description>
	<ExtendedData><SchemaData schemaUrl="#doc__cov_rudi_mey_26xlsx">
		<SimpleData name="tessellate">-1</SimpleData>
		<SimpleData name="extrude">0</SimpleData>
		<SimpleData name="visibility">-1</SimpleData>
		<SimpleData name="Customer">3122023.0</SimpleData>
		<SimpleData name="Name_1">TK.KIRANA CELL</SimpleData>
		<SimpleData name="Represent_">9.0052442E7</SimpleData>
		<SimpleData name="Jwk_Salesman">SENIN GENAP</SimpleData>
		<SimpleData name="SC">SD400A00133180H</SimpleData>
		<SimpleData name="Descript_">Batu Putih</SimpleData>
		<SimpleData name="LAT">-4.2975808</SimpleData>
		<SimpleData name="LONG">105.0270995</SimpleData>
	</SchemaData></ExtendedData>
      <Point><coordinates>105.0270995,-4.2975808,0</coordinates></Point>
  </Placemark>
  <Placemark id="doc__cov_rudi_mey_26xlsx.75">
	<name>Rudi Anggoro</name>
	<description>Customer: 5239176&lt;br&gt;Name 1: TOKO AGUS&lt;br&gt;Represent.: 90052442&lt;br&gt;Jwk Salesman: SELASA GENAP&lt;br&gt;SC: SD400A00133191H&lt;br&gt;Descript.: Indraloka Luar&lt;br&gt;LAT: -4.1981499&lt;br&gt;LONG: 105.1973366</description>
	<ExtendedData><SchemaData schemaUrl="#doc__cov_rudi_mey_26xlsx">
		<SimpleData name="tessellate">-1</SimpleData>
		<SimpleData name="extrude">0</SimpleData>
		<SimpleData name="visibility">-1</SimpleData>
		<SimpleData name="Customer">5239176.0</SimpleData>
		<SimpleData name="Name_1">TOKO AGUS</SimpleData>
		<SimpleData name="Represent_">9.0052442E7</SimpleData>
		<SimpleData name="Jwk_Salesman">SELASA GENAP</SimpleData>
		<SimpleData name="SC">SD400A00133191H</SimpleData>
		<SimpleData name="Descript_">Indraloka Luar</SimpleData>
		<SimpleData name="LAT">-4.1981499</SimpleData>
		<SimpleData name="LONG">105.1973366</SimpleData>
	</SchemaData></ExtendedData>
      <Point><coordinates>105.1973366,-4.1981499,0</coordinates></Point>
  </Placemark>
  <Placemark id="doc__cov_rudi_mey_26xlsx.76">
	<name>Rudi Anggoro</name>
	<description>Customer: 5580819&lt;br&gt;Name 1: SRC HENI&lt;br&gt;Represent.: 90052442&lt;br&gt;Jwk Salesman: SENIN GANJIL&lt;br&gt;SC: SD400A00133199H&lt;br&gt;Descript.: SP5E&lt;br&gt;LAT: -4.191247&lt;br&gt;LONG: 105.1684878</description>
	<ExtendedData><SchemaData schemaUrl="#doc__cov_rudi_mey_26xlsx">
		<SimpleData name="tessellate">-1</SimpleData>
		<SimpleData name="extrude">0</SimpleData>
		<SimpleData name="visibility">-1</SimpleData>
		<SimpleData name="Customer">5580819.0</SimpleData>
		<SimpleData name="Name_1">SRC HENI</SimpleData>
		<SimpleData name="Represent_">9.0052442E7</SimpleData>
		<SimpleData name="Jwk_Salesman">SENIN GANJIL</SimpleData>
		<SimpleData name="SC">SD400A00133199H</SimpleData>
		<SimpleData name="Descript_">SP5E</SimpleData>
		<SimpleData name="LAT">-4.191247</SimpleData>
		<SimpleData name="LONG">105.1684878</SimpleData>
	</SchemaData></ExtendedData>
      <Point><coordinates>105.1684878,-4.191247,0</coordinates></Point>
  </Placemark>
  <Placemark id="doc__cov_rudi_mey_26xlsx.77">
	<name>Rudi Anggoro</name>
	<description>Customer: 5580821&lt;br&gt;Name 1: TOKO SETIAWATI&lt;br&gt;Represent.: 90052442&lt;br&gt;Jwk Salesman: KAMIS GANJIL&lt;br&gt;SC: SD400A00133291H&lt;br&gt;Descript.: PS. SPI MENGGALA C&lt;br&gt;LAT: -4.2095875&lt;br&gt;LONG: 105.0514533</description>
	<ExtendedData><SchemaData schemaUrl="#doc__cov_rudi_mey_26xlsx">
		<SimpleData name="tessellate">-1</SimpleData>
		<SimpleData name="extrude">0</SimpleData>
		<SimpleData name="visibility">-1</SimpleData>
		<SimpleData name="Customer">5580821.0</SimpleData>
		<SimpleData name="Name_1">TOKO SETIAWATI</SimpleData>
		<SimpleData name="Represent_">9.0052442E7</SimpleData>
		<SimpleData name="Jwk_Salesman">KAMIS GANJIL</SimpleData>
		<SimpleData name="SC">SD400A00133291H</SimpleData>
		<SimpleData name="Descript_">PS. SPI MENGGALA C</SimpleData>
		<SimpleData name="LAT">-4.2095875</SimpleData>
		<SimpleData name="LONG">105.0514533</SimpleData>
	</SchemaData></ExtendedData>
      <Point><coordinates>105.0514533,-4.2095875,0</coordinates></Point>
  </Placemark>
  <Placemark id="doc__cov_rudi_mey_26xlsx.78">
	<name>Rudi Anggoro</name>
	<description>Customer: 5580814&lt;br&gt;Name 1: TOKO MENIK&lt;br&gt;Represent.: 90052442&lt;br&gt;Jwk Salesman: RABU GANJIL&lt;br&gt;SC: SD400A00131727H&lt;br&gt;Descript.: PS. SPI MENGGALA C&lt;br&gt;LAT: -4.242827&lt;br&gt;LONG: 105.0863847</description>
	<ExtendedData><SchemaData schemaUrl="#doc__cov_rudi_mey_26xlsx">
		<SimpleData name="tessellate">-1</SimpleData>
		<SimpleData name="extrude">0</SimpleData>
		<SimpleData name="visibility">-1</SimpleData>
		<SimpleData name="Customer">5580814.0</SimpleData>
		<SimpleData name="Name_1">TOKO MENIK</SimpleData>
		<SimpleData name="Represent_">9.0052442E7</SimpleData>
		<SimpleData name="Jwk_Salesman">RABU GANJIL</SimpleData>
		<SimpleData name="SC">SD400A00131727H</SimpleData>
		<SimpleData name="Descript_">PS. SPI MENGGALA C</SimpleData>
		<SimpleData name="LAT">-4.242827</SimpleData>
		<SimpleData name="LONG">105.0863847</SimpleData>
	</SchemaData></ExtendedData>
      <Point><coordinates>105.0863847,-4.242827,0</coordinates></Point>
  </Placemark>
  <Placemark id="doc__cov_rudi_mey_26xlsx.79">
	<name>Rudi Anggoro</name>
	<description>Customer: 5582813&lt;br&gt;Name 1: TOKO SUSI&lt;br&gt;Represent.: 90052442&lt;br&gt;Jwk Salesman: SENIN GENAP&lt;br&gt;SC: SD400A00132204H&lt;br&gt;Descript.: pasar traya&lt;br&gt;LAT: -4.3256897&lt;br&gt;LONG: 105.07615</description>
	<ExtendedData><SchemaData schemaUrl="#doc__cov_rudi_mey_26xlsx">
		<SimpleData name="tessellate">-1</SimpleData>
		<SimpleData name="extrude">0</SimpleData>
		<SimpleData name="visibility">-1</SimpleData>
		<SimpleData name="Customer">5582813.0</SimpleData>
		<SimpleData name="Name_1">TOKO SUSI</SimpleData>
		<SimpleData name="Represent_">9.0052442E7</SimpleData>
		<SimpleData name="Jwk_Salesman">SENIN GENAP</SimpleData>
		<SimpleData name="SC">SD400A00132204H</SimpleData>
		<SimpleData name="Descript_">pasar traya</SimpleData>
		<SimpleData name="LAT">-4.3256897</SimpleData>
		<SimpleData name="LONG">105.07615</SimpleData>
	</SchemaData></ExtendedData>
      <Point><coordinates>105.07615,-4.3256897,0</coordinates></Point>
  </Placemark>
  <Placemark id="doc__cov_rudi_mey_26xlsx.80">
	<name>Rudi Anggoro</name>
	<description>Customer: 5582814&lt;br&gt;Name 1: TOKO FAHRI CELL&lt;br&gt;Represent.: 90052442&lt;br&gt;Jwk Salesman: SENIN GENAP&lt;br&gt;SC: SD400A00132107H&lt;br&gt;Descript.: pasar traya&lt;br&gt;LAT: -4.3314059&lt;br&gt;LONG: 105.0625294</description>
	<ExtendedData><SchemaData schemaUrl="#doc__cov_rudi_mey_26xlsx">
		<SimpleData name="tessellate">-1</SimpleData>
		<SimpleData name="extrude">0</SimpleData>
		<SimpleData name="visibility">-1</SimpleData>
		<SimpleData name="Customer">5582814.0</SimpleData>
		<SimpleData name="Name_1">TOKO FAHRI CELL</SimpleData>
		<SimpleData name="Represent_">9.0052442E7</SimpleData>
		<SimpleData name="Jwk_Salesman">SENIN GENAP</SimpleData>
		<SimpleData name="SC">SD400A00132107H</SimpleData>
		<SimpleData name="Descript_">pasar traya</SimpleData>
		<SimpleData name="LAT">-4.3314059</SimpleData>
		<SimpleData name="LONG">105.0625294</SimpleData>
	</SchemaData></ExtendedData>
      <Point><coordinates>105.0625294,-4.3314059,0</coordinates></Point>
  </Placemark>
  <Placemark id="doc__cov_rudi_mey_26xlsx.81">
	<name>Rudi Anggoro</name>
	<description>Customer: 5273529&lt;br&gt;Name 1: TK.SALMA&lt;br&gt;Represent.: 90052442&lt;br&gt;Jwk Salesman: KAMIS GENAP&lt;br&gt;SC: SD400A00133209H&lt;br&gt;Descript.: PS. INDRA LOKA II&lt;br&gt;LAT: -4.2018424&lt;br&gt;LONG: 105.151451</description>
	<ExtendedData><SchemaData schemaUrl="#doc__cov_rudi_mey_26xlsx">
		<SimpleData name="tessellate">-1</SimpleData>
		<SimpleData name="extrude">0</SimpleData>
		<SimpleData name="visibility">-1</SimpleData>
		<SimpleData name="Customer">5273529.0</SimpleData>
		<SimpleData name="Name_1">TK.SALMA</SimpleData>
		<SimpleData name="Represent_">9.0052442E7</SimpleData>
		<SimpleData name="Jwk_Salesman">KAMIS GENAP</SimpleData>
		<SimpleData name="SC">SD400A00133209H</SimpleData>
		<SimpleData name="Descript_">PS. INDRA LOKA II</SimpleData>
		<SimpleData name="LAT">-4.2018424</SimpleData>
		<SimpleData name="LONG">105.151451</SimpleData>
	</SchemaData></ExtendedData>
      <Point><coordinates>105.151451,-4.2018424,0</coordinates></Point>
  </Placemark>
  <Placemark id="doc__cov_rudi_mey_26xlsx.82">
	<name>Rudi Anggoro</name>
	<description>Customer: 2951121&lt;br&gt;Name 1: TK.NAJWA&lt;br&gt;Represent.: 90052442&lt;br&gt;Jwk Salesman: KAMIS GANJIL&lt;br&gt;SC: SD400A00133203H&lt;br&gt;Descript.: Gd. Boga&lt;br&gt;LAT: -4.1381916&lt;br&gt;LONG: 105.0937695</description>
	<ExtendedData><SchemaData schemaUrl="#doc__cov_rudi_mey_26xlsx">
		<SimpleData name="tessellate">-1</SimpleData>
		<SimpleData name="extrude">0</SimpleData>
		<SimpleData name="visibility">-1</SimpleData>
		<SimpleData name="Customer">2951121.0</SimpleData>
		<SimpleData name="Name_1">TK.NAJWA</SimpleData>
		<SimpleData name="Represent_">9.0052442E7</SimpleData>
		<SimpleData name="Jwk_Salesman">KAMIS GANJIL</SimpleData>
		<SimpleData name="SC">SD400A00133203H</SimpleData>
		<SimpleData name="Descript_">Gd. Boga</SimpleData>
		<SimpleData name="LAT">-4.1381916</SimpleData>
		<SimpleData name="LONG">105.0937695</SimpleData>
	</SchemaData></ExtendedData>
      <Point><coordinates>105.0937695,-4.1381916,0</coordinates></Point>
  </Placemark>
  <Placemark id="doc__cov_rudi_mey_26xlsx.83">
	<name>Rudi Anggoro</name>
	<description>Customer: 5586318&lt;br&gt;Name 1: TOKO BU NENENG&lt;br&gt;Represent.: 90052442&lt;br&gt;Jwk Salesman: KAMIS GENAP&lt;br&gt;SC: SD400A00133256H&lt;br&gt;Descript.: Gd. Boga&lt;br&gt;LAT: -4.1553422&lt;br&gt;LONG: 105.109737</description>
	<ExtendedData><SchemaData schemaUrl="#doc__cov_rudi_mey_26xlsx">
		<SimpleData name="tessellate">-1</SimpleData>
		<SimpleData name="extrude">0</SimpleData>
		<SimpleData name="visibility">-1</SimpleData>
		<SimpleData name="Customer">5586318.0</SimpleData>
		<SimpleData name="Name_1">TOKO BU NENENG</SimpleData>
		<SimpleData name="Represent_">9.0052442E7</SimpleData>
		<SimpleData name="Jwk_Salesman">KAMIS GENAP</SimpleData>
		<SimpleData name="SC">SD400A00133256H</SimpleData>
		<SimpleData name="Descript_">Gd. Boga</SimpleData>
		<SimpleData name="LAT">-4.1553422</SimpleData>
		<SimpleData name="LONG">105.109737</SimpleData>
	</SchemaData></ExtendedData>
      <Point><coordinates>105.109737,-4.1553422,0</coordinates></Point>
  </Placemark>
  <Placemark id="doc__cov_rudi_mey_26xlsx.84">
	<name>Rudi Anggoro</name>
	<description>Customer: 5586456&lt;br&gt;Name 1: TOKO MBA YULI&lt;br&gt;Represent.: 90052442&lt;br&gt;Jwk Salesman: JUMAT GENAP&lt;br&gt;SC: SD400A00133285H&lt;br&gt;Descript.: PS. LINGKARAN&lt;br&gt;LAT: -3.9268382&lt;br&gt;LONG: 105.4030969</description>
	<ExtendedData><SchemaData schemaUrl="#doc__cov_rudi_mey_26xlsx">
		<SimpleData name="tessellate">-1</SimpleData>
		<SimpleData name="extrude">0</SimpleData>
		<SimpleData name="visibility">-1</SimpleData>
		<SimpleData name="Customer">5586456.0</SimpleData>
		<SimpleData name="Name_1">TOKO MBA YULI</SimpleData>
		<SimpleData name="Represent_">9.0052442E7</SimpleData>
		<SimpleData name="Jwk_Salesman">JUMAT GENAP</SimpleData>
		<SimpleData name="SC">SD400A00133285H</SimpleData>
		<SimpleData name="Descript_">PS. LINGKARAN</SimpleData>
		<SimpleData name="LAT">-3.9268382</SimpleData>
		<SimpleData name="LONG">105.4030969</SimpleData>
	</SchemaData></ExtendedData>
      <Point><coordinates>105.4030969,-3.9268382,0</coordinates></Point>
  </Placemark>
  <Placemark id="doc__cov_rudi_mey_26xlsx.85">
	<name>Rudi Anggoro</name>
	<description>Customer: 5586458&lt;br&gt;Name 1: TOKO ANDRIAN RIFAI&lt;br&gt;Represent.: 90052442&lt;br&gt;Jwk Salesman: JUMAT GENAP&lt;br&gt;SC: SD400A00132447H&lt;br&gt;Descript.: PS. LINGKARAN&lt;br&gt;LAT: -3.9235679&lt;br&gt;LONG: 105.4222546</description>
	<ExtendedData><SchemaData schemaUrl="#doc__cov_rudi_mey_26xlsx">
		<SimpleData name="tessellate">-1</SimpleData>
		<SimpleData name="extrude">0</SimpleData>
		<SimpleData name="visibility">-1</SimpleData>
		<SimpleData name="Customer">5586458.0</SimpleData>
		<SimpleData name="Name_1">TOKO ANDRIAN RIFAI</SimpleData>
		<SimpleData name="Represent_">9.0052442E7</SimpleData>
		<SimpleData name="Jwk_Salesman">JUMAT GENAP</SimpleData>
		<SimpleData name="SC">SD400A00132447H</SimpleData>
		<SimpleData name="Descript_">PS. LINGKARAN</SimpleData>
		<SimpleData name="LAT">-3.9235679</SimpleData>
		<SimpleData name="LONG">105.4222546</SimpleData>
	</SchemaData></ExtendedData>
      <Point><coordinates>105.4222546,-3.9235679,0</coordinates></Point>
  </Placemark>
  <Placemark id="doc__cov_rudi_mey_26xlsx.86">
	<name>Rudi Anggoro</name>
	<description>Customer: 5586459&lt;br&gt;Name 1: TOKO FADIL&lt;br&gt;Represent.: 90052442&lt;br&gt;Jwk Salesman: JUMAT GENAP&lt;br&gt;SC: SD400A00132973H&lt;br&gt;Descript.: PS. LINGKARAN&lt;br&gt;LAT: -3.921093&lt;br&gt;LONG: 105.4262427</description>
	<ExtendedData><SchemaData schemaUrl="#doc__cov_rudi_mey_26xlsx">
		<SimpleData name="tessellate">-1</SimpleData>
		<SimpleData name="extrude">0</SimpleData>
		<SimpleData name="visibility">-1</SimpleData>
		<SimpleData name="Customer">5586459.0</SimpleData>
		<SimpleData name="Name_1">TOKO FADIL</SimpleData>
		<SimpleData name="Represent_">9.0052442E7</SimpleData>
		<SimpleData name="Jwk_Salesman">JUMAT GENAP</SimpleData>
		<SimpleData name="SC">SD400A00132973H</SimpleData>
		<SimpleData name="Descript_">PS. LINGKARAN</SimpleData>
		<SimpleData name="LAT">-3.921093</SimpleData>
		<SimpleData name="LONG">105.4262427</SimpleData>
	</SchemaData></ExtendedData>
      <Point><coordinates>105.4262427,-3.921093,0</coordinates></Point>
  </Placemark>
  <Placemark id="doc__cov_rudi_mey_26xlsx.87">
	<name>Rudi Anggoro</name>
	<description>Customer: 5586461&lt;br&gt;Name 1: TOKO ENZI&lt;br&gt;Represent.: 90052442&lt;br&gt;Jwk Salesman: JUMAT GENAP&lt;br&gt;SC: SD400A00132448H&lt;br&gt;Descript.: PS. LINGKARAN&lt;br&gt;LAT: -3.9598074&lt;br&gt;LONG: 105.4151625</description>
	<ExtendedData><SchemaData schemaUrl="#doc__cov_rudi_mey_26xlsx">
		<SimpleData name="tessellate">-1</SimpleData>
		<SimpleData name="extrude">0</SimpleData>
		<SimpleData name="visibility">-1</SimpleData>
		<SimpleData name="Customer">5586461.0</SimpleData>
		<SimpleData name="Name_1">TOKO ENZI</SimpleData>
		<SimpleData name="Represent_">9.0052442E7</SimpleData>
		<SimpleData name="Jwk_Salesman">JUMAT GENAP</SimpleData>
		<SimpleData name="SC">SD400A00132448H</SimpleData>
		<SimpleData name="Descript_">PS. LINGKARAN</SimpleData>
		<SimpleData name="LAT">-3.9598074</SimpleData>
		<SimpleData name="LONG">105.4151625</SimpleData>
	</SchemaData></ExtendedData>
      <Point><coordinates>105.4151625,-3.9598074,0</coordinates></Point>
  </Placemark>
  <Placemark id="doc__cov_rudi_mey_26xlsx.88">
	<name>Rudi Anggoro</name>
	<description>Customer: 248302&lt;br&gt;Name 1: TK.PRATAMA&lt;br&gt;Represent.: 90052442&lt;br&gt;Jwk Salesman: SABTU GENAP&lt;br&gt;SC: SD400A00124906E&lt;br&gt;Descript.: Wirabangun&lt;br&gt;LAT: -3.9988184&lt;br&gt;LONG: 105.1687647</description>
	<ExtendedData><SchemaData schemaUrl="#doc__cov_rudi_mey_26xlsx">
		<SimpleData name="tessellate">-1</SimpleData>
		<SimpleData name="extrude">0</SimpleData>
		<SimpleData name="visibility">-1</SimpleData>
		<SimpleData name="Customer">248302.0</SimpleData>
		<SimpleData name="Name_1">TK.PRATAMA</SimpleData>
		<SimpleData name="Represent_">9.0052442E7</SimpleData>
		<SimpleData name="Jwk_Salesman">SABTU GENAP</SimpleData>
		<SimpleData name="SC">SD400A00124906E</SimpleData>
		<SimpleData name="Descript_">Wirabangun</SimpleData>
		<SimpleData name="LAT">-3.9988184</SimpleData>
		<SimpleData name="LONG">105.1687647</SimpleData>
	</SchemaData></ExtendedData>
      <Point><coordinates>105.1687647,-3.9988184,0</coordinates></Point>
  </Placemark>
  <Placemark id="doc__cov_rudi_mey_26xlsx.89">
	<name>Rudi Anggoro</name>
	<description>Customer: 358137&lt;br&gt;Name 1: TK.JAYA ABADI WIRA BANGUN&lt;br&gt;Represent.: 90052442&lt;br&gt;Jwk Salesman: SABTU GENAP&lt;br&gt;SC: SD400A00133206H&lt;br&gt;Descript.: Wirabangun&lt;br&gt;LAT: -3.9982695&lt;br&gt;LONG: 105.1806811</description>
	<ExtendedData><SchemaData schemaUrl="#doc__cov_rudi_mey_26xlsx">
		<SimpleData name="tessellate">-1</SimpleData>
		<SimpleData name="extrude">0</SimpleData>
		<SimpleData name="visibility">-1</SimpleData>
		<SimpleData name="Customer">358137.0</SimpleData>
		<SimpleData name="Name_1">TK.JAYA ABADI WIRA BANGUN</SimpleData>
		<SimpleData name="Represent_">9.0052442E7</SimpleData>
		<SimpleData name="Jwk_Salesman">SABTU GENAP</SimpleData>
		<SimpleData name="SC">SD400A00133206H</SimpleData>
		<SimpleData name="Descript_">Wirabangun</SimpleData>
		<SimpleData name="LAT">-3.9982695</SimpleData>
		<SimpleData name="LONG">105.1806811</SimpleData>
	</SchemaData></ExtendedData>
      <Point><coordinates>105.1806811,-3.9982695,0</coordinates></Point>
  </Placemark>
  <Placemark id="doc__cov_rudi_mey_26xlsx.90">
	<name>Rudi Anggoro</name>
	<description>Customer: 3211337&lt;br&gt;Name 1: TK.ANDI MART&lt;br&gt;Represent.: 90052442&lt;br&gt;Jwk Salesman: JUMAT GENAP&lt;br&gt;SC: SD400A00133229H&lt;br&gt;Descript.: PS. LINGKARAN&lt;br&gt;LAT: -3.9155156&lt;br&gt;LONG: 105.4279717</description>
	<ExtendedData><SchemaData schemaUrl="#doc__cov_rudi_mey_26xlsx">
		<SimpleData name="tessellate">-1</SimpleData>
		<SimpleData name="extrude">0</SimpleData>
		<SimpleData name="visibility">-1</SimpleData>
		<SimpleData name="Customer">3211337.0</SimpleData>
		<SimpleData name="Name_1">TK.ANDI MART</SimpleData>
		<SimpleData name="Represent_">9.0052442E7</SimpleData>
		<SimpleData name="Jwk_Salesman">JUMAT GENAP</SimpleData>
		<SimpleData name="SC">SD400A00133229H</SimpleData>
		<SimpleData name="Descript_">PS. LINGKARAN</SimpleData>
		<SimpleData name="LAT">-3.9155156</SimpleData>
		<SimpleData name="LONG">105.4279717</SimpleData>
	</SchemaData></ExtendedData>
      <Point><coordinates>105.4279717,-3.9155156,0</coordinates></Point>
  </Placemark>
  <Placemark id="doc__cov_rudi_mey_26xlsx.91">
	<name>Rudi Anggoro</name>
	<description>Customer: 5588994&lt;br&gt;Name 1: TOKO 2 R&lt;br&gt;Represent.: 90052442&lt;br&gt;Jwk Salesman: SELASA GENAP&lt;br&gt;SC: SD400A00133185H&lt;br&gt;Descript.: Indraloka Luar&lt;br&gt;LAT: -4.191234&lt;br&gt;LONG: 105.226316</description>
	<ExtendedData><SchemaData schemaUrl="#doc__cov_rudi_mey_26xlsx">
		<SimpleData name="tessellate">-1</SimpleData>
		<SimpleData name="extrude">0</SimpleData>
		<SimpleData name="visibility">-1</SimpleData>
		<SimpleData name="Customer">5588994.0</SimpleData>
		<SimpleData name="Name_1">TOKO 2 R</SimpleData>
		<SimpleData name="Represent_">9.0052442E7</SimpleData>
		<SimpleData name="Jwk_Salesman">SELASA GENAP</SimpleData>
		<SimpleData name="SC">SD400A00133185H</SimpleData>
		<SimpleData name="Descript_">Indraloka Luar</SimpleData>
		<SimpleData name="LAT">-4.191234</SimpleData>
		<SimpleData name="LONG">105.226316</SimpleData>
	</SchemaData></ExtendedData>
      <Point><coordinates>105.226316,-4.191234,0</coordinates></Point>
  </Placemark>
  <Placemark id="doc__cov_rudi_mey_26xlsx.92">
	<name>Rudi Anggoro</name>
	<description>Customer: 5589043&lt;br&gt;Name 1: TOKO MALIK&lt;br&gt;Represent.: 90052442&lt;br&gt;Jwk Salesman: SENIN GANJIL&lt;br&gt;SC: SD400A00132471H&lt;br&gt;Descript.: SP5E&lt;br&gt;LAT: -4.173208&lt;br&gt;LONG: 105.166121</description>
	<ExtendedData><SchemaData schemaUrl="#doc__cov_rudi_mey_26xlsx">
		<SimpleData name="tessellate">-1</SimpleData>
		<SimpleData name="extrude">0</SimpleData>
		<SimpleData name="visibility">-1</SimpleData>
		<SimpleData name="Customer">5589043.0</SimpleData>
		<SimpleData name="Name_1">TOKO MALIK</SimpleData>
		<SimpleData name="Represent_">9.0052442E7</SimpleData>
		<SimpleData name="Jwk_Salesman">SENIN GANJIL</SimpleData>
		<SimpleData name="SC">SD400A00132471H</SimpleData>
		<SimpleData name="Descript_">SP5E</SimpleData>
		<SimpleData name="LAT">-4.173208</SimpleData>
		<SimpleData name="LONG">105.166121</SimpleData>
	</SchemaData></ExtendedData>
      <Point><coordinates>105.166121,-4.173208,0</coordinates></Point>
  </Placemark>
  <Placemark id="doc__cov_rudi_mey_26xlsx.93">
	<name>Rudi Anggoro</name>
	<description>Customer: 249784&lt;br&gt;Name 1: TK.AULIA&lt;br&gt;Represent.: 90052442&lt;br&gt;Jwk Salesman: SABTU GENAP&lt;br&gt;SC: SD400A00130192E&lt;br&gt;Descript.: Wirabangun&lt;br&gt;LAT: -3.999416&lt;br&gt;LONG: 105.166351</description>
	<ExtendedData><SchemaData schemaUrl="#doc__cov_rudi_mey_26xlsx">
		<SimpleData name="tessellate">-1</SimpleData>
		<SimpleData name="extrude">0</SimpleData>
		<SimpleData name="visibility">-1</SimpleData>
		<SimpleData name="Customer">249784.0</SimpleData>
		<SimpleData name="Name_1">TK.AULIA</SimpleData>
		<SimpleData name="Represent_">9.0052442E7</SimpleData>
		<SimpleData name="Jwk_Salesman">SABTU GENAP</SimpleData>
		<SimpleData name="SC">SD400A00130192E</SimpleData>
		<SimpleData name="Descript_">Wirabangun</SimpleData>
		<SimpleData name="LAT">-3.999416</SimpleData>
		<SimpleData name="LONG">105.166351</SimpleData>
	</SchemaData></ExtendedData>
      <Point><coordinates>105.166351,-3.999416,0</coordinates></Point>
  </Placemark>
  <Placemark id="doc__cov_rudi_mey_26xlsx.94">
	<name>Rudi Anggoro</name>
	<description>Customer: 1516283&lt;br&gt;Name 1: TK.TUGIONO&lt;br&gt;Represent.: 90052442&lt;br&gt;Jwk Salesman: RABU GANJIL&lt;br&gt;SC: SD400A00130124E&lt;br&gt;Descript.: PS. SPI MENGGALA C&lt;br&gt;LAT: -4.2455527&lt;br&gt;LONG: 105.0370981</description>
	<ExtendedData><SchemaData schemaUrl="#doc__cov_rudi_mey_26xlsx">
		<SimpleData name="tessellate">-1</SimpleData>
		<SimpleData name="extrude">0</SimpleData>
		<SimpleData name="visibility">-1</SimpleData>
		<SimpleData name="Customer">1516283.0</SimpleData>
		<SimpleData name="Name_1">TK.TUGIONO</SimpleData>
		<SimpleData name="Represent_">9.0052442E7</SimpleData>
		<SimpleData name="Jwk_Salesman">RABU GANJIL</SimpleData>
		<SimpleData name="SC">SD400A00130124E</SimpleData>
		<SimpleData name="Descript_">PS. SPI MENGGALA C</SimpleData>
		<SimpleData name="LAT">-4.2455527</SimpleData>
		<SimpleData name="LONG">105.0370981</SimpleData>
	</SchemaData></ExtendedData>
      <Point><coordinates>105.0370981,-4.2455527,0</coordinates></Point>
  </Placemark>
  <Placemark id="doc__cov_rudi_mey_26xlsx.95">
	<name>Rudi Anggoro</name>
	<description>Customer: 2888265&lt;br&gt;Name 1: TK.YITNO&lt;br&gt;Represent.: 90052442&lt;br&gt;Jwk Salesman: SELASA GANJIL&lt;br&gt;SC: SD400A00130193E&lt;br&gt;Descript.: PS. BUJUNG BURUNG&lt;br&gt;LAT: -3.95312&lt;br&gt;LONG: 105.285568</description>
	<ExtendedData><SchemaData schemaUrl="#doc__cov_rudi_mey_26xlsx">
		<SimpleData name="tessellate">-1</SimpleData>
		<SimpleData name="extrude">0</SimpleData>
		<SimpleData name="visibility">-1</SimpleData>
		<SimpleData name="Customer">2888265.0</SimpleData>
		<SimpleData name="Name_1">TK.YITNO</SimpleData>
		<SimpleData name="Represent_">9.0052442E7</SimpleData>
		<SimpleData name="Jwk_Salesman">SELASA GANJIL</SimpleData>
		<SimpleData name="SC">SD400A00130193E</SimpleData>
		<SimpleData name="Descript_">PS. BUJUNG BURUNG</SimpleData>
		<SimpleData name="LAT">-3.95312</SimpleData>
		<SimpleData name="LONG">105.285568</SimpleData>
	</SchemaData></ExtendedData>
      <Point><coordinates>105.285568,-3.95312,0</coordinates></Point>
  </Placemark>
  <Placemark id="doc__cov_rudi_mey_26xlsx.96">
	<name>Rudi Anggoro</name>
	<description>Customer: 5510328&lt;br&gt;Name 1: Tani mulya&lt;br&gt;Represent.: 90052442&lt;br&gt;Jwk Salesman: RABU GANJIL&lt;br&gt;SC: SD400A00130158E&lt;br&gt;Descript.: PS. SPI MENGGALA C&lt;br&gt;LAT: -4.2456092&lt;br&gt;LONG: 105.0344514</description>
	<ExtendedData><SchemaData schemaUrl="#doc__cov_rudi_mey_26xlsx">
		<SimpleData name="tessellate">-1</SimpleData>
		<SimpleData name="extrude">0</SimpleData>
		<SimpleData name="visibility">-1</SimpleData>
		<SimpleData name="Customer">5510328.0</SimpleData>
		<SimpleData name="Name_1">Tani mulya</SimpleData>
		<SimpleData name="Represent_">9.0052442E7</SimpleData>
		<SimpleData name="Jwk_Salesman">RABU GANJIL</SimpleData>
		<SimpleData name="SC">SD400A00130158E</SimpleData>
		<SimpleData name="Descript_">PS. SPI MENGGALA C</SimpleData>
		<SimpleData name="LAT">-4.2456092</SimpleData>
		<SimpleData name="LONG">105.0344514</SimpleData>
	</SchemaData></ExtendedData>
      <Point><coordinates>105.0344514,-4.2456092,0</coordinates></Point>
  </Placemark>
  <Placemark id="doc__cov_rudi_mey_26xlsx.97">
	<name>Rudi Anggoro</name>
	<description>Customer: 5590937&lt;br&gt;Name 1: RR CELL&lt;br&gt;Represent.: 90052442&lt;br&gt;Jwk Salesman: SENIN GENAP&lt;br&gt;SC: SD400A00130160E&lt;br&gt;Descript.: Batu Putih&lt;br&gt;LAT: -4.3595312&lt;br&gt;LONG: 105.0284832</description>
	<ExtendedData><SchemaData schemaUrl="#doc__cov_rudi_mey_26xlsx">
		<SimpleData name="tessellate">-1</SimpleData>
		<SimpleData name="extrude">0</SimpleData>
		<SimpleData name="visibility">-1</SimpleData>
		<SimpleData name="Customer">5590937.0</SimpleData>
		<SimpleData name="Name_1">RR CELL</SimpleData>
		<SimpleData name="Represent_">9.0052442E7</SimpleData>
		<SimpleData name="Jwk_Salesman">SENIN GENAP</SimpleData>
		<SimpleData name="SC">SD400A00130160E</SimpleData>
		<SimpleData name="Descript_">Batu Putih</SimpleData>
		<SimpleData name="LAT">-4.3595312</SimpleData>
		<SimpleData name="LONG">105.0284832</SimpleData>
	</SchemaData></ExtendedData>
      <Point><coordinates>105.0284832,-4.3595312,0</coordinates></Point>
  </Placemark>
  <Placemark id="doc__cov_rudi_mey_26xlsx.98">
	<name>Rudi Anggoro</name>
	<description>Customer: 602305&lt;br&gt;Name 1: TK.FERRO&lt;br&gt;Represent.: 90052442&lt;br&gt;Jwk Salesman: RABU GENAP&lt;br&gt;SC: SD400A00130849E&lt;br&gt;Descript.: PS. SPI MENGGALA C&lt;br&gt;LAT: -4.260287&lt;br&gt;LONG: 105.1059749</description>
	<ExtendedData><SchemaData schemaUrl="#doc__cov_rudi_mey_26xlsx">
		<SimpleData name="tessellate">-1</SimpleData>
		<SimpleData name="extrude">0</SimpleData>
		<SimpleData name="visibility">-1</SimpleData>
		<SimpleData name="Customer">602305.0</SimpleData>
		<SimpleData name="Name_1">TK.FERRO</SimpleData>
		<SimpleData name="Represent_">9.0052442E7</SimpleData>
		<SimpleData name="Jwk_Salesman">RABU GENAP</SimpleData>
		<SimpleData name="SC">SD400A00130849E</SimpleData>
		<SimpleData name="Descript_">PS. SPI MENGGALA C</SimpleData>
		<SimpleData name="LAT">-4.260287</SimpleData>
		<SimpleData name="LONG">105.1059749</SimpleData>
	</SchemaData></ExtendedData>
      <Point><coordinates>105.1059749,-4.260287,0</coordinates></Point>
  </Placemark>
  <Placemark id="doc__cov_rudi_mey_26xlsx.99">
	<name>Rudi Anggoro</name>
	<description>Customer: 5594185&lt;br&gt;Name 1: TOKO IRAWAN&lt;br&gt;Represent.: 90052442&lt;br&gt;Jwk Salesman: RABU GENAP&lt;br&gt;SC: SD400A00130846E&lt;br&gt;Descript.: PS. UNYIL MENGGALA C&lt;br&gt;LAT: -4.2968763&lt;br&gt;LONG: 105.1011747</description>
	<ExtendedData><SchemaData schemaUrl="#doc__cov_rudi_mey_26xlsx">
		<SimpleData name="tessellate">-1</SimpleData>
		<SimpleData name="extrude">0</SimpleData>
		<SimpleData name="visibility">-1</SimpleData>
		<SimpleData name="Customer">5594185.0</SimpleData>
		<SimpleData name="Name_1">TOKO IRAWAN</SimpleData>
		<SimpleData name="Represent_">9.0052442E7</SimpleData>
		<SimpleData name="Jwk_Salesman">RABU GENAP</SimpleData>
		<SimpleData name="SC">SD400A00130846E</SimpleData>
		<SimpleData name="Descript_">PS. UNYIL MENGGALA C</SimpleData>
		<SimpleData name="LAT">-4.2968763</SimpleData>
		<SimpleData name="LONG">105.1011747</SimpleData>
	</SchemaData></ExtendedData>
      <Point><coordinates>105.1011747,-4.2968763,0</coordinates></Point>
  </Placemark>
  <Placemark id="doc__cov_rudi_mey_26xlsx.100">
	<name>Rudi Anggoro</name>
	<description>Customer: 4627679&lt;br&gt;Name 1: TK.PAK GOFUR DKM&lt;br&gt;Represent.: 90052442&lt;br&gt;Jwk Salesman: JUMAT GANJIL&lt;br&gt;SC: SD400A00130183E&lt;br&gt;Descript.: PS.KOTA MANDIRI(KTM)&lt;br&gt;LAT: -4.216404&lt;br&gt;LONG: 105.2924594</description>
	<ExtendedData><SchemaData schemaUrl="#doc__cov_rudi_mey_26xlsx">
		<SimpleData name="tessellate">-1</SimpleData>
		<SimpleData name="extrude">0</SimpleData>
		<SimpleData name="visibility">-1</SimpleData>
		<SimpleData name="Customer">4627679.0</SimpleData>
		<SimpleData name="Name_1">TK.PAK GOFUR DKM</SimpleData>
		<SimpleData name="Represent_">9.0052442E7</SimpleData>
		<SimpleData name="Jwk_Salesman">JUMAT GANJIL</SimpleData>
		<SimpleData name="SC">SD400A00130183E</SimpleData>
		<SimpleData name="Descript_">PS.KOTA MANDIRI(KTM)</SimpleData>
		<SimpleData name="LAT">-4.216404</SimpleData>
		<SimpleData name="LONG">105.2924594</SimpleData>
	</SchemaData></ExtendedData>
      <Point><coordinates>105.2924594,-4.216404,0</coordinates></Point>
  </Placemark>
  <Placemark id="doc__cov_rudi_mey_26xlsx.101">
	<name>Rudi Anggoro</name>
	<description>Customer: 5595100&lt;br&gt;Name 1: TK BU ASTRI&lt;br&gt;Represent.: 90052442&lt;br&gt;Jwk Salesman: JUMAT GENAP&lt;br&gt;SC: SD400A00130847E&lt;br&gt;Descript.: Margo Jadi Mesuji&lt;br&gt;LAT: -4.014299&lt;br&gt;LONG: 105.463955</description>
	<ExtendedData><SchemaData schemaUrl="#doc__cov_rudi_mey_26xlsx">
		<SimpleData name="tessellate">-1</SimpleData>
		<SimpleData name="extrude">0</SimpleData>
		<SimpleData name="visibility">-1</SimpleData>
		<SimpleData name="Customer">5595100.0</SimpleData>
		<SimpleData name="Name_1">TK BU ASTRI</SimpleData>
		<SimpleData name="Represent_">9.0052442E7</SimpleData>
		<SimpleData name="Jwk_Salesman">JUMAT GENAP</SimpleData>
		<SimpleData name="SC">SD400A00130847E</SimpleData>
		<SimpleData name="Descript_">Margo Jadi Mesuji</SimpleData>
		<SimpleData name="LAT">-4.014299</SimpleData>
		<SimpleData name="LONG">105.463955</SimpleData>
	</SchemaData></ExtendedData>
      <Point><coordinates>105.463955,-4.014299,0</coordinates></Point>
  </Placemark>
  <Placemark id="doc__cov_rudi_mey_26xlsx.102">
	<name>Rudi Anggoro</name>
	<description>Customer: 5595101&lt;br&gt;Name 1: TK ELVANO&lt;br&gt;Represent.: 90052442&lt;br&gt;Jwk Salesman: JUMAT GANJIL&lt;br&gt;SC: SD400A00130191E&lt;br&gt;Descript.: Margo Jadi Mesuji&lt;br&gt;LAT: -4.025092&lt;br&gt;LONG: 105.2550982</description>
	<ExtendedData><SchemaData schemaUrl="#doc__cov_rudi_mey_26xlsx">
		<SimpleData name="tessellate">-1</SimpleData>
		<SimpleData name="extrude">0</SimpleData>
		<SimpleData name="visibility">-1</SimpleData>
		<SimpleData name="Customer">5595101.0</SimpleData>
		<SimpleData name="Name_1">TK ELVANO</SimpleData>
		<SimpleData name="Represent_">9.0052442E7</SimpleData>
		<SimpleData name="Jwk_Salesman">JUMAT GANJIL</SimpleData>
		<SimpleData name="SC">SD400A00130191E</SimpleData>
		<SimpleData name="Descript_">Margo Jadi Mesuji</SimpleData>
		<SimpleData name="LAT">-4.025092</SimpleData>
		<SimpleData name="LONG">105.2550982</SimpleData>
	</SchemaData></ExtendedData>
      <Point><coordinates>105.2550982,-4.025092,0</coordinates></Point>
  </Placemark>
  <Placemark id="doc__cov_rudi_mey_26xlsx.103">
	<name>Rudi Anggoro</name>
	<description>Customer: 364601&lt;br&gt;Name 1: TK.DENTA&lt;br&gt;Represent.: 90052442&lt;br&gt;Jwk Salesman: SELASA GENAP&lt;br&gt;SC: SD400A00130184E&lt;br&gt;Descript.: PS. INDRA LOKA II&lt;br&gt;LAT: -4.182157&lt;br&gt;LONG: 105.189942</description>
	<ExtendedData><SchemaData schemaUrl="#doc__cov_rudi_mey_26xlsx">
		<SimpleData name="tessellate">-1</SimpleData>
		<SimpleData name="extrude">0</SimpleData>
		<SimpleData name="visibility">-1</SimpleData>
		<SimpleData name="Customer">364601.0</SimpleData>
		<SimpleData name="Name_1">TK.DENTA</SimpleData>
		<SimpleData name="Represent_">9.0052442E7</SimpleData>
		<SimpleData name="Jwk_Salesman">SELASA GENAP</SimpleData>
		<SimpleData name="SC">SD400A00130184E</SimpleData>
		<SimpleData name="Descript_">PS. INDRA LOKA II</SimpleData>
		<SimpleData name="LAT">-4.182157</SimpleData>
		<SimpleData name="LONG">105.189942</SimpleData>
	</SchemaData></ExtendedData>
      <Point><coordinates>105.189942,-4.182157,0</coordinates></Point>
  </Placemark>
  <Placemark id="doc__cov_rudi_mey_26xlsx.104">
	<name>Rudi Anggoro</name>
	<description>Customer: 3245760&lt;br&gt;Name 1: TK.RASKA&lt;br&gt;Represent.: 90052442&lt;br&gt;Jwk Salesman: SENIN GANJIL&lt;br&gt;SC: SD400A00130176E&lt;br&gt;Descript.: PS. INDRA LOKA II&lt;br&gt;LAT: -4.192391&lt;br&gt;LONG: 105.169226</description>
	<ExtendedData><SchemaData schemaUrl="#doc__cov_rudi_mey_26xlsx">
		<SimpleData name="tessellate">-1</SimpleData>
		<SimpleData name="extrude">0</SimpleData>
		<SimpleData name="visibility">-1</SimpleData>
		<SimpleData name="Customer">3245760.0</SimpleData>
		<SimpleData name="Name_1">TK.RASKA</SimpleData>
		<SimpleData name="Represent_">9.0052442E7</SimpleData>
		<SimpleData name="Jwk_Salesman">SENIN GANJIL</SimpleData>
		<SimpleData name="SC">SD400A00130176E</SimpleData>
		<SimpleData name="Descript_">PS. INDRA LOKA II</SimpleData>
		<SimpleData name="LAT">-4.192391</SimpleData>
		<SimpleData name="LONG">105.169226</SimpleData>
	</SchemaData></ExtendedData>
      <Point><coordinates>105.169226,-4.192391,0</coordinates></Point>
  </Placemark>
  <Placemark id="doc__cov_rudi_mey_26xlsx.105">
	<name>Rudi Anggoro</name>
	<description>Customer: 5597295&lt;br&gt;Name 1: TK ABDULRAHMAN&lt;br&gt;Represent.: 90052442&lt;br&gt;Jwk Salesman: SELASA GENAP&lt;br&gt;SC: SD400A00130691E&lt;br&gt;Descript.: Indraloka Luar&lt;br&gt;LAT: -4.194822&lt;br&gt;LONG: 105.194718</description>
	<ExtendedData><SchemaData schemaUrl="#doc__cov_rudi_mey_26xlsx">
		<SimpleData name="tessellate">-1</SimpleData>
		<SimpleData name="extrude">0</SimpleData>
		<SimpleData name="visibility">-1</SimpleData>
		<SimpleData name="Customer">5597295.0</SimpleData>
		<SimpleData name="Name_1">TK ABDULRAHMAN</SimpleData>
		<SimpleData name="Represent_">9.0052442E7</SimpleData>
		<SimpleData name="Jwk_Salesman">SELASA GENAP</SimpleData>
		<SimpleData name="SC">SD400A00130691E</SimpleData>
		<SimpleData name="Descript_">Indraloka Luar</SimpleData>
		<SimpleData name="LAT">-4.194822</SimpleData>
		<SimpleData name="LONG">105.194718</SimpleData>
	</SchemaData></ExtendedData>
      <Point><coordinates>105.194718,-4.194822,0</coordinates></Point>
  </Placemark>
  <Placemark id="doc__cov_rudi_mey_26xlsx.106">
	<name>Rudi Anggoro</name>
	<description>Customer: 2888483&lt;br&gt;Name 1: TK.DIAN&lt;br&gt;Represent.: 90052442&lt;br&gt;Jwk Salesman: SABTU GENAP&lt;br&gt;SC: SD400A00130703E&lt;br&gt;Descript.: Wirabangun&lt;br&gt;LAT: -3.999308&lt;br&gt;LONG: 105.164198</description>
	<ExtendedData><SchemaData schemaUrl="#doc__cov_rudi_mey_26xlsx">
		<SimpleData name="tessellate">-1</SimpleData>
		<SimpleData name="extrude">0</SimpleData>
		<SimpleData name="visibility">-1</SimpleData>
		<SimpleData name="Customer">2888483.0</SimpleData>
		<SimpleData name="Name_1">TK.DIAN</SimpleData>
		<SimpleData name="Represent_">9.0052442E7</SimpleData>
		<SimpleData name="Jwk_Salesman">SABTU GENAP</SimpleData>
		<SimpleData name="SC">SD400A00130703E</SimpleData>
		<SimpleData name="Descript_">Wirabangun</SimpleData>
		<SimpleData name="LAT">-3.999308</SimpleData>
		<SimpleData name="LONG">105.164198</SimpleData>
	</SchemaData></ExtendedData>
      <Point><coordinates>105.164198,-3.999308,0</coordinates></Point>
  </Placemark>
  <Placemark id="doc__cov_rudi_mey_26xlsx.107">
	<name>Rudi Anggoro</name>
	<description>Customer: 3692859&lt;br&gt;Name 1: TK FAIZ&lt;br&gt;Represent.: 90052442&lt;br&gt;Jwk Salesman: SABTU GENAP&lt;br&gt;SC: SD400A00130164E&lt;br&gt;Descript.: Wirabangun&lt;br&gt;LAT: -3.988973&lt;br&gt;LONG: 105.168587</description>
	<ExtendedData><SchemaData schemaUrl="#doc__cov_rudi_mey_26xlsx">
		<SimpleData name="tessellate">-1</SimpleData>
		<SimpleData name="extrude">0</SimpleData>
		<SimpleData name="visibility">-1</SimpleData>
		<SimpleData name="Customer">3692859.0</SimpleData>
		<SimpleData name="Name_1">TK FAIZ</SimpleData>
		<SimpleData name="Represent_">9.0052442E7</SimpleData>
		<SimpleData name="Jwk_Salesman">SABTU GENAP</SimpleData>
		<SimpleData name="SC">SD400A00130164E</SimpleData>
		<SimpleData name="Descript_">Wirabangun</SimpleData>
		<SimpleData name="LAT">-3.988973</SimpleData>
		<SimpleData name="LONG">105.168587</SimpleData>
	</SchemaData></ExtendedData>
      <Point><coordinates>105.168587,-3.988973,0</coordinates></Point>
  </Placemark>
  <Placemark id="doc__cov_rudi_mey_26xlsx.108">
	<name>Rudi Anggoro</name>
	<description>Customer: 5598767&lt;br&gt;Name 1: WR OLIVE&lt;br&gt;Represent.: 90052442&lt;br&gt;Jwk Salesman: SABTU GENAP&lt;br&gt;SC: SD400A00130177E&lt;br&gt;Descript.: PS. SPUA&lt;br&gt;LAT: -3.982987&lt;br&gt;LONG: 105.151746</description>
	<ExtendedData><SchemaData schemaUrl="#doc__cov_rudi_mey_26xlsx">
		<SimpleData name="tessellate">-1</SimpleData>
		<SimpleData name="extrude">0</SimpleData>
		<SimpleData name="visibility">-1</SimpleData>
		<SimpleData name="Customer">5598767.0</SimpleData>
		<SimpleData name="Name_1">WR OLIVE</SimpleData>
		<SimpleData name="Represent_">9.0052442E7</SimpleData>
		<SimpleData name="Jwk_Salesman">SABTU GENAP</SimpleData>
		<SimpleData name="SC">SD400A00130177E</SimpleData>
		<SimpleData name="Descript_">PS. SPUA</SimpleData>
		<SimpleData name="LAT">-3.982987</SimpleData>
		<SimpleData name="LONG">105.151746</SimpleData>
	</SchemaData></ExtendedData>
      <Point><coordinates>105.151746,-3.982987,0</coordinates></Point>
  </Placemark>
  <Placemark id="doc__cov_rudi_mey_26xlsx.109">
	<name>Rudi Anggoro</name>
	<description>Customer: 5599912&lt;br&gt;Name 1: TK RIVAL CELL&lt;br&gt;Represent.: 90052442&lt;br&gt;Jwk Salesman: RABU GENAP&lt;br&gt;SC: SD400A00130190E&lt;br&gt;Descript.: PS. SPI MENGGALA C&lt;br&gt;LAT: -4.260182&lt;br&gt;LONG: 105.108675</description>
	<ExtendedData><SchemaData schemaUrl="#doc__cov_rudi_mey_26xlsx">
		<SimpleData name="tessellate">-1</SimpleData>
		<SimpleData name="extrude">0</SimpleData>
		<SimpleData name="visibility">-1</SimpleData>
		<SimpleData name="Customer">5599912.0</SimpleData>
		<SimpleData name="Name_1">TK RIVAL CELL</SimpleData>
		<SimpleData name="Represent_">9.0052442E7</SimpleData>
		<SimpleData name="Jwk_Salesman">RABU GENAP</SimpleData>
		<SimpleData name="SC">SD400A00130190E</SimpleData>
		<SimpleData name="Descript_">PS. SPI MENGGALA C</SimpleData>
		<SimpleData name="LAT">-4.260182</SimpleData>
		<SimpleData name="LONG">105.108675</SimpleData>
	</SchemaData></ExtendedData>
      <Point><coordinates>105.108675,-4.260182,0</coordinates></Point>
  </Placemark>
  <Placemark id="doc__cov_rudi_mey_26xlsx.110">
	<name>Rudi Anggoro</name>
	<description>Customer: 434839&lt;br&gt;Name 1: TK.TIFAH&lt;br&gt;Represent.: 90052442&lt;br&gt;Jwk Salesman: SENIN GENAP&lt;br&gt;SC: SD400A00130195E&lt;br&gt;Descript.: Batu Putih&lt;br&gt;LAT: -4.306998&lt;br&gt;LONG: 105.014485</description>
	<ExtendedData><SchemaData schemaUrl="#doc__cov_rudi_mey_26xlsx">
		<SimpleData name="tessellate">-1</SimpleData>
		<SimpleData name="extrude">0</SimpleData>
		<SimpleData name="visibility">-1</SimpleData>
		<SimpleData name="Customer">434839.0</SimpleData>
		<SimpleData name="Name_1">TK.TIFAH</SimpleData>
		<SimpleData name="Represent_">9.0052442E7</SimpleData>
		<SimpleData name="Jwk_Salesman">SENIN GENAP</SimpleData>
		<SimpleData name="SC">SD400A00130195E</SimpleData>
		<SimpleData name="Descript_">Batu Putih</SimpleData>
		<SimpleData name="LAT">-4.306998</SimpleData>
		<SimpleData name="LONG">105.014485</SimpleData>
	</SchemaData></ExtendedData>
      <Point><coordinates>105.014485,-4.306998,0</coordinates></Point>
  </Placemark>
  <Placemark id="doc__cov_rudi_mey_26xlsx.111">
	<name>Rudi Anggoro</name>
	<description>Customer: 3971628&lt;br&gt;Name 1: WR KEISHA&lt;br&gt;Represent.: 90052442&lt;br&gt;Jwk Salesman: SENIN GENAP&lt;br&gt;SC: SD400A00130170E&lt;br&gt;Descript.: pasar traya&lt;br&gt;LAT: -4.31649&lt;br&gt;LONG: 105.064499</description>
	<ExtendedData><SchemaData schemaUrl="#doc__cov_rudi_mey_26xlsx">
		<SimpleData name="tessellate">-1</SimpleData>
		<SimpleData name="extrude">0</SimpleData>
		<SimpleData name="visibility">-1</SimpleData>
		<SimpleData name="Customer">3971628.0</SimpleData>
		<SimpleData name="Name_1">WR KEISHA</SimpleData>
		<SimpleData name="Represent_">9.0052442E7</SimpleData>
		<SimpleData name="Jwk_Salesman">SENIN GENAP</SimpleData>
		<SimpleData name="SC">SD400A00130170E</SimpleData>
		<SimpleData name="Descript_">pasar traya</SimpleData>
		<SimpleData name="LAT">-4.31649</SimpleData>
		<SimpleData name="LONG">105.064499</SimpleData>
	</SchemaData></ExtendedData>
      <Point><coordinates>105.064499,-4.31649,0</coordinates></Point>
  </Placemark>
  <Placemark id="doc__cov_rudi_mey_26xlsx.112">
	<name>Rudi Anggoro</name>
	<description>Customer: 209205&lt;br&gt;Name 1: TK. AKBAR&lt;br&gt;Represent.: 90052442&lt;br&gt;Jwk Salesman: SENIN GANJIL&lt;br&gt;SC: SD400A00133230H&lt;br&gt;Descript.: PS. INDRA LOKA II&lt;br&gt;LAT: -4.197516&lt;br&gt;LONG: 105.160672</description>
	<ExtendedData><SchemaData schemaUrl="#doc__cov_rudi_mey_26xlsx">
		<SimpleData name="tessellate">-1</SimpleData>
		<SimpleData name="extrude">0</SimpleData>
		<SimpleData name="visibility">-1</SimpleData>
		<SimpleData name="Customer">209205.0</SimpleData>
		<SimpleData name="Name_1">TK. AKBAR</SimpleData>
		<SimpleData name="Represent_">9.0052442E7</SimpleData>
		<SimpleData name="Jwk_Salesman">SENIN GANJIL</SimpleData>
		<SimpleData name="SC">SD400A00133230H</SimpleData>
		<SimpleData name="Descript_">PS. INDRA LOKA II</SimpleData>
		<SimpleData name="LAT">-4.197516</SimpleData>
		<SimpleData name="LONG">105.160672</SimpleData>
	</SchemaData></ExtendedData>
      <Point><coordinates>105.160672,-4.197516,0</coordinates></Point>
  </Placemark>
  <Placemark id="doc__cov_rudi_mey_26xlsx.113">
	<name>Rudi Anggoro</name>
	<description>Customer: 321034&lt;br&gt;Name 1: TK.PUTU METRO&lt;br&gt;Represent.: 90052442&lt;br&gt;Jwk Salesman: SENIN GANJIL&lt;br&gt;SC: SD400A00130181E&lt;br&gt;Descript.: SP5E&lt;br&gt;LAT: -4.176809&lt;br&gt;LONG: 105.148589</description>
	<ExtendedData><SchemaData schemaUrl="#doc__cov_rudi_mey_26xlsx">
		<SimpleData name="tessellate">-1</SimpleData>
		<SimpleData name="extrude">0</SimpleData>
		<SimpleData name="visibility">-1</SimpleData>
		<SimpleData name="Customer">321034.0</SimpleData>
		<SimpleData name="Name_1">TK.PUTU METRO</SimpleData>
		<SimpleData name="Represent_">9.0052442E7</SimpleData>
		<SimpleData name="Jwk_Salesman">SENIN GANJIL</SimpleData>
		<SimpleData name="SC">SD400A00130181E</SimpleData>
		<SimpleData name="Descript_">SP5E</SimpleData>
		<SimpleData name="LAT">-4.176809</SimpleData>
		<SimpleData name="LONG">105.148589</SimpleData>
	</SchemaData></ExtendedData>
      <Point><coordinates>105.148589,-4.176809,0</coordinates></Point>
  </Placemark>
  <Placemark id="doc__cov_rudi_mey_26xlsx.114">
	<name>Rudi Anggoro</name>
	<description>Customer: 5602132&lt;br&gt;Name 1: TK MERDEKA TSM&lt;br&gt;Represent.: 90052442&lt;br&gt;Jwk Salesman: KAMIS GANJIL&lt;br&gt;SC: SD400A00132469H&lt;br&gt;Descript.: SP5E&lt;br&gt;LAT: -4.156746&lt;br&gt;LONG: 105.072033</description>
	<ExtendedData><SchemaData schemaUrl="#doc__cov_rudi_mey_26xlsx">
		<SimpleData name="tessellate">-1</SimpleData>
		<SimpleData name="extrude">0</SimpleData>
		<SimpleData name="visibility">-1</SimpleData>
		<SimpleData name="Customer">5602132.0</SimpleData>
		<SimpleData name="Name_1">TK MERDEKA TSM</SimpleData>
		<SimpleData name="Represent_">9.0052442E7</SimpleData>
		<SimpleData name="Jwk_Salesman">KAMIS GANJIL</SimpleData>
		<SimpleData name="SC">SD400A00132469H</SimpleData>
		<SimpleData name="Descript_">SP5E</SimpleData>
		<SimpleData name="LAT">-4.156746</SimpleData>
		<SimpleData name="LONG">105.072033</SimpleData>
	</SchemaData></ExtendedData>
      <Point><coordinates>105.072033,-4.156746,0</coordinates></Point>
  </Placemark>
  <Placemark id="doc__cov_rudi_mey_26xlsx.115">
	<name>Rudi Anggoro</name>
	<description>Customer: 5602160&lt;br&gt;Name 1: WR HAPPY&lt;br&gt;Represent.: 90052442&lt;br&gt;Jwk Salesman: KAMIS GANJIL&lt;br&gt;SC: SD400A00133313H&lt;br&gt;Descript.: Gd. Boga&lt;br&gt;LAT: -4.133308&lt;br&gt;LONG: 105.117793</description>
	<ExtendedData><SchemaData schemaUrl="#doc__cov_rudi_mey_26xlsx">
		<SimpleData name="tessellate">-1</SimpleData>
		<SimpleData name="extrude">0</SimpleData>
		<SimpleData name="visibility">-1</SimpleData>
		<SimpleData name="Customer">5602160.0</SimpleData>
		<SimpleData name="Name_1">WR HAPPY</SimpleData>
		<SimpleData name="Represent_">9.0052442E7</SimpleData>
		<SimpleData name="Jwk_Salesman">KAMIS GANJIL</SimpleData>
		<SimpleData name="SC">SD400A00133313H</SimpleData>
		<SimpleData name="Descript_">Gd. Boga</SimpleData>
		<SimpleData name="LAT">-4.133308</SimpleData>
		<SimpleData name="LONG">105.117793</SimpleData>
	</SchemaData></ExtendedData>
      <Point><coordinates>105.117793,-4.133308,0</coordinates></Point>
  </Placemark>
  <Placemark id="doc__cov_rudi_mey_26xlsx.116">
	<name>Rudi Anggoro</name>
	<description>Customer: 5602166&lt;br&gt;Name 1: TK DAFFA LABUHAN&lt;br&gt;Represent.: 90052442&lt;br&gt;Jwk Salesman: SENIN GANJIL&lt;br&gt;SC: SD400A00133279H&lt;br&gt;Descript.: SP5E&lt;br&gt;LAT: -4.17417&lt;br&gt;LONG: 105.187307</description>
	<ExtendedData><SchemaData schemaUrl="#doc__cov_rudi_mey_26xlsx">
		<SimpleData name="tessellate">-1</SimpleData>
		<SimpleData name="extrude">0</SimpleData>
		<SimpleData name="visibility">-1</SimpleData>
		<SimpleData name="Customer">5602166.0</SimpleData>
		<SimpleData name="Name_1">TK DAFFA LABUHAN</SimpleData>
		<SimpleData name="Represent_">9.0052442E7</SimpleData>
		<SimpleData name="Jwk_Salesman">SENIN GANJIL</SimpleData>
		<SimpleData name="SC">SD400A00133279H</SimpleData>
		<SimpleData name="Descript_">SP5E</SimpleData>
		<SimpleData name="LAT">-4.17417</SimpleData>
		<SimpleData name="LONG">105.187307</SimpleData>
	</SchemaData></ExtendedData>
      <Point><coordinates>105.187307,-4.17417,0</coordinates></Point>
  </Placemark>
  <Placemark id="doc__cov_rudi_mey_26xlsx.117">
	<name>Rudi Anggoro</name>
	<description>Customer: 602337&lt;br&gt;Name 1: TK HERI MESUJI&lt;br&gt;Represent.: 90052442&lt;br&gt;Jwk Salesman: SELASA GANJIL&lt;br&gt;SC: SD400A00134080E&lt;br&gt;Descript.: PS. BUJUNG BURUNG&lt;br&gt;LAT: -3.953363&lt;br&gt;LONG: 105.28788</description>
	<ExtendedData><SchemaData schemaUrl="#doc__cov_rudi_mey_26xlsx">
		<SimpleData name="tessellate">-1</SimpleData>
		<SimpleData name="extrude">0</SimpleData>
		<SimpleData name="visibility">-1</SimpleData>
		<SimpleData name="Customer">602337.0</SimpleData>
		<SimpleData name="Name_1">TK HERI MESUJI</SimpleData>
		<SimpleData name="Represent_">9.0052442E7</SimpleData>
		<SimpleData name="Jwk_Salesman">SELASA GANJIL</SimpleData>
		<SimpleData name="SC">SD400A00134080E</SimpleData>
		<SimpleData name="Descript_">PS. BUJUNG BURUNG</SimpleData>
		<SimpleData name="LAT">-3.953363</SimpleData>
		<SimpleData name="LONG">105.28788</SimpleData>
	</SchemaData></ExtendedData>
      <Point><coordinates>105.28788,-3.953363,0</coordinates></Point>
  </Placemark>
  <Placemark id="doc__cov_rudi_mey_26xlsx.118">
	<name>Rudi Anggoro</name>
	<description>Customer: 5605770&lt;br&gt;Name 1: TK EK MITRA UTAMA&lt;br&gt;Represent.: 90052442&lt;br&gt;Jwk Salesman: RABU GENAP&lt;br&gt;SC: SD400A00134338E&lt;br&gt;Descript.: Kibang Budi Jaya&lt;br&gt;LAT: -4.3169&lt;br&gt;LONG: 105.10229</description>
	<ExtendedData><SchemaData schemaUrl="#doc__cov_rudi_mey_26xlsx">
		<SimpleData name="tessellate">-1</SimpleData>
		<SimpleData name="extrude">0</SimpleData>
		<SimpleData name="visibility">-1</SimpleData>
		<SimpleData name="Customer">5605770.0</SimpleData>
		<SimpleData name="Name_1">TK EK MITRA UTAMA</SimpleData>
		<SimpleData name="Represent_">9.0052442E7</SimpleData>
		<SimpleData name="Jwk_Salesman">RABU GENAP</SimpleData>
		<SimpleData name="SC">SD400A00134338E</SimpleData>
		<SimpleData name="Descript_">Kibang Budi Jaya</SimpleData>
		<SimpleData name="LAT">-4.3169</SimpleData>
		<SimpleData name="LONG">105.10229</SimpleData>
	</SchemaData></ExtendedData>
      <Point><coordinates>105.10229,-4.3169,0</coordinates></Point>
  </Placemark>
  <Placemark id="doc__cov_rudi_mey_26xlsx.119">
	<name>Rudi Anggoro</name>
	<description>Customer: 5605792&lt;br&gt;Name 1: TK EMBUN CELL&lt;br&gt;Represent.: 90052442&lt;br&gt;Jwk Salesman: RABU GENAP&lt;br&gt;SC: SD400A00134116E&lt;br&gt;Descript.: PS. SP 2 MENGGALA C&lt;br&gt;LAT: -4.266748&lt;br&gt;LONG: 105.046534</description>
	<ExtendedData><SchemaData schemaUrl="#doc__cov_rudi_mey_26xlsx">
		<SimpleData name="tessellate">-1</SimpleData>
		<SimpleData name="extrude">0</SimpleData>
		<SimpleData name="visibility">-1</SimpleData>
		<SimpleData name="Customer">5605792.0</SimpleData>
		<SimpleData name="Name_1">TK EMBUN CELL</SimpleData>
		<SimpleData name="Represent_">9.0052442E7</SimpleData>
		<SimpleData name="Jwk_Salesman">RABU GENAP</SimpleData>
		<SimpleData name="SC">SD400A00134116E</SimpleData>
		<SimpleData name="Descript_">PS. SP 2 MENGGALA C</SimpleData>
		<SimpleData name="LAT">-4.266748</SimpleData>
		<SimpleData name="LONG">105.046534</SimpleData>
	</SchemaData></ExtendedData>
      <Point><coordinates>105.046534,-4.266748,0</coordinates></Point>
  </Placemark>
  <Placemark id="doc__cov_rudi_mey_26xlsx.120">
	<name>Rudi Anggoro</name>
	<description>Customer: 5606493&lt;br&gt;Name 1: TK MBA RINI&lt;br&gt;Represent.: 90052442&lt;br&gt;Jwk Salesman: SABTU GENAP&lt;br&gt;SC: SD400A00135195E&lt;br&gt;Descript.: PS. SPUA&lt;br&gt;LAT: -4.00553&lt;br&gt;LONG: 105.208468</description>
	<ExtendedData><SchemaData schemaUrl="#doc__cov_rudi_mey_26xlsx">
		<SimpleData name="tessellate">-1</SimpleData>
		<SimpleData name="extrude">0</SimpleData>
		<SimpleData name="visibility">-1</SimpleData>
		<SimpleData name="Customer">5606493.0</SimpleData>
		<SimpleData name="Name_1">TK MBA RINI</SimpleData>
		<SimpleData name="Represent_">9.0052442E7</SimpleData>
		<SimpleData name="Jwk_Salesman">SABTU GENAP</SimpleData>
		<SimpleData name="SC">SD400A00135195E</SimpleData>
		<SimpleData name="Descript_">PS. SPUA</SimpleData>
		<SimpleData name="LAT">-4.00553</SimpleData>
		<SimpleData name="LONG">105.208468</SimpleData>
	</SchemaData></ExtendedData>
      <Point><coordinates>105.208468,-4.00553,0</coordinates></Point>
  </Placemark>
  <Placemark id="doc__cov_rudi_mey_26xlsx.121">
	<name>Rudi Anggoro</name>
	<description>Customer: 3122068&lt;br&gt;Name 1: TK MBK YULI&lt;br&gt;Represent.: 90052442&lt;br&gt;Jwk Salesman: SENIN GENAP&lt;br&gt;SC: SD400A00134497E&lt;br&gt;Descript.: pasar traya&lt;br&gt;LAT: -4.312623&lt;br&gt;LONG: 105.063685</description>
	<ExtendedData><SchemaData schemaUrl="#doc__cov_rudi_mey_26xlsx">
		<SimpleData name="tessellate">-1</SimpleData>
		<SimpleData name="extrude">0</SimpleData>
		<SimpleData name="visibility">-1</SimpleData>
		<SimpleData name="Customer">3122068.0</SimpleData>
		<SimpleData name="Name_1">TK MBK YULI</SimpleData>
		<SimpleData name="Represent_">9.0052442E7</SimpleData>
		<SimpleData name="Jwk_Salesman">SENIN GENAP</SimpleData>
		<SimpleData name="SC">SD400A00134497E</SimpleData>
		<SimpleData name="Descript_">pasar traya</SimpleData>
		<SimpleData name="LAT">-4.312623</SimpleData>
		<SimpleData name="LONG">105.063685</SimpleData>
	</SchemaData></ExtendedData>
      <Point><coordinates>105.063685,-4.312623,0</coordinates></Point>
  </Placemark>
  <Placemark id="doc__cov_rudi_mey_26xlsx.122">
	<name>Rudi Anggoro</name>
	<description>Customer: 602309&lt;br&gt;Name 1: TK BUDI WALUYO&lt;br&gt;Represent.: 90052442&lt;br&gt;Jwk Salesman: RABU GANJIL&lt;br&gt;SC: SD400A00134552E&lt;br&gt;Descript.: PS. SPI MENGGALA C&lt;br&gt;LAT: -4.250275&lt;br&gt;LONG: 105.087727</description>
	<ExtendedData><SchemaData schemaUrl="#doc__cov_rudi_mey_26xlsx">
		<SimpleData name="tessellate">-1</SimpleData>
		<SimpleData name="extrude">0</SimpleData>
		<SimpleData name="visibility">-1</SimpleData>
		<SimpleData name="Customer">602309.0</SimpleData>
		<SimpleData name="Name_1">TK BUDI WALUYO</SimpleData>
		<SimpleData name="Represent_">9.0052442E7</SimpleData>
		<SimpleData name="Jwk_Salesman">RABU GANJIL</SimpleData>
		<SimpleData name="SC">SD400A00134552E</SimpleData>
		<SimpleData name="Descript_">PS. SPI MENGGALA C</SimpleData>
		<SimpleData name="LAT">-4.250275</SimpleData>
		<SimpleData name="LONG">105.087727</SimpleData>
	</SchemaData></ExtendedData>
      <Point><coordinates>105.087727,-4.250275,0</coordinates></Point>
  </Placemark>
  <Placemark id="doc__cov_rudi_mey_26xlsx.123">
	<name>Rudi Anggoro</name>
	<description>Customer: 5609122&lt;br&gt;Name 1: WR ANGGUN&lt;br&gt;Represent.: 90052442&lt;br&gt;Jwk Salesman: RABU GENAP&lt;br&gt;SC: SD400A00134493E&lt;br&gt;Descript.: PS. SP 2 MENGGALA C&lt;br&gt;LAT: -4.281815&lt;br&gt;LONG: 105.097296</description>
	<ExtendedData><SchemaData schemaUrl="#doc__cov_rudi_mey_26xlsx">
		<SimpleData name="tessellate">-1</SimpleData>
		<SimpleData name="extrude">0</SimpleData>
		<SimpleData name="visibility">-1</SimpleData>
		<SimpleData name="Customer">5609122.0</SimpleData>
		<SimpleData name="Name_1">WR ANGGUN</SimpleData>
		<SimpleData name="Represent_">9.0052442E7</SimpleData>
		<SimpleData name="Jwk_Salesman">RABU GENAP</SimpleData>
		<SimpleData name="SC">SD400A00134493E</SimpleData>
		<SimpleData name="Descript_">PS. SP 2 MENGGALA C</SimpleData>
		<SimpleData name="LAT">-4.281815</SimpleData>
		<SimpleData name="LONG">105.097296</SimpleData>
	</SchemaData></ExtendedData>
      <Point><coordinates>105.097296,-4.281815,0</coordinates></Point>
  </Placemark>
  <Placemark id="doc__cov_rudi_mey_26xlsx.124">
	<name>Rudi Anggoro</name>
	<description>Customer: 5609135&lt;br&gt;Name 1: TK BU TATIK&lt;br&gt;Represent.: 90052442&lt;br&gt;Jwk Salesman: SENIN GENAP&lt;br&gt;SC: SD400A00134515E&lt;br&gt;Descript.: Batu Putih&lt;br&gt;LAT: -4.299306&lt;br&gt;LONG: 105.016134</description>
	<ExtendedData><SchemaData schemaUrl="#doc__cov_rudi_mey_26xlsx">
		<SimpleData name="tessellate">-1</SimpleData>
		<SimpleData name="extrude">0</SimpleData>
		<SimpleData name="visibility">-1</SimpleData>
		<SimpleData name="Customer">5609135.0</SimpleData>
		<SimpleData name="Name_1">TK BU TATIK</SimpleData>
		<SimpleData name="Represent_">9.0052442E7</SimpleData>
		<SimpleData name="Jwk_Salesman">SENIN GENAP</SimpleData>
		<SimpleData name="SC">SD400A00134515E</SimpleData>
		<SimpleData name="Descript_">Batu Putih</SimpleData>
		<SimpleData name="LAT">-4.299306</SimpleData>
		<SimpleData name="LONG">105.016134</SimpleData>
	</SchemaData></ExtendedData>
      <Point><coordinates>105.016134,-4.299306,0</coordinates></Point>
  </Placemark>
  <Placemark id="doc__cov_rudi_mey_26xlsx.125">
	<name>Rudi Anggoro</name>
	<description>Customer: 305157&lt;br&gt;Name 1: TK ANANDA&lt;br&gt;Represent.: 90052442&lt;br&gt;Jwk Salesman: SELASA GENAP&lt;br&gt;SC: SD400A00134524E&lt;br&gt;Descript.: Agung Jaya&lt;br&gt;LAT: -4.193833&lt;br&gt;LONG: 105.232511</description>
	<ExtendedData><SchemaData schemaUrl="#doc__cov_rudi_mey_26xlsx">
		<SimpleData name="tessellate">-1</SimpleData>
		<SimpleData name="extrude">0</SimpleData>
		<SimpleData name="visibility">-1</SimpleData>
		<SimpleData name="Customer">305157.0</SimpleData>
		<SimpleData name="Name_1">TK ANANDA</SimpleData>
		<SimpleData name="Represent_">9.0052442E7</SimpleData>
		<SimpleData name="Jwk_Salesman">SELASA GENAP</SimpleData>
		<SimpleData name="SC">SD400A00134524E</SimpleData>
		<SimpleData name="Descript_">Agung Jaya</SimpleData>
		<SimpleData name="LAT">-4.193833</SimpleData>
		<SimpleData name="LONG">105.232511</SimpleData>
	</SchemaData></ExtendedData>
      <Point><coordinates>105.232511,-4.193833,0</coordinates></Point>
  </Placemark>
  <Placemark id="doc__cov_rudi_mey_26xlsx.126">
	<name>Rudi Anggoro</name>
	<description>Customer: 4796981&lt;br&gt;Name 1: TK SRI&lt;br&gt;Represent.: 90052442&lt;br&gt;Jwk Salesman: RABU GENAP&lt;br&gt;SC: SD400A00134557E&lt;br&gt;Descript.: PS. SPI MENGGALA C&lt;br&gt;LAT: -4.262865&lt;br&gt;LONG: 105.108064</description>
	<ExtendedData><SchemaData schemaUrl="#doc__cov_rudi_mey_26xlsx">
		<SimpleData name="tessellate">-1</SimpleData>
		<SimpleData name="extrude">0</SimpleData>
		<SimpleData name="visibility">-1</SimpleData>
		<SimpleData name="Customer">4796981.0</SimpleData>
		<SimpleData name="Name_1">TK SRI</SimpleData>
		<SimpleData name="Represent_">9.0052442E7</SimpleData>
		<SimpleData name="Jwk_Salesman">RABU GENAP</SimpleData>
		<SimpleData name="SC">SD400A00134557E</SimpleData>
		<SimpleData name="Descript_">PS. SPI MENGGALA C</SimpleData>
		<SimpleData name="LAT">-4.262865</SimpleData>
		<SimpleData name="LONG">105.108064</SimpleData>
	</SchemaData></ExtendedData>
      <Point><coordinates>105.108064,-4.262865,0</coordinates></Point>
  </Placemark>
  <Placemark id="doc__cov_rudi_mey_26xlsx.127">
	<name>Rudi Anggoro</name>
	<description>Customer: 5613380&lt;br&gt;Name 1: TK KRISNA ATK&lt;br&gt;Represent.: 90052442&lt;br&gt;Jwk Salesman: SELASA GENAP&lt;br&gt;SC: SD400A00134553E&lt;br&gt;Descript.: Agung Jaya&lt;br&gt;LAT: -4.196805&lt;br&gt;LONG: 105.234149</description>
	<ExtendedData><SchemaData schemaUrl="#doc__cov_rudi_mey_26xlsx">
		<SimpleData name="tessellate">-1</SimpleData>
		<SimpleData name="extrude">0</SimpleData>
		<SimpleData name="visibility">-1</SimpleData>
		<SimpleData name="Customer">5613380.0</SimpleData>
		<SimpleData name="Name_1">TK KRISNA ATK</SimpleData>
		<SimpleData name="Represent_">9.0052442E7</SimpleData>
		<SimpleData name="Jwk_Salesman">SELASA GENAP</SimpleData>
		<SimpleData name="SC">SD400A00134553E</SimpleData>
		<SimpleData name="Descript_">Agung Jaya</SimpleData>
		<SimpleData name="LAT">-4.196805</SimpleData>
		<SimpleData name="LONG">105.234149</SimpleData>
	</SchemaData></ExtendedData>
      <Point><coordinates>105.234149,-4.196805,0</coordinates></Point>
  </Placemark>
  <Placemark id="doc__cov_rudi_mey_26xlsx.128">
	<name>Rudi Anggoro</name>
	<description>Customer: 5617996&lt;br&gt;Name 1: TK SAYURAN MBA DIAH&lt;br&gt;Represent.: 90052442&lt;br&gt;Jwk Salesman: KAMIS GENAP&lt;br&gt;SC: SD400A00134753E&lt;br&gt;Descript.: Gd. Boga&lt;br&gt;LAT: -4.154122&lt;br&gt;LONG: 105.113393</description>
	<ExtendedData><SchemaData schemaUrl="#doc__cov_rudi_mey_26xlsx">
		<SimpleData name="tessellate">-1</SimpleData>
		<SimpleData name="extrude">0</SimpleData>
		<SimpleData name="visibility">-1</SimpleData>
		<SimpleData name="Customer">5617996.0</SimpleData>
		<SimpleData name="Name_1">TK SAYURAN MBA DIAH</SimpleData>
		<SimpleData name="Represent_">9.0052442E7</SimpleData>
		<SimpleData name="Jwk_Salesman">KAMIS GENAP</SimpleData>
		<SimpleData name="SC">SD400A00134753E</SimpleData>
		<SimpleData name="Descript_">Gd. Boga</SimpleData>
		<SimpleData name="LAT">-4.154122</SimpleData>
		<SimpleData name="LONG">105.113393</SimpleData>
	</SchemaData></ExtendedData>
      <Point><coordinates>105.113393,-4.154122,0</coordinates></Point>
  </Placemark>
  <Placemark id="doc__cov_rudi_mey_26xlsx.129">
	<name>Rudi Anggoro</name>
	<description>Customer: 5617998&lt;br&gt;Name 1: TK HANIFAH&lt;br&gt;Represent.: 90052442&lt;br&gt;Jwk Salesman: KAMIS GENAP&lt;br&gt;SC: SD400A00134124E&lt;br&gt;Descript.: Gd. Boga&lt;br&gt;LAT: -4.164368&lt;br&gt;LONG: 105.11313</description>
	<ExtendedData><SchemaData schemaUrl="#doc__cov_rudi_mey_26xlsx">
		<SimpleData name="tessellate">-1</SimpleData>
		<SimpleData name="extrude">0</SimpleData>
		<SimpleData name="visibility">-1</SimpleData>
		<SimpleData name="Customer">5617998.0</SimpleData>
		<SimpleData name="Name_1">TK HANIFAH</SimpleData>
		<SimpleData name="Represent_">9.0052442E7</SimpleData>
		<SimpleData name="Jwk_Salesman">KAMIS GENAP</SimpleData>
		<SimpleData name="SC">SD400A00134124E</SimpleData>
		<SimpleData name="Descript_">Gd. Boga</SimpleData>
		<SimpleData name="LAT">-4.164368</SimpleData>
		<SimpleData name="LONG">105.11313</SimpleData>
	</SchemaData></ExtendedData>
      <Point><coordinates>105.11313,-4.164368,0</coordinates></Point>
  </Placemark>
  <Placemark id="doc__cov_rudi_mey_26xlsx.130">
	<name>Rudi Anggoro</name>
	<description>Customer: 451321&lt;br&gt;Name 1: TK ISAH&lt;br&gt;Represent.: 90052442&lt;br&gt;Jwk Salesman: KAMIS GANJIL&lt;br&gt;SC: SD400A00134795E&lt;br&gt;Descript.: Gd. Boga&lt;br&gt;LAT: -4.138183&lt;br&gt;LONG: 105.095913</description>
	<ExtendedData><SchemaData schemaUrl="#doc__cov_rudi_mey_26xlsx">
		<SimpleData name="tessellate">-1</SimpleData>
		<SimpleData name="extrude">0</SimpleData>
		<SimpleData name="visibility">-1</SimpleData>
		<SimpleData name="Customer">451321.0</SimpleData>
		<SimpleData name="Name_1">TK ISAH</SimpleData>
		<SimpleData name="Represent_">9.0052442E7</SimpleData>
		<SimpleData name="Jwk_Salesman">KAMIS GANJIL</SimpleData>
		<SimpleData name="SC">SD400A00134795E</SimpleData>
		<SimpleData name="Descript_">Gd. Boga</SimpleData>
		<SimpleData name="LAT">-4.138183</SimpleData>
		<SimpleData name="LONG">105.095913</SimpleData>
	</SchemaData></ExtendedData>
      <Point><coordinates>105.095913,-4.138183,0</coordinates></Point>
  </Placemark>
  <Placemark id="doc__cov_rudi_mey_26xlsx.131">
	<name>Rudi Anggoro</name>
	<description>Customer: 2360303&lt;br&gt;Name 1: TK ENDANG GALON&lt;br&gt;Represent.: 90052442&lt;br&gt;Jwk Salesman: JUMAT GANJIL&lt;br&gt;SC: SD400A00123888E&lt;br&gt;Descript.: PS.KOTA MANDIRI(KTM)&lt;br&gt;LAT: -3.997745&lt;br&gt;LONG: 105.563013</description>
	<ExtendedData><SchemaData schemaUrl="#doc__cov_rudi_mey_26xlsx">
		<SimpleData name="tessellate">-1</SimpleData>
		<SimpleData name="extrude">0</SimpleData>
		<SimpleData name="visibility">-1</SimpleData>
		<SimpleData name="Customer">2360303.0</SimpleData>
		<SimpleData name="Name_1">TK ENDANG GALON</SimpleData>
		<SimpleData name="Represent_">9.0052442E7</SimpleData>
		<SimpleData name="Jwk_Salesman">JUMAT GANJIL</SimpleData>
		<SimpleData name="SC">SD400A00123888E</SimpleData>
		<SimpleData name="Descript_">PS.KOTA MANDIRI(KTM)</SimpleData>
		<SimpleData name="LAT">-3.997745</SimpleData>
		<SimpleData name="LONG">105.563013</SimpleData>
	</SchemaData></ExtendedData>
      <Point><coordinates>105.563013,-3.997745,0</coordinates></Point>
  </Placemark>
  <Placemark id="doc__cov_rudi_mey_26xlsx.132">
	<name>Rudi Anggoro</name>
	<description>Customer: 5619304&lt;br&gt;Name 1: TK ROSYID&lt;br&gt;Represent.: 90052442&lt;br&gt;Jwk Salesman: SENIN GENAP&lt;br&gt;SC: SD400A00132892H&lt;br&gt;Descript.: Batu Putih&lt;br&gt;LAT: -4.3589627&lt;br&gt;LONG: 105.0271989</description>
	<ExtendedData><SchemaData schemaUrl="#doc__cov_rudi_mey_26xlsx">
		<SimpleData name="tessellate">-1</SimpleData>
		<SimpleData name="extrude">0</SimpleData>
		<SimpleData name="visibility">-1</SimpleData>
		<SimpleData name="Customer">5619304.0</SimpleData>
		<SimpleData name="Name_1">TK ROSYID</SimpleData>
		<SimpleData name="Represent_">9.0052442E7</SimpleData>
		<SimpleData name="Jwk_Salesman">SENIN GENAP</SimpleData>
		<SimpleData name="SC">SD400A00132892H</SimpleData>
		<SimpleData name="Descript_">Batu Putih</SimpleData>
		<SimpleData name="LAT">-4.3589627</SimpleData>
		<SimpleData name="LONG">105.0271989</SimpleData>
	</SchemaData></ExtendedData>
      <Point><coordinates>105.0271989,-4.3589627,0</coordinates></Point>
  </Placemark>
  <Placemark id="doc__cov_rudi_mey_26xlsx.133">
	<name>Rudi Anggoro</name>
	<description>Customer: 5619308&lt;br&gt;Name 1: TK MBA YUNI&lt;br&gt;Represent.: 90052442&lt;br&gt;Jwk Salesman: RABU GENAP&lt;br&gt;SC: SD400A00133986E&lt;br&gt;Descript.: PS. SPI MENGGALA C&lt;br&gt;LAT: -4.256772&lt;br&gt;LONG: 105.103978</description>
	<ExtendedData><SchemaData schemaUrl="#doc__cov_rudi_mey_26xlsx">
		<SimpleData name="tessellate">-1</SimpleData>
		<SimpleData name="extrude">0</SimpleData>
		<SimpleData name="visibility">-1</SimpleData>
		<SimpleData name="Customer">5619308.0</SimpleData>
		<SimpleData name="Name_1">TK MBA YUNI</SimpleData>
		<SimpleData name="Represent_">9.0052442E7</SimpleData>
		<SimpleData name="Jwk_Salesman">RABU GENAP</SimpleData>
		<SimpleData name="SC">SD400A00133986E</SimpleData>
		<SimpleData name="Descript_">PS. SPI MENGGALA C</SimpleData>
		<SimpleData name="LAT">-4.256772</SimpleData>
		<SimpleData name="LONG">105.103978</SimpleData>
	</SchemaData></ExtendedData>
      <Point><coordinates>105.103978,-4.256772,0</coordinates></Point>
  </Placemark>
  <Placemark id="doc__cov_rudi_mey_26xlsx.134">
	<name>Rudi Anggoro</name>
	<description>Customer: 5623012&lt;br&gt;Name 1: TK RIO&lt;br&gt;Represent.: 90052442&lt;br&gt;Jwk Salesman: SENIN GANJIL&lt;br&gt;SC: SD400A00129189H&lt;br&gt;Descript.: PS. INDRA LOKA II&lt;br&gt;LAT: -4.191363&lt;br&gt;LONG: 105.175952</description>
	<ExtendedData><SchemaData schemaUrl="#doc__cov_rudi_mey_26xlsx">
		<SimpleData name="tessellate">-1</SimpleData>
		<SimpleData name="extrude">0</SimpleData>
		<SimpleData name="visibility">-1</SimpleData>
		<SimpleData name="Customer">5623012.0</SimpleData>
		<SimpleData name="Name_1">TK RIO</SimpleData>
		<SimpleData name="Represent_">9.0052442E7</SimpleData>
		<SimpleData name="Jwk_Salesman">SENIN GANJIL</SimpleData>
		<SimpleData name="SC">SD400A00129189H</SimpleData>
		<SimpleData name="Descript_">PS. INDRA LOKA II</SimpleData>
		<SimpleData name="LAT">-4.191363</SimpleData>
		<SimpleData name="LONG">105.175952</SimpleData>
	</SchemaData></ExtendedData>
      <Point><coordinates>105.175952,-4.191363,0</coordinates></Point>
  </Placemark>
  <Placemark id="doc__cov_rudi_mey_26xlsx.135">
	<name>Rudi Anggoro</name>
	<description>Customer: 2913659&lt;br&gt;Name 1: TK ARIS&lt;br&gt;Represent.: 90052442&lt;br&gt;Jwk Salesman: SELASA GANJIL&lt;br&gt;SC: SD400A00123858E&lt;br&gt;Descript.: PS. SPUA&lt;br&gt;LAT: -4.008909&lt;br&gt;LONG: 105.247844</description>
	<ExtendedData><SchemaData schemaUrl="#doc__cov_rudi_mey_26xlsx">
		<SimpleData name="tessellate">-1</SimpleData>
		<SimpleData name="extrude">0</SimpleData>
		<SimpleData name="visibility">-1</SimpleData>
		<SimpleData name="Customer">2913659.0</SimpleData>
		<SimpleData name="Name_1">TK ARIS</SimpleData>
		<SimpleData name="Represent_">9.0052442E7</SimpleData>
		<SimpleData name="Jwk_Salesman">SELASA GANJIL</SimpleData>
		<SimpleData name="SC">SD400A00123858E</SimpleData>
		<SimpleData name="Descript_">PS. SPUA</SimpleData>
		<SimpleData name="LAT">-4.008909</SimpleData>
		<SimpleData name="LONG">105.247844</SimpleData>
	</SchemaData></ExtendedData>
      <Point><coordinates>105.247844,-4.008909,0</coordinates></Point>
  </Placemark>
  <Placemark id="doc__cov_rudi_mey_26xlsx.136">
	<name>Rudi Anggoro</name>
	<description>Customer: 5561201&lt;br&gt;Name 1: TK JUJUR SPUA&lt;br&gt;Represent.: 90052442&lt;br&gt;Jwk Salesman: SELASA GANJIL&lt;br&gt;SC: SD400A00132965H&lt;br&gt;Descript.: PS. SPUA&lt;br&gt;LAT: -3.986007&lt;br&gt;LONG: 105.246192</description>
	<ExtendedData><SchemaData schemaUrl="#doc__cov_rudi_mey_26xlsx">
		<SimpleData name="tessellate">-1</SimpleData>
		<SimpleData name="extrude">0</SimpleData>
		<SimpleData name="visibility">-1</SimpleData>
		<SimpleData name="Customer">5561201.0</SimpleData>
		<SimpleData name="Name_1">TK JUJUR SPUA</SimpleData>
		<SimpleData name="Represent_">9.0052442E7</SimpleData>
		<SimpleData name="Jwk_Salesman">SELASA GANJIL</SimpleData>
		<SimpleData name="SC">SD400A00132965H</SimpleData>
		<SimpleData name="Descript_">PS. SPUA</SimpleData>
		<SimpleData name="LAT">-3.986007</SimpleData>
		<SimpleData name="LONG">105.246192</SimpleData>
	</SchemaData></ExtendedData>
      <Point><coordinates>105.246192,-3.986007,0</coordinates></Point>
  </Placemark>
  <Placemark id="doc__cov_rudi_mey_26xlsx.137">
	<name>Rudi Anggoro</name>
	<description>Customer: 108339&lt;br&gt;Name 1: TK ULAN&lt;br&gt;Represent.: 90052442&lt;br&gt;Jwk Salesman: SABTU GANJIL&lt;br&gt;SC: SD400A00123844E&lt;br&gt;Descript.: PS. GEDONG RAM&lt;br&gt;LAT: -3.963642&lt;br&gt;LONG: 105.362018</description>
	<ExtendedData><SchemaData schemaUrl="#doc__cov_rudi_mey_26xlsx">
		<SimpleData name="tessellate">-1</SimpleData>
		<SimpleData name="extrude">0</SimpleData>
		<SimpleData name="visibility">-1</SimpleData>
		<SimpleData name="Customer">108339.0</SimpleData>
		<SimpleData name="Name_1">TK ULAN</SimpleData>
		<SimpleData name="Represent_">9.0052442E7</SimpleData>
		<SimpleData name="Jwk_Salesman">SABTU GANJIL</SimpleData>
		<SimpleData name="SC">SD400A00123844E</SimpleData>
		<SimpleData name="Descript_">PS. GEDONG RAM</SimpleData>
		<SimpleData name="LAT">-3.963642</SimpleData>
		<SimpleData name="LONG">105.362018</SimpleData>
	</SchemaData></ExtendedData>
      <Point><coordinates>105.362018,-3.963642,0</coordinates></Point>
  </Placemark>
  <Placemark id="doc__cov_rudi_mey_26xlsx.138">
	<name>Rudi Anggoro</name>
	<description>Customer: 209210&lt;br&gt;Name 1: TK EKA&lt;br&gt;Represent.: 90052442&lt;br&gt;Jwk Salesman: SABTU GANJIL&lt;br&gt;SC: SD400A00123856E&lt;br&gt;Descript.: PS. GEDONG RAM&lt;br&gt;LAT: -3.964071&lt;br&gt;LONG: 105.362633</description>
	<ExtendedData><SchemaData schemaUrl="#doc__cov_rudi_mey_26xlsx">
		<SimpleData name="tessellate">-1</SimpleData>
		<SimpleData name="extrude">0</SimpleData>
		<SimpleData name="visibility">-1</SimpleData>
		<SimpleData name="Customer">209210.0</SimpleData>
		<SimpleData name="Name_1">TK EKA</SimpleData>
		<SimpleData name="Represent_">9.0052442E7</SimpleData>
		<SimpleData name="Jwk_Salesman">SABTU GANJIL</SimpleData>
		<SimpleData name="SC">SD400A00123856E</SimpleData>
		<SimpleData name="Descript_">PS. GEDONG RAM</SimpleData>
		<SimpleData name="LAT">-3.964071</SimpleData>
		<SimpleData name="LONG">105.362633</SimpleData>
	</SchemaData></ExtendedData>
      <Point><coordinates>105.362633,-3.964071,0</coordinates></Point>
  </Placemark>
  <Placemark id="doc__cov_rudi_mey_26xlsx.139">
	<name>Rudi Anggoro</name>
	<description>Customer: 5626247&lt;br&gt;Name 1: TK DUA PUTRI&lt;br&gt;Represent.: 90052442&lt;br&gt;Jwk Salesman: JUMAT GENAP&lt;br&gt;SC: SD400A00123846E&lt;br&gt;Descript.: Margo Jadi Mesuji&lt;br&gt;LAT: -4.03201&lt;br&gt;LONG: 105.463103</description>
	<ExtendedData><SchemaData schemaUrl="#doc__cov_rudi_mey_26xlsx">
		<SimpleData name="tessellate">-1</SimpleData>
		<SimpleData name="extrude">0</SimpleData>
		<SimpleData name="visibility">-1</SimpleData>
		<SimpleData name="Customer">5626247.0</SimpleData>
		<SimpleData name="Name_1">TK DUA PUTRI</SimpleData>
		<SimpleData name="Represent_">9.0052442E7</SimpleData>
		<SimpleData name="Jwk_Salesman">JUMAT GENAP</SimpleData>
		<SimpleData name="SC">SD400A00123846E</SimpleData>
		<SimpleData name="Descript_">Margo Jadi Mesuji</SimpleData>
		<SimpleData name="LAT">-4.03201</SimpleData>
		<SimpleData name="LONG">105.463103</SimpleData>
	</SchemaData></ExtendedData>
      <Point><coordinates>105.463103,-4.03201,0</coordinates></Point>
  </Placemark>
  <Placemark id="doc__cov_rudi_mey_26xlsx.140">
	<name>Rudi Anggoro</name>
	<description>Customer: 2888274&lt;br&gt;Name 1: TK IBU MUNAWAROH&lt;br&gt;Represent.: 90052442&lt;br&gt;Jwk Salesman: SELASA GANJIL&lt;br&gt;SC: SD400A00133987E&lt;br&gt;Descript.: PS. SPUA&lt;br&gt;LAT: -3.99564&lt;br&gt;LONG: 105.252873</description>
	<ExtendedData><SchemaData schemaUrl="#doc__cov_rudi_mey_26xlsx">
		<SimpleData name="tessellate">-1</SimpleData>
		<SimpleData name="extrude">0</SimpleData>
		<SimpleData name="visibility">-1</SimpleData>
		<SimpleData name="Customer">2888274.0</SimpleData>
		<SimpleData name="Name_1">TK IBU MUNAWAROH</SimpleData>
		<SimpleData name="Represent_">9.0052442E7</SimpleData>
		<SimpleData name="Jwk_Salesman">SELASA GANJIL</SimpleData>
		<SimpleData name="SC">SD400A00133987E</SimpleData>
		<SimpleData name="Descript_">PS. SPUA</SimpleData>
		<SimpleData name="LAT">-3.99564</SimpleData>
		<SimpleData name="LONG">105.252873</SimpleData>
	</SchemaData></ExtendedData>
      <Point><coordinates>105.252873,-3.99564,0</coordinates></Point>
  </Placemark>
  <Placemark id="doc__cov_rudi_mey_26xlsx.141">
	<name>Rudi Anggoro</name>
	<description>Customer: 2888362&lt;br&gt;Name 1: TK ARFAN&lt;br&gt;Represent.: 90052442&lt;br&gt;Jwk Salesman: JUMAT GANJIL&lt;br&gt;SC: SD400A00133973E&lt;br&gt;Descript.: PS.KOTA MANDIRI(KTM)&lt;br&gt;LAT: -3.992424&lt;br&gt;LONG: 105.558376</description>
	<ExtendedData><SchemaData schemaUrl="#doc__cov_rudi_mey_26xlsx">
		<SimpleData name="tessellate">-1</SimpleData>
		<SimpleData name="extrude">0</SimpleData>
		<SimpleData name="visibility">-1</SimpleData>
		<SimpleData name="Customer">2888362.0</SimpleData>
		<SimpleData name="Name_1">TK ARFAN</SimpleData>
		<SimpleData name="Represent_">9.0052442E7</SimpleData>
		<SimpleData name="Jwk_Salesman">JUMAT GANJIL</SimpleData>
		<SimpleData name="SC">SD400A00133973E</SimpleData>
		<SimpleData name="Descript_">PS.KOTA MANDIRI(KTM)</SimpleData>
		<SimpleData name="LAT">-3.992424</SimpleData>
		<SimpleData name="LONG">105.558376</SimpleData>
	</SchemaData></ExtendedData>
      <Point><coordinates>105.558376,-3.992424,0</coordinates></Point>
  </Placemark>
  <Placemark id="doc__cov_rudi_mey_26xlsx.142">
	<name>Rudi Anggoro</name>
	<description>Customer: 2888500&lt;br&gt;Name 1: TK.LAILA&lt;br&gt;Represent.: 90052442&lt;br&gt;Jwk Salesman: JUMAT GANJIL&lt;br&gt;SC: SD400A00134073E&lt;br&gt;Descript.: PS.KOTA MANDIRI(KTM)&lt;br&gt;LAT: -4.030055&lt;br&gt;LONG: 105.518738</description>
	<ExtendedData><SchemaData schemaUrl="#doc__cov_rudi_mey_26xlsx">
		<SimpleData name="tessellate">-1</SimpleData>
		<SimpleData name="extrude">0</SimpleData>
		<SimpleData name="visibility">-1</SimpleData>
		<SimpleData name="Customer">2888500.0</SimpleData>
		<SimpleData name="Name_1">TK.LAILA</SimpleData>
		<SimpleData name="Represent_">9.0052442E7</SimpleData>
		<SimpleData name="Jwk_Salesman">JUMAT GANJIL</SimpleData>
		<SimpleData name="SC">SD400A00134073E</SimpleData>
		<SimpleData name="Descript_">PS.KOTA MANDIRI(KTM)</SimpleData>
		<SimpleData name="LAT">-4.030055</SimpleData>
		<SimpleData name="LONG">105.518738</SimpleData>
	</SchemaData></ExtendedData>
      <Point><coordinates>105.518738,-4.030055,0</coordinates></Point>
  </Placemark>
  <Placemark id="doc__cov_rudi_mey_26xlsx.143">
	<name>Rudi Anggoro</name>
	<description>Customer: 2913697&lt;br&gt;Name 1: TK AZAM&lt;br&gt;Represent.: 90052442&lt;br&gt;Jwk Salesman: JUMAT GANJIL&lt;br&gt;SC: SD400A00134787E&lt;br&gt;Descript.: PS.KOTA MANDIRI(KTM)&lt;br&gt;LAT: -4.024547&lt;br&gt;LONG: 105.51426</description>
	<ExtendedData><SchemaData schemaUrl="#doc__cov_rudi_mey_26xlsx">
		<SimpleData name="tessellate">-1</SimpleData>
		<SimpleData name="extrude">0</SimpleData>
		<SimpleData name="visibility">-1</SimpleData>
		<SimpleData name="Customer">2913697.0</SimpleData>
		<SimpleData name="Name_1">TK AZAM</SimpleData>
		<SimpleData name="Represent_">9.0052442E7</SimpleData>
		<SimpleData name="Jwk_Salesman">JUMAT GANJIL</SimpleData>
		<SimpleData name="SC">SD400A00134787E</SimpleData>
		<SimpleData name="Descript_">PS.KOTA MANDIRI(KTM)</SimpleData>
		<SimpleData name="LAT">-4.024547</SimpleData>
		<SimpleData name="LONG">105.51426</SimpleData>
	</SchemaData></ExtendedData>
      <Point><coordinates>105.51426,-4.024547,0</coordinates></Point>
  </Placemark>
  <Placemark id="doc__cov_rudi_mey_26xlsx.144">
	<name>Rudi Anggoro</name>
	<description>Customer: 5625017&lt;br&gt;Name 1: WR UCOK&lt;br&gt;Represent.: 90052442&lt;br&gt;Jwk Salesman: JUMAT GANJIL&lt;br&gt;SC: SD400A00134843E&lt;br&gt;Descript.: Margo Jadi Mesuji&lt;br&gt;LAT: -4.007398&lt;br&gt;LONG: 105.435275</description>
	<ExtendedData><SchemaData schemaUrl="#doc__cov_rudi_mey_26xlsx">
		<SimpleData name="tessellate">-1</SimpleData>
		<SimpleData name="extrude">0</SimpleData>
		<SimpleData name="visibility">-1</SimpleData>
		<SimpleData name="Customer">5625017.0</SimpleData>
		<SimpleData name="Name_1">WR UCOK</SimpleData>
		<SimpleData name="Represent_">9.0052442E7</SimpleData>
		<SimpleData name="Jwk_Salesman">JUMAT GANJIL</SimpleData>
		<SimpleData name="SC">SD400A00134843E</SimpleData>
		<SimpleData name="Descript_">Margo Jadi Mesuji</SimpleData>
		<SimpleData name="LAT">-4.007398</SimpleData>
		<SimpleData name="LONG">105.435275</SimpleData>
	</SchemaData></ExtendedData>
      <Point><coordinates>105.435275,-4.007398,0</coordinates></Point>
  </Placemark>
  <Placemark id="doc__cov_rudi_mey_26xlsx.145">
	<name>Rudi Anggoro</name>
	<description>Customer: 5627359&lt;br&gt;Name 1: TK YUDI&lt;br&gt;Represent.: 90052442&lt;br&gt;Jwk Salesman: JUMAT GENAP&lt;br&gt;SC: SD400A00135330E&lt;br&gt;Descript.: Margo Jadi Mesuji&lt;br&gt;LAT: -3.993416&lt;br&gt;LONG: 105.390584</description>
	<ExtendedData><SchemaData schemaUrl="#doc__cov_rudi_mey_26xlsx">
		<SimpleData name="tessellate">-1</SimpleData>
		<SimpleData name="extrude">0</SimpleData>
		<SimpleData name="visibility">-1</SimpleData>
		<SimpleData name="Customer">5627359.0</SimpleData>
		<SimpleData name="Name_1">TK YUDI</SimpleData>
		<SimpleData name="Represent_">9.0052442E7</SimpleData>
		<SimpleData name="Jwk_Salesman">JUMAT GENAP</SimpleData>
		<SimpleData name="SC">SD400A00135330E</SimpleData>
		<SimpleData name="Descript_">Margo Jadi Mesuji</SimpleData>
		<SimpleData name="LAT">-3.993416</SimpleData>
		<SimpleData name="LONG">105.390584</SimpleData>
	</SchemaData></ExtendedData>
      <Point><coordinates>105.390584,-3.993416,0</coordinates></Point>
  </Placemark>
  <Placemark id="doc__cov_rudi_mey_26xlsx.146">
	<name>Rudi Anggoro</name>
	<description>Customer: 2888276&lt;br&gt;Name 1: TK AZAH&lt;br&gt;Represent.: 90052442&lt;br&gt;Jwk Salesman: JUMAT GENAP&lt;br&gt;SC: SD400A00135229E&lt;br&gt;Descript.: PS. LINGKARAN&lt;br&gt;LAT: -3.918309&lt;br&gt;LONG: 105.429811</description>
	<ExtendedData><SchemaData schemaUrl="#doc__cov_rudi_mey_26xlsx">
		<SimpleData name="tessellate">-1</SimpleData>
		<SimpleData name="extrude">0</SimpleData>
		<SimpleData name="visibility">-1</SimpleData>
		<SimpleData name="Customer">2888276.0</SimpleData>
		<SimpleData name="Name_1">TK AZAH</SimpleData>
		<SimpleData name="Represent_">9.0052442E7</SimpleData>
		<SimpleData name="Jwk_Salesman">JUMAT GENAP</SimpleData>
		<SimpleData name="SC">SD400A00135229E</SimpleData>
		<SimpleData name="Descript_">PS. LINGKARAN</SimpleData>
		<SimpleData name="LAT">-3.918309</SimpleData>
		<SimpleData name="LONG">105.429811</SimpleData>
	</SchemaData></ExtendedData>
      <Point><coordinates>105.429811,-3.918309,0</coordinates></Point>
  </Placemark>
  <Placemark id="doc__cov_rudi_mey_26xlsx.147">
	<name>Rudi Anggoro</name>
	<description>Customer: 2888394&lt;br&gt;Name 1: TK ATIKA&lt;br&gt;Represent.: 90052442&lt;br&gt;Jwk Salesman: JUMAT GENAP&lt;br&gt;SC: SD400A00135199E&lt;br&gt;Descript.: PS. LINGKARAN&lt;br&gt;LAT: -3.934578&lt;br&gt;LONG: 105.400153</description>
	<ExtendedData><SchemaData schemaUrl="#doc__cov_rudi_mey_26xlsx">
		<SimpleData name="tessellate">-1</SimpleData>
		<SimpleData name="extrude">0</SimpleData>
		<SimpleData name="visibility">-1</SimpleData>
		<SimpleData name="Customer">2888394.0</SimpleData>
		<SimpleData name="Name_1">TK ATIKA</SimpleData>
		<SimpleData name="Represent_">9.0052442E7</SimpleData>
		<SimpleData name="Jwk_Salesman">JUMAT GENAP</SimpleData>
		<SimpleData name="SC">SD400A00135199E</SimpleData>
		<SimpleData name="Descript_">PS. LINGKARAN</SimpleData>
		<SimpleData name="LAT">-3.934578</SimpleData>
		<SimpleData name="LONG">105.400153</SimpleData>
	</SchemaData></ExtendedData>
      <Point><coordinates>105.400153,-3.934578,0</coordinates></Point>
  </Placemark>
  <Placemark id="doc__cov_rudi_mey_26xlsx.148">
	<name>Rudi Anggoro</name>
	<description>Customer: 2888424&lt;br&gt;Name 1: TK PRABU&lt;br&gt;Represent.: 90052442&lt;br&gt;Jwk Salesman: SELASA GANJIL&lt;br&gt;SC: SD400A00134072E&lt;br&gt;Descript.: PS. SPUA&lt;br&gt;LAT: -3.995692&lt;br&gt;LONG: 105.249192</description>
	<ExtendedData><SchemaData schemaUrl="#doc__cov_rudi_mey_26xlsx">
		<SimpleData name="tessellate">-1</SimpleData>
		<SimpleData name="extrude">0</SimpleData>
		<SimpleData name="visibility">-1</SimpleData>
		<SimpleData name="Customer">2888424.0</SimpleData>
		<SimpleData name="Name_1">TK PRABU</SimpleData>
		<SimpleData name="Represent_">9.0052442E7</SimpleData>
		<SimpleData name="Jwk_Salesman">SELASA GANJIL</SimpleData>
		<SimpleData name="SC">SD400A00134072E</SimpleData>
		<SimpleData name="Descript_">PS. SPUA</SimpleData>
		<SimpleData name="LAT">-3.995692</SimpleData>
		<SimpleData name="LONG">105.249192</SimpleData>
	</SchemaData></ExtendedData>
      <Point><coordinates>105.249192,-3.995692,0</coordinates></Point>
  </Placemark>
  <Placemark id="doc__cov_rudi_mey_26xlsx.149">
	<name>Rudi Anggoro</name>
	<description>Customer: 5597403&lt;br&gt;Name 1: WR HASKIA&lt;br&gt;Represent.: 90052442&lt;br&gt;Jwk Salesman: JUMAT GENAP&lt;br&gt;SC: SD400A00136984H&lt;br&gt;Descript.: PS. GEDONG RAM&lt;br&gt;LAT: -4.016107&lt;br&gt;LONG: 105.279734</description>
	<ExtendedData><SchemaData schemaUrl="#doc__cov_rudi_mey_26xlsx">
		<SimpleData name="tessellate">-1</SimpleData>
		<SimpleData name="extrude">0</SimpleData>
		<SimpleData name="visibility">-1</SimpleData>
		<SimpleData name="Customer">5597403.0</SimpleData>
		<SimpleData name="Name_1">WR HASKIA</SimpleData>
		<SimpleData name="Represent_">9.0052442E7</SimpleData>
		<SimpleData name="Jwk_Salesman">JUMAT GENAP</SimpleData>
		<SimpleData name="SC">SD400A00136984H</SimpleData>
		<SimpleData name="Descript_">PS. GEDONG RAM</SimpleData>
		<SimpleData name="LAT">-4.016107</SimpleData>
		<SimpleData name="LONG">105.279734</SimpleData>
	</SchemaData></ExtendedData>
      <Point><coordinates>105.279734,-4.016107,0</coordinates></Point>
  </Placemark>
  <Placemark id="doc__cov_rudi_mey_26xlsx.150">
	<name>Rudi Anggoro</name>
	<description>Customer: 4102456&lt;br&gt;Name 1: WR ANISSA&lt;br&gt;Represent.: 90052442&lt;br&gt;Jwk Salesman: SABTU GENAP&lt;br&gt;SC: SD400A00137050H&lt;br&gt;Descript.: Wirabangun&lt;br&gt;LAT: -3.997028&lt;br&gt;LONG: 105.174508</description>
	<ExtendedData><SchemaData schemaUrl="#doc__cov_rudi_mey_26xlsx">
		<SimpleData name="tessellate">-1</SimpleData>
		<SimpleData name="extrude">0</SimpleData>
		<SimpleData name="visibility">-1</SimpleData>
		<SimpleData name="Customer">4102456.0</SimpleData>
		<SimpleData name="Name_1">WR ANISSA</SimpleData>
		<SimpleData name="Represent_">9.0052442E7</SimpleData>
		<SimpleData name="Jwk_Salesman">SABTU GENAP</SimpleData>
		<SimpleData name="SC">SD400A00137050H</SimpleData>
		<SimpleData name="Descript_">Wirabangun</SimpleData>
		<SimpleData name="LAT">-3.997028</SimpleData>
		<SimpleData name="LONG">105.174508</SimpleData>
	</SchemaData></ExtendedData>
      <Point><coordinates>105.174508,-3.997028,0</coordinates></Point>
  </Placemark>
  <Placemark id="doc__cov_rudi_mey_26xlsx.151">
	<name>Rudi Anggoro</name>
	<description>Customer: 195818&lt;br&gt;Name 1: TK ANUGERAH&lt;br&gt;Represent.: 90052442&lt;br&gt;Jwk Salesman: SELASA GENAP&lt;br&gt;SC: SD400A00137676H&lt;br&gt;Descript.: Indraloka Luar&lt;br&gt;LAT: -4.193555&lt;br&gt;LONG: 105.217743</description>
	<ExtendedData><SchemaData schemaUrl="#doc__cov_rudi_mey_26xlsx">
		<SimpleData name="tessellate">-1</SimpleData>
		<SimpleData name="extrude">0</SimpleData>
		<SimpleData name="visibility">-1</SimpleData>
		<SimpleData name="Customer">195818.0</SimpleData>
		<SimpleData name="Name_1">TK ANUGERAH</SimpleData>
		<SimpleData name="Represent_">9.0052442E7</SimpleData>
		<SimpleData name="Jwk_Salesman">SELASA GENAP</SimpleData>
		<SimpleData name="SC">SD400A00137676H</SimpleData>
		<SimpleData name="Descript_">Indraloka Luar</SimpleData>
		<SimpleData name="LAT">-4.193555</SimpleData>
		<SimpleData name="LONG">105.217743</SimpleData>
	</SchemaData></ExtendedData>
      <Point><coordinates>105.217743,-4.193555,0</coordinates></Point>
  </Placemark>
  <Placemark id="doc__cov_rudi_mey_26xlsx.152">
	<name>Rudi Anggoro</name>
	<description>Customer: 429382&lt;br&gt;Name 1: TK ANIS&lt;br&gt;Represent.: 90052442&lt;br&gt;Jwk Salesman: RABU GENAP&lt;br&gt;SC: SD400A00137672H&lt;br&gt;Descript.: PS. SP 2 MENGGALA C&lt;br&gt;LAT: -4.294553&lt;br&gt;LONG: 105.068495</description>
	<ExtendedData><SchemaData schemaUrl="#doc__cov_rudi_mey_26xlsx">
		<SimpleData name="tessellate">-1</SimpleData>
		<SimpleData name="extrude">0</SimpleData>
		<SimpleData name="visibility">-1</SimpleData>
		<SimpleData name="Customer">429382.0</SimpleData>
		<SimpleData name="Name_1">TK ANIS</SimpleData>
		<SimpleData name="Represent_">9.0052442E7</SimpleData>
		<SimpleData name="Jwk_Salesman">RABU GENAP</SimpleData>
		<SimpleData name="SC">SD400A00137672H</SimpleData>
		<SimpleData name="Descript_">PS. SP 2 MENGGALA C</SimpleData>
		<SimpleData name="LAT">-4.294553</SimpleData>
		<SimpleData name="LONG">105.068495</SimpleData>
	</SchemaData></ExtendedData>
      <Point><coordinates>105.068495,-4.294553,0</coordinates></Point>
  </Placemark>
  <Placemark id="doc__cov_rudi_mey_26xlsx.153">
	<name>Rudi Anggoro</name>
	<description>Customer: 5234737&lt;br&gt;Name 1: WR BU MIMIN&lt;br&gt;Represent.: 90052442&lt;br&gt;Jwk Salesman: RABU GANJIL&lt;br&gt;SC: SD400A00138139H&lt;br&gt;Descript.: PS. SPI MENGGALA C&lt;br&gt;LAT: -4.243417&lt;br&gt;LONG: 105.063892</description>
	<ExtendedData><SchemaData schemaUrl="#doc__cov_rudi_mey_26xlsx">
		<SimpleData name="tessellate">-1</SimpleData>
		<SimpleData name="extrude">0</SimpleData>
		<SimpleData name="visibility">-1</SimpleData>
		<SimpleData name="Customer">5234737.0</SimpleData>
		<SimpleData name="Name_1">WR BU MIMIN</SimpleData>
		<SimpleData name="Represent_">9.0052442E7</SimpleData>
		<SimpleData name="Jwk_Salesman">RABU GANJIL</SimpleData>
		<SimpleData name="SC">SD400A00138139H</SimpleData>
		<SimpleData name="Descript_">PS. SPI MENGGALA C</SimpleData>
		<SimpleData name="LAT">-4.243417</SimpleData>
		<SimpleData name="LONG">105.063892</SimpleData>
	</SchemaData></ExtendedData>
      <Point><coordinates>105.063892,-4.243417,0</coordinates></Point>
  </Placemark>
  <Placemark id="doc__cov_rudi_mey_26xlsx.154">
	<name>Rudi Anggoro</name>
	<description>Customer: 5238992&lt;br&gt;Name 1: TK ADAM TRAYA&lt;br&gt;Represent.: 90052442&lt;br&gt;Jwk Salesman: SENIN GENAP&lt;br&gt;SC: SD400A00135641H&lt;br&gt;Descript.: pasar traya&lt;br&gt;LAT: -4.333303&lt;br&gt;LONG: 105.063537</description>
	<ExtendedData><SchemaData schemaUrl="#doc__cov_rudi_mey_26xlsx">
		<SimpleData name="tessellate">-1</SimpleData>
		<SimpleData name="extrude">0</SimpleData>
		<SimpleData name="visibility">-1</SimpleData>
		<SimpleData name="Customer">5238992.0</SimpleData>
		<SimpleData name="Name_1">TK ADAM TRAYA</SimpleData>
		<SimpleData name="Represent_">9.0052442E7</SimpleData>
		<SimpleData name="Jwk_Salesman">SENIN GENAP</SimpleData>
		<SimpleData name="SC">SD400A00135641H</SimpleData>
		<SimpleData name="Descript_">pasar traya</SimpleData>
		<SimpleData name="LAT">-4.333303</SimpleData>
		<SimpleData name="LONG">105.063537</SimpleData>
	</SchemaData></ExtendedData>
      <Point><coordinates>105.063537,-4.333303,0</coordinates></Point>
  </Placemark>
  <Placemark id="doc__cov_rudi_mey_26xlsx.155">
	<name>Rudi Anggoro</name>
	<description>Customer: 231320&lt;br&gt;Name 1: TK DOLI&lt;br&gt;Represent.: 90052442&lt;br&gt;Jwk Salesman: KAMIS GANJIL&lt;br&gt;SC: SD400A00137394H&lt;br&gt;Descript.: Gd. Boga&lt;br&gt;LAT: -4.089592&lt;br&gt;LONG: 105.190111</description>
	<ExtendedData><SchemaData schemaUrl="#doc__cov_rudi_mey_26xlsx">
		<SimpleData name="tessellate">-1</SimpleData>
		<SimpleData name="extrude">0</SimpleData>
		<SimpleData name="visibility">-1</SimpleData>
		<SimpleData name="Customer">231320.0</SimpleData>
		<SimpleData name="Name_1">TK DOLI</SimpleData>
		<SimpleData name="Represent_">9.0052442E7</SimpleData>
		<SimpleData name="Jwk_Salesman">KAMIS GANJIL</SimpleData>
		<SimpleData name="SC">SD400A00137394H</SimpleData>
		<SimpleData name="Descript_">Gd. Boga</SimpleData>
		<SimpleData name="LAT">-4.089592</SimpleData>
		<SimpleData name="LONG">105.190111</SimpleData>
	</SchemaData></ExtendedData>
      <Point><coordinates>105.190111,-4.089592,0</coordinates></Point>
  </Placemark>
  <Placemark id="doc__cov_rudi_mey_26xlsx.156">
	<name>Rudi Anggoro</name>
	<description>Customer: 472244&lt;br&gt;Name 1: TK BU JOKO&lt;br&gt;Represent.: 90052442&lt;br&gt;Jwk Salesman: KAMIS GANJIL&lt;br&gt;SC: SD400A00137052H&lt;br&gt;Descript.: Gd. Boga&lt;br&gt;LAT: -4.089724&lt;br&gt;LONG: 105.189359</description>
	<ExtendedData><SchemaData schemaUrl="#doc__cov_rudi_mey_26xlsx">
		<SimpleData name="tessellate">-1</SimpleData>
		<SimpleData name="extrude">0</SimpleData>
		<SimpleData name="visibility">-1</SimpleData>
		<SimpleData name="Customer">472244.0</SimpleData>
		<SimpleData name="Name_1">TK BU JOKO</SimpleData>
		<SimpleData name="Represent_">9.0052442E7</SimpleData>
		<SimpleData name="Jwk_Salesman">KAMIS GANJIL</SimpleData>
		<SimpleData name="SC">SD400A00137052H</SimpleData>
		<SimpleData name="Descript_">Gd. Boga</SimpleData>
		<SimpleData name="LAT">-4.089724</SimpleData>
		<SimpleData name="LONG">105.189359</SimpleData>
	</SchemaData></ExtendedData>
      <Point><coordinates>105.189359,-4.089724,0</coordinates></Point>
  </Placemark>
  <Placemark id="doc__cov_rudi_mey_26xlsx.157">
	<name>Rudi Anggoro</name>
	<description>Customer: 5635503&lt;br&gt;Name 1: TK SUJIO LAS&lt;br&gt;Represent.: 90052442&lt;br&gt;Jwk Salesman: RABU GENAP&lt;br&gt;SC: SD400A00135640H&lt;br&gt;Descript.: PS. SPI MENGGALA C&lt;br&gt;LAT: -4.272792&lt;br&gt;LONG: 105.070847</description>
	<ExtendedData><SchemaData schemaUrl="#doc__cov_rudi_mey_26xlsx">
		<SimpleData name="tessellate">-1</SimpleData>
		<SimpleData name="extrude">0</SimpleData>
		<SimpleData name="visibility">-1</SimpleData>
		<SimpleData name="Customer">5635503.0</SimpleData>
		<SimpleData name="Name_1">TK SUJIO LAS</SimpleData>
		<SimpleData name="Represent_">9.0052442E7</SimpleData>
		<SimpleData name="Jwk_Salesman">RABU GENAP</SimpleData>
		<SimpleData name="SC">SD400A00135640H</SimpleData>
		<SimpleData name="Descript_">PS. SPI MENGGALA C</SimpleData>
		<SimpleData name="LAT">-4.272792</SimpleData>
		<SimpleData name="LONG">105.070847</SimpleData>
	</SchemaData></ExtendedData>
      <Point><coordinates>105.070847,-4.272792,0</coordinates></Point>
  </Placemark>
  <Placemark id="doc__cov_rudi_mey_26xlsx.158">
	<name>Rudi Anggoro</name>
	<description>Customer: 1818596&lt;br&gt;Name 1: TK ARI&lt;br&gt;Represent.: 90052442&lt;br&gt;Jwk Salesman: SENIN GANJIL&lt;br&gt;SC: SD400A00137675H&lt;br&gt;Descript.: PS. INDRA LOKA II&lt;br&gt;LAT: -4.197459&lt;br&gt;LONG: 105.157727</description>
	<ExtendedData><SchemaData schemaUrl="#doc__cov_rudi_mey_26xlsx">
		<SimpleData name="tessellate">-1</SimpleData>
		<SimpleData name="extrude">0</SimpleData>
		<SimpleData name="visibility">-1</SimpleData>
		<SimpleData name="Customer">1818596.0</SimpleData>
		<SimpleData name="Name_1">TK ARI</SimpleData>
		<SimpleData name="Represent_">9.0052442E7</SimpleData>
		<SimpleData name="Jwk_Salesman">SENIN GANJIL</SimpleData>
		<SimpleData name="SC">SD400A00137675H</SimpleData>
		<SimpleData name="Descript_">PS. INDRA LOKA II</SimpleData>
		<SimpleData name="LAT">-4.197459</SimpleData>
		<SimpleData name="LONG">105.157727</SimpleData>
	</SchemaData></ExtendedData>
      <Point><coordinates>105.157727,-4.197459,0</coordinates></Point>
  </Placemark>
  <Placemark id="doc__cov_rudi_mey_26xlsx.159">
	<name>Rudi Anggoro</name>
	<description>Customer: 5637010&lt;br&gt;Name 1: TK KARTIKA&lt;br&gt;Represent.: 90052442&lt;br&gt;Jwk Salesman: SELASA GANJIL&lt;br&gt;SC: SD400A00129193H&lt;br&gt;Descript.: PS. SPUA&lt;br&gt;LAT: -4.026013&lt;br&gt;LONG: 105.251331</description>
	<ExtendedData><SchemaData schemaUrl="#doc__cov_rudi_mey_26xlsx">
		<SimpleData name="tessellate">-1</SimpleData>
		<SimpleData name="extrude">0</SimpleData>
		<SimpleData name="visibility">-1</SimpleData>
		<SimpleData name="Customer">5637010.0</SimpleData>
		<SimpleData name="Name_1">TK KARTIKA</SimpleData>
		<SimpleData name="Represent_">9.0052442E7</SimpleData>
		<SimpleData name="Jwk_Salesman">SELASA GANJIL</SimpleData>
		<SimpleData name="SC">SD400A00129193H</SimpleData>
		<SimpleData name="Descript_">PS. SPUA</SimpleData>
		<SimpleData name="LAT">-4.026013</SimpleData>
		<SimpleData name="LONG">105.251331</SimpleData>
	</SchemaData></ExtendedData>
      <Point><coordinates>105.251331,-4.026013,0</coordinates></Point>
  </Placemark>
  <Placemark id="doc__cov_rudi_mey_26xlsx.160">
	<name>Rudi Anggoro</name>
	<description>Customer: 5637011&lt;br&gt;Name 1: TK ATHARAZKA&lt;br&gt;Represent.: 90052442&lt;br&gt;Jwk Salesman: SABTU GENAP&lt;br&gt;SC: SD400A00138160H&lt;br&gt;Descript.: PS. SPUA&lt;br&gt;LAT: -3.997045&lt;br&gt;LONG: 105.175543</description>
	<ExtendedData><SchemaData schemaUrl="#doc__cov_rudi_mey_26xlsx">
		<SimpleData name="tessellate">-1</SimpleData>
		<SimpleData name="extrude">0</SimpleData>
		<SimpleData name="visibility">-1</SimpleData>
		<SimpleData name="Customer">5637011.0</SimpleData>
		<SimpleData name="Name_1">TK ATHARAZKA</SimpleData>
		<SimpleData name="Represent_">9.0052442E7</SimpleData>
		<SimpleData name="Jwk_Salesman">SABTU GENAP</SimpleData>
		<SimpleData name="SC">SD400A00138160H</SimpleData>
		<SimpleData name="Descript_">PS. SPUA</SimpleData>
		<SimpleData name="LAT">-3.997045</SimpleData>
		<SimpleData name="LONG">105.175543</SimpleData>
	</SchemaData></ExtendedData>
      <Point><coordinates>105.175543,-3.997045,0</coordinates></Point>
  </Placemark>
  <Placemark id="doc__cov_rudi_mey_26xlsx.161">
	<name>Rudi Anggoro</name>
	<description>Customer: 5622876&lt;br&gt;Name 1: TK MBA ENDANG&lt;br&gt;Represent.: 90052442&lt;br&gt;Jwk Salesman: RABU GENAP&lt;br&gt;SC: SD400A00137666H&lt;br&gt;Descript.: PS. SPI MENGGALA C&lt;br&gt;LAT: -4.270454&lt;br&gt;LONG: 105.076199</description>
	<ExtendedData><SchemaData schemaUrl="#doc__cov_rudi_mey_26xlsx">
		<SimpleData name="tessellate">-1</SimpleData>
		<SimpleData name="extrude">0</SimpleData>
		<SimpleData name="visibility">-1</SimpleData>
		<SimpleData name="Customer">5622876.0</SimpleData>
		<SimpleData name="Name_1">TK MBA ENDANG</SimpleData>
		<SimpleData name="Represent_">9.0052442E7</SimpleData>
		<SimpleData name="Jwk_Salesman">RABU GENAP</SimpleData>
		<SimpleData name="SC">SD400A00137666H</SimpleData>
		<SimpleData name="Descript_">PS. SPI MENGGALA C</SimpleData>
		<SimpleData name="LAT">-4.270454</SimpleData>
		<SimpleData name="LONG">105.076199</SimpleData>
	</SchemaData></ExtendedData>
      <Point><coordinates>105.076199,-4.270454,0</coordinates></Point>
  </Placemark>
  <Placemark id="doc__cov_rudi_mey_26xlsx.162">
	<name>Rudi Anggoro</name>
	<description>Customer: 5640385&lt;br&gt;Name 1: TK SUMBER RIZKY&lt;br&gt;Represent.: 90052442&lt;br&gt;Jwk Salesman: SENIN GANJIL&lt;br&gt;SC: SD400A00134801E&lt;br&gt;Descript.: PS. INDRA LOKA II&lt;br&gt;LAT: -4.199734&lt;br&gt;LONG: 105.164919</description>
	<ExtendedData><SchemaData schemaUrl="#doc__cov_rudi_mey_26xlsx">
		<SimpleData name="tessellate">-1</SimpleData>
		<SimpleData name="extrude">0</SimpleData>
		<SimpleData name="visibility">-1</SimpleData>
		<SimpleData name="Customer">5640385.0</SimpleData>
		<SimpleData name="Name_1">TK SUMBER RIZKY</SimpleData>
		<SimpleData name="Represent_">9.0052442E7</SimpleData>
		<SimpleData name="Jwk_Salesman">SENIN GANJIL</SimpleData>
		<SimpleData name="SC">SD400A00134801E</SimpleData>
		<SimpleData name="Descript_">PS. INDRA LOKA II</SimpleData>
		<SimpleData name="LAT">-4.199734</SimpleData>
		<SimpleData name="LONG">105.164919</SimpleData>
	</SchemaData></ExtendedData>
      <Point><coordinates>105.164919,-4.199734,0</coordinates></Point>
  </Placemark>
  <Placemark id="doc__cov_rudi_mey_26xlsx.163">
	<name>Rudi Anggoro</name>
	<description>Customer: 5648927&lt;br&gt;Name 1: TK MBA INAH&lt;br&gt;Represent.: 90052442&lt;br&gt;Jwk Salesman: SENIN GANJIL&lt;br&gt;SC: SD400A00134771E&lt;br&gt;Descript.: SP5E&lt;br&gt;LAT: -4.173941&lt;br&gt;LONG: 105.164274</description>
	<ExtendedData><SchemaData schemaUrl="#doc__cov_rudi_mey_26xlsx">
		<SimpleData name="tessellate">-1</SimpleData>
		<SimpleData name="extrude">0</SimpleData>
		<SimpleData name="visibility">-1</SimpleData>
		<SimpleData name="Customer">5648927.0</SimpleData>
		<SimpleData name="Name_1">TK MBA INAH</SimpleData>
		<SimpleData name="Represent_">9.0052442E7</SimpleData>
		<SimpleData name="Jwk_Salesman">SENIN GANJIL</SimpleData>
		<SimpleData name="SC">SD400A00134771E</SimpleData>
		<SimpleData name="Descript_">SP5E</SimpleData>
		<SimpleData name="LAT">-4.173941</SimpleData>
		<SimpleData name="LONG">105.164274</SimpleData>
	</SchemaData></ExtendedData>
      <Point><coordinates>105.164274,-4.173941,0</coordinates></Point>
  </Placemark>
  <Placemark id="doc__cov_rudi_mey_26xlsx.164">
	<name>Rudi Anggoro</name>
	<description>Customer: 3398547&lt;br&gt;Name 1: TK SRC EKO BOWO&lt;br&gt;Represent.: 90052442&lt;br&gt;Jwk Salesman: JUMAT GANJIL&lt;br&gt;SC: SD400A00134514E&lt;br&gt;Descript.: Margo Jadi Mesuji&lt;br&gt;LAT: -4.000809&lt;br&gt;LONG: 105.382675</description>
	<ExtendedData><SchemaData schemaUrl="#doc__cov_rudi_mey_26xlsx">
		<SimpleData name="tessellate">-1</SimpleData>
		<SimpleData name="extrude">0</SimpleData>
		<SimpleData name="visibility">-1</SimpleData>
		<SimpleData name="Customer">3398547.0</SimpleData>
		<SimpleData name="Name_1">TK SRC EKO BOWO</SimpleData>
		<SimpleData name="Represent_">9.0052442E7</SimpleData>
		<SimpleData name="Jwk_Salesman">JUMAT GANJIL</SimpleData>
		<SimpleData name="SC">SD400A00134514E</SimpleData>
		<SimpleData name="Descript_">Margo Jadi Mesuji</SimpleData>
		<SimpleData name="LAT">-4.000809</SimpleData>
		<SimpleData name="LONG">105.382675</SimpleData>
	</SchemaData></ExtendedData>
      <Point><coordinates>105.382675,-4.000809,0</coordinates></Point>
  </Placemark>
  <Placemark id="doc__cov_rudi_mey_26xlsx.165">
	<name>Rudi Anggoro</name>
	<description>Customer: 5574645&lt;br&gt;Name 1: TK. EGO&lt;br&gt;Represent.: 90052442&lt;br&gt;Jwk Salesman: SELASA GENAP&lt;br&gt;SC: SD400A00134780E&lt;br&gt;Descript.: Indraloka Luar&lt;br&gt;LAT: -4.208531&lt;br&gt;LONG: 105.221674</description>
	<ExtendedData><SchemaData schemaUrl="#doc__cov_rudi_mey_26xlsx">
		<SimpleData name="tessellate">-1</SimpleData>
		<SimpleData name="extrude">0</SimpleData>
		<SimpleData name="visibility">-1</SimpleData>
		<SimpleData name="Customer">5574645.0</SimpleData>
		<SimpleData name="Name_1">TK. EGO</SimpleData>
		<SimpleData name="Represent_">9.0052442E7</SimpleData>
		<SimpleData name="Jwk_Salesman">SELASA GENAP</SimpleData>
		<SimpleData name="SC">SD400A00134780E</SimpleData>
		<SimpleData name="Descript_">Indraloka Luar</SimpleData>
		<SimpleData name="LAT">-4.208531</SimpleData>
		<SimpleData name="LONG">105.221674</SimpleData>
	</SchemaData></ExtendedData>
      <Point><coordinates>105.221674,-4.208531,0</coordinates></Point>
  </Placemark>
  <Placemark id="doc__cov_rudi_mey_26xlsx.166">
	<name>Rudi Anggoro</name>
	<description>Customer: 5654914&lt;br&gt;Name 1: SRC ANANDA 2&lt;br&gt;Represent.: 90052442&lt;br&gt;Jwk Salesman: SELASA GENAP&lt;br&gt;SC: SD400A00134069E&lt;br&gt;Descript.: Agung Jaya&lt;br&gt;LAT: -4.194437&lt;br&gt;LONG: 105.234438</description>
	<ExtendedData><SchemaData schemaUrl="#doc__cov_rudi_mey_26xlsx">
		<SimpleData name="tessellate">-1</SimpleData>
		<SimpleData name="extrude">0</SimpleData>
		<SimpleData name="visibility">-1</SimpleData>
		<SimpleData name="Customer">5654914.0</SimpleData>
		<SimpleData name="Name_1">SRC ANANDA 2</SimpleData>
		<SimpleData name="Represent_">9.0052442E7</SimpleData>
		<SimpleData name="Jwk_Salesman">SELASA GENAP</SimpleData>
		<SimpleData name="SC">SD400A00134069E</SimpleData>
		<SimpleData name="Descript_">Agung Jaya</SimpleData>
		<SimpleData name="LAT">-4.194437</SimpleData>
		<SimpleData name="LONG">105.234438</SimpleData>
	</SchemaData></ExtendedData>
      <Point><coordinates>105.234438,-4.194437,0</coordinates></Point>
  </Placemark>
  <Placemark id="doc__cov_rudi_mey_26xlsx.167">
	<name>Rudi Anggoro</name>
	<description>Customer: 5677198&lt;br&gt;Name 1: TK RINDI&lt;br&gt;Represent.: 90052442&lt;br&gt;Jwk Salesman: SENIN GANJIL&lt;br&gt;SC: SD400A00139906H&lt;br&gt;Descript.: SP5E&lt;br&gt;LAT: -4.172011&lt;br&gt;LONG: 105.162111</description>
	<ExtendedData><SchemaData schemaUrl="#doc__cov_rudi_mey_26xlsx">
		<SimpleData name="tessellate">-1</SimpleData>
		<SimpleData name="extrude">0</SimpleData>
		<SimpleData name="visibility">-1</SimpleData>
		<SimpleData name="Customer">5677198.0</SimpleData>
		<SimpleData name="Name_1">TK RINDI</SimpleData>
		<SimpleData name="Represent_">9.0052442E7</SimpleData>
		<SimpleData name="Jwk_Salesman">SENIN GANJIL</SimpleData>
		<SimpleData name="SC">SD400A00139906H</SimpleData>
		<SimpleData name="Descript_">SP5E</SimpleData>
		<SimpleData name="LAT">-4.172011</SimpleData>
		<SimpleData name="LONG">105.162111</SimpleData>
	</SchemaData></ExtendedData>
      <Point><coordinates>105.162111,-4.172011,0</coordinates></Point>
  </Placemark>
  <Placemark id="doc__cov_rudi_mey_26xlsx.168">
	<name>Rudi Anggoro</name>
	<description>Customer: 2888337&lt;br&gt;Name 1: TK MAJU JAYA BERSAMA&lt;br&gt;Represent.: 90052442&lt;br&gt;Jwk Salesman: SELASA GANJIL&lt;br&gt;SC: SD400A00141056H&lt;br&gt;Descript.: PS. BUJUNG BURUNG&lt;br&gt;LAT: -3.921031&lt;br&gt;LONG: 105.258932</description>
	<ExtendedData><SchemaData schemaUrl="#doc__cov_rudi_mey_26xlsx">
		<SimpleData name="tessellate">-1</SimpleData>
		<SimpleData name="extrude">0</SimpleData>
		<SimpleData name="visibility">-1</SimpleData>
		<SimpleData name="Customer">2888337.0</SimpleData>
		<SimpleData name="Name_1">TK MAJU JAYA BERSAMA</SimpleData>
		<SimpleData name="Represent_">9.0052442E7</SimpleData>
		<SimpleData name="Jwk_Salesman">SELASA GANJIL</SimpleData>
		<SimpleData name="SC">SD400A00141056H</SimpleData>
		<SimpleData name="Descript_">PS. BUJUNG BURUNG</SimpleData>
		<SimpleData name="LAT">-3.921031</SimpleData>
		<SimpleData name="LONG">105.258932</SimpleData>
	</SchemaData></ExtendedData>
      <Point><coordinates>105.258932,-3.921031,0</coordinates></Point>
  </Placemark>
  <Placemark id="doc__cov_rudi_mey_26xlsx.169">
	<name>Rudi Anggoro</name>
	<description>Customer: 5677192&lt;br&gt;Name 1: TK ALLDELL&lt;br&gt;Represent.: 90052442&lt;br&gt;Jwk Salesman: JUMAT GANJIL&lt;br&gt;SC: SD400A00141054H&lt;br&gt;Descript.: PS. SPUA&lt;br&gt;LAT: -4.008784&lt;br&gt;LONG: 105.313333</description>
	<ExtendedData><SchemaData schemaUrl="#doc__cov_rudi_mey_26xlsx">
		<SimpleData name="tessellate">-1</SimpleData>
		<SimpleData name="extrude">0</SimpleData>
		<SimpleData name="visibility">-1</SimpleData>
		<SimpleData name="Customer">5677192.0</SimpleData>
		<SimpleData name="Name_1">TK ALLDELL</SimpleData>
		<SimpleData name="Represent_">9.0052442E7</SimpleData>
		<SimpleData name="Jwk_Salesman">JUMAT GANJIL</SimpleData>
		<SimpleData name="SC">SD400A00141054H</SimpleData>
		<SimpleData name="Descript_">PS. SPUA</SimpleData>
		<SimpleData name="LAT">-4.008784</SimpleData>
		<SimpleData name="LONG">105.313333</SimpleData>
	</SchemaData></ExtendedData>
      <Point><coordinates>105.313333,-4.008784,0</coordinates></Point>
  </Placemark>
  <Placemark id="doc__cov_rudi_mey_26xlsx.170">
	<name>Rudi Anggoro</name>
	<description>Customer: 5685599&lt;br&gt;Name 1: TK LINA&lt;br&gt;Represent.: 90052442&lt;br&gt;Jwk Salesman: JUMAT GENAP&lt;br&gt;SC: SD400A00140686H&lt;br&gt;Descript.: PS. GEDONG RAM&lt;br&gt;LAT: -3.9722682&lt;br&gt;LONG: 105.3971203</description>
	<ExtendedData><SchemaData schemaUrl="#doc__cov_rudi_mey_26xlsx">
		<SimpleData name="tessellate">-1</SimpleData>
		<SimpleData name="extrude">0</SimpleData>
		<SimpleData name="visibility">-1</SimpleData>
		<SimpleData name="Customer">5685599.0</SimpleData>
		<SimpleData name="Name_1">TK LINA</SimpleData>
		<SimpleData name="Represent_">9.0052442E7</SimpleData>
		<SimpleData name="Jwk_Salesman">JUMAT GENAP</SimpleData>
		<SimpleData name="SC">SD400A00140686H</SimpleData>
		<SimpleData name="Descript_">PS. GEDONG RAM</SimpleData>
		<SimpleData name="LAT">-3.9722682</SimpleData>
		<SimpleData name="LONG">105.3971203</SimpleData>
	</SchemaData></ExtendedData>
      <Point><coordinates>105.3971203,-3.9722682,0</coordinates></Point>
  </Placemark>
  <Placemark id="doc__cov_rudi_mey_26xlsx.171">
	<name>Rudi Anggoro</name>
	<description>Customer: 5702876&lt;br&gt;Name 1: WR BU SITI&lt;br&gt;Represent.: 90052442&lt;br&gt;Jwk Salesman: SELASA GENAP&lt;br&gt;SC: SD400A00134134E&lt;br&gt;Descript.: SP5E&lt;br&gt;LAT: -4.203688&lt;br&gt;LONG: 105.24068</description>
	<ExtendedData><SchemaData schemaUrl="#doc__cov_rudi_mey_26xlsx">
		<SimpleData name="tessellate">-1</SimpleData>
		<SimpleData name="extrude">0</SimpleData>
		<SimpleData name="visibility">-1</SimpleData>
		<SimpleData name="Customer">5702876.0</SimpleData>
		<SimpleData name="Name_1">WR BU SITI</SimpleData>
		<SimpleData name="Represent_">9.0052442E7</SimpleData>
		<SimpleData name="Jwk_Salesman">SELASA GENAP</SimpleData>
		<SimpleData name="SC">SD400A00134134E</SimpleData>
		<SimpleData name="Descript_">SP5E</SimpleData>
		<SimpleData name="LAT">-4.203688</SimpleData>
		<SimpleData name="LONG">105.24068</SimpleData>
	</SchemaData></ExtendedData>
      <Point><coordinates>105.24068,-4.203688,0</coordinates></Point>
  </Placemark>
  <Placemark id="doc__cov_rudi_mey_26xlsx.172">
	<name>Rudi Anggoro</name>
	<description>Customer: 5709135&lt;br&gt;Name 1: TK MAK ITAK&lt;br&gt;Represent.: 90052442&lt;br&gt;Jwk Salesman: JUMAT GANJIL&lt;br&gt;SC: SD400A00140222H&lt;br&gt;Descript.: PS. BRABASAN&lt;br&gt;LAT: -3.995975&lt;br&gt;LONG: 105.382358</description>
	<ExtendedData><SchemaData schemaUrl="#doc__cov_rudi_mey_26xlsx">
		<SimpleData name="tessellate">-1</SimpleData>
		<SimpleData name="extrude">0</SimpleData>
		<SimpleData name="visibility">-1</SimpleData>
		<SimpleData name="Customer">5709135.0</SimpleData>
		<SimpleData name="Name_1">TK MAK ITAK</SimpleData>
		<SimpleData name="Represent_">9.0052442E7</SimpleData>
		<SimpleData name="Jwk_Salesman">JUMAT GANJIL</SimpleData>
		<SimpleData name="SC">SD400A00140222H</SimpleData>
		<SimpleData name="Descript_">PS. BRABASAN</SimpleData>
		<SimpleData name="LAT">-3.995975</SimpleData>
		<SimpleData name="LONG">105.382358</SimpleData>
	</SchemaData></ExtendedData>
      <Point><coordinates>105.382358,-3.995975,0</coordinates></Point>
  </Placemark>
  <Placemark id="doc__cov_rudi_mey_26xlsx.173">
	<name>Rudi Anggoro</name>
	<description>Customer: 5710272&lt;br&gt;Name 1: TK ANIS&lt;br&gt;Represent.: 90052442&lt;br&gt;Jwk Salesman: SENIN GENAP&lt;br&gt;SC: SD400A00139852H&lt;br&gt;Descript.: Batu Putih&lt;br&gt;LAT: -4.3558795&lt;br&gt;LONG: 105.0000367</description>
	<ExtendedData><SchemaData schemaUrl="#doc__cov_rudi_mey_26xlsx">
		<SimpleData name="tessellate">-1</SimpleData>
		<SimpleData name="extrude">0</SimpleData>
		<SimpleData name="visibility">-1</SimpleData>
		<SimpleData name="Customer">5710272.0</SimpleData>
		<SimpleData name="Name_1">TK ANIS</SimpleData>
		<SimpleData name="Represent_">9.0052442E7</SimpleData>
		<SimpleData name="Jwk_Salesman">SENIN GENAP</SimpleData>
		<SimpleData name="SC">SD400A00139852H</SimpleData>
		<SimpleData name="Descript_">Batu Putih</SimpleData>
		<SimpleData name="LAT">-4.3558795</SimpleData>
		<SimpleData name="LONG">105.0000367</SimpleData>
	</SchemaData></ExtendedData>
      <Point><coordinates>105.0000367,-4.3558795,0</coordinates></Point>
  </Placemark>
  <Placemark id="doc__cov_rudi_mey_26xlsx.174">
	<name>Rudi Anggoro</name>
	<description>Customer: 5710273&lt;br&gt;Name 1: TK NAZWA&lt;br&gt;Represent.: 90052442&lt;br&gt;Jwk Salesman: SENIN GENAP&lt;br&gt;SC: SD400A00140742H&lt;br&gt;Descript.: Batu Putih&lt;br&gt;LAT: -4.329302&lt;br&gt;LONG: 105.011103</description>
	<ExtendedData><SchemaData schemaUrl="#doc__cov_rudi_mey_26xlsx">
		<SimpleData name="tessellate">-1</SimpleData>
		<SimpleData name="extrude">0</SimpleData>
		<SimpleData name="visibility">-1</SimpleData>
		<SimpleData name="Customer">5710273.0</SimpleData>
		<SimpleData name="Name_1">TK NAZWA</SimpleData>
		<SimpleData name="Represent_">9.0052442E7</SimpleData>
		<SimpleData name="Jwk_Salesman">SENIN GENAP</SimpleData>
		<SimpleData name="SC">SD400A00140742H</SimpleData>
		<SimpleData name="Descript_">Batu Putih</SimpleData>
		<SimpleData name="LAT">-4.329302</SimpleData>
		<SimpleData name="LONG">105.011103</SimpleData>
	</SchemaData></ExtendedData>
      <Point><coordinates>105.011103,-4.329302,0</coordinates></Point>
  </Placemark>
  <Placemark id="doc__cov_rudi_mey_26xlsx.175">
	<name>Rudi Anggoro</name>
	<description>Customer: 5711692&lt;br&gt;Name 1: TK ABDUL MAZID&lt;br&gt;Represent.: 90052442&lt;br&gt;Jwk Salesman: SELASA GENAP&lt;br&gt;SC: SD400A00139907H&lt;br&gt;Descript.: SP5E&lt;br&gt;LAT: -4.2010214&lt;br&gt;LONG: 105.1993465</description>
	<ExtendedData><SchemaData schemaUrl="#doc__cov_rudi_mey_26xlsx">
		<SimpleData name="tessellate">-1</SimpleData>
		<SimpleData name="extrude">0</SimpleData>
		<SimpleData name="visibility">-1</SimpleData>
		<SimpleData name="Customer">5711692.0</SimpleData>
		<SimpleData name="Name_1">TK ABDUL MAZID</SimpleData>
		<SimpleData name="Represent_">9.0052442E7</SimpleData>
		<SimpleData name="Jwk_Salesman">SELASA GENAP</SimpleData>
		<SimpleData name="SC">SD400A00139907H</SimpleData>
		<SimpleData name="Descript_">SP5E</SimpleData>
		<SimpleData name="LAT">-4.2010214</SimpleData>
		<SimpleData name="LONG">105.1993465</SimpleData>
	</SchemaData></ExtendedData>
      <Point><coordinates>105.1993465,-4.2010214,0</coordinates></Point>
  </Placemark>
  <Placemark id="doc__cov_rudi_mey_26xlsx.176">
	<name>Rudi Anggoro</name>
	<description>Customer: 5711889&lt;br&gt;Name 1: MULY CELL&lt;br&gt;Represent.: 90052442&lt;br&gt;Jwk Salesman: SELASA GENAP&lt;br&gt;SC: SD400A00140717H&lt;br&gt;Descript.: SP5E&lt;br&gt;LAT: -4.2120003&lt;br&gt;LONG: 105.2061317</description>
	<ExtendedData><SchemaData schemaUrl="#doc__cov_rudi_mey_26xlsx">
		<SimpleData name="tessellate">-1</SimpleData>
		<SimpleData name="extrude">0</SimpleData>
		<SimpleData name="visibility">-1</SimpleData>
		<SimpleData name="Customer">5711889.0</SimpleData>
		<SimpleData name="Name_1">MULY CELL</SimpleData>
		<SimpleData name="Represent_">9.0052442E7</SimpleData>
		<SimpleData name="Jwk_Salesman">SELASA GENAP</SimpleData>
		<SimpleData name="SC">SD400A00140717H</SimpleData>
		<SimpleData name="Descript_">SP5E</SimpleData>
		<SimpleData name="LAT">-4.2120003</SimpleData>
		<SimpleData name="LONG">105.2061317</SimpleData>
	</SchemaData></ExtendedData>
      <Point><coordinates>105.2061317,-4.2120003,0</coordinates></Point>
  </Placemark>
  <Placemark id="doc__cov_rudi_mey_26xlsx.177">
	<name>Rudi Anggoro</name>
	<description>Customer: 5719979&lt;br&gt;Name 1: TK BU NENG 2&lt;br&gt;Represent.: 90052442&lt;br&gt;Jwk Salesman: KAMIS GENAP&lt;br&gt;SC: SD400A00134161E&lt;br&gt;Descript.: Gd. Boga&lt;br&gt;LAT: -4.1622565&lt;br&gt;LONG: 105.1113701</description>
	<ExtendedData><SchemaData schemaUrl="#doc__cov_rudi_mey_26xlsx">
		<SimpleData name="tessellate">-1</SimpleData>
		<SimpleData name="extrude">0</SimpleData>
		<SimpleData name="visibility">-1</SimpleData>
		<SimpleData name="Customer">5719979.0</SimpleData>
		<SimpleData name="Name_1">TK BU NENG 2</SimpleData>
		<SimpleData name="Represent_">9.0052442E7</SimpleData>
		<SimpleData name="Jwk_Salesman">KAMIS GENAP</SimpleData>
		<SimpleData name="SC">SD400A00134161E</SimpleData>
		<SimpleData name="Descript_">Gd. Boga</SimpleData>
		<SimpleData name="LAT">-4.1622565</SimpleData>
		<SimpleData name="LONG">105.1113701</SimpleData>
	</SchemaData></ExtendedData>
      <Point><coordinates>105.1113701,-4.1622565,0</coordinates></Point>
  </Placemark>
  <Placemark id="doc__cov_rudi_mey_26xlsx.178">
	<name>Rudi Anggoro</name>
	<description>Customer: 5719980&lt;br&gt;Name 1: TK SABAR SUBUR&lt;br&gt;Represent.: 90052442&lt;br&gt;Jwk Salesman: KAMIS GANJIL&lt;br&gt;SC: SD400A00134150E&lt;br&gt;Descript.: Gd. Boga&lt;br&gt;LAT: -4.114711&lt;br&gt;LONG: 105.070304</description>
	<ExtendedData><SchemaData schemaUrl="#doc__cov_rudi_mey_26xlsx">
		<SimpleData name="tessellate">-1</SimpleData>
		<SimpleData name="extrude">0</SimpleData>
		<SimpleData name="visibility">-1</SimpleData>
		<SimpleData name="Customer">5719980.0</SimpleData>
		<SimpleData name="Name_1">TK SABAR SUBUR</SimpleData>
		<SimpleData name="Represent_">9.0052442E7</SimpleData>
		<SimpleData name="Jwk_Salesman">KAMIS GANJIL</SimpleData>
		<SimpleData name="SC">SD400A00134150E</SimpleData>
		<SimpleData name="Descript_">Gd. Boga</SimpleData>
		<SimpleData name="LAT">-4.114711</SimpleData>
		<SimpleData name="LONG">105.070304</SimpleData>
	</SchemaData></ExtendedData>
      <Point><coordinates>105.070304,-4.114711,0</coordinates></Point>
  </Placemark>
  <Placemark id="doc__cov_rudi_mey_26xlsx.179">
	<name>Rudi Anggoro</name>
	<description>Customer: 5721277&lt;br&gt;Name 1: SWD CELL 2&lt;br&gt;Represent.: 90052442&lt;br&gt;Jwk Salesman: RABU GANJIL&lt;br&gt;SC: SD400A00140662H&lt;br&gt;Descript.: SP5E&lt;br&gt;LAT: -4.2434551&lt;br&gt;LONG: 105.1080968</description>
	<ExtendedData><SchemaData schemaUrl="#doc__cov_rudi_mey_26xlsx">
		<SimpleData name="tessellate">-1</SimpleData>
		<SimpleData name="extrude">0</SimpleData>
		<SimpleData name="visibility">-1</SimpleData>
		<SimpleData name="Customer">5721277.0</SimpleData>
		<SimpleData name="Name_1">SWD CELL 2</SimpleData>
		<SimpleData name="Represent_">9.0052442E7</SimpleData>
		<SimpleData name="Jwk_Salesman">RABU GANJIL</SimpleData>
		<SimpleData name="SC">SD400A00140662H</SimpleData>
		<SimpleData name="Descript_">SP5E</SimpleData>
		<SimpleData name="LAT">-4.2434551</SimpleData>
		<SimpleData name="LONG">105.1080968</SimpleData>
	</SchemaData></ExtendedData>
      <Point><coordinates>105.1080968,-4.2434551,0</coordinates></Point>
  </Placemark>
  <Placemark id="doc__cov_rudi_mey_26xlsx.180">
	<name>Rudi Anggoro</name>
	<description>Customer: 5727481&lt;br&gt;Name 1: TK RIKO&lt;br&gt;Represent.: 90052442&lt;br&gt;Jwk Salesman: RABU GENAP&lt;br&gt;SC: SD400A00140074H&lt;br&gt;Descript.: PS. SPI MENGGALA C&lt;br&gt;LAT: -4264858&lt;br&gt;LONG: 10509544</description>
	<ExtendedData><SchemaData schemaUrl="#doc__cov_rudi_mey_26xlsx">
		<SimpleData name="visibility">-1</SimpleData>
		<SimpleData name="Customer">5727481.0</SimpleData>
		<SimpleData name="Name_1">TK RIKO</SimpleData>
		<SimpleData name="Represent_">9.0052442E7</SimpleData>
		<SimpleData name="Jwk_Salesman">RABU GENAP</SimpleData>
		<SimpleData name="SC">SD400A00140074H</SimpleData>
		<SimpleData name="Descript_">PS. SPI MENGGALA C</SimpleData>
		<SimpleData name="LAT">-4264858</SimpleData>
		<SimpleData name="LONG">10509544</SimpleData>
	</SchemaData></ExtendedData>
      <Point><coordinates>0,0,0</coordinates></Point>
  </Placemark>
  <Placemark id="doc__cov_rudi_mey_26xlsx.181">
	<name>Rudi Anggoro</name>
	<description>Customer: 5601003&lt;br&gt;Name 1: TK AMANAH SEMBAKO&lt;br&gt;Represent.: 90052442&lt;br&gt;Jwk Salesman: SENIN GENAP&lt;br&gt;SC: SD400A00140674H&lt;br&gt;Descript.: Batu Putih&lt;br&gt;LAT: -4.36&lt;br&gt;LONG: 105.03095</description>
	<ExtendedData><SchemaData schemaUrl="#doc__cov_rudi_mey_26xlsx">
		<SimpleData name="tessellate">-1</SimpleData>
		<SimpleData name="extrude">0</SimpleData>
		<SimpleData name="visibility">-1</SimpleData>
		<SimpleData name="Customer">5601003.0</SimpleData>
		<SimpleData name="Name_1">TK AMANAH SEMBAKO</SimpleData>
		<SimpleData name="Represent_">9.0052442E7</SimpleData>
		<SimpleData name="Jwk_Salesman">SENIN GENAP</SimpleData>
		<SimpleData name="SC">SD400A00140674H</SimpleData>
		<SimpleData name="Descript_">Batu Putih</SimpleData>
		<SimpleData name="LAT">-4.36</SimpleData>
		<SimpleData name="LONG">105.03095</SimpleData>
	</SchemaData></ExtendedData>
      <Point><coordinates>105.03095,-4.36,0</coordinates></Point>
  </Placemark>
  <Placemark id="doc__cov_rudi_mey_26xlsx.182">
	<name>Rudi Anggoro</name>
	<description>Customer: 5735248&lt;br&gt;Name 1: TK VANIA&lt;br&gt;Represent.: 90052442&lt;br&gt;Jwk Salesman: RABU GANJIL&lt;br&gt;SC: SD400A00144496H&lt;br&gt;Descript.: SP5E&lt;br&gt;LAT: -4.242185&lt;br&gt;LONG: 105.063273</description>
	<ExtendedData><SchemaData schemaUrl="#doc__cov_rudi_mey_26xlsx">
		<SimpleData name="tessellate">-1</SimpleData>
		<SimpleData name="extrude">0</SimpleData>
		<SimpleData name="visibility">-1</SimpleData>
		<SimpleData name="Customer">5735248.0</SimpleData>
		<SimpleData name="Name_1">TK VANIA</SimpleData>
		<SimpleData name="Represent_">9.0052442E7</SimpleData>
		<SimpleData name="Jwk_Salesman">RABU GANJIL</SimpleData>
		<SimpleData name="SC">SD400A00144496H</SimpleData>
		<SimpleData name="Descript_">SP5E</SimpleData>
		<SimpleData name="LAT">-4.242185</SimpleData>
		<SimpleData name="LONG">105.063273</SimpleData>
	</SchemaData></ExtendedData>
      <Point><coordinates>105.063273,-4.242185,0</coordinates></Point>
  </Placemark>
  <Placemark id="doc__cov_rudi_mey_26xlsx.183">
	<name>Rudi Anggoro</name>
	<description>Customer: 602314&lt;br&gt;Name 1: TK WAHYUNI SP3C&lt;br&gt;Represent.: 90052442&lt;br&gt;Jwk Salesman: RABU GENAP&lt;br&gt;SC: SD400A00144661H&lt;br&gt;Descript.: PS. SPI MENGGALA C&lt;br&gt;LAT: -4.261105&lt;br&gt;LONG: 105.106237</description>
	<ExtendedData><SchemaData schemaUrl="#doc__cov_rudi_mey_26xlsx">
		<SimpleData name="tessellate">-1</SimpleData>
		<SimpleData name="extrude">0</SimpleData>
		<SimpleData name="visibility">-1</SimpleData>
		<SimpleData name="Customer">602314.0</SimpleData>
		<SimpleData name="Name_1">TK WAHYUNI SP3C</SimpleData>
		<SimpleData name="Represent_">9.0052442E7</SimpleData>
		<SimpleData name="Jwk_Salesman">RABU GENAP</SimpleData>
		<SimpleData name="SC">SD400A00144661H</SimpleData>
		<SimpleData name="Descript_">PS. SPI MENGGALA C</SimpleData>
		<SimpleData name="LAT">-4.261105</SimpleData>
		<SimpleData name="LONG">105.106237</SimpleData>
	</SchemaData></ExtendedData>
      <Point><coordinates>105.106237,-4.261105,0</coordinates></Point>
  </Placemark>
  <Placemark id="doc__cov_rudi_mey_26xlsx.184">
	<name>Rudi Anggoro</name>
	<description>Customer: 5735222&lt;br&gt;Name 1: WR MBA TIKA&lt;br&gt;Represent.: 90052442&lt;br&gt;Jwk Salesman: JUMAT GENAP&lt;br&gt;SC: SD400A00145036H&lt;br&gt;Descript.: PS. LINGKARAN&lt;br&gt;LAT: -3.95907&lt;br&gt;LONG: 105.416231</description>
	<ExtendedData><SchemaData schemaUrl="#doc__cov_rudi_mey_26xlsx">
		<SimpleData name="tessellate">-1</SimpleData>
		<SimpleData name="extrude">0</SimpleData>
		<SimpleData name="visibility">-1</SimpleData>
		<SimpleData name="Customer">5735222.0</SimpleData>
		<SimpleData name="Name_1">WR MBA TIKA</SimpleData>
		<SimpleData name="Represent_">9.0052442E7</SimpleData>
		<SimpleData name="Jwk_Salesman">JUMAT GENAP</SimpleData>
		<SimpleData name="SC">SD400A00145036H</SimpleData>
		<SimpleData name="Descript_">PS. LINGKARAN</SimpleData>
		<SimpleData name="LAT">-3.95907</SimpleData>
		<SimpleData name="LONG">105.416231</SimpleData>
	</SchemaData></ExtendedData>
      <Point><coordinates>105.416231,-3.95907,0</coordinates></Point>
  </Placemark>
  <Placemark id="doc__cov_rudi_mey_26xlsx.185">
	<name>Rudi Anggoro</name>
	<description>Customer: 5746417&lt;br&gt;Name 1: TK IBU SITI&lt;br&gt;Represent.: 90052442&lt;br&gt;Jwk Salesman: SELASA GENAP&lt;br&gt;SC: SD400A00145633H&lt;br&gt;Descript.: PS.E1&lt;br&gt;LAT: -4.203688&lt;br&gt;LONG: 105.24068</description>
	<ExtendedData><SchemaData schemaUrl="#doc__cov_rudi_mey_26xlsx">
		<SimpleData name="tessellate">-1</SimpleData>
		<SimpleData name="extrude">0</SimpleData>
		<SimpleData name="visibility">-1</SimpleData>
		<SimpleData name="Customer">5746417.0</SimpleData>
		<SimpleData name="Name_1">TK IBU SITI</SimpleData>
		<SimpleData name="Represent_">9.0052442E7</SimpleData>
		<SimpleData name="Jwk_Salesman">SELASA GENAP</SimpleData>
		<SimpleData name="SC">SD400A00145633H</SimpleData>
		<SimpleData name="Descript_">PS.E1</SimpleData>
		<SimpleData name="LAT">-4.203688</SimpleData>
		<SimpleData name="LONG">105.24068</SimpleData>
	</SchemaData></ExtendedData>
      <Point><coordinates>105.24068,-4.203688,0</coordinates></Point>
  </Placemark>
  <Placemark id="doc__cov_rudi_mey_26xlsx.186">
	<name>Rudi Anggoro</name>
	<description>Customer: 5746612&lt;br&gt;Name 1: TK MD&lt;br&gt;Represent.: 90052442&lt;br&gt;Jwk Salesman: RABU GANJIL&lt;br&gt;SC: SD400A00145625H&lt;br&gt;Descript.: SP5E&lt;br&gt;LAT: -4.2445333&lt;br&gt;LONG: 105.0891743</description>
	<ExtendedData><SchemaData schemaUrl="#doc__cov_rudi_mey_26xlsx">
		<SimpleData name="tessellate">-1</SimpleData>
		<SimpleData name="extrude">0</SimpleData>
		<SimpleData name="visibility">-1</SimpleData>
		<SimpleData name="Customer">5746612.0</SimpleData>
		<SimpleData name="Name_1">TK MD</SimpleData>
		<SimpleData name="Represent_">9.0052442E7</SimpleData>
		<SimpleData name="Jwk_Salesman">RABU GANJIL</SimpleData>
		<SimpleData name="SC">SD400A00145625H</SimpleData>
		<SimpleData name="Descript_">SP5E</SimpleData>
		<SimpleData name="LAT">-4.2445333</SimpleData>
		<SimpleData name="LONG">105.0891743</SimpleData>
	</SchemaData></ExtendedData>
      <Point><coordinates>105.0891743,-4.2445333,0</coordinates></Point>
  </Placemark>
  <Placemark id="doc__cov_rudi_mey_26xlsx.187">
	<name>Rudi Anggoro</name>
	<description>Customer: 5603345&lt;br&gt;Name 1: BERKAH MITRA MART&lt;br&gt;Represent.: 90052442&lt;br&gt;Jwk Salesman: JUMAT GANJIL&lt;br&gt;SC: SD400A00146245H&lt;br&gt;Descript.: PS.KOTA MANDIRI(KTM)&lt;br&gt;LAT: -3.9760015&lt;br&gt;LONG: 105.5929909</description>
	<ExtendedData><SchemaData schemaUrl="#doc__cov_rudi_mey_26xlsx">
		<SimpleData name="tessellate">-1</SimpleData>
		<SimpleData name="extrude">0</SimpleData>
		<SimpleData name="visibility">-1</SimpleData>
		<SimpleData name="Customer">5603345.0</SimpleData>
		<SimpleData name="Name_1">BERKAH MITRA MART</SimpleData>
		<SimpleData name="Represent_">9.0052442E7</SimpleData>
		<SimpleData name="Jwk_Salesman">JUMAT GANJIL</SimpleData>
		<SimpleData name="SC">SD400A00146245H</SimpleData>
		<SimpleData name="Descript_">PS.KOTA MANDIRI(KTM)</SimpleData>
		<SimpleData name="LAT">-3.9760015</SimpleData>
		<SimpleData name="LONG">105.5929909</SimpleData>
	</SchemaData></ExtendedData>
      <Point><coordinates>105.5929909,-3.9760015,0</coordinates></Point>
  </Placemark>
  <Placemark id="doc__cov_rudi_mey_26xlsx.188">
	<name>Rudi Anggoro</name>
	<description>Customer: 5761086&lt;br&gt;Name 1: TK MBA RHE&lt;br&gt;Represent.: 90052442&lt;br&gt;Jwk Salesman: SENIN GANJIL&lt;br&gt;SC: SD400A00124986E&lt;br&gt;Descript.: PS. INDRA LOKA II&lt;br&gt;LAT: -4.178338&lt;br&gt;LONG: 105.196736</description>
	<ExtendedData><SchemaData schemaUrl="#doc__cov_rudi_mey_26xlsx">
		<SimpleData name="tessellate">-1</SimpleData>
		<SimpleData name="extrude">0</SimpleData>
		<SimpleData name="visibility">-1</SimpleData>
		<SimpleData name="Customer">5761086.0</SimpleData>
		<SimpleData name="Name_1">TK MBA RHE</SimpleData>
		<SimpleData name="Represent_">9.0052442E7</SimpleData>
		<SimpleData name="Jwk_Salesman">SENIN GANJIL</SimpleData>
		<SimpleData name="SC">SD400A00124986E</SimpleData>
		<SimpleData name="Descript_">PS. INDRA LOKA II</SimpleData>
		<SimpleData name="LAT">-4.178338</SimpleData>
		<SimpleData name="LONG">105.196736</SimpleData>
	</SchemaData></ExtendedData>
      <Point><coordinates>105.196736,-4.178338,0</coordinates></Point>
  </Placemark>
  <Placemark id="doc__cov_rudi_mey_26xlsx.189">
	<name>Rudi Anggoro</name>
	<description>Customer: 5761088&lt;br&gt;Name 1: WR SITI&lt;br&gt;Represent.: 90052442&lt;br&gt;Jwk Salesman: KAMIS GANJIL&lt;br&gt;SC: SD400A00145040H&lt;br&gt;Descript.: Gd. Boga&lt;br&gt;LAT: -4.087091&lt;br&gt;LONG: 105.156944</description>
	<ExtendedData><SchemaData schemaUrl="#doc__cov_rudi_mey_26xlsx">
		<SimpleData name="tessellate">-1</SimpleData>
		<SimpleData name="extrude">0</SimpleData>
		<SimpleData name="visibility">-1</SimpleData>
		<SimpleData name="Customer">5761088.0</SimpleData>
		<SimpleData name="Name_1">WR SITI</SimpleData>
		<SimpleData name="Represent_">9.0052442E7</SimpleData>
		<SimpleData name="Jwk_Salesman">KAMIS GANJIL</SimpleData>
		<SimpleData name="SC">SD400A00145040H</SimpleData>
		<SimpleData name="Descript_">Gd. Boga</SimpleData>
		<SimpleData name="LAT">-4.087091</SimpleData>
		<SimpleData name="LONG">105.156944</SimpleData>
	</SchemaData></ExtendedData>
      <Point><coordinates>105.156944,-4.087091,0</coordinates></Point>
  </Placemark>
  <Placemark id="doc__cov_rudi_mey_26xlsx.190">
	<name>Rudi Anggoro</name>
	<description>Customer: 515345&lt;br&gt;Name 1: TK ISMI&lt;br&gt;Represent.: 90052442&lt;br&gt;Jwk Salesman: SENIN GENAP&lt;br&gt;SC: SD400A00145061H&lt;br&gt;Descript.: Batu Putih&lt;br&gt;LAT: -4.355736&lt;br&gt;LONG: 104.9992541</description>
	<ExtendedData><SchemaData schemaUrl="#doc__cov_rudi_mey_26xlsx">
		<SimpleData name="tessellate">-1</SimpleData>
		<SimpleData name="extrude">0</SimpleData>
		<SimpleData name="visibility">-1</SimpleData>
		<SimpleData name="Customer">515345.0</SimpleData>
		<SimpleData name="Name_1">TK ISMI</SimpleData>
		<SimpleData name="Represent_">9.0052442E7</SimpleData>
		<SimpleData name="Jwk_Salesman">SENIN GENAP</SimpleData>
		<SimpleData name="SC">SD400A00145061H</SimpleData>
		<SimpleData name="Descript_">Batu Putih</SimpleData>
		<SimpleData name="LAT">-4.355736</SimpleData>
		<SimpleData name="LONG">104.9992541</SimpleData>
	</SchemaData></ExtendedData>
      <Point><coordinates>104.9992541,-4.355736,0</coordinates></Point>
  </Placemark>
  <Placemark id="doc__cov_rudi_mey_26xlsx.191">
	<name>Rudi Anggoro</name>
	<description>Customer: 5762144&lt;br&gt;Name 1: TK IRA MAKMUR&lt;br&gt;Represent.: 90052442&lt;br&gt;Jwk Salesman: SENIN GENAP&lt;br&gt;SC: SD400A00144817H&lt;br&gt;Descript.: PS. SP 2 MENGGALA C&lt;br&gt;LAT: -4.330568&lt;br&gt;LONG: 105.0838321</description>
	<ExtendedData><SchemaData schemaUrl="#doc__cov_rudi_mey_26xlsx">
		<SimpleData name="tessellate">-1</SimpleData>
		<SimpleData name="extrude">0</SimpleData>
		<SimpleData name="visibility">-1</SimpleData>
		<SimpleData name="Customer">5762144.0</SimpleData>
		<SimpleData name="Name_1">TK IRA MAKMUR</SimpleData>
		<SimpleData name="Represent_">9.0052442E7</SimpleData>
		<SimpleData name="Jwk_Salesman">SENIN GENAP</SimpleData>
		<SimpleData name="SC">SD400A00144817H</SimpleData>
		<SimpleData name="Descript_">PS. SP 2 MENGGALA C</SimpleData>
		<SimpleData name="LAT">-4.330568</SimpleData>
		<SimpleData name="LONG">105.0838321</SimpleData>
	</SchemaData></ExtendedData>
      <Point><coordinates>105.0838321,-4.330568,0</coordinates></Point>
  </Placemark>
  <Placemark id="doc__cov_rudi_mey_26xlsx.192">
	<name>Rudi Anggoro</name>
	<description>Customer: 5762145&lt;br&gt;Name 1: TK  TATA BRILINK&lt;br&gt;Represent.: 90052442&lt;br&gt;Jwk Salesman: RABU GENAP&lt;br&gt;SC: SD400A00146244H&lt;br&gt;Descript.: PS. SPI MENGGALA C&lt;br&gt;LAT: -4.263246&lt;br&gt;LONG: 105.104059</description>
	<ExtendedData><SchemaData schemaUrl="#doc__cov_rudi_mey_26xlsx">
		<SimpleData name="tessellate">-1</SimpleData>
		<SimpleData name="extrude">0</SimpleData>
		<SimpleData name="visibility">-1</SimpleData>
		<SimpleData name="Customer">5762145.0</SimpleData>
		<SimpleData name="Name_1">TK  TATA BRILINK</SimpleData>
		<SimpleData name="Represent_">9.0052442E7</SimpleData>
		<SimpleData name="Jwk_Salesman">RABU GENAP</SimpleData>
		<SimpleData name="SC">SD400A00146244H</SimpleData>
		<SimpleData name="Descript_">PS. SPI MENGGALA C</SimpleData>
		<SimpleData name="LAT">-4.263246</SimpleData>
		<SimpleData name="LONG">105.104059</SimpleData>
	</SchemaData></ExtendedData>
      <Point><coordinates>105.104059,-4.263246,0</coordinates></Point>
  </Placemark>
  <Placemark id="doc__cov_rudi_mey_26xlsx.193">
	<name>Rudi Anggoro</name>
	<description>Customer: 5762148&lt;br&gt;Name 1: WR ASMARA CELL&lt;br&gt;Represent.: 90052442&lt;br&gt;Jwk Salesman: SENIN GENAP&lt;br&gt;SC: SD400A00144833H&lt;br&gt;Descript.: Batu Putih&lt;br&gt;LAT: -4.356211&lt;br&gt;LONG: 105.0123441</description>
	<ExtendedData><SchemaData schemaUrl="#doc__cov_rudi_mey_26xlsx">
		<SimpleData name="tessellate">-1</SimpleData>
		<SimpleData name="extrude">0</SimpleData>
		<SimpleData name="visibility">-1</SimpleData>
		<SimpleData name="Customer">5762148.0</SimpleData>
		<SimpleData name="Name_1">WR ASMARA CELL</SimpleData>
		<SimpleData name="Represent_">9.0052442E7</SimpleData>
		<SimpleData name="Jwk_Salesman">SENIN GENAP</SimpleData>
		<SimpleData name="SC">SD400A00144833H</SimpleData>
		<SimpleData name="Descript_">Batu Putih</SimpleData>
		<SimpleData name="LAT">-4.356211</SimpleData>
		<SimpleData name="LONG">105.0123441</SimpleData>
	</SchemaData></ExtendedData>
      <Point><coordinates>105.0123441,-4.356211,0</coordinates></Point>
  </Placemark>
  <Placemark id="doc__cov_rudi_mey_26xlsx.194">
	<name>Rudi Anggoro</name>
	<description>Customer: 5762149&lt;br&gt;Name 1: TK NIZARFA&lt;br&gt;Represent.: 90052442&lt;br&gt;Jwk Salesman: SENIN GENAP&lt;br&gt;SC: SD400A00146241H&lt;br&gt;Descript.: Batu Putih&lt;br&gt;LAT: -4.3578125&lt;br&gt;LONG: 105.0239531</description>
	<ExtendedData><SchemaData schemaUrl="#doc__cov_rudi_mey_26xlsx">
		<SimpleData name="tessellate">-1</SimpleData>
		<SimpleData name="extrude">0</SimpleData>
		<SimpleData name="visibility">-1</SimpleData>
		<SimpleData name="Customer">5762149.0</SimpleData>
		<SimpleData name="Name_1">TK NIZARFA</SimpleData>
		<SimpleData name="Represent_">9.0052442E7</SimpleData>
		<SimpleData name="Jwk_Salesman">SENIN GENAP</SimpleData>
		<SimpleData name="SC">SD400A00146241H</SimpleData>
		<SimpleData name="Descript_">Batu Putih</SimpleData>
		<SimpleData name="LAT">-4.3578125</SimpleData>
		<SimpleData name="LONG">105.0239531</SimpleData>
	</SchemaData></ExtendedData>
      <Point><coordinates>105.0239531,-4.3578125,0</coordinates></Point>
  </Placemark>
  <Placemark id="doc__cov_rudi_mey_26xlsx.195">
	<name>Rudi Anggoro</name>
	<description>Customer: 92144&lt;br&gt;Name 1: ADELIA&lt;br&gt;Represent.: 90052442&lt;br&gt;Jwk Salesman: SABTU GANJIL&lt;br&gt;SC: SD400A00144830H&lt;br&gt;Descript.: PS. BRABASAN&lt;br&gt;LAT: -3.991809&lt;br&gt;LONG: 105.337311</description>
	<ExtendedData><SchemaData schemaUrl="#doc__cov_rudi_mey_26xlsx">
		<SimpleData name="tessellate">-1</SimpleData>
		<SimpleData name="extrude">0</SimpleData>
		<SimpleData name="visibility">-1</SimpleData>
		<SimpleData name="Customer">92144.0</SimpleData>
		<SimpleData name="Name_1">ADELIA</SimpleData>
		<SimpleData name="Represent_">9.0052442E7</SimpleData>
		<SimpleData name="Jwk_Salesman">SABTU GANJIL</SimpleData>
		<SimpleData name="SC">SD400A00144830H</SimpleData>
		<SimpleData name="Descript_">PS. BRABASAN</SimpleData>
		<SimpleData name="LAT">-3.991809</SimpleData>
		<SimpleData name="LONG">105.337311</SimpleData>
	</SchemaData></ExtendedData>
      <Point><coordinates>105.337311,-3.991809,0</coordinates></Point>
  </Placemark>
  <Placemark id="doc__cov_rudi_mey_26xlsx.196">
	<name>Rudi Anggoro</name>
	<description>Customer: 105697&lt;br&gt;Name 1: TK KARDI&lt;br&gt;Represent.: 90052442&lt;br&gt;Jwk Salesman: SELASA GANJIL&lt;br&gt;SC: SD400A00144879H&lt;br&gt;Descript.: PS. SPUA&lt;br&gt;LAT: -4.021392&lt;br&gt;LONG: 105.2438</description>
	<ExtendedData><SchemaData schemaUrl="#doc__cov_rudi_mey_26xlsx">
		<SimpleData name="tessellate">-1</SimpleData>
		<SimpleData name="extrude">0</SimpleData>
		<SimpleData name="visibility">-1</SimpleData>
		<SimpleData name="Customer">105697.0</SimpleData>
		<SimpleData name="Name_1">TK KARDI</SimpleData>
		<SimpleData name="Represent_">9.0052442E7</SimpleData>
		<SimpleData name="Jwk_Salesman">SELASA GANJIL</SimpleData>
		<SimpleData name="SC">SD400A00144879H</SimpleData>
		<SimpleData name="Descript_">PS. SPUA</SimpleData>
		<SimpleData name="LAT">-4.021392</SimpleData>
		<SimpleData name="LONG">105.2438</SimpleData>
	</SchemaData></ExtendedData>
      <Point><coordinates>105.2438,-4.021392,0</coordinates></Point>
  </Placemark>
  <Placemark id="doc__cov_rudi_mey_26xlsx.197">
	<name>Rudi Anggoro</name>
	<description>Customer: 5774312&lt;br&gt;Name 1: TK ARIS&lt;br&gt;Represent.: 90052442&lt;br&gt;Jwk Salesman: SABTU GANJIL&lt;br&gt;SC: SD400A00144852H&lt;br&gt;Descript.: PS. GEDONG RAM&lt;br&gt;LAT: -3.985243&lt;br&gt;LONG: 105.341895</description>
	<ExtendedData><SchemaData schemaUrl="#doc__cov_rudi_mey_26xlsx">
		<SimpleData name="tessellate">-1</SimpleData>
		<SimpleData name="extrude">0</SimpleData>
		<SimpleData name="visibility">-1</SimpleData>
		<SimpleData name="Customer">5774312.0</SimpleData>
		<SimpleData name="Name_1">TK ARIS</SimpleData>
		<SimpleData name="Represent_">9.0052442E7</SimpleData>
		<SimpleData name="Jwk_Salesman">SABTU GANJIL</SimpleData>
		<SimpleData name="SC">SD400A00144852H</SimpleData>
		<SimpleData name="Descript_">PS. GEDONG RAM</SimpleData>
		<SimpleData name="LAT">-3.985243</SimpleData>
		<SimpleData name="LONG">105.341895</SimpleData>
	</SchemaData></ExtendedData>
      <Point><coordinates>105.341895,-3.985243,0</coordinates></Point>
  </Placemark>
  <Placemark id="doc__cov_rudi_mey_26xlsx.198">
	<name>Rudi Anggoro</name>
	<description>Customer: 5774313&lt;br&gt;Name 1: TK WAYAN&lt;br&gt;Represent.: 90052442&lt;br&gt;Jwk Salesman: JUMAT GENAP&lt;br&gt;SC: SD400A00144876H&lt;br&gt;Descript.: PS. SPUA&lt;br&gt;LAT: -4.013049&lt;br&gt;LONG: 105.291554</description>
	<ExtendedData><SchemaData schemaUrl="#doc__cov_rudi_mey_26xlsx">
		<SimpleData name="tessellate">-1</SimpleData>
		<SimpleData name="extrude">0</SimpleData>
		<SimpleData name="visibility">-1</SimpleData>
		<SimpleData name="Customer">5774313.0</SimpleData>
		<SimpleData name="Name_1">TK WAYAN</SimpleData>
		<SimpleData name="Represent_">9.0052442E7</SimpleData>
		<SimpleData name="Jwk_Salesman">JUMAT GENAP</SimpleData>
		<SimpleData name="SC">SD400A00144876H</SimpleData>
		<SimpleData name="Descript_">PS. SPUA</SimpleData>
		<SimpleData name="LAT">-4.013049</SimpleData>
		<SimpleData name="LONG">105.291554</SimpleData>
	</SchemaData></ExtendedData>
      <Point><coordinates>105.291554,-4.013049,0</coordinates></Point>
  </Placemark>
  <Placemark id="doc__cov_rudi_mey_26xlsx.199">
	<name>Rudi Anggoro</name>
	<description>Customer: 5774315&lt;br&gt;Name 1: TK DEFRANDRO&lt;br&gt;Represent.: 90052442&lt;br&gt;Jwk Salesman: SELASA GANJIL&lt;br&gt;SC: SD400A00146238H&lt;br&gt;Descript.: PS. SPUA&lt;br&gt;LAT: -4.026242&lt;br&gt;LONG: 105.247654</description>
	<ExtendedData><SchemaData schemaUrl="#doc__cov_rudi_mey_26xlsx">
		<SimpleData name="tessellate">-1</SimpleData>
		<SimpleData name="extrude">0</SimpleData>
		<SimpleData name="visibility">-1</SimpleData>
		<SimpleData name="Customer">5774315.0</SimpleData>
		<SimpleData name="Name_1">TK DEFRANDRO</SimpleData>
		<SimpleData name="Represent_">9.0052442E7</SimpleData>
		<SimpleData name="Jwk_Salesman">SELASA GANJIL</SimpleData>
		<SimpleData name="SC">SD400A00146238H</SimpleData>
		<SimpleData name="Descript_">PS. SPUA</SimpleData>
		<SimpleData name="LAT">-4.026242</SimpleData>
		<SimpleData name="LONG">105.247654</SimpleData>
	</SchemaData></ExtendedData>
      <Point><coordinates>105.247654,-4.026242,0</coordinates></Point>
  </Placemark>
  <Placemark id="doc__cov_rudi_mey_26xlsx.200">
	<name>Rudi Anggoro</name>
	<description>Customer: 5774316&lt;br&gt;Name 1: SRC MUNAWAROH&lt;br&gt;Represent.: 90052442&lt;br&gt;Jwk Salesman: JUMAT GANJIL&lt;br&gt;SC: SD400A00144877H&lt;br&gt;Descript.: Sungai Badak&lt;br&gt;LAT: -4.017&lt;br&gt;LONG: 105.27821</description>
	<ExtendedData><SchemaData schemaUrl="#doc__cov_rudi_mey_26xlsx">
		<SimpleData name="tessellate">-1</SimpleData>
		<SimpleData name="extrude">0</SimpleData>
		<SimpleData name="visibility">-1</SimpleData>
		<SimpleData name="Customer">5774316.0</SimpleData>
		<SimpleData name="Name_1">SRC MUNAWAROH</SimpleData>
		<SimpleData name="Represent_">9.0052442E7</SimpleData>
		<SimpleData name="Jwk_Salesman">JUMAT GANJIL</SimpleData>
		<SimpleData name="SC">SD400A00144877H</SimpleData>
		<SimpleData name="Descript_">Sungai Badak</SimpleData>
		<SimpleData name="LAT">-4.017</SimpleData>
		<SimpleData name="LONG">105.27821</SimpleData>
	</SchemaData></ExtendedData>
      <Point><coordinates>105.27821,-4.017,0</coordinates></Point>
  </Placemark>
  <Placemark id="doc__cov_rudi_mey_26xlsx.201">
	<name>Rudi Anggoro</name>
	<description>Customer: 5774317&lt;br&gt;Name 1: TK MEME&lt;br&gt;Represent.: 90052442&lt;br&gt;Jwk Salesman: JUMAT GENAP&lt;br&gt;SC: SD400A00144836H&lt;br&gt;Descript.: Sungai Badak&lt;br&gt;LAT: -4.020166&lt;br&gt;LONG: 105.274306</description>
	<ExtendedData><SchemaData schemaUrl="#doc__cov_rudi_mey_26xlsx">
		<SimpleData name="tessellate">-1</SimpleData>
		<SimpleData name="extrude">0</SimpleData>
		<SimpleData name="visibility">-1</SimpleData>
		<SimpleData name="Customer">5774317.0</SimpleData>
		<SimpleData name="Name_1">TK MEME</SimpleData>
		<SimpleData name="Represent_">9.0052442E7</SimpleData>
		<SimpleData name="Jwk_Salesman">JUMAT GENAP</SimpleData>
		<SimpleData name="SC">SD400A00144836H</SimpleData>
		<SimpleData name="Descript_">Sungai Badak</SimpleData>
		<SimpleData name="LAT">-4.020166</SimpleData>
		<SimpleData name="LONG">105.274306</SimpleData>
	</SchemaData></ExtendedData>
      <Point><coordinates>105.274306,-4.020166,0</coordinates></Point>
  </Placemark>
  <Placemark id="doc__cov_rudi_mey_26xlsx.202">
	<name>Rudi Anggoro</name>
	<description>Customer: 1871419&lt;br&gt;Name 1: WR MURNIATI&lt;br&gt;Represent.: 90052442&lt;br&gt;Jwk Salesman: RABU GENAP&lt;br&gt;SC: SD400A00146715H&lt;br&gt;Descript.: PS. SPI MENGGALA C&lt;br&gt;LAT: -4.267194&lt;br&gt;LONG: 105.036217</description>
	<ExtendedData><SchemaData schemaUrl="#doc__cov_rudi_mey_26xlsx">
		<SimpleData name="tessellate">-1</SimpleData>
		<SimpleData name="extrude">0</SimpleData>
		<SimpleData name="visibility">-1</SimpleData>
		<SimpleData name="Customer">1871419.0</SimpleData>
		<SimpleData name="Name_1">WR MURNIATI</SimpleData>
		<SimpleData name="Represent_">9.0052442E7</SimpleData>
		<SimpleData name="Jwk_Salesman">RABU GENAP</SimpleData>
		<SimpleData name="SC">SD400A00146715H</SimpleData>
		<SimpleData name="Descript_">PS. SPI MENGGALA C</SimpleData>
		<SimpleData name="LAT">-4.267194</SimpleData>
		<SimpleData name="LONG">105.036217</SimpleData>
	</SchemaData></ExtendedData>
      <Point><coordinates>105.036217,-4.267194,0</coordinates></Point>
  </Placemark>
  <Placemark id="doc__cov_rudi_mey_26xlsx.203">
	<name>Rudi Anggoro</name>
	<description>Customer: 5775166&lt;br&gt;Name 1: TK LEA&lt;br&gt;Represent.: 90052442&lt;br&gt;Jwk Salesman: RABU GENAP&lt;br&gt;SC: SD400A00146302H&lt;br&gt;Descript.: PS. SPI MENGGALA C&lt;br&gt;LAT: -4.265931&lt;br&gt;LONG: 105.03391</description>
	<ExtendedData><SchemaData schemaUrl="#doc__cov_rudi_mey_26xlsx">
		<SimpleData name="tessellate">-1</SimpleData>
		<SimpleData name="extrude">0</SimpleData>
		<SimpleData name="visibility">-1</SimpleData>
		<SimpleData name="Customer">5775166.0</SimpleData>
		<SimpleData name="Name_1">TK LEA</SimpleData>
		<SimpleData name="Represent_">9.0052442E7</SimpleData>
		<SimpleData name="Jwk_Salesman">RABU GENAP</SimpleData>
		<SimpleData name="SC">SD400A00146302H</SimpleData>
		<SimpleData name="Descript_">PS. SPI MENGGALA C</SimpleData>
		<SimpleData name="LAT">-4.265931</SimpleData>
		<SimpleData name="LONG">105.03391</SimpleData>
	</SchemaData></ExtendedData>
      <Point><coordinates>105.03391,-4.265931,0</coordinates></Point>
  </Placemark>
  <Placemark id="doc__cov_rudi_mey_26xlsx.204">
	<name>Rudi Anggoro</name>
	<description>Customer: 5776430&lt;br&gt;Name 1: TK SOFYAN&lt;br&gt;Represent.: 90052442&lt;br&gt;Jwk Salesman: RABU GENAP&lt;br&gt;SC: SD400A00145035H&lt;br&gt;Descript.: PS. SPI MENGGALA C&lt;br&gt;LAT: -4.261127&lt;br&gt;LONG: 105.03682</description>
	<ExtendedData><SchemaData schemaUrl="#doc__cov_rudi_mey_26xlsx">
		<SimpleData name="tessellate">-1</SimpleData>
		<SimpleData name="extrude">0</SimpleData>
		<SimpleData name="visibility">-1</SimpleData>
		<SimpleData name="Customer">5776430.0</SimpleData>
		<SimpleData name="Name_1">TK SOFYAN</SimpleData>
		<SimpleData name="Represent_">9.0052442E7</SimpleData>
		<SimpleData name="Jwk_Salesman">RABU GENAP</SimpleData>
		<SimpleData name="SC">SD400A00145035H</SimpleData>
		<SimpleData name="Descript_">PS. SPI MENGGALA C</SimpleData>
		<SimpleData name="LAT">-4.261127</SimpleData>
		<SimpleData name="LONG">105.03682</SimpleData>
	</SchemaData></ExtendedData>
      <Point><coordinates>105.03682,-4.261127,0</coordinates></Point>
  </Placemark>
  <Placemark id="doc__cov_rudi_mey_26xlsx.205">
	<name>Rudi Anggoro</name>
	<description>Customer: 5776431&lt;br&gt;Name 1: TK YANI&lt;br&gt;Represent.: 90052442&lt;br&gt;Jwk Salesman: RABU GENAP&lt;br&gt;SC: SD400A00145641H&lt;br&gt;Descript.: PS. SPI MENGGALA C&lt;br&gt;LAT: -4.267294&lt;br&gt;LONG: 105.069096</description>
	<ExtendedData><SchemaData schemaUrl="#doc__cov_rudi_mey_26xlsx">
		<SimpleData name="tessellate">-1</SimpleData>
		<SimpleData name="extrude">0</SimpleData>
		<SimpleData name="visibility">-1</SimpleData>
		<SimpleData name="Customer">5776431.0</SimpleData>
		<SimpleData name="Name_1">TK YANI</SimpleData>
		<SimpleData name="Represent_">9.0052442E7</SimpleData>
		<SimpleData name="Jwk_Salesman">RABU GENAP</SimpleData>
		<SimpleData name="SC">SD400A00145641H</SimpleData>
		<SimpleData name="Descript_">PS. SPI MENGGALA C</SimpleData>
		<SimpleData name="LAT">-4.267294</SimpleData>
		<SimpleData name="LONG">105.069096</SimpleData>
	</SchemaData></ExtendedData>
      <Point><coordinates>105.069096,-4.267294,0</coordinates></Point>
  </Placemark>
  <Placemark id="doc__cov_rudi_mey_26xlsx.206">
	<name>Rudi Anggoro</name>
	<description>Customer: 592538&lt;br&gt;Name 1: TK.SRI UTAMI&lt;br&gt;Represent.: 90052442&lt;br&gt;Jwk Salesman: SENIN GANJIL&lt;br&gt;SC: SD400A00146243H&lt;br&gt;Descript.: PS. INDRA LOKA II&lt;br&gt;LAT: -4.197278&lt;br&gt;LONG: 105.154575</description>
	<ExtendedData><SchemaData schemaUrl="#doc__cov_rudi_mey_26xlsx">
		<SimpleData name="tessellate">-1</SimpleData>
		<SimpleData name="extrude">0</SimpleData>
		<SimpleData name="visibility">-1</SimpleData>
		<SimpleData name="Customer">592538.0</SimpleData>
		<SimpleData name="Name_1">TK.SRI UTAMI</SimpleData>
		<SimpleData name="Represent_">9.0052442E7</SimpleData>
		<SimpleData name="Jwk_Salesman">SENIN GANJIL</SimpleData>
		<SimpleData name="SC">SD400A00146243H</SimpleData>
		<SimpleData name="Descript_">PS. INDRA LOKA II</SimpleData>
		<SimpleData name="LAT">-4.197278</SimpleData>
		<SimpleData name="LONG">105.154575</SimpleData>
	</SchemaData></ExtendedData>
      <Point><coordinates>105.154575,-4.197278,0</coordinates></Point>
  </Placemark>
  <Placemark id="doc__cov_rudi_mey_26xlsx.207">
	<name>Rudi Anggoro</name>
	<description>Customer: 5781741&lt;br&gt;Name 1: TK RENDI&lt;br&gt;Represent.: 90052442&lt;br&gt;Jwk Salesman: KAMIS GENAP&lt;br&gt;SC: SD400A00145611H&lt;br&gt;Descript.: Gd. Boga&lt;br&gt;LAT: -4.205458&lt;br&gt;LONG: 105.130238</description>
	<ExtendedData><SchemaData schemaUrl="#doc__cov_rudi_mey_26xlsx">
		<SimpleData name="tessellate">-1</SimpleData>
		<SimpleData name="extrude">0</SimpleData>
		<SimpleData name="visibility">-1</SimpleData>
		<SimpleData name="Customer">5781741.0</SimpleData>
		<SimpleData name="Name_1">TK RENDI</SimpleData>
		<SimpleData name="Represent_">9.0052442E7</SimpleData>
		<SimpleData name="Jwk_Salesman">KAMIS GENAP</SimpleData>
		<SimpleData name="SC">SD400A00145611H</SimpleData>
		<SimpleData name="Descript_">Gd. Boga</SimpleData>
		<SimpleData name="LAT">-4.205458</SimpleData>
		<SimpleData name="LONG">105.130238</SimpleData>
	</SchemaData></ExtendedData>
      <Point><coordinates>105.130238,-4.205458,0</coordinates></Point>
  </Placemark>
  <Placemark id="doc__cov_rudi_mey_26xlsx.208">
	<name>Rudi Anggoro</name>
	<description>Customer: 5781743&lt;br&gt;Name 1: TK VINA&lt;br&gt;Represent.: 90052442&lt;br&gt;Jwk Salesman: SENIN GANJIL&lt;br&gt;SC: SD400A00145534H&lt;br&gt;Descript.: Gd. Boga&lt;br&gt;LAT: -4.195833&lt;br&gt;LONG: 105.159095</description>
	<ExtendedData><SchemaData schemaUrl="#doc__cov_rudi_mey_26xlsx">
		<SimpleData name="tessellate">-1</SimpleData>
		<SimpleData name="extrude">0</SimpleData>
		<SimpleData name="visibility">-1</SimpleData>
		<SimpleData name="Customer">5781743.0</SimpleData>
		<SimpleData name="Name_1">TK VINA</SimpleData>
		<SimpleData name="Represent_">9.0052442E7</SimpleData>
		<SimpleData name="Jwk_Salesman">SENIN GANJIL</SimpleData>
		<SimpleData name="SC">SD400A00145534H</SimpleData>
		<SimpleData name="Descript_">Gd. Boga</SimpleData>
		<SimpleData name="LAT">-4.195833</SimpleData>
		<SimpleData name="LONG">105.159095</SimpleData>
	</SchemaData></ExtendedData>
      <Point><coordinates>105.159095,-4.195833,0</coordinates></Point>
  </Placemark>
  <Placemark id="doc__cov_rudi_mey_26xlsx.209">
	<name>Rudi Anggoro</name>
	<description>Customer: 5781864&lt;br&gt;Name 1: TOKO RITA&lt;br&gt;Represent.: 90052442&lt;br&gt;Jwk Salesman: RABU GANJIL&lt;br&gt;SC: SD400A00145643H&lt;br&gt;Descript.: PS. SPI MENGGALA C&lt;br&gt;LAT: -4.255924&lt;br&gt;LONG: 105.089187</description>
	<ExtendedData><SchemaData schemaUrl="#doc__cov_rudi_mey_26xlsx">
		<SimpleData name="tessellate">-1</SimpleData>
		<SimpleData name="extrude">0</SimpleData>
		<SimpleData name="visibility">-1</SimpleData>
		<SimpleData name="Customer">5781864.0</SimpleData>
		<SimpleData name="Name_1">TOKO RITA</SimpleData>
		<SimpleData name="Represent_">9.0052442E7</SimpleData>
		<SimpleData name="Jwk_Salesman">RABU GANJIL</SimpleData>
		<SimpleData name="SC">SD400A00145643H</SimpleData>
		<SimpleData name="Descript_">PS. SPI MENGGALA C</SimpleData>
		<SimpleData name="LAT">-4.255924</SimpleData>
		<SimpleData name="LONG">105.089187</SimpleData>
	</SchemaData></ExtendedData>
      <Point><coordinates>105.089187,-4.255924,0</coordinates></Point>
  </Placemark>
  <Placemark id="doc__cov_rudi_mey_26xlsx.210">
	<name>Rudi Anggoro</name>
	<description>Customer: 5782367&lt;br&gt;Name 1: TK HERI&lt;br&gt;Represent.: 90052442&lt;br&gt;Jwk Salesman: SENIN GENAP&lt;br&gt;SC: SD400A00145041H&lt;br&gt;Descript.: PS. SPI MENGGALA C&lt;br&gt;LAT: -4.316844&lt;br&gt;LONG: 105.063274</description>
	<ExtendedData><SchemaData schemaUrl="#doc__cov_rudi_mey_26xlsx">
		<SimpleData name="tessellate">-1</SimpleData>
		<SimpleData name="extrude">0</SimpleData>
		<SimpleData name="visibility">-1</SimpleData>
		<SimpleData name="Customer">5782367.0</SimpleData>
		<SimpleData name="Name_1">TK HERI</SimpleData>
		<SimpleData name="Represent_">9.0052442E7</SimpleData>
		<SimpleData name="Jwk_Salesman">SENIN GENAP</SimpleData>
		<SimpleData name="SC">SD400A00145041H</SimpleData>
		<SimpleData name="Descript_">PS. SPI MENGGALA C</SimpleData>
		<SimpleData name="LAT">-4.316844</SimpleData>
		<SimpleData name="LONG">105.063274</SimpleData>
	</SchemaData></ExtendedData>
      <Point><coordinates>105.063274,-4.316844,0</coordinates></Point>
  </Placemark>
  <Placemark id="doc__cov_rudi_mey_26xlsx.211">
	<name>Rudi Anggoro</name>
	<description>Customer: 5782370&lt;br&gt;Name 1: TK SUHERI&lt;br&gt;Represent.: 90052442&lt;br&gt;Jwk Salesman: KAMIS GENAP&lt;br&gt;SC: SD400A00145555H&lt;br&gt;Descript.: Gd. Boga&lt;br&gt;LAT: -4.205619&lt;br&gt;LONG: 105.12891</description>
	<ExtendedData><SchemaData schemaUrl="#doc__cov_rudi_mey_26xlsx">
		<SimpleData name="tessellate">-1</SimpleData>
		<SimpleData name="extrude">0</SimpleData>
		<SimpleData name="visibility">-1</SimpleData>
		<SimpleData name="Customer">5782370.0</SimpleData>
		<SimpleData name="Name_1">TK SUHERI</SimpleData>
		<SimpleData name="Represent_">9.0052442E7</SimpleData>
		<SimpleData name="Jwk_Salesman">KAMIS GENAP</SimpleData>
		<SimpleData name="SC">SD400A00145555H</SimpleData>
		<SimpleData name="Descript_">Gd. Boga</SimpleData>
		<SimpleData name="LAT">-4.205619</SimpleData>
		<SimpleData name="LONG">105.12891</SimpleData>
	</SchemaData></ExtendedData>
      <Point><coordinates>105.12891,-4.205619,0</coordinates></Point>
  </Placemark>
  <Placemark id="doc__cov_rudi_mey_26xlsx.212">
	<name>Rudi Anggoro</name>
	<description>Customer: 5782371&lt;br&gt;Name 1: TK BUDE RANA&lt;br&gt;Represent.: 90052442&lt;br&gt;Jwk Salesman: SENIN GANJIL&lt;br&gt;SC: SD400A00145037H&lt;br&gt;Descript.: SP5E&lt;br&gt;LAT: -4.204205&lt;br&gt;LONG: 105.160247</description>
	<ExtendedData><SchemaData schemaUrl="#doc__cov_rudi_mey_26xlsx">
		<SimpleData name="tessellate">-1</SimpleData>
		<SimpleData name="extrude">0</SimpleData>
		<SimpleData name="visibility">-1</SimpleData>
		<SimpleData name="Customer">5782371.0</SimpleData>
		<SimpleData name="Name_1">TK BUDE RANA</SimpleData>
		<SimpleData name="Represent_">9.0052442E7</SimpleData>
		<SimpleData name="Jwk_Salesman">SENIN GANJIL</SimpleData>
		<SimpleData name="SC">SD400A00145037H</SimpleData>
		<SimpleData name="Descript_">SP5E</SimpleData>
		<SimpleData name="LAT">-4.204205</SimpleData>
		<SimpleData name="LONG">105.160247</SimpleData>
	</SchemaData></ExtendedData>
      <Point><coordinates>105.160247,-4.204205,0</coordinates></Point>
  </Placemark>
  <Placemark id="doc__cov_rudi_mey_26xlsx.213">
	<name>Rudi Anggoro</name>
	<description>Customer: 5782405&lt;br&gt;Name 1: RM CINTAA NAVIRI&lt;br&gt;Represent.: 90052442&lt;br&gt;Jwk Salesman: SELASA GANJIL&lt;br&gt;SC: SD400A00144609H&lt;br&gt;Descript.: PS. SPUA&lt;br&gt;LAT: -4.028513&lt;br&gt;LONG: 105.247552</description>
	<ExtendedData><SchemaData schemaUrl="#doc__cov_rudi_mey_26xlsx">
		<SimpleData name="tessellate">-1</SimpleData>
		<SimpleData name="extrude">0</SimpleData>
		<SimpleData name="visibility">-1</SimpleData>
		<SimpleData name="Customer">5782405.0</SimpleData>
		<SimpleData name="Name_1">RM CINTAA NAVIRI</SimpleData>
		<SimpleData name="Represent_">9.0052442E7</SimpleData>
		<SimpleData name="Jwk_Salesman">SELASA GANJIL</SimpleData>
		<SimpleData name="SC">SD400A00144609H</SimpleData>
		<SimpleData name="Descript_">PS. SPUA</SimpleData>
		<SimpleData name="LAT">-4.028513</SimpleData>
		<SimpleData name="LONG">105.247552</SimpleData>
	</SchemaData></ExtendedData>
      <Point><coordinates>105.247552,-4.028513,0</coordinates></Point>
  </Placemark>
  <Placemark id="doc__cov_rudi_mey_26xlsx.214">
	<name>Rudi Anggoro</name>
	<description>Customer: 5568406&lt;br&gt;Name 1: WR TINDO&lt;br&gt;Represent.: 90052442&lt;br&gt;Jwk Salesman: SENIN GANJIL&lt;br&gt;SC: SD400A00144831H&lt;br&gt;Descript.: PS. INDRA LOKA II&lt;br&gt;LAT: -4.199257&lt;br&gt;LONG: 105.148945</description>
	<ExtendedData><SchemaData schemaUrl="#doc__cov_rudi_mey_26xlsx">
		<SimpleData name="tessellate">-1</SimpleData>
		<SimpleData name="extrude">0</SimpleData>
		<SimpleData name="visibility">-1</SimpleData>
		<SimpleData name="Customer">5568406.0</SimpleData>
		<SimpleData name="Name_1">WR TINDO</SimpleData>
		<SimpleData name="Represent_">9.0052442E7</SimpleData>
		<SimpleData name="Jwk_Salesman">SENIN GANJIL</SimpleData>
		<SimpleData name="SC">SD400A00144831H</SimpleData>
		<SimpleData name="Descript_">PS. INDRA LOKA II</SimpleData>
		<SimpleData name="LAT">-4.199257</SimpleData>
		<SimpleData name="LONG">105.148945</SimpleData>
	</SchemaData></ExtendedData>
      <Point><coordinates>105.148945,-4.199257,0</coordinates></Point>
  </Placemark>
  <Placemark id="doc__cov_rudi_mey_26xlsx.215">
	<name>Rudi Anggoro</name>
	<description>Customer: 5784388&lt;br&gt;Name 1: TK REGA&lt;br&gt;Represent.: 90052442&lt;br&gt;Jwk Salesman: KAMIS GENAP&lt;br&gt;SC: SD400A00144872H&lt;br&gt;Descript.: SP5E&lt;br&gt;LAT: -4.193537&lt;br&gt;LONG: 105.108471</description>
	<ExtendedData><SchemaData schemaUrl="#doc__cov_rudi_mey_26xlsx">
		<SimpleData name="tessellate">-1</SimpleData>
		<SimpleData name="extrude">0</SimpleData>
		<SimpleData name="visibility">-1</SimpleData>
		<SimpleData name="Customer">5784388.0</SimpleData>
		<SimpleData name="Name_1">TK REGA</SimpleData>
		<SimpleData name="Represent_">9.0052442E7</SimpleData>
		<SimpleData name="Jwk_Salesman">KAMIS GENAP</SimpleData>
		<SimpleData name="SC">SD400A00144872H</SimpleData>
		<SimpleData name="Descript_">SP5E</SimpleData>
		<SimpleData name="LAT">-4.193537</SimpleData>
		<SimpleData name="LONG">105.108471</SimpleData>
	</SchemaData></ExtendedData>
      <Point><coordinates>105.108471,-4.193537,0</coordinates></Point>
  </Placemark>
  <Placemark id="doc__cov_rudi_mey_26xlsx.216">
	<name>Rudi Anggoro</name>
	<description>Customer: 5786553&lt;br&gt;Name 1: TK FAREL&lt;br&gt;Represent.: 90052442&lt;br&gt;Jwk Salesman: SENIN GANJIL&lt;br&gt;SC: SD400A00145705H&lt;br&gt;Descript.: SP5E&lt;br&gt;LAT: -4.200487&lt;br&gt;LONG: 105.164643</description>
	<ExtendedData><SchemaData schemaUrl="#doc__cov_rudi_mey_26xlsx">
		<SimpleData name="tessellate">-1</SimpleData>
		<SimpleData name="extrude">0</SimpleData>
		<SimpleData name="visibility">-1</SimpleData>
		<SimpleData name="Customer">5786553.0</SimpleData>
		<SimpleData name="Name_1">TK FAREL</SimpleData>
		<SimpleData name="Represent_">9.0052442E7</SimpleData>
		<SimpleData name="Jwk_Salesman">SENIN GANJIL</SimpleData>
		<SimpleData name="SC">SD400A00145705H</SimpleData>
		<SimpleData name="Descript_">SP5E</SimpleData>
		<SimpleData name="LAT">-4.200487</SimpleData>
		<SimpleData name="LONG">105.164643</SimpleData>
	</SchemaData></ExtendedData>
      <Point><coordinates>105.164643,-4.200487,0</coordinates></Point>
  </Placemark>
  <Placemark id="doc__cov_rudi_mey_26xlsx.217">
	<name>Rudi Anggoro</name>
	<description>Customer: 5788993&lt;br&gt;Name 1: TK BAGAS&lt;br&gt;Represent.: 90052442&lt;br&gt;Jwk Salesman: RABU GANJIL&lt;br&gt;SC: SD400A00145549H&lt;br&gt;Descript.: SP5E&lt;br&gt;LAT: -4.24339&lt;br&gt;LONG: 105.117766</description>
	<ExtendedData><SchemaData schemaUrl="#doc__cov_rudi_mey_26xlsx">
		<SimpleData name="tessellate">-1</SimpleData>
		<SimpleData name="extrude">0</SimpleData>
		<SimpleData name="visibility">-1</SimpleData>
		<SimpleData name="Customer">5788993.0</SimpleData>
		<SimpleData name="Name_1">TK BAGAS</SimpleData>
		<SimpleData name="Represent_">9.0052442E7</SimpleData>
		<SimpleData name="Jwk_Salesman">RABU GANJIL</SimpleData>
		<SimpleData name="SC">SD400A00145549H</SimpleData>
		<SimpleData name="Descript_">SP5E</SimpleData>
		<SimpleData name="LAT">-4.24339</SimpleData>
		<SimpleData name="LONG">105.117766</SimpleData>
	</SchemaData></ExtendedData>
      <Point><coordinates>105.117766,-4.24339,0</coordinates></Point>
  </Placemark>
  <Placemark id="doc__cov_rudi_mey_26xlsx.218">
	<name>Rudi Anggoro</name>
	<description>Customer: 5791457&lt;br&gt;Name 1: TK TIYAS&lt;br&gt;Represent.: 90052442&lt;br&gt;Jwk Salesman: SELASA GENAP&lt;br&gt;SC: SD400A00141033H&lt;br&gt;Descript.: SP5E&lt;br&gt;LAT: -4.224477&lt;br&gt;LONG: 105.207162</description>
	<ExtendedData><SchemaData schemaUrl="#doc__cov_rudi_mey_26xlsx">
		<SimpleData name="tessellate">-1</SimpleData>
		<SimpleData name="extrude">0</SimpleData>
		<SimpleData name="visibility">-1</SimpleData>
		<SimpleData name="Customer">5791457.0</SimpleData>
		<SimpleData name="Name_1">TK TIYAS</SimpleData>
		<SimpleData name="Represent_">9.0052442E7</SimpleData>
		<SimpleData name="Jwk_Salesman">SELASA GENAP</SimpleData>
		<SimpleData name="SC">SD400A00141033H</SimpleData>
		<SimpleData name="Descript_">SP5E</SimpleData>
		<SimpleData name="LAT">-4.224477</SimpleData>
		<SimpleData name="LONG">105.207162</SimpleData>
	</SchemaData></ExtendedData>
      <Point><coordinates>105.207162,-4.224477,0</coordinates></Point>
  </Placemark>
  <Placemark id="doc__cov_rudi_mey_26xlsx.219">
	<name>Rudi Anggoro</name>
	<description>Customer: 5793415&lt;br&gt;Name 1: TK DAVID CELL&lt;br&gt;Represent.: 90052442&lt;br&gt;Jwk Salesman: SABTU GENAP&lt;br&gt;SC: SD400A00146782H&lt;br&gt;Descript.: Wirabangun&lt;br&gt;LAT: -4.036124&lt;br&gt;LONG: 105.182604</description>
	<ExtendedData><SchemaData schemaUrl="#doc__cov_rudi_mey_26xlsx">
		<SimpleData name="tessellate">-1</SimpleData>
		<SimpleData name="extrude">0</SimpleData>
		<SimpleData name="visibility">-1</SimpleData>
		<SimpleData name="Customer">5793415.0</SimpleData>
		<SimpleData name="Name_1">TK DAVID CELL</SimpleData>
		<SimpleData name="Represent_">9.0052442E7</SimpleData>
		<SimpleData name="Jwk_Salesman">SABTU GENAP</SimpleData>
		<SimpleData name="SC">SD400A00146782H</SimpleData>
		<SimpleData name="Descript_">Wirabangun</SimpleData>
		<SimpleData name="LAT">-4.036124</SimpleData>
		<SimpleData name="LONG">105.182604</SimpleData>
	</SchemaData></ExtendedData>
      <Point><coordinates>105.182604,-4.036124,0</coordinates></Point>
  </Placemark>
  <Placemark id="doc__cov_rudi_mey_26xlsx.220">
	<name>Rudi Anggoro</name>
	<description>Customer: 5793416&lt;br&gt;Name 1: TK SEMBAKO DEA&lt;br&gt;Represent.: 90052442&lt;br&gt;Jwk Salesman: SABTU GENAP&lt;br&gt;SC: SD400A00141719E&lt;br&gt;Descript.: Wirabangun&lt;br&gt;LAT: -4.036194&lt;br&gt;LONG: 105.18532</description>
	<ExtendedData><SchemaData schemaUrl="#doc__cov_rudi_mey_26xlsx">
		<SimpleData name="tessellate">-1</SimpleData>
		<SimpleData name="extrude">0</SimpleData>
		<SimpleData name="visibility">-1</SimpleData>
		<SimpleData name="Customer">5793416.0</SimpleData>
		<SimpleData name="Name_1">TK SEMBAKO DEA</SimpleData>
		<SimpleData name="Represent_">9.0052442E7</SimpleData>
		<SimpleData name="Jwk_Salesman">SABTU GENAP</SimpleData>
		<SimpleData name="SC">SD400A00141719E</SimpleData>
		<SimpleData name="Descript_">Wirabangun</SimpleData>
		<SimpleData name="LAT">-4.036194</SimpleData>
		<SimpleData name="LONG">105.18532</SimpleData>
	</SchemaData></ExtendedData>
      <Point><coordinates>105.18532,-4.036194,0</coordinates></Point>
  </Placemark>
  <Placemark id="doc__cov_rudi_mey_26xlsx.221">
	<name>Rudi Anggoro</name>
	<description>Customer: 5793419&lt;br&gt;Name 1: TK NIA&lt;br&gt;Represent.: 90052442&lt;br&gt;Jwk Salesman: SABTU GENAP&lt;br&gt;SC: SD400A00140624H&lt;br&gt;Descript.: PS. SPUA&lt;br&gt;LAT: -4.027616&lt;br&gt;LONG: 105.160547</description>
	<ExtendedData><SchemaData schemaUrl="#doc__cov_rudi_mey_26xlsx">
		<SimpleData name="tessellate">-1</SimpleData>
		<SimpleData name="extrude">0</SimpleData>
		<SimpleData name="visibility">-1</SimpleData>
		<SimpleData name="Customer">5793419.0</SimpleData>
		<SimpleData name="Name_1">TK NIA</SimpleData>
		<SimpleData name="Represent_">9.0052442E7</SimpleData>
		<SimpleData name="Jwk_Salesman">SABTU GENAP</SimpleData>
		<SimpleData name="SC">SD400A00140624H</SimpleData>
		<SimpleData name="Descript_">PS. SPUA</SimpleData>
		<SimpleData name="LAT">-4.027616</SimpleData>
		<SimpleData name="LONG">105.160547</SimpleData>
	</SchemaData></ExtendedData>
      <Point><coordinates>105.160547,-4.027616,0</coordinates></Point>
  </Placemark>
  <Placemark id="doc__cov_rudi_mey_26xlsx.222">
	<name>Rudi Anggoro</name>
	<description>Customer: 5793421&lt;br&gt;Name 1: TK SUHARNO&lt;br&gt;Represent.: 90052442&lt;br&gt;Jwk Salesman: SABTU GANJIL&lt;br&gt;SC: SD400A00144495H&lt;br&gt;Descript.: PS. BUJUNG BURUNG&lt;br&gt;LAT: -3.889616&lt;br&gt;LONG: 105.348878</description>
	<ExtendedData><SchemaData schemaUrl="#doc__cov_rudi_mey_26xlsx">
		<SimpleData name="tessellate">-1</SimpleData>
		<SimpleData name="extrude">0</SimpleData>
		<SimpleData name="visibility">-1</SimpleData>
		<SimpleData name="Customer">5793421.0</SimpleData>
		<SimpleData name="Name_1">TK SUHARNO</SimpleData>
		<SimpleData name="Represent_">9.0052442E7</SimpleData>
		<SimpleData name="Jwk_Salesman">SABTU GANJIL</SimpleData>
		<SimpleData name="SC">SD400A00144495H</SimpleData>
		<SimpleData name="Descript_">PS. BUJUNG BURUNG</SimpleData>
		<SimpleData name="LAT">-3.889616</SimpleData>
		<SimpleData name="LONG">105.348878</SimpleData>
	</SchemaData></ExtendedData>
      <Point><coordinates>105.348878,-3.889616,0</coordinates></Point>
  </Placemark>
  <Placemark id="doc__cov_rudi_mey_26xlsx.223">
	<name>Rudi Anggoro</name>
	<description>Customer: 5793432&lt;br&gt;Name 1: TK ARIEF MART&lt;br&gt;Represent.: 90052442&lt;br&gt;Jwk Salesman: SABTU GANJIL&lt;br&gt;SC: SD400A00146728H&lt;br&gt;Descript.: PS. BUJUNG BURUNG&lt;br&gt;LAT: -3.911825&lt;br&gt;LONG: 105.375453</description>
	<ExtendedData><SchemaData schemaUrl="#doc__cov_rudi_mey_26xlsx">
		<SimpleData name="tessellate">-1</SimpleData>
		<SimpleData name="extrude">0</SimpleData>
		<SimpleData name="visibility">-1</SimpleData>
		<SimpleData name="Customer">5793432.0</SimpleData>
		<SimpleData name="Name_1">TK ARIEF MART</SimpleData>
		<SimpleData name="Represent_">9.0052442E7</SimpleData>
		<SimpleData name="Jwk_Salesman">SABTU GANJIL</SimpleData>
		<SimpleData name="SC">SD400A00146728H</SimpleData>
		<SimpleData name="Descript_">PS. BUJUNG BURUNG</SimpleData>
		<SimpleData name="LAT">-3.911825</SimpleData>
		<SimpleData name="LONG">105.375453</SimpleData>
	</SchemaData></ExtendedData>
      <Point><coordinates>105.375453,-3.911825,0</coordinates></Point>
  </Placemark>
  <Placemark id="doc__cov_rudi_mey_26xlsx.224">
	<name>Rudi Anggoro</name>
	<description>Customer: 5795732&lt;br&gt;Name 1: TK SITI&lt;br&gt;Represent.: 90052442&lt;br&gt;Jwk Salesman: JUMAT GANJIL&lt;br&gt;SC: SD400A00141545E&lt;br&gt;Descript.: PS.KOTA MANDIRI(KTM)&lt;br&gt;LAT: -3.996578&lt;br&gt;LONG: 105.562386</description>
	<ExtendedData><SchemaData schemaUrl="#doc__cov_rudi_mey_26xlsx">
		<SimpleData name="tessellate">-1</SimpleData>
		<SimpleData name="extrude">0</SimpleData>
		<SimpleData name="visibility">-1</SimpleData>
		<SimpleData name="Customer">5795732.0</SimpleData>
		<SimpleData name="Name_1">TK SITI</SimpleData>
		<SimpleData name="Represent_">9.0052442E7</SimpleData>
		<SimpleData name="Jwk_Salesman">JUMAT GANJIL</SimpleData>
		<SimpleData name="SC">SD400A00141545E</SimpleData>
		<SimpleData name="Descript_">PS.KOTA MANDIRI(KTM)</SimpleData>
		<SimpleData name="LAT">-3.996578</SimpleData>
		<SimpleData name="LONG">105.562386</SimpleData>
	</SchemaData></ExtendedData>
      <Point><coordinates>105.562386,-3.996578,0</coordinates></Point>
  </Placemark>
  <Placemark id="doc__cov_rudi_mey_26xlsx.225">
	<name>Rudi Anggoro</name>
	<description>Customer: 5795733&lt;br&gt;Name 1: TK NURYADI&lt;br&gt;Represent.: 90052442&lt;br&gt;Jwk Salesman: SABTU GANJIL&lt;br&gt;SC: SD400A00141730E&lt;br&gt;Descript.: PS. GEDONG RAM&lt;br&gt;LAT: -3.988529&lt;br&gt;LONG: 105.336867</description>
	<ExtendedData><SchemaData schemaUrl="#doc__cov_rudi_mey_26xlsx">
		<SimpleData name="tessellate">-1</SimpleData>
		<SimpleData name="extrude">0</SimpleData>
		<SimpleData name="visibility">-1</SimpleData>
		<SimpleData name="Customer">5795733.0</SimpleData>
		<SimpleData name="Name_1">TK NURYADI</SimpleData>
		<SimpleData name="Represent_">9.0052442E7</SimpleData>
		<SimpleData name="Jwk_Salesman">SABTU GANJIL</SimpleData>
		<SimpleData name="SC">SD400A00141730E</SimpleData>
		<SimpleData name="Descript_">PS. GEDONG RAM</SimpleData>
		<SimpleData name="LAT">-3.988529</SimpleData>
		<SimpleData name="LONG">105.336867</SimpleData>
	</SchemaData></ExtendedData>
      <Point><coordinates>105.336867,-3.988529,0</coordinates></Point>
  </Placemark>
  <Placemark id="doc__cov_rudi_mey_26xlsx.226">
	<name>Rudi Anggoro</name>
	<description>Customer: 5796670&lt;br&gt;Name 1: TK RAVA&lt;br&gt;Represent.: 90052442&lt;br&gt;Jwk Salesman: RABU GENAP&lt;br&gt;SC: SD400A00143785E&lt;br&gt;Descript.: PS. SPI MENGGALA C&lt;br&gt;LAT: -4.262178&lt;br&gt;LONG: 105.10139</description>
	<ExtendedData><SchemaData schemaUrl="#doc__cov_rudi_mey_26xlsx">
		<SimpleData name="tessellate">-1</SimpleData>
		<SimpleData name="extrude">0</SimpleData>
		<SimpleData name="visibility">-1</SimpleData>
		<SimpleData name="Customer">5796670.0</SimpleData>
		<SimpleData name="Name_1">TK RAVA</SimpleData>
		<SimpleData name="Represent_">9.0052442E7</SimpleData>
		<SimpleData name="Jwk_Salesman">RABU GENAP</SimpleData>
		<SimpleData name="SC">SD400A00143785E</SimpleData>
		<SimpleData name="Descript_">PS. SPI MENGGALA C</SimpleData>
		<SimpleData name="LAT">-4.262178</SimpleData>
		<SimpleData name="LONG">105.10139</SimpleData>
	</SchemaData></ExtendedData>
      <Point><coordinates>105.10139,-4.262178,0</coordinates></Point>
  </Placemark>
  <Placemark id="doc__cov_rudi_mey_26xlsx.227">
	<name>Rudi Anggoro</name>
	<description>Customer: 5818400&lt;br&gt;Name 1: TK TINI&lt;br&gt;Represent.: 90052442&lt;br&gt;Jwk Salesman: SELASA GANJIL&lt;br&gt;SC: SD400A00130123E&lt;br&gt;Descript.: PS. SPUA&lt;br&gt;LAT: -400946&lt;br&gt;LONG: 105247786</description>
	<ExtendedData><SchemaData schemaUrl="#doc__cov_rudi_mey_26xlsx">
		<SimpleData name="visibility">-1</SimpleData>
		<SimpleData name="Customer">5818400.0</SimpleData>
		<SimpleData name="Name_1">TK TINI</SimpleData>
		<SimpleData name="Represent_">9.0052442E7</SimpleData>
		<SimpleData name="Jwk_Salesman">SELASA GANJIL</SimpleData>
		<SimpleData name="SC">SD400A00130123E</SimpleData>
		<SimpleData name="Descript_">PS. SPUA</SimpleData>
		<SimpleData name="LAT">-400946</SimpleData>
		<SimpleData name="LONG">105247786</SimpleData>
	</SchemaData></ExtendedData>
      <Point><coordinates>0,0,0</coordinates></Point>
  </Placemark>
  <Placemark id="doc__cov_rudi_mey_26xlsx.228">
	<name>Rudi Anggoro</name>
	<description>Customer: 5818403&lt;br&gt;Name 1: TK LENI&lt;br&gt;Represent.: 90052442&lt;br&gt;Jwk Salesman: SELASA GENAP&lt;br&gt;SC: SD400A00145630H&lt;br&gt;Descript.: SP5E&lt;br&gt;LAT: -4178388&lt;br&gt;LONG: 105188167</description>
	<ExtendedData><SchemaData schemaUrl="#doc__cov_rudi_mey_26xlsx">
		<SimpleData name="visibility">-1</SimpleData>
		<SimpleData name="Customer">5818403.0</SimpleData>
		<SimpleData name="Name_1">TK LENI</SimpleData>
		<SimpleData name="Represent_">9.0052442E7</SimpleData>
		<SimpleData name="Jwk_Salesman">SELASA GENAP</SimpleData>
		<SimpleData name="SC">SD400A00145630H</SimpleData>
		<SimpleData name="Descript_">SP5E</SimpleData>
		<SimpleData name="LAT">-4178388</SimpleData>
		<SimpleData name="LONG">105188167</SimpleData>
	</SchemaData></ExtendedData>
      <Point><coordinates>0,0,0</coordinates></Point>
  </Placemark>
  <Placemark id="doc__cov_rudi_mey_26xlsx.229">
	<name>Rudi Anggoro</name>
	<description>Customer: 5818404&lt;br&gt;Name 1: TK HADI JAYA&lt;br&gt;Represent.: 90052442&lt;br&gt;Jwk Salesman: SELASA GENAP&lt;br&gt;SC: SD400A00141544E&lt;br&gt;Descript.: SP5E&lt;br&gt;LAT: -4204244&lt;br&gt;LONG: 105245741</description>
	<ExtendedData><SchemaData schemaUrl="#doc__cov_rudi_mey_26xlsx">
		<SimpleData name="visibility">-1</SimpleData>
		<SimpleData name="Customer">5818404.0</SimpleData>
		<SimpleData name="Name_1">TK HADI JAYA</SimpleData>
		<SimpleData name="Represent_">9.0052442E7</SimpleData>
		<SimpleData name="Jwk_Salesman">SELASA GENAP</SimpleData>
		<SimpleData name="SC">SD400A00141544E</SimpleData>
		<SimpleData name="Descript_">SP5E</SimpleData>
		<SimpleData name="LAT">-4204244</SimpleData>
		<SimpleData name="LONG">105245741</SimpleData>
	</SchemaData></ExtendedData>
      <Point><coordinates>0,0,0</coordinates></Point>
  </Placemark>
  <Placemark id="doc__cov_rudi_mey_26xlsx.230">
	<name>Rudi Anggoro</name>
	<description>Customer: 4325131&lt;br&gt;Name 1: WR SITI AMINAH&lt;br&gt;Represent.: 90052442&lt;br&gt;Jwk Salesman: SABTU GENAP&lt;br&gt;SC: SD400A00117586E&lt;br&gt;Descript.: Wirabangun&lt;br&gt;LAT: -3996947&lt;br&gt;LONG: 105172665</description>
	<ExtendedData><SchemaData schemaUrl="#doc__cov_rudi_mey_26xlsx">
		<SimpleData name="visibility">-1</SimpleData>
		<SimpleData name="Customer">4325131.0</SimpleData>
		<SimpleData name="Name_1">WR SITI AMINAH</SimpleData>
		<SimpleData name="Represent_">9.0052442E7</SimpleData>
		<SimpleData name="Jwk_Salesman">SABTU GENAP</SimpleData>
		<SimpleData name="SC">SD400A00117586E</SimpleData>
		<SimpleData name="Descript_">Wirabangun</SimpleData>
		<SimpleData name="LAT">-3996947</SimpleData>
		<SimpleData name="LONG">105172665</SimpleData>
	</SchemaData></ExtendedData>
      <Point><coordinates>0,0,0</coordinates></Point>
  </Placemark>
  <Placemark id="doc__cov_rudi_mey_26xlsx.231">
	<name>Rudi Anggoro</name>
	<description>Customer: 5820906&lt;br&gt;Name 1: TK RISA&lt;br&gt;Represent.: 90052442&lt;br&gt;Jwk Salesman: KAMIS GANJIL&lt;br&gt;SC: SD400A00145637H&lt;br&gt;Descript.: Gd. Boga&lt;br&gt;LAT: -4082752&lt;br&gt;LONG: 105150862</description>
	<ExtendedData><SchemaData schemaUrl="#doc__cov_rudi_mey_26xlsx">
		<SimpleData name="visibility">-1</SimpleData>
		<SimpleData name="Customer">5820906.0</SimpleData>
		<SimpleData name="Name_1">TK RISA</SimpleData>
		<SimpleData name="Represent_">9.0052442E7</SimpleData>
		<SimpleData name="Jwk_Salesman">KAMIS GANJIL</SimpleData>
		<SimpleData name="SC">SD400A00145637H</SimpleData>
		<SimpleData name="Descript_">Gd. Boga</SimpleData>
		<SimpleData name="LAT">-4082752</SimpleData>
		<SimpleData name="LONG">105150862</SimpleData>
	</SchemaData></ExtendedData>
      <Point><coordinates>0,0,0</coordinates></Point>
  </Placemark>
  <Placemark id="doc__cov_rudi_mey_26xlsx.232">
	<name>Rudi Anggoro</name>
	<description>Customer: 5822584&lt;br&gt;Name 1: TK HUSNA FROZEN&lt;br&gt;Represent.: 90052442&lt;br&gt;Jwk Salesman: SABTU GANJIL&lt;br&gt;SC: SD400A00141094H&lt;br&gt;Descript.: PS. SPUA&lt;br&gt;LAT: -3982544&lt;br&gt;LONG: 105334585</description>
	<ExtendedData><SchemaData schemaUrl="#doc__cov_rudi_mey_26xlsx">
		<SimpleData name="visibility">-1</SimpleData>
		<SimpleData name="Customer">5822584.0</SimpleData>
		<SimpleData name="Name_1">TK HUSNA FROZEN</SimpleData>
		<SimpleData name="Represent_">9.0052442E7</SimpleData>
		<SimpleData name="Jwk_Salesman">SABTU GANJIL</SimpleData>
		<SimpleData name="SC">SD400A00141094H</SimpleData>
		<SimpleData name="Descript_">PS. SPUA</SimpleData>
		<SimpleData name="LAT">-3982544</SimpleData>
		<SimpleData name="LONG">105334585</SimpleData>
	</SchemaData></ExtendedData>
      <Point><coordinates>0,0,0</coordinates></Point>
  </Placemark>
  <Placemark id="doc__cov_rudi_mey_26xlsx.233">
	<name>Rudi Anggoro</name>
	<description>Customer: 429304&lt;br&gt;Name 1: TK TEGAR&lt;br&gt;Represent.: 90052442&lt;br&gt;Jwk Salesman: SENIN GENAP&lt;br&gt;SC: SD400A00140716H&lt;br&gt;Descript.: Batu Putih&lt;br&gt;LAT: -4358279&lt;br&gt;LONG: 105027214</description>
	<ExtendedData><SchemaData schemaUrl="#doc__cov_rudi_mey_26xlsx">
		<SimpleData name="visibility">-1</SimpleData>
		<SimpleData name="Customer">429304.0</SimpleData>
		<SimpleData name="Name_1">TK TEGAR</SimpleData>
		<SimpleData name="Represent_">9.0052442E7</SimpleData>
		<SimpleData name="Jwk_Salesman">SENIN GENAP</SimpleData>
		<SimpleData name="SC">SD400A00140716H</SimpleData>
		<SimpleData name="Descript_">Batu Putih</SimpleData>
		<SimpleData name="LAT">-4358279</SimpleData>
		<SimpleData name="LONG">105027214</SimpleData>
	</SchemaData></ExtendedData>
      <Point><coordinates>0,0,0</coordinates></Point>
  </Placemark>
  <Placemark id="doc__cov_rudi_mey_26xlsx.234">
	<name>Rudi Anggoro</name>
	<description>Customer: 5824552&lt;br&gt;Name 1: TK TITIK&lt;br&gt;Represent.: 90052442&lt;br&gt;Jwk Salesman: SENIN GENAP&lt;br&gt;SC: SD400A00140718H&lt;br&gt;Descript.: Batu Putih&lt;br&gt;LAT: -4365196&lt;br&gt;LONG: 105031965</description>
	<ExtendedData><SchemaData schemaUrl="#doc__cov_rudi_mey_26xlsx">
		<SimpleData name="visibility">-1</SimpleData>
		<SimpleData name="Customer">5824552.0</SimpleData>
		<SimpleData name="Name_1">TK TITIK</SimpleData>
		<SimpleData name="Represent_">9.0052442E7</SimpleData>
		<SimpleData name="Jwk_Salesman">SENIN GENAP</SimpleData>
		<SimpleData name="SC">SD400A00140718H</SimpleData>
		<SimpleData name="Descript_">Batu Putih</SimpleData>
		<SimpleData name="LAT">-4365196</SimpleData>
		<SimpleData name="LONG">105031965</SimpleData>
	</SchemaData></ExtendedData>
      <Point><coordinates>0,0,0</coordinates></Point>
  </Placemark>
  <Placemark id="doc__cov_rudi_mey_26xlsx.235">
	<name>Rudi Anggoro</name>
	<description>Customer: 5825810&lt;br&gt;Name 1: TK BANGPUTRA CELL&lt;br&gt;Represent.: 90052442&lt;br&gt;Jwk Salesman: RABU GANJIL&lt;br&gt;SC: SD400A00130179E&lt;br&gt;Descript.: PS. SPI MENGGALA C&lt;br&gt;LAT: -4252531&lt;br&gt;LONG: 10508753</description>
	<ExtendedData><SchemaData schemaUrl="#doc__cov_rudi_mey_26xlsx">
		<SimpleData name="visibility">-1</SimpleData>
		<SimpleData name="Customer">5825810.0</SimpleData>
		<SimpleData name="Name_1">TK BANGPUTRA CELL</SimpleData>
		<SimpleData name="Represent_">9.0052442E7</SimpleData>
		<SimpleData name="Jwk_Salesman">RABU GANJIL</SimpleData>
		<SimpleData name="SC">SD400A00130179E</SimpleData>
		<SimpleData name="Descript_">PS. SPI MENGGALA C</SimpleData>
		<SimpleData name="LAT">-4252531</SimpleData>
		<SimpleData name="LONG">10508753</SimpleData>
	</SchemaData></ExtendedData>
      <Point><coordinates>0,0,0</coordinates></Point>
  </Placemark>
  <Placemark id="doc__cov_rudi_mey_26xlsx.236">
	<name>Rudi Anggoro</name>
	<description>Customer: 5825811&lt;br&gt;Name 1: TK APRI MART&lt;br&gt;Represent.: 90052442&lt;br&gt;Jwk Salesman: RABU GENAP&lt;br&gt;SC: SD400A00145039H&lt;br&gt;Descript.: PS. SPI MENGGALA C&lt;br&gt;LAT: -4311295&lt;br&gt;LONG: 105087652</description>
	<ExtendedData><SchemaData schemaUrl="#doc__cov_rudi_mey_26xlsx">
		<SimpleData name="visibility">-1</SimpleData>
		<SimpleData name="Customer">5825811.0</SimpleData>
		<SimpleData name="Name_1">TK APRI MART</SimpleData>
		<SimpleData name="Represent_">9.0052442E7</SimpleData>
		<SimpleData name="Jwk_Salesman">RABU GENAP</SimpleData>
		<SimpleData name="SC">SD400A00145039H</SimpleData>
		<SimpleData name="Descript_">PS. SPI MENGGALA C</SimpleData>
		<SimpleData name="LAT">-4311295</SimpleData>
		<SimpleData name="LONG">105087652</SimpleData>
	</SchemaData></ExtendedData>
      <Point><coordinates>0,0,0</coordinates></Point>
  </Placemark>
  <Placemark id="doc__cov_rudi_mey_26xlsx.237">
	<name>Rudi Anggoro</name>
	<description>Customer: 5827408&lt;br&gt;Name 1: TK TIARA&lt;br&gt;Represent.: 90052442&lt;br&gt;Jwk Salesman: RABU GENAP&lt;br&gt;SC: SD400A00141571E&lt;br&gt;Descript.: PS. SPI MENGGALA C&lt;br&gt;LAT: -43,132,844&lt;br&gt;LONG: 105,104,248</description>
	<ExtendedData><SchemaData schemaUrl="#doc__cov_rudi_mey_26xlsx">
		<SimpleData name="visibility">-1</SimpleData>
		<SimpleData name="Customer">5827408.0</SimpleData>
		<SimpleData name="Name_1">TK TIARA</SimpleData>
		<SimpleData name="Represent_">9.0052442E7</SimpleData>
		<SimpleData name="Jwk_Salesman">RABU GENAP</SimpleData>
		<SimpleData name="SC">SD400A00141571E</SimpleData>
		<SimpleData name="Descript_">PS. SPI MENGGALA C</SimpleData>
		<SimpleData name="LAT">-43,132,844</SimpleData>
		<SimpleData name="LONG">105,104,248</SimpleData>
	</SchemaData></ExtendedData>
      <Point><coordinates>0,0,0</coordinates></Point>
  </Placemark>
  <Placemark id="doc__cov_rudi_mey_26xlsx.238">
	<name>Rudi Anggoro</name>
	<description>Customer: 5827646&lt;br&gt;Name 1: TK MELIA&lt;br&gt;Represent.: 90052442&lt;br&gt;Jwk Salesman: RABU GENAP&lt;br&gt;SC: SD400A00141735E&lt;br&gt;Descript.: PS. SPI MENGGALA C&lt;br&gt;LAT: -431,917&lt;br&gt;LONG: 105,109,922</description>
	<ExtendedData><SchemaData schemaUrl="#doc__cov_rudi_mey_26xlsx">
		<SimpleData name="visibility">-1</SimpleData>
		<SimpleData name="Customer">5827646.0</SimpleData>
		<SimpleData name="Name_1">TK MELIA</SimpleData>
		<SimpleData name="Represent_">9.0052442E7</SimpleData>
		<SimpleData name="Jwk_Salesman">RABU GENAP</SimpleData>
		<SimpleData name="SC">SD400A00141735E</SimpleData>
		<SimpleData name="Descript_">PS. SPI MENGGALA C</SimpleData>
		<SimpleData name="LAT">-431,917</SimpleData>
		<SimpleData name="LONG">105,109,922</SimpleData>
	</SchemaData></ExtendedData>
      <Point><coordinates>0,0,0</coordinates></Point>
  </Placemark>
</Folder>
</Document></kml>
