<?xml version="1.0" encoding="utf-8" ?>
<kml xmlns="http://www.opengis.net/kml/2.2">
<Document id="root_doc">
<Schema name="doc__recov_yudafeb26xlsx" id="doc__recov_yudafeb26xlsx">
	<SimpleField name="id" type="string"></SimpleField>
	<SimpleField name="timestamp" type="string"></SimpleField>
	<SimpleField name="begin" type="string"></SimpleField>
	<SimpleField name="end" type="string"></SimpleField>
	<SimpleField name="altitudeMode" type="string"></SimpleField>
	<SimpleField name="tessellate" type="int"></SimpleField>
	<SimpleField name="extrude" type="int"></SimpleField>
	<SimpleField name="visibility" type="int"></SimpleField>
	<SimpleField name="drawOrder" type="int"></SimpleField>
	<SimpleField name="icon" type="string"></SimpleField>
	<SimpleField name="Customer" type="string"></SimpleField>
	<SimpleField name="Name_1" type="string"></SimpleField>
	<SimpleField name="Represent_" type="string"></SimpleField>
	<SimpleField name="Jwk_Salesman" type="string"></SimpleField>
	<SimpleField name="SC" type="string"></SimpleField>
	<SimpleField name="Descript_" type="string"></SimpleField>
	<SimpleField name="LAT" type="string"></SimpleField>
	<SimpleField name="LONG" type="string"></SimpleField>
</Schema>
<Folder><name>doc__recov_yudafeb26xlsx</name>
  <Placemark id="doc__recov_yudafeb26xlsx.1">
	<name>Yuda Nurisman</name>
	<description>Customer: 227532&lt;br&gt;Name 1: TK.MARTINI&lt;br&gt;Represent.: 90052418&lt;br&gt;Jwk Salesman: SABTU GANJIL&lt;br&gt;SC: SD400A00117810E&lt;br&gt;Descript.: PS . UNIT 6&lt;br&gt;LAT: -4.332688&lt;br&gt;LONG: 105.157629</description>
	<ExtendedData><SchemaData schemaUrl="#doc__recov_yudafeb26xlsx">
		<SimpleData name="tessellate">-1</SimpleData>
		<SimpleData name="extrude">0</SimpleData>
		<SimpleData name="visibility">-1</SimpleData>
		<SimpleData name="Customer">227532.0</SimpleData>
		<SimpleData name="Name_1">TK.MARTINI</SimpleData>
		<SimpleData name="Represent_">9.0052418E7</SimpleData>
		<SimpleData name="Jwk_Salesman">SABTU GANJIL</SimpleData>
		<SimpleData name="SC">SD400A00117810E</SimpleData>
		<SimpleData name="Descript_">PS . UNIT 6</SimpleData>
		<SimpleData name="LAT">-4.332688</SimpleData>
		<SimpleData name="LONG">105.157629</SimpleData>
	</SchemaData></ExtendedData>
      <Point><coordinates>105.157629,-4.332688,0</coordinates></Point>
  </Placemark>
  <Placemark id="doc__recov_yudafeb26xlsx.2">
	<name>Yuda Nurisman</name>
	<description>Customer: 443881&lt;br&gt;Name 1: TK.EDI&lt;br&gt;Represent.: 90052418&lt;br&gt;Jwk Salesman: SENIN GANJIL&lt;br&gt;SC: SD400A00117833E&lt;br&gt;Descript.: Kibang Budi Jaya&lt;br&gt;LAT: -4.323994&lt;br&gt;LONG: 105.12758</description>
	<ExtendedData><SchemaData schemaUrl="#doc__recov_yudafeb26xlsx">
		<SimpleData name="tessellate">-1</SimpleData>
		<SimpleData name="extrude">0</SimpleData>
		<SimpleData name="visibility">-1</SimpleData>
		<SimpleData name="Customer">443881.0</SimpleData>
		<SimpleData name="Name_1">TK.EDI</SimpleData>
		<SimpleData name="Represent_">9.0052418E7</SimpleData>
		<SimpleData name="Jwk_Salesman">SENIN GANJIL</SimpleData>
		<SimpleData name="SC">SD400A00117833E</SimpleData>
		<SimpleData name="Descript_">Kibang Budi Jaya</SimpleData>
		<SimpleData name="LAT">-4.323994</SimpleData>
		<SimpleData name="LONG">105.12758</SimpleData>
	</SchemaData></ExtendedData>
      <Point><coordinates>105.12758,-4.323994,0</coordinates></Point>
  </Placemark>
  <Placemark id="doc__recov_yudafeb26xlsx.3">
	<name>Yuda Nurisman</name>
	<description>Customer: 1758952&lt;br&gt;Name 1: TK.SITI DARMAN&lt;br&gt;Represent.: 90052418&lt;br&gt;Jwk Salesman: SENIN GANJIL&lt;br&gt;SC: SD400A00117857E&lt;br&gt;Descript.: PS . UNIT 6&lt;br&gt;LAT: -4.315545&lt;br&gt;LONG: 105.1589773</description>
	<ExtendedData><SchemaData schemaUrl="#doc__recov_yudafeb26xlsx">
		<SimpleData name="tessellate">-1</SimpleData>
		<SimpleData name="extrude">0</SimpleData>
		<SimpleData name="visibility">-1</SimpleData>
		<SimpleData name="Customer">1758952.0</SimpleData>
		<SimpleData name="Name_1">TK.SITI DARMAN</SimpleData>
		<SimpleData name="Represent_">9.0052418E7</SimpleData>
		<SimpleData name="Jwk_Salesman">SENIN GANJIL</SimpleData>
		<SimpleData name="SC">SD400A00117857E</SimpleData>
		<SimpleData name="Descript_">PS . UNIT 6</SimpleData>
		<SimpleData name="LAT">-4.315545</SimpleData>
		<SimpleData name="LONG">105.1589773</SimpleData>
	</SchemaData></ExtendedData>
      <Point><coordinates>105.1589773,-4.315545,0</coordinates></Point>
  </Placemark>
  <Placemark id="doc__recov_yudafeb26xlsx.4">
	<name>Yuda Nurisman</name>
	<description>Customer: 5406068&lt;br&gt;Name 1: TK AGUNG&lt;br&gt;Represent.: 90052418&lt;br&gt;Jwk Salesman: SABTU GANJIL&lt;br&gt;SC: SD400A00117791E&lt;br&gt;Descript.: PS . UNIT 6&lt;br&gt;LAT: -4.33591&lt;br&gt;LONG: 105.165055</description>
	<ExtendedData><SchemaData schemaUrl="#doc__recov_yudafeb26xlsx">
		<SimpleData name="tessellate">-1</SimpleData>
		<SimpleData name="extrude">0</SimpleData>
		<SimpleData name="visibility">-1</SimpleData>
		<SimpleData name="Customer">5406068.0</SimpleData>
		<SimpleData name="Name_1">TK AGUNG</SimpleData>
		<SimpleData name="Represent_">9.0052418E7</SimpleData>
		<SimpleData name="Jwk_Salesman">SABTU GANJIL</SimpleData>
		<SimpleData name="SC">SD400A00117791E</SimpleData>
		<SimpleData name="Descript_">PS . UNIT 6</SimpleData>
		<SimpleData name="LAT">-4.33591</SimpleData>
		<SimpleData name="LONG">105.165055</SimpleData>
	</SchemaData></ExtendedData>
      <Point><coordinates>105.165055,-4.33591,0</coordinates></Point>
  </Placemark>
  <Placemark id="doc__recov_yudafeb26xlsx.5">
	<name>Yuda Nurisman</name>
	<description>Customer: 592536&lt;br&gt;Name 1: TK.FIRMAN U6&lt;br&gt;Represent.: 90052418&lt;br&gt;Jwk Salesman: SABTU GANJIL&lt;br&gt;SC: SD400A00118754E&lt;br&gt;Descript.: PS . UNIT 6&lt;br&gt;LAT: -4.331445&lt;br&gt;LONG: 105.158634</description>
	<ExtendedData><SchemaData schemaUrl="#doc__recov_yudafeb26xlsx">
		<SimpleData name="tessellate">-1</SimpleData>
		<SimpleData name="extrude">0</SimpleData>
		<SimpleData name="visibility">-1</SimpleData>
		<SimpleData name="Customer">592536.0</SimpleData>
		<SimpleData name="Name_1">TK.FIRMAN U6</SimpleData>
		<SimpleData name="Represent_">9.0052418E7</SimpleData>
		<SimpleData name="Jwk_Salesman">SABTU GANJIL</SimpleData>
		<SimpleData name="SC">SD400A00118754E</SimpleData>
		<SimpleData name="Descript_">PS . UNIT 6</SimpleData>
		<SimpleData name="LAT">-4.331445</SimpleData>
		<SimpleData name="LONG">105.158634</SimpleData>
	</SchemaData></ExtendedData>
      <Point><coordinates>105.158634,-4.331445,0</coordinates></Point>
  </Placemark>
  <Placemark id="doc__recov_yudafeb26xlsx.6">
	<name>Yuda Nurisman</name>
	<description>Customer: 4359452&lt;br&gt;Name 1: WR TUTIK MARYANTI&lt;br&gt;Represent.: 90052418&lt;br&gt;Jwk Salesman: SABTU GENAP&lt;br&gt;SC: SD400A00118826E&lt;br&gt;Descript.: PS . UNIT 6&lt;br&gt;LAT: -4.326132&lt;br&gt;LONG: 105.13507</description>
	<ExtendedData><SchemaData schemaUrl="#doc__recov_yudafeb26xlsx">
		<SimpleData name="tessellate">-1</SimpleData>
		<SimpleData name="extrude">0</SimpleData>
		<SimpleData name="visibility">-1</SimpleData>
		<SimpleData name="Customer">4359452.0</SimpleData>
		<SimpleData name="Name_1">WR TUTIK MARYANTI</SimpleData>
		<SimpleData name="Represent_">9.0052418E7</SimpleData>
		<SimpleData name="Jwk_Salesman">SABTU GENAP</SimpleData>
		<SimpleData name="SC">SD400A00118826E</SimpleData>
		<SimpleData name="Descript_">PS . UNIT 6</SimpleData>
		<SimpleData name="LAT">-4.326132</SimpleData>
		<SimpleData name="LONG">105.13507</SimpleData>
	</SchemaData></ExtendedData>
      <Point><coordinates>105.13507,-4.326132,0</coordinates></Point>
  </Placemark>
  <Placemark id="doc__recov_yudafeb26xlsx.7">
	<name>Yuda Nurisman</name>
	<description>Customer: 5479621&lt;br&gt;Name 1: TK.CAHAYA&lt;br&gt;Represent.: 90052418&lt;br&gt;Jwk Salesman: RABU GENAP&lt;br&gt;SC: SD400A00117815E&lt;br&gt;Descript.: Menggala&lt;br&gt;LAT: -4.4719535&lt;br&gt;LONG: 105.2519576</description>
	<ExtendedData><SchemaData schemaUrl="#doc__recov_yudafeb26xlsx">
		<SimpleData name="tessellate">-1</SimpleData>
		<SimpleData name="extrude">0</SimpleData>
		<SimpleData name="visibility">-1</SimpleData>
		<SimpleData name="Customer">5479621.0</SimpleData>
		<SimpleData name="Name_1">TK.CAHAYA</SimpleData>
		<SimpleData name="Represent_">9.0052418E7</SimpleData>
		<SimpleData name="Jwk_Salesman">RABU GENAP</SimpleData>
		<SimpleData name="SC">SD400A00117815E</SimpleData>
		<SimpleData name="Descript_">Menggala</SimpleData>
		<SimpleData name="LAT">-4.4719535</SimpleData>
		<SimpleData name="LONG">105.2519576</SimpleData>
	</SchemaData></ExtendedData>
      <Point><coordinates>105.2519576,-4.4719535,0</coordinates></Point>
  </Placemark>
  <Placemark id="doc__recov_yudafeb26xlsx.8">
	<name>Yuda Nurisman</name>
	<description>Customer: 5479622&lt;br&gt;Name 1: TK.IRWAN&lt;br&gt;Represent.: 90052418&lt;br&gt;Jwk Salesman: RABU GENAP&lt;br&gt;SC: SD400A00117836E&lt;br&gt;Descript.: Menggala&lt;br&gt;LAT: -4.478295&lt;br&gt;LONG: 105.239782</description>
	<ExtendedData><SchemaData schemaUrl="#doc__recov_yudafeb26xlsx">
		<SimpleData name="tessellate">-1</SimpleData>
		<SimpleData name="extrude">0</SimpleData>
		<SimpleData name="visibility">-1</SimpleData>
		<SimpleData name="Customer">5479622.0</SimpleData>
		<SimpleData name="Name_1">TK.IRWAN</SimpleData>
		<SimpleData name="Represent_">9.0052418E7</SimpleData>
		<SimpleData name="Jwk_Salesman">RABU GENAP</SimpleData>
		<SimpleData name="SC">SD400A00117836E</SimpleData>
		<SimpleData name="Descript_">Menggala</SimpleData>
		<SimpleData name="LAT">-4.478295</SimpleData>
		<SimpleData name="LONG">105.239782</SimpleData>
	</SchemaData></ExtendedData>
      <Point><coordinates>105.239782,-4.478295,0</coordinates></Point>
  </Placemark>
  <Placemark id="doc__recov_yudafeb26xlsx.9">
	<name>Yuda Nurisman</name>
	<description>Customer: 298159&lt;br&gt;Name 1: TK.SEMPURNA&lt;br&gt;Represent.: 90052418&lt;br&gt;Jwk Salesman: SENIN GENAP&lt;br&gt;SC: SD400A00129558H&lt;br&gt;Descript.: mulyo kencono&lt;br&gt;LAT: -4.566798&lt;br&gt;LONG: 105.155211</description>
	<ExtendedData><SchemaData schemaUrl="#doc__recov_yudafeb26xlsx">
		<SimpleData name="tessellate">-1</SimpleData>
		<SimpleData name="extrude">0</SimpleData>
		<SimpleData name="visibility">-1</SimpleData>
		<SimpleData name="Customer">298159.0</SimpleData>
		<SimpleData name="Name_1">TK.SEMPURNA</SimpleData>
		<SimpleData name="Represent_">9.0052418E7</SimpleData>
		<SimpleData name="Jwk_Salesman">SENIN GENAP</SimpleData>
		<SimpleData name="SC">SD400A00129558H</SimpleData>
		<SimpleData name="Descript_">mulyo kencono</SimpleData>
		<SimpleData name="LAT">-4.566798</SimpleData>
		<SimpleData name="LONG">105.155211</SimpleData>
	</SchemaData></ExtendedData>
      <Point><coordinates>105.155211,-4.566798,0</coordinates></Point>
  </Placemark>
  <Placemark id="doc__recov_yudafeb26xlsx.10">
	<name>Yuda Nurisman</name>
	<description>Customer: 220398&lt;br&gt;Name 1: TK. MELI&lt;br&gt;Represent.: 90052418&lt;br&gt;Jwk Salesman: RABU GENAP&lt;br&gt;SC: SD400A00129196H&lt;br&gt;Descript.: Menggala&lt;br&gt;LAT: -4.4812521&lt;br&gt;LONG: 105.2345428</description>
	<ExtendedData><SchemaData schemaUrl="#doc__recov_yudafeb26xlsx">
		<SimpleData name="tessellate">-1</SimpleData>
		<SimpleData name="extrude">0</SimpleData>
		<SimpleData name="visibility">-1</SimpleData>
		<SimpleData name="Customer">220398.0</SimpleData>
		<SimpleData name="Name_1">TK. MELI</SimpleData>
		<SimpleData name="Represent_">9.0052418E7</SimpleData>
		<SimpleData name="Jwk_Salesman">RABU GENAP</SimpleData>
		<SimpleData name="SC">SD400A00129196H</SimpleData>
		<SimpleData name="Descript_">Menggala</SimpleData>
		<SimpleData name="LAT">-4.4812521</SimpleData>
		<SimpleData name="LONG">105.2345428</SimpleData>
	</SchemaData></ExtendedData>
      <Point><coordinates>105.2345428,-4.4812521,0</coordinates></Point>
  </Placemark>
  <Placemark id="doc__recov_yudafeb26xlsx.11">
	<name>Yuda Nurisman</name>
	<description>Customer: 5509953&lt;br&gt;Name 1: KANTIN OMA SMPN1 MENGGALLA&lt;br&gt;Represent.: 90052418&lt;br&gt;Jwk Salesman: RABU GENAP&lt;br&gt;SC: SD400A00129409H&lt;br&gt;Descript.: Menggala&lt;br&gt;LAT: -4.4650976&lt;br&gt;LONG: 105.2562483</description>
	<ExtendedData><SchemaData schemaUrl="#doc__recov_yudafeb26xlsx">
		<SimpleData name="tessellate">-1</SimpleData>
		<SimpleData name="extrude">0</SimpleData>
		<SimpleData name="visibility">-1</SimpleData>
		<SimpleData name="Customer">5509953.0</SimpleData>
		<SimpleData name="Name_1">KANTIN OMA SMPN1 MENGGALLA</SimpleData>
		<SimpleData name="Represent_">9.0052418E7</SimpleData>
		<SimpleData name="Jwk_Salesman">RABU GENAP</SimpleData>
		<SimpleData name="SC">SD400A00129409H</SimpleData>
		<SimpleData name="Descript_">Menggala</SimpleData>
		<SimpleData name="LAT">-4.4650976</SimpleData>
		<SimpleData name="LONG">105.2562483</SimpleData>
	</SchemaData></ExtendedData>
      <Point><coordinates>105.2562483,-4.4650976,0</coordinates></Point>
  </Placemark>
  <Placemark id="doc__recov_yudafeb26xlsx.12">
	<name>Yuda Nurisman</name>
	<description>Customer: 3121807&lt;br&gt;Name 1: TK.NOVA JAYA&lt;br&gt;Represent.: 90052418&lt;br&gt;Jwk Salesman: KAMIS GANJIL&lt;br&gt;SC: SD400A00118183E&lt;br&gt;Descript.: pulung kencono&lt;br&gt;LAT: -4.589421&lt;br&gt;LONG: 105.101457</description>
	<ExtendedData><SchemaData schemaUrl="#doc__recov_yudafeb26xlsx">
		<SimpleData name="tessellate">-1</SimpleData>
		<SimpleData name="extrude">0</SimpleData>
		<SimpleData name="visibility">-1</SimpleData>
		<SimpleData name="Customer">3121807.0</SimpleData>
		<SimpleData name="Name_1">TK.NOVA JAYA</SimpleData>
		<SimpleData name="Represent_">9.0052418E7</SimpleData>
		<SimpleData name="Jwk_Salesman">KAMIS GANJIL</SimpleData>
		<SimpleData name="SC">SD400A00118183E</SimpleData>
		<SimpleData name="Descript_">pulung kencono</SimpleData>
		<SimpleData name="LAT">-4.589421</SimpleData>
		<SimpleData name="LONG">105.101457</SimpleData>
	</SchemaData></ExtendedData>
      <Point><coordinates>105.101457,-4.589421,0</coordinates></Point>
  </Placemark>
  <Placemark id="doc__recov_yudafeb26xlsx.13">
	<name>Yuda Nurisman</name>
	<description>Customer: 3321827&lt;br&gt;Name 1: TK.DUA PUTRI&lt;br&gt;Represent.: 90052418&lt;br&gt;Jwk Salesman: RABU GANJIL&lt;br&gt;SC: SD400A00118262E&lt;br&gt;Descript.: tirto kencono&lt;br&gt;LAT: -4.548698&lt;br&gt;LONG: 105.12023</description>
	<ExtendedData><SchemaData schemaUrl="#doc__recov_yudafeb26xlsx">
		<SimpleData name="tessellate">-1</SimpleData>
		<SimpleData name="extrude">0</SimpleData>
		<SimpleData name="visibility">-1</SimpleData>
		<SimpleData name="Customer">3321827.0</SimpleData>
		<SimpleData name="Name_1">TK.DUA PUTRI</SimpleData>
		<SimpleData name="Represent_">9.0052418E7</SimpleData>
		<SimpleData name="Jwk_Salesman">RABU GANJIL</SimpleData>
		<SimpleData name="SC">SD400A00118262E</SimpleData>
		<SimpleData name="Descript_">tirto kencono</SimpleData>
		<SimpleData name="LAT">-4.548698</SimpleData>
		<SimpleData name="LONG">105.12023</SimpleData>
	</SchemaData></ExtendedData>
      <Point><coordinates>105.12023,-4.548698,0</coordinates></Point>
  </Placemark>
  <Placemark id="doc__recov_yudafeb26xlsx.14">
	<name>Yuda Nurisman</name>
	<description>Customer: 5523237&lt;br&gt;Name 1: TK.RIA&lt;br&gt;Represent.: 90052418&lt;br&gt;Jwk Salesman: RABU GENAP&lt;br&gt;SC: SD400A00118161E&lt;br&gt;Descript.: Menggala&lt;br&gt;LAT: -4.496113&lt;br&gt;LONG: 105.222355</description>
	<ExtendedData><SchemaData schemaUrl="#doc__recov_yudafeb26xlsx">
		<SimpleData name="tessellate">-1</SimpleData>
		<SimpleData name="extrude">0</SimpleData>
		<SimpleData name="visibility">-1</SimpleData>
		<SimpleData name="Customer">5523237.0</SimpleData>
		<SimpleData name="Name_1">TK.RIA</SimpleData>
		<SimpleData name="Represent_">9.0052418E7</SimpleData>
		<SimpleData name="Jwk_Salesman">RABU GENAP</SimpleData>
		<SimpleData name="SC">SD400A00118161E</SimpleData>
		<SimpleData name="Descript_">Menggala</SimpleData>
		<SimpleData name="LAT">-4.496113</SimpleData>
		<SimpleData name="LONG">105.222355</SimpleData>
	</SchemaData></ExtendedData>
      <Point><coordinates>105.222355,-4.496113,0</coordinates></Point>
  </Placemark>
  <Placemark id="doc__recov_yudafeb26xlsx.15">
	<name>Yuda Nurisman</name>
	<description>Customer: 5528217&lt;br&gt;Name 1: SAMUDERA MART&lt;br&gt;Represent.: 90052418&lt;br&gt;Jwk Salesman: RABU GENAP&lt;br&gt;SC: SD400A00117811E&lt;br&gt;Descript.: Menggala&lt;br&gt;LAT: -4.490233&lt;br&gt;LONG: 105.237397</description>
	<ExtendedData><SchemaData schemaUrl="#doc__recov_yudafeb26xlsx">
		<SimpleData name="tessellate">-1</SimpleData>
		<SimpleData name="extrude">0</SimpleData>
		<SimpleData name="visibility">-1</SimpleData>
		<SimpleData name="Customer">5528217.0</SimpleData>
		<SimpleData name="Name_1">SAMUDERA MART</SimpleData>
		<SimpleData name="Represent_">9.0052418E7</SimpleData>
		<SimpleData name="Jwk_Salesman">RABU GENAP</SimpleData>
		<SimpleData name="SC">SD400A00117811E</SimpleData>
		<SimpleData name="Descript_">Menggala</SimpleData>
		<SimpleData name="LAT">-4.490233</SimpleData>
		<SimpleData name="LONG">105.237397</SimpleData>
	</SchemaData></ExtendedData>
      <Point><coordinates>105.237397,-4.490233,0</coordinates></Point>
  </Placemark>
  <Placemark id="doc__recov_yudafeb26xlsx.16">
	<name>Yuda Nurisman</name>
	<description>Customer: 195825&lt;br&gt;Name 1: TK. NINGSIH&lt;br&gt;Represent.: 90052418&lt;br&gt;Jwk Salesman: SELASA GENAP&lt;br&gt;SC: SD400A00118060E&lt;br&gt;Descript.: Unit 8&lt;br&gt;LAT: -4.39448&lt;br&gt;LONG: 105.278961</description>
	<ExtendedData><SchemaData schemaUrl="#doc__recov_yudafeb26xlsx">
		<SimpleData name="tessellate">-1</SimpleData>
		<SimpleData name="extrude">0</SimpleData>
		<SimpleData name="visibility">-1</SimpleData>
		<SimpleData name="Customer">195825.0</SimpleData>
		<SimpleData name="Name_1">TK. NINGSIH</SimpleData>
		<SimpleData name="Represent_">9.0052418E7</SimpleData>
		<SimpleData name="Jwk_Salesman">SELASA GENAP</SimpleData>
		<SimpleData name="SC">SD400A00118060E</SimpleData>
		<SimpleData name="Descript_">Unit 8</SimpleData>
		<SimpleData name="LAT">-4.39448</SimpleData>
		<SimpleData name="LONG">105.278961</SimpleData>
	</SchemaData></ExtendedData>
      <Point><coordinates>105.278961,-4.39448,0</coordinates></Point>
  </Placemark>
  <Placemark id="doc__recov_yudafeb26xlsx.17">
	<name>Yuda Nurisman</name>
	<description>Customer: 5424801&lt;br&gt;Name 1: TK.MERI&lt;br&gt;Represent.: 90052418&lt;br&gt;Jwk Salesman: SELASA GENAP&lt;br&gt;SC: SD400A00117588E&lt;br&gt;Descript.: Unit 8&lt;br&gt;LAT: -4.400917&lt;br&gt;LONG: 105.260848</description>
	<ExtendedData><SchemaData schemaUrl="#doc__recov_yudafeb26xlsx">
		<SimpleData name="tessellate">-1</SimpleData>
		<SimpleData name="extrude">0</SimpleData>
		<SimpleData name="visibility">-1</SimpleData>
		<SimpleData name="Customer">5424801.0</SimpleData>
		<SimpleData name="Name_1">TK.MERI</SimpleData>
		<SimpleData name="Represent_">9.0052418E7</SimpleData>
		<SimpleData name="Jwk_Salesman">SELASA GENAP</SimpleData>
		<SimpleData name="SC">SD400A00117588E</SimpleData>
		<SimpleData name="Descript_">Unit 8</SimpleData>
		<SimpleData name="LAT">-4.400917</SimpleData>
		<SimpleData name="LONG">105.260848</SimpleData>
	</SchemaData></ExtendedData>
      <Point><coordinates>105.260848,-4.400917,0</coordinates></Point>
  </Placemark>
  <Placemark id="doc__recov_yudafeb26xlsx.18">
	<name>Yuda Nurisman</name>
	<description>Customer: 5424802&lt;br&gt;Name 1: TK.NOVI&lt;br&gt;Represent.: 90052418&lt;br&gt;Jwk Salesman: RABU GENAP&lt;br&gt;SC: SD400A00117975E&lt;br&gt;Descript.: Unit 8&lt;br&gt;LAT: -4.4235899&lt;br&gt;LONG: 105.2596561</description>
	<ExtendedData><SchemaData schemaUrl="#doc__recov_yudafeb26xlsx">
		<SimpleData name="tessellate">-1</SimpleData>
		<SimpleData name="extrude">0</SimpleData>
		<SimpleData name="visibility">-1</SimpleData>
		<SimpleData name="Customer">5424802.0</SimpleData>
		<SimpleData name="Name_1">TK.NOVI</SimpleData>
		<SimpleData name="Represent_">9.0052418E7</SimpleData>
		<SimpleData name="Jwk_Salesman">RABU GENAP</SimpleData>
		<SimpleData name="SC">SD400A00117975E</SimpleData>
		<SimpleData name="Descript_">Unit 8</SimpleData>
		<SimpleData name="LAT">-4.4235899</SimpleData>
		<SimpleData name="LONG">105.2596561</SimpleData>
	</SchemaData></ExtendedData>
      <Point><coordinates>105.2596561,-4.4235899,0</coordinates></Point>
  </Placemark>
  <Placemark id="doc__recov_yudafeb26xlsx.19">
	<name>Yuda Nurisman</name>
	<description>Customer: 5424904&lt;br&gt;Name 1: TK.ALI YANI&lt;br&gt;Represent.: 90052418&lt;br&gt;Jwk Salesman: SELASA GENAP&lt;br&gt;SC: SD400A00117953E&lt;br&gt;Descript.: Unit 8&lt;br&gt;LAT: -4.391346&lt;br&gt;LONG: 105.268466</description>
	<ExtendedData><SchemaData schemaUrl="#doc__recov_yudafeb26xlsx">
		<SimpleData name="tessellate">-1</SimpleData>
		<SimpleData name="extrude">0</SimpleData>
		<SimpleData name="visibility">-1</SimpleData>
		<SimpleData name="Customer">5424904.0</SimpleData>
		<SimpleData name="Name_1">TK.ALI YANI</SimpleData>
		<SimpleData name="Represent_">9.0052418E7</SimpleData>
		<SimpleData name="Jwk_Salesman">SELASA GENAP</SimpleData>
		<SimpleData name="SC">SD400A00117953E</SimpleData>
		<SimpleData name="Descript_">Unit 8</SimpleData>
		<SimpleData name="LAT">-4.391346</SimpleData>
		<SimpleData name="LONG">105.268466</SimpleData>
	</SchemaData></ExtendedData>
      <Point><coordinates>105.268466,-4.391346,0</coordinates></Point>
  </Placemark>
  <Placemark id="doc__recov_yudafeb26xlsx.20">
	<name>Yuda Nurisman</name>
	<description>Customer: 5430058&lt;br&gt;Name 1: TK.VITA&lt;br&gt;Represent.: 90052418&lt;br&gt;Jwk Salesman: SELASA GENAP&lt;br&gt;SC: SD400A00117860E&lt;br&gt;Descript.: Unit 7&lt;br&gt;LAT: -4.399795&lt;br&gt;LONG: 105.23666</description>
	<ExtendedData><SchemaData schemaUrl="#doc__recov_yudafeb26xlsx">
		<SimpleData name="tessellate">-1</SimpleData>
		<SimpleData name="extrude">0</SimpleData>
		<SimpleData name="visibility">-1</SimpleData>
		<SimpleData name="Customer">5430058.0</SimpleData>
		<SimpleData name="Name_1">TK.VITA</SimpleData>
		<SimpleData name="Represent_">9.0052418E7</SimpleData>
		<SimpleData name="Jwk_Salesman">SELASA GENAP</SimpleData>
		<SimpleData name="SC">SD400A00117860E</SimpleData>
		<SimpleData name="Descript_">Unit 7</SimpleData>
		<SimpleData name="LAT">-4.399795</SimpleData>
		<SimpleData name="LONG">105.23666</SimpleData>
	</SchemaData></ExtendedData>
      <Point><coordinates>105.23666,-4.399795,0</coordinates></Point>
  </Placemark>
  <Placemark id="doc__recov_yudafeb26xlsx.21">
	<name>Yuda Nurisman</name>
	<description>Customer: 2001664&lt;br&gt;Name 1: WR.ARSYILA&lt;br&gt;Represent.: 90052418&lt;br&gt;Jwk Salesman: SELASA GENAP&lt;br&gt;SC: SD400A00118142E&lt;br&gt;Descript.: Unit 8&lt;br&gt;LAT: -4.391294&lt;br&gt;LONG: 105.284999</description>
	<ExtendedData><SchemaData schemaUrl="#doc__recov_yudafeb26xlsx">
		<SimpleData name="tessellate">-1</SimpleData>
		<SimpleData name="extrude">0</SimpleData>
		<SimpleData name="visibility">-1</SimpleData>
		<SimpleData name="Customer">2001664.0</SimpleData>
		<SimpleData name="Name_1">WR.ARSYILA</SimpleData>
		<SimpleData name="Represent_">9.0052418E7</SimpleData>
		<SimpleData name="Jwk_Salesman">SELASA GENAP</SimpleData>
		<SimpleData name="SC">SD400A00118142E</SimpleData>
		<SimpleData name="Descript_">Unit 8</SimpleData>
		<SimpleData name="LAT">-4.391294</SimpleData>
		<SimpleData name="LONG">105.284999</SimpleData>
	</SchemaData></ExtendedData>
      <Point><coordinates>105.284999,-4.391294,0</coordinates></Point>
  </Placemark>
  <Placemark id="doc__recov_yudafeb26xlsx.22">
	<name>Yuda Nurisman</name>
	<description>Customer: 2951057&lt;br&gt;Name 1: TK.SOKA CAKAT&lt;br&gt;Represent.: 90052418&lt;br&gt;Jwk Salesman: RABU GENAP&lt;br&gt;SC: SD400A00117784E&lt;br&gt;Descript.: Unit 8&lt;br&gt;LAT: -4.419652&lt;br&gt;LONG: 105.268787</description>
	<ExtendedData><SchemaData schemaUrl="#doc__recov_yudafeb26xlsx">
		<SimpleData name="tessellate">-1</SimpleData>
		<SimpleData name="extrude">0</SimpleData>
		<SimpleData name="visibility">-1</SimpleData>
		<SimpleData name="Customer">2951057.0</SimpleData>
		<SimpleData name="Name_1">TK.SOKA CAKAT</SimpleData>
		<SimpleData name="Represent_">9.0052418E7</SimpleData>
		<SimpleData name="Jwk_Salesman">RABU GENAP</SimpleData>
		<SimpleData name="SC">SD400A00117784E</SimpleData>
		<SimpleData name="Descript_">Unit 8</SimpleData>
		<SimpleData name="LAT">-4.419652</SimpleData>
		<SimpleData name="LONG">105.268787</SimpleData>
	</SchemaData></ExtendedData>
      <Point><coordinates>105.268787,-4.419652,0</coordinates></Point>
  </Placemark>
  <Placemark id="doc__recov_yudafeb26xlsx.23">
	<name>Yuda Nurisman</name>
	<description>Customer: 5442878&lt;br&gt;Name 1: ZYA CELL&lt;br&gt;Represent.: 90052418&lt;br&gt;Jwk Salesman: RABU GENAP&lt;br&gt;SC: SD400A00118070E&lt;br&gt;Descript.: Unit 8&lt;br&gt;LAT: -4.427135&lt;br&gt;LONG: 105.26032</description>
	<ExtendedData><SchemaData schemaUrl="#doc__recov_yudafeb26xlsx">
		<SimpleData name="tessellate">-1</SimpleData>
		<SimpleData name="extrude">0</SimpleData>
		<SimpleData name="visibility">-1</SimpleData>
		<SimpleData name="Customer">5442878.0</SimpleData>
		<SimpleData name="Name_1">ZYA CELL</SimpleData>
		<SimpleData name="Represent_">9.0052418E7</SimpleData>
		<SimpleData name="Jwk_Salesman">RABU GENAP</SimpleData>
		<SimpleData name="SC">SD400A00118070E</SimpleData>
		<SimpleData name="Descript_">Unit 8</SimpleData>
		<SimpleData name="LAT">-4.427135</SimpleData>
		<SimpleData name="LONG">105.26032</SimpleData>
	</SchemaData></ExtendedData>
      <Point><coordinates>105.26032,-4.427135,0</coordinates></Point>
  </Placemark>
  <Placemark id="doc__recov_yudafeb26xlsx.24">
	<name>Yuda Nurisman</name>
	<description>Customer: 1925587&lt;br&gt;Name 1: AFDAL&lt;br&gt;Represent.: 90052418&lt;br&gt;Jwk Salesman: SELASA GANJIL&lt;br&gt;SC: SD400A00118729E&lt;br&gt;Descript.: Unit 8&lt;br&gt;LAT: -4.349293&lt;br&gt;LONG: 105.282489</description>
	<ExtendedData><SchemaData schemaUrl="#doc__recov_yudafeb26xlsx">
		<SimpleData name="tessellate">-1</SimpleData>
		<SimpleData name="extrude">0</SimpleData>
		<SimpleData name="visibility">-1</SimpleData>
		<SimpleData name="Customer">1925587.0</SimpleData>
		<SimpleData name="Name_1">AFDAL</SimpleData>
		<SimpleData name="Represent_">9.0052418E7</SimpleData>
		<SimpleData name="Jwk_Salesman">SELASA GANJIL</SimpleData>
		<SimpleData name="SC">SD400A00118729E</SimpleData>
		<SimpleData name="Descript_">Unit 8</SimpleData>
		<SimpleData name="LAT">-4.349293</SimpleData>
		<SimpleData name="LONG">105.282489</SimpleData>
	</SchemaData></ExtendedData>
      <Point><coordinates>105.282489,-4.349293,0</coordinates></Point>
  </Placemark>
  <Placemark id="doc__recov_yudafeb26xlsx.25">
	<name>Yuda Nurisman</name>
	<description>Customer: 2077120&lt;br&gt;Name 1: SUBUR&lt;br&gt;Represent.: 90052418&lt;br&gt;Jwk Salesman: SELASA GANJIL&lt;br&gt;SC: SD400A00118843E&lt;br&gt;Descript.: Unit 9&lt;br&gt;LAT: -4.350482&lt;br&gt;LONG: 105.307219</description>
	<ExtendedData><SchemaData schemaUrl="#doc__recov_yudafeb26xlsx">
		<SimpleData name="tessellate">-1</SimpleData>
		<SimpleData name="extrude">0</SimpleData>
		<SimpleData name="visibility">-1</SimpleData>
		<SimpleData name="Customer">2077120.0</SimpleData>
		<SimpleData name="Name_1">SUBUR</SimpleData>
		<SimpleData name="Represent_">9.0052418E7</SimpleData>
		<SimpleData name="Jwk_Salesman">SELASA GANJIL</SimpleData>
		<SimpleData name="SC">SD400A00118843E</SimpleData>
		<SimpleData name="Descript_">Unit 9</SimpleData>
		<SimpleData name="LAT">-4.350482</SimpleData>
		<SimpleData name="LONG">105.307219</SimpleData>
	</SchemaData></ExtendedData>
      <Point><coordinates>105.307219,-4.350482,0</coordinates></Point>
  </Placemark>
  <Placemark id="doc__recov_yudafeb26xlsx.26">
	<name>Yuda Nurisman</name>
	<description>Customer: 2127393&lt;br&gt;Name 1: WR.NABILA JAYA&lt;br&gt;Represent.: 90052418&lt;br&gt;Jwk Salesman: RABU GENAP&lt;br&gt;SC: SD400A00118841E&lt;br&gt;Descript.: Unit 8&lt;br&gt;LAT: -4.378473&lt;br&gt;LONG: 105.249497</description>
	<ExtendedData><SchemaData schemaUrl="#doc__recov_yudafeb26xlsx">
		<SimpleData name="tessellate">-1</SimpleData>
		<SimpleData name="extrude">0</SimpleData>
		<SimpleData name="visibility">-1</SimpleData>
		<SimpleData name="Customer">2127393.0</SimpleData>
		<SimpleData name="Name_1">WR.NABILA JAYA</SimpleData>
		<SimpleData name="Represent_">9.0052418E7</SimpleData>
		<SimpleData name="Jwk_Salesman">RABU GENAP</SimpleData>
		<SimpleData name="SC">SD400A00118841E</SimpleData>
		<SimpleData name="Descript_">Unit 8</SimpleData>
		<SimpleData name="LAT">-4.378473</SimpleData>
		<SimpleData name="LONG">105.249497</SimpleData>
	</SchemaData></ExtendedData>
      <Point><coordinates>105.249497,-4.378473,0</coordinates></Point>
  </Placemark>
  <Placemark id="doc__recov_yudafeb26xlsx.27">
	<name>Yuda Nurisman</name>
	<description>Customer: 2951052&lt;br&gt;Name 1: TK.LATANSA&lt;br&gt;Represent.: 90052418&lt;br&gt;Jwk Salesman: SELASA GANJIL&lt;br&gt;SC: SD400A00118823E&lt;br&gt;Descript.: Unit 9&lt;br&gt;LAT: -4.344926&lt;br&gt;LONG: 105.312394</description>
	<ExtendedData><SchemaData schemaUrl="#doc__recov_yudafeb26xlsx">
		<SimpleData name="tessellate">-1</SimpleData>
		<SimpleData name="extrude">0</SimpleData>
		<SimpleData name="visibility">-1</SimpleData>
		<SimpleData name="Customer">2951052.0</SimpleData>
		<SimpleData name="Name_1">TK.LATANSA</SimpleData>
		<SimpleData name="Represent_">9.0052418E7</SimpleData>
		<SimpleData name="Jwk_Salesman">SELASA GANJIL</SimpleData>
		<SimpleData name="SC">SD400A00118823E</SimpleData>
		<SimpleData name="Descript_">Unit 9</SimpleData>
		<SimpleData name="LAT">-4.344926</SimpleData>
		<SimpleData name="LONG">105.312394</SimpleData>
	</SchemaData></ExtendedData>
      <Point><coordinates>105.312394,-4.344926,0</coordinates></Point>
  </Placemark>
  <Placemark id="doc__recov_yudafeb26xlsx.28">
	<name>Yuda Nurisman</name>
	<description>Customer: 2951063&lt;br&gt;Name 1: TK.CICI&lt;br&gt;Represent.: 90052418&lt;br&gt;Jwk Salesman: SELASA GENAP&lt;br&gt;SC: SD400A00118764E&lt;br&gt;Descript.: Unit 8&lt;br&gt;LAT: -4.382322&lt;br&gt;LONG: 105.303404</description>
	<ExtendedData><SchemaData schemaUrl="#doc__recov_yudafeb26xlsx">
		<SimpleData name="tessellate">-1</SimpleData>
		<SimpleData name="extrude">0</SimpleData>
		<SimpleData name="visibility">-1</SimpleData>
		<SimpleData name="Customer">2951063.0</SimpleData>
		<SimpleData name="Name_1">TK.CICI</SimpleData>
		<SimpleData name="Represent_">9.0052418E7</SimpleData>
		<SimpleData name="Jwk_Salesman">SELASA GENAP</SimpleData>
		<SimpleData name="SC">SD400A00118764E</SimpleData>
		<SimpleData name="Descript_">Unit 8</SimpleData>
		<SimpleData name="LAT">-4.382322</SimpleData>
		<SimpleData name="LONG">105.303404</SimpleData>
	</SchemaData></ExtendedData>
      <Point><coordinates>105.303404,-4.382322,0</coordinates></Point>
  </Placemark>
  <Placemark id="doc__recov_yudafeb26xlsx.29">
	<name>Yuda Nurisman</name>
	<description>Customer: 2001336&lt;br&gt;Name 1: WR.MBAK RINA&lt;br&gt;Represent.: 90052418&lt;br&gt;Jwk Salesman: SELASA GANJIL&lt;br&gt;SC: SD400A00129574H&lt;br&gt;Descript.: Unit 8&lt;br&gt;LAT: -4.368719&lt;br&gt;LONG: 105.272398</description>
	<ExtendedData><SchemaData schemaUrl="#doc__recov_yudafeb26xlsx">
		<SimpleData name="tessellate">-1</SimpleData>
		<SimpleData name="extrude">0</SimpleData>
		<SimpleData name="visibility">-1</SimpleData>
		<SimpleData name="Customer">2001336.0</SimpleData>
		<SimpleData name="Name_1">WR.MBAK RINA</SimpleData>
		<SimpleData name="Represent_">9.0052418E7</SimpleData>
		<SimpleData name="Jwk_Salesman">SELASA GANJIL</SimpleData>
		<SimpleData name="SC">SD400A00129574H</SimpleData>
		<SimpleData name="Descript_">Unit 8</SimpleData>
		<SimpleData name="LAT">-4.368719</SimpleData>
		<SimpleData name="LONG">105.272398</SimpleData>
	</SchemaData></ExtendedData>
      <Point><coordinates>105.272398,-4.368719,0</coordinates></Point>
  </Placemark>
  <Placemark id="doc__recov_yudafeb26xlsx.30">
	<name>Yuda Nurisman</name>
	<description>Customer: 5450066&lt;br&gt;Name 1: TK.MR CELL&lt;br&gt;Represent.: 90052418&lt;br&gt;Jwk Salesman: SELASA GANJIL&lt;br&gt;SC: SD400A00129560H&lt;br&gt;Descript.: Unit 9&lt;br&gt;LAT: -4.327663&lt;br&gt;LONG: 105.3263161</description>
	<ExtendedData><SchemaData schemaUrl="#doc__recov_yudafeb26xlsx">
		<SimpleData name="tessellate">-1</SimpleData>
		<SimpleData name="extrude">0</SimpleData>
		<SimpleData name="visibility">-1</SimpleData>
		<SimpleData name="Customer">5450066.0</SimpleData>
		<SimpleData name="Name_1">TK.MR CELL</SimpleData>
		<SimpleData name="Represent_">9.0052418E7</SimpleData>
		<SimpleData name="Jwk_Salesman">SELASA GANJIL</SimpleData>
		<SimpleData name="SC">SD400A00129560H</SimpleData>
		<SimpleData name="Descript_">Unit 9</SimpleData>
		<SimpleData name="LAT">-4.327663</SimpleData>
		<SimpleData name="LONG">105.3263161</SimpleData>
	</SchemaData></ExtendedData>
      <Point><coordinates>105.3263161,-4.327663,0</coordinates></Point>
  </Placemark>
  <Placemark id="doc__recov_yudafeb26xlsx.31">
	<name>Yuda Nurisman</name>
	<description>Customer: 2951147&lt;br&gt;Name 1: TK.SANI&lt;br&gt;Represent.: 90052418&lt;br&gt;Jwk Salesman: SABTU GENAP&lt;br&gt;SC: SD400A00118169E&lt;br&gt;Descript.: Unit 8&lt;br&gt;LAT: -4.3508671&lt;br&gt;LONG: 105.1972183</description>
	<ExtendedData><SchemaData schemaUrl="#doc__recov_yudafeb26xlsx">
		<SimpleData name="tessellate">-1</SimpleData>
		<SimpleData name="extrude">0</SimpleData>
		<SimpleData name="visibility">-1</SimpleData>
		<SimpleData name="Customer">2951147.0</SimpleData>
		<SimpleData name="Name_1">TK.SANI</SimpleData>
		<SimpleData name="Represent_">9.0052418E7</SimpleData>
		<SimpleData name="Jwk_Salesman">SABTU GENAP</SimpleData>
		<SimpleData name="SC">SD400A00118169E</SimpleData>
		<SimpleData name="Descript_">Unit 8</SimpleData>
		<SimpleData name="LAT">-4.3508671</SimpleData>
		<SimpleData name="LONG">105.1972183</SimpleData>
	</SchemaData></ExtendedData>
      <Point><coordinates>105.1972183,-4.3508671,0</coordinates></Point>
  </Placemark>
  <Placemark id="doc__recov_yudafeb26xlsx.32">
	<name>Yuda Nurisman</name>
	<description>Customer: 3861425&lt;br&gt;Name 1: WR MAK YUN&lt;br&gt;Represent.: 90052418&lt;br&gt;Jwk Salesman: SELASA GENAP&lt;br&gt;SC: SD400A00118073E&lt;br&gt;Descript.: Unit 7&lt;br&gt;LAT: -4.383562&lt;br&gt;LONG: 105.181093</description>
	<ExtendedData><SchemaData schemaUrl="#doc__recov_yudafeb26xlsx">
		<SimpleData name="tessellate">-1</SimpleData>
		<SimpleData name="extrude">0</SimpleData>
		<SimpleData name="visibility">-1</SimpleData>
		<SimpleData name="Customer">3861425.0</SimpleData>
		<SimpleData name="Name_1">WR MAK YUN</SimpleData>
		<SimpleData name="Represent_">9.0052418E7</SimpleData>
		<SimpleData name="Jwk_Salesman">SELASA GENAP</SimpleData>
		<SimpleData name="SC">SD400A00118073E</SimpleData>
		<SimpleData name="Descript_">Unit 7</SimpleData>
		<SimpleData name="LAT">-4.383562</SimpleData>
		<SimpleData name="LONG">105.181093</SimpleData>
	</SchemaData></ExtendedData>
      <Point><coordinates>105.181093,-4.383562,0</coordinates></Point>
  </Placemark>
  <Placemark id="doc__recov_yudafeb26xlsx.33">
	<name>Yuda Nurisman</name>
	<description>Customer: 3831172&lt;br&gt;Name 1: ETIH FARIDA&lt;br&gt;Represent.: 90052418&lt;br&gt;Jwk Salesman: SABTU GANJIL&lt;br&gt;SC: SD400A00118656E&lt;br&gt;Descript.: PS . UNIT 6&lt;br&gt;LAT: -4.367414&lt;br&gt;LONG: 105.153542</description>
	<ExtendedData><SchemaData schemaUrl="#doc__recov_yudafeb26xlsx">
		<SimpleData name="tessellate">-1</SimpleData>
		<SimpleData name="extrude">0</SimpleData>
		<SimpleData name="visibility">-1</SimpleData>
		<SimpleData name="Customer">3831172.0</SimpleData>
		<SimpleData name="Name_1">ETIH FARIDA</SimpleData>
		<SimpleData name="Represent_">9.0052418E7</SimpleData>
		<SimpleData name="Jwk_Salesman">SABTU GANJIL</SimpleData>
		<SimpleData name="SC">SD400A00118656E</SimpleData>
		<SimpleData name="Descript_">PS . UNIT 6</SimpleData>
		<SimpleData name="LAT">-4.367414</SimpleData>
		<SimpleData name="LONG">105.153542</SimpleData>
	</SchemaData></ExtendedData>
      <Point><coordinates>105.153542,-4.367414,0</coordinates></Point>
  </Placemark>
  <Placemark id="doc__recov_yudafeb26xlsx.34">
	<name>Yuda Nurisman</name>
	<description>Customer: 3831653&lt;br&gt;Name 1: SANTI&lt;br&gt;Represent.: 90052418&lt;br&gt;Jwk Salesman: SABTU GANJIL&lt;br&gt;SC: SD400A00118727E&lt;br&gt;Descript.: PS . UNIT 6&lt;br&gt;LAT: -4.367572&lt;br&gt;LONG: 105.14809</description>
	<ExtendedData><SchemaData schemaUrl="#doc__recov_yudafeb26xlsx">
		<SimpleData name="tessellate">-1</SimpleData>
		<SimpleData name="extrude">0</SimpleData>
		<SimpleData name="visibility">-1</SimpleData>
		<SimpleData name="Customer">3831653.0</SimpleData>
		<SimpleData name="Name_1">SANTI</SimpleData>
		<SimpleData name="Represent_">9.0052418E7</SimpleData>
		<SimpleData name="Jwk_Salesman">SABTU GANJIL</SimpleData>
		<SimpleData name="SC">SD400A00118727E</SimpleData>
		<SimpleData name="Descript_">PS . UNIT 6</SimpleData>
		<SimpleData name="LAT">-4.367572</SimpleData>
		<SimpleData name="LONG">105.14809</SimpleData>
	</SchemaData></ExtendedData>
      <Point><coordinates>105.14809,-4.367572,0</coordinates></Point>
  </Placemark>
  <Placemark id="doc__recov_yudafeb26xlsx.35">
	<name>Yuda Nurisman</name>
	<description>Customer: 610300&lt;br&gt;Name 1: TK.GILANG PADASUKA&lt;br&gt;Represent.: 90052418&lt;br&gt;Jwk Salesman: SELASA GENAP&lt;br&gt;SC: SD400A00129587H&lt;br&gt;Descript.: Unit 7&lt;br&gt;LAT: -4.405002&lt;br&gt;LONG: 105.205162</description>
	<ExtendedData><SchemaData schemaUrl="#doc__recov_yudafeb26xlsx">
		<SimpleData name="tessellate">-1</SimpleData>
		<SimpleData name="extrude">0</SimpleData>
		<SimpleData name="visibility">-1</SimpleData>
		<SimpleData name="Customer">610300.0</SimpleData>
		<SimpleData name="Name_1">TK.GILANG PADASUKA</SimpleData>
		<SimpleData name="Represent_">9.0052418E7</SimpleData>
		<SimpleData name="Jwk_Salesman">SELASA GENAP</SimpleData>
		<SimpleData name="SC">SD400A00129587H</SimpleData>
		<SimpleData name="Descript_">Unit 7</SimpleData>
		<SimpleData name="LAT">-4.405002</SimpleData>
		<SimpleData name="LONG">105.205162</SimpleData>
	</SchemaData></ExtendedData>
      <Point><coordinates>105.205162,-4.405002,0</coordinates></Point>
  </Placemark>
  <Placemark id="doc__recov_yudafeb26xlsx.36">
	<name>Yuda Nurisman</name>
	<description>Customer: 3781370&lt;br&gt;Name 1: WR PATMI&lt;br&gt;Represent.: 90052418&lt;br&gt;Jwk Salesman: SABTU GANJIL&lt;br&gt;SC: SD400A00129714H&lt;br&gt;Descript.: PS . UNIT 6&lt;br&gt;LAT: -4.351753&lt;br&gt;LONG: 105.171292</description>
	<ExtendedData><SchemaData schemaUrl="#doc__recov_yudafeb26xlsx">
		<SimpleData name="tessellate">-1</SimpleData>
		<SimpleData name="extrude">0</SimpleData>
		<SimpleData name="visibility">-1</SimpleData>
		<SimpleData name="Customer">3781370.0</SimpleData>
		<SimpleData name="Name_1">WR PATMI</SimpleData>
		<SimpleData name="Represent_">9.0052418E7</SimpleData>
		<SimpleData name="Jwk_Salesman">SABTU GANJIL</SimpleData>
		<SimpleData name="SC">SD400A00129714H</SimpleData>
		<SimpleData name="Descript_">PS . UNIT 6</SimpleData>
		<SimpleData name="LAT">-4.351753</SimpleData>
		<SimpleData name="LONG">105.171292</SimpleData>
	</SchemaData></ExtendedData>
      <Point><coordinates>105.171292,-4.351753,0</coordinates></Point>
  </Placemark>
  <Placemark id="doc__recov_yudafeb26xlsx.37">
	<name>Yuda Nurisman</name>
	<description>Customer: 1950141&lt;br&gt;Name 1: DESI&lt;br&gt;Represent.: 90052418&lt;br&gt;Jwk Salesman: SELASA GENAP&lt;br&gt;SC: SD400A00129162H&lt;br&gt;Descript.: Unit 7&lt;br&gt;LAT: -4.3876343&lt;br&gt;LONG: 105.1884485</description>
	<ExtendedData><SchemaData schemaUrl="#doc__recov_yudafeb26xlsx">
		<SimpleData name="tessellate">-1</SimpleData>
		<SimpleData name="extrude">0</SimpleData>
		<SimpleData name="visibility">-1</SimpleData>
		<SimpleData name="Customer">1950141.0</SimpleData>
		<SimpleData name="Name_1">DESI</SimpleData>
		<SimpleData name="Represent_">9.0052418E7</SimpleData>
		<SimpleData name="Jwk_Salesman">SELASA GENAP</SimpleData>
		<SimpleData name="SC">SD400A00129162H</SimpleData>
		<SimpleData name="Descript_">Unit 7</SimpleData>
		<SimpleData name="LAT">-4.3876343</SimpleData>
		<SimpleData name="LONG">105.1884485</SimpleData>
	</SchemaData></ExtendedData>
      <Point><coordinates>105.1884485,-4.3876343,0</coordinates></Point>
  </Placemark>
  <Placemark id="doc__recov_yudafeb26xlsx.38">
	<name>Yuda Nurisman</name>
	<description>Customer: 2951179&lt;br&gt;Name 1: TK.INDAH&lt;br&gt;Represent.: 90052418&lt;br&gt;Jwk Salesman: SABTU GANJIL&lt;br&gt;SC: SD400A00118230E&lt;br&gt;Descript.: PS . UNIT 6&lt;br&gt;LAT: -4.351777&lt;br&gt;LONG: 105.119341</description>
	<ExtendedData><SchemaData schemaUrl="#doc__recov_yudafeb26xlsx">
		<SimpleData name="tessellate">-1</SimpleData>
		<SimpleData name="extrude">0</SimpleData>
		<SimpleData name="visibility">-1</SimpleData>
		<SimpleData name="Customer">2951179.0</SimpleData>
		<SimpleData name="Name_1">TK.INDAH</SimpleData>
		<SimpleData name="Represent_">9.0052418E7</SimpleData>
		<SimpleData name="Jwk_Salesman">SABTU GANJIL</SimpleData>
		<SimpleData name="SC">SD400A00118230E</SimpleData>
		<SimpleData name="Descript_">PS . UNIT 6</SimpleData>
		<SimpleData name="LAT">-4.351777</SimpleData>
		<SimpleData name="LONG">105.119341</SimpleData>
	</SchemaData></ExtendedData>
      <Point><coordinates>105.119341,-4.351777,0</coordinates></Point>
  </Placemark>
  <Placemark id="doc__recov_yudafeb26xlsx.39">
	<name>Yuda Nurisman</name>
	<description>Customer: 2317429&lt;br&gt;Name 1: WR BU SRI&lt;br&gt;Represent.: 90052418&lt;br&gt;Jwk Salesman: JUMAT GENAP&lt;br&gt;SC: SD400A00117590E&lt;br&gt;Descript.: PS. UNIT 2&lt;br&gt;LAT: -4.282085&lt;br&gt;LONG: 105.213944</description>
	<ExtendedData><SchemaData schemaUrl="#doc__recov_yudafeb26xlsx">
		<SimpleData name="tessellate">-1</SimpleData>
		<SimpleData name="extrude">0</SimpleData>
		<SimpleData name="visibility">-1</SimpleData>
		<SimpleData name="Customer">2317429.0</SimpleData>
		<SimpleData name="Name_1">WR BU SRI</SimpleData>
		<SimpleData name="Represent_">9.0052418E7</SimpleData>
		<SimpleData name="Jwk_Salesman">JUMAT GENAP</SimpleData>
		<SimpleData name="SC">SD400A00117590E</SimpleData>
		<SimpleData name="Descript_">PS. UNIT 2</SimpleData>
		<SimpleData name="LAT">-4.282085</SimpleData>
		<SimpleData name="LONG">105.213944</SimpleData>
	</SchemaData></ExtendedData>
      <Point><coordinates>105.213944,-4.282085,0</coordinates></Point>
  </Placemark>
  <Placemark id="doc__recov_yudafeb26xlsx.40">
	<name>Yuda Nurisman</name>
	<description>Customer: 2571353&lt;br&gt;Name 1: TK.KENZO&lt;br&gt;Represent.: 90052418&lt;br&gt;Jwk Salesman: JUMAT GENAP&lt;br&gt;SC: SD400A00117835E&lt;br&gt;Descript.: PS. UNIT 2&lt;br&gt;LAT: -4.2827533&lt;br&gt;LONG: 105.204818</description>
	<ExtendedData><SchemaData schemaUrl="#doc__recov_yudafeb26xlsx">
		<SimpleData name="tessellate">-1</SimpleData>
		<SimpleData name="extrude">0</SimpleData>
		<SimpleData name="visibility">-1</SimpleData>
		<SimpleData name="Customer">2571353.0</SimpleData>
		<SimpleData name="Name_1">TK.KENZO</SimpleData>
		<SimpleData name="Represent_">9.0052418E7</SimpleData>
		<SimpleData name="Jwk_Salesman">JUMAT GENAP</SimpleData>
		<SimpleData name="SC">SD400A00117835E</SimpleData>
		<SimpleData name="Descript_">PS. UNIT 2</SimpleData>
		<SimpleData name="LAT">-4.2827533</SimpleData>
		<SimpleData name="LONG">105.204818</SimpleData>
	</SchemaData></ExtendedData>
      <Point><coordinates>105.204818,-4.2827533,0</coordinates></Point>
  </Placemark>
  <Placemark id="doc__recov_yudafeb26xlsx.41">
	<name>Yuda Nurisman</name>
	<description>Customer: 4583718&lt;br&gt;Name 1: TOKO BIRU&lt;br&gt;Represent.: 90052418&lt;br&gt;Jwk Salesman: JUMAT GENAP&lt;br&gt;SC: SD400A00117812E&lt;br&gt;Descript.: PS. UNIT 2&lt;br&gt;LAT: -4.285308&lt;br&gt;LONG: 105.213155</description>
	<ExtendedData><SchemaData schemaUrl="#doc__recov_yudafeb26xlsx">
		<SimpleData name="tessellate">-1</SimpleData>
		<SimpleData name="extrude">0</SimpleData>
		<SimpleData name="visibility">-1</SimpleData>
		<SimpleData name="Customer">4583718.0</SimpleData>
		<SimpleData name="Name_1">TOKO BIRU</SimpleData>
		<SimpleData name="Represent_">9.0052418E7</SimpleData>
		<SimpleData name="Jwk_Salesman">JUMAT GENAP</SimpleData>
		<SimpleData name="SC">SD400A00117812E</SimpleData>
		<SimpleData name="Descript_">PS. UNIT 2</SimpleData>
		<SimpleData name="LAT">-4.285308</SimpleData>
		<SimpleData name="LONG">105.213155</SimpleData>
	</SchemaData></ExtendedData>
      <Point><coordinates>105.213155,-4.285308,0</coordinates></Point>
  </Placemark>
  <Placemark id="doc__recov_yudafeb26xlsx.42">
	<name>Yuda Nurisman</name>
	<description>Customer: 5258862&lt;br&gt;Name 1: TK.ANDINI ETHANOL&lt;br&gt;Represent.: 90052418&lt;br&gt;Jwk Salesman: JUMAT GENAP&lt;br&gt;SC: SD400A00118245E&lt;br&gt;Descript.: PS. UNIT 2&lt;br&gt;LAT: -4.285458&lt;br&gt;LONG: 105.193031</description>
	<ExtendedData><SchemaData schemaUrl="#doc__recov_yudafeb26xlsx">
		<SimpleData name="tessellate">-1</SimpleData>
		<SimpleData name="extrude">0</SimpleData>
		<SimpleData name="visibility">-1</SimpleData>
		<SimpleData name="Customer">5258862.0</SimpleData>
		<SimpleData name="Name_1">TK.ANDINI ETHANOL</SimpleData>
		<SimpleData name="Represent_">9.0052418E7</SimpleData>
		<SimpleData name="Jwk_Salesman">JUMAT GENAP</SimpleData>
		<SimpleData name="SC">SD400A00118245E</SimpleData>
		<SimpleData name="Descript_">PS. UNIT 2</SimpleData>
		<SimpleData name="LAT">-4.285458</SimpleData>
		<SimpleData name="LONG">105.193031</SimpleData>
	</SchemaData></ExtendedData>
      <Point><coordinates>105.193031,-4.285458,0</coordinates></Point>
  </Placemark>
  <Placemark id="doc__recov_yudafeb26xlsx.43">
	<name>Yuda Nurisman</name>
	<description>Customer: 5405987&lt;br&gt;Name 1: TK.EDI&lt;br&gt;Represent.: 90052418&lt;br&gt;Jwk Salesman: JUMAT GENAP&lt;br&gt;SC: SD400A00117832E&lt;br&gt;Descript.: PS. UNIT 2&lt;br&gt;LAT: -4.2827636&lt;br&gt;LONG: 105.202638</description>
	<ExtendedData><SchemaData schemaUrl="#doc__recov_yudafeb26xlsx">
		<SimpleData name="tessellate">-1</SimpleData>
		<SimpleData name="extrude">0</SimpleData>
		<SimpleData name="visibility">-1</SimpleData>
		<SimpleData name="Customer">5405987.0</SimpleData>
		<SimpleData name="Name_1">TK.EDI</SimpleData>
		<SimpleData name="Represent_">9.0052418E7</SimpleData>
		<SimpleData name="Jwk_Salesman">JUMAT GENAP</SimpleData>
		<SimpleData name="SC">SD400A00117832E</SimpleData>
		<SimpleData name="Descript_">PS. UNIT 2</SimpleData>
		<SimpleData name="LAT">-4.2827636</SimpleData>
		<SimpleData name="LONG">105.202638</SimpleData>
	</SchemaData></ExtendedData>
      <Point><coordinates>105.202638,-4.2827636,0</coordinates></Point>
  </Placemark>
  <Placemark id="doc__recov_yudafeb26xlsx.44">
	<name>Yuda Nurisman</name>
	<description>Customer: 5405989&lt;br&gt;Name 1: TK.CAHYO MAKMUR&lt;br&gt;Represent.: 90052418&lt;br&gt;Jwk Salesman: JUMAT GENAP&lt;br&gt;SC: SD400A00118151E&lt;br&gt;Descript.: PS. UNIT 2&lt;br&gt;LAT: -4.285155&lt;br&gt;LONG: 105.193807</description>
	<ExtendedData><SchemaData schemaUrl="#doc__recov_yudafeb26xlsx">
		<SimpleData name="tessellate">-1</SimpleData>
		<SimpleData name="extrude">0</SimpleData>
		<SimpleData name="visibility">-1</SimpleData>
		<SimpleData name="Customer">5405989.0</SimpleData>
		<SimpleData name="Name_1">TK.CAHYO MAKMUR</SimpleData>
		<SimpleData name="Represent_">9.0052418E7</SimpleData>
		<SimpleData name="Jwk_Salesman">JUMAT GENAP</SimpleData>
		<SimpleData name="SC">SD400A00118151E</SimpleData>
		<SimpleData name="Descript_">PS. UNIT 2</SimpleData>
		<SimpleData name="LAT">-4.285155</SimpleData>
		<SimpleData name="LONG">105.193807</SimpleData>
	</SchemaData></ExtendedData>
      <Point><coordinates>105.193807,-4.285155,0</coordinates></Point>
  </Placemark>
  <Placemark id="doc__recov_yudafeb26xlsx.45">
	<name>Yuda Nurisman</name>
	<description>Customer: 524026&lt;br&gt;Name 1: TK.HETI JAYA&lt;br&gt;Represent.: 90052418&lt;br&gt;Jwk Salesman: JUMAT GENAP&lt;br&gt;SC: SD400A00118074E&lt;br&gt;Descript.: PS. UNIT 2&lt;br&gt;LAT: -4.2878418&lt;br&gt;LONG: 105.1890189</description>
	<ExtendedData><SchemaData schemaUrl="#doc__recov_yudafeb26xlsx">
		<SimpleData name="tessellate">-1</SimpleData>
		<SimpleData name="extrude">0</SimpleData>
		<SimpleData name="visibility">-1</SimpleData>
		<SimpleData name="Customer">524026.0</SimpleData>
		<SimpleData name="Name_1">TK.HETI JAYA</SimpleData>
		<SimpleData name="Represent_">9.0052418E7</SimpleData>
		<SimpleData name="Jwk_Salesman">JUMAT GENAP</SimpleData>
		<SimpleData name="SC">SD400A00118074E</SimpleData>
		<SimpleData name="Descript_">PS. UNIT 2</SimpleData>
		<SimpleData name="LAT">-4.2878418</SimpleData>
		<SimpleData name="LONG">105.1890189</SimpleData>
	</SchemaData></ExtendedData>
      <Point><coordinates>105.1890189,-4.2878418,0</coordinates></Point>
  </Placemark>
  <Placemark id="doc__recov_yudafeb26xlsx.46">
	<name>Yuda Nurisman</name>
	<description>Customer: 539993&lt;br&gt;Name 1: TK.AZAHRA&lt;br&gt;Represent.: 90052418&lt;br&gt;Jwk Salesman: JUMAT GENAP&lt;br&gt;SC: SD400A00118157E&lt;br&gt;Descript.: PS. UNIT 2&lt;br&gt;LAT: -4.2872075&lt;br&gt;LONG: 105.1899453</description>
	<ExtendedData><SchemaData schemaUrl="#doc__recov_yudafeb26xlsx">
		<SimpleData name="tessellate">-1</SimpleData>
		<SimpleData name="extrude">0</SimpleData>
		<SimpleData name="visibility">-1</SimpleData>
		<SimpleData name="Customer">539993.0</SimpleData>
		<SimpleData name="Name_1">TK.AZAHRA</SimpleData>
		<SimpleData name="Represent_">9.0052418E7</SimpleData>
		<SimpleData name="Jwk_Salesman">JUMAT GENAP</SimpleData>
		<SimpleData name="SC">SD400A00118157E</SimpleData>
		<SimpleData name="Descript_">PS. UNIT 2</SimpleData>
		<SimpleData name="LAT">-4.2872075</SimpleData>
		<SimpleData name="LONG">105.1899453</SimpleData>
	</SchemaData></ExtendedData>
      <Point><coordinates>105.1899453,-4.2872075,0</coordinates></Point>
  </Placemark>
  <Placemark id="doc__recov_yudafeb26xlsx.47">
	<name>Yuda Nurisman</name>
	<description>Customer: 2030166&lt;br&gt;Name 1: WR P SLAMIT /RATNA&lt;br&gt;Represent.: 90052418&lt;br&gt;Jwk Salesman: SENIN GANJIL&lt;br&gt;SC: SD400A00118150E&lt;br&gt;Descript.: PS . UNIT 6&lt;br&gt;LAT: -4.289847&lt;br&gt;LONG: 105.164766</description>
	<ExtendedData><SchemaData schemaUrl="#doc__recov_yudafeb26xlsx">
		<SimpleData name="tessellate">-1</SimpleData>
		<SimpleData name="extrude">0</SimpleData>
		<SimpleData name="visibility">-1</SimpleData>
		<SimpleData name="Customer">2030166.0</SimpleData>
		<SimpleData name="Name_1">WR P SLAMIT /RATNA</SimpleData>
		<SimpleData name="Represent_">9.0052418E7</SimpleData>
		<SimpleData name="Jwk_Salesman">SENIN GANJIL</SimpleData>
		<SimpleData name="SC">SD400A00118150E</SimpleData>
		<SimpleData name="Descript_">PS . UNIT 6</SimpleData>
		<SimpleData name="LAT">-4.289847</SimpleData>
		<SimpleData name="LONG">105.164766</SimpleData>
	</SchemaData></ExtendedData>
      <Point><coordinates>105.164766,-4.289847,0</coordinates></Point>
  </Placemark>
  <Placemark id="doc__recov_yudafeb26xlsx.48">
	<name>Yuda Nurisman</name>
	<description>Customer: 2824059&lt;br&gt;Name 1: MUKLIS&lt;br&gt;Represent.: 90052418&lt;br&gt;Jwk Salesman: SENIN GANJIL&lt;br&gt;SC: SD400A00117241E&lt;br&gt;Descript.: BLJ SPI&lt;br&gt;LAT: -4.2305918&lt;br&gt;LONG: 105.1622111</description>
	<ExtendedData><SchemaData schemaUrl="#doc__recov_yudafeb26xlsx">
		<SimpleData name="tessellate">-1</SimpleData>
		<SimpleData name="extrude">0</SimpleData>
		<SimpleData name="visibility">-1</SimpleData>
		<SimpleData name="Customer">2824059.0</SimpleData>
		<SimpleData name="Name_1">MUKLIS</SimpleData>
		<SimpleData name="Represent_">9.0052418E7</SimpleData>
		<SimpleData name="Jwk_Salesman">SENIN GANJIL</SimpleData>
		<SimpleData name="SC">SD400A00117241E</SimpleData>
		<SimpleData name="Descript_">BLJ SPI</SimpleData>
		<SimpleData name="LAT">-4.2305918</SimpleData>
		<SimpleData name="LONG">105.1622111</SimpleData>
	</SchemaData></ExtendedData>
      <Point><coordinates>105.1622111,-4.2305918,0</coordinates></Point>
  </Placemark>
  <Placemark id="doc__recov_yudafeb26xlsx.49">
	<name>Yuda Nurisman</name>
	<description>Customer: 2257594&lt;br&gt;Name 1: TK.MUJIATI BUANA&lt;br&gt;Represent.: 90052418&lt;br&gt;Jwk Salesman: SENIN GANJIL&lt;br&gt;SC: SD400A00117585E&lt;br&gt;Descript.: BLJ SPI&lt;br&gt;LAT: -4.259469&lt;br&gt;LONG: 105.162525</description>
	<ExtendedData><SchemaData schemaUrl="#doc__recov_yudafeb26xlsx">
		<SimpleData name="tessellate">-1</SimpleData>
		<SimpleData name="extrude">0</SimpleData>
		<SimpleData name="visibility">-1</SimpleData>
		<SimpleData name="Customer">2257594.0</SimpleData>
		<SimpleData name="Name_1">TK.MUJIATI BUANA</SimpleData>
		<SimpleData name="Represent_">9.0052418E7</SimpleData>
		<SimpleData name="Jwk_Salesman">SENIN GANJIL</SimpleData>
		<SimpleData name="SC">SD400A00117585E</SimpleData>
		<SimpleData name="Descript_">BLJ SPI</SimpleData>
		<SimpleData name="LAT">-4.259469</SimpleData>
		<SimpleData name="LONG">105.162525</SimpleData>
	</SchemaData></ExtendedData>
      <Point><coordinates>105.162525,-4.259469,0</coordinates></Point>
  </Placemark>
  <Placemark id="doc__recov_yudafeb26xlsx.50">
	<name>Yuda Nurisman</name>
	<description>Customer: 3122049&lt;br&gt;Name 1: TK.TUTI RIYANI&lt;br&gt;Represent.: 90052418&lt;br&gt;Jwk Salesman: RABU GANJIL&lt;br&gt;SC: SD400A00125073E&lt;br&gt;Descript.: tirto kencono&lt;br&gt;LAT: -4.549961&lt;br&gt;LONG: 105.111413</description>
	<ExtendedData><SchemaData schemaUrl="#doc__recov_yudafeb26xlsx">
		<SimpleData name="tessellate">-1</SimpleData>
		<SimpleData name="extrude">0</SimpleData>
		<SimpleData name="visibility">-1</SimpleData>
		<SimpleData name="Customer">3122049.0</SimpleData>
		<SimpleData name="Name_1">TK.TUTI RIYANI</SimpleData>
		<SimpleData name="Represent_">9.0052418E7</SimpleData>
		<SimpleData name="Jwk_Salesman">RABU GANJIL</SimpleData>
		<SimpleData name="SC">SD400A00125073E</SimpleData>
		<SimpleData name="Descript_">tirto kencono</SimpleData>
		<SimpleData name="LAT">-4.549961</SimpleData>
		<SimpleData name="LONG">105.111413</SimpleData>
	</SchemaData></ExtendedData>
      <Point><coordinates>105.111413,-4.549961,0</coordinates></Point>
  </Placemark>
  <Placemark id="doc__recov_yudafeb26xlsx.51">
	<name>Yuda Nurisman</name>
	<description>Customer: 5559584&lt;br&gt;Name 1: TK.MUMMY&lt;br&gt;Represent.: 90052418&lt;br&gt;Jwk Salesman: SENIN GENAP&lt;br&gt;SC: SD400A00124546E&lt;br&gt;Descript.: Kamp Tua&lt;br&gt;LAT: -4.571724&lt;br&gt;LONG: 105.19258</description>
	<ExtendedData><SchemaData schemaUrl="#doc__recov_yudafeb26xlsx">
		<SimpleData name="tessellate">-1</SimpleData>
		<SimpleData name="extrude">0</SimpleData>
		<SimpleData name="visibility">-1</SimpleData>
		<SimpleData name="Customer">5559584.0</SimpleData>
		<SimpleData name="Name_1">TK.MUMMY</SimpleData>
		<SimpleData name="Represent_">9.0052418E7</SimpleData>
		<SimpleData name="Jwk_Salesman">SENIN GENAP</SimpleData>
		<SimpleData name="SC">SD400A00124546E</SimpleData>
		<SimpleData name="Descript_">Kamp Tua</SimpleData>
		<SimpleData name="LAT">-4.571724</SimpleData>
		<SimpleData name="LONG">105.19258</SimpleData>
	</SchemaData></ExtendedData>
      <Point><coordinates>105.19258,-4.571724,0</coordinates></Point>
  </Placemark>
  <Placemark id="doc__recov_yudafeb26xlsx.52">
	<name>Yuda Nurisman</name>
	<description>Customer: 5559585&lt;br&gt;Name 1: TOKO VIVI MART&lt;br&gt;Represent.: 90052418&lt;br&gt;Jwk Salesman: JUMAT GANJIL&lt;br&gt;SC: SD400A00124544E&lt;br&gt;Descript.: Panaragan Jaya&lt;br&gt;LAT: -4.569565&lt;br&gt;LONG: 105.147869</description>
	<ExtendedData><SchemaData schemaUrl="#doc__recov_yudafeb26xlsx">
		<SimpleData name="tessellate">-1</SimpleData>
		<SimpleData name="extrude">0</SimpleData>
		<SimpleData name="visibility">-1</SimpleData>
		<SimpleData name="Customer">5559585.0</SimpleData>
		<SimpleData name="Name_1">TOKO VIVI MART</SimpleData>
		<SimpleData name="Represent_">9.0052418E7</SimpleData>
		<SimpleData name="Jwk_Salesman">JUMAT GANJIL</SimpleData>
		<SimpleData name="SC">SD400A00124544E</SimpleData>
		<SimpleData name="Descript_">Panaragan Jaya</SimpleData>
		<SimpleData name="LAT">-4.569565</SimpleData>
		<SimpleData name="LONG">105.147869</SimpleData>
	</SchemaData></ExtendedData>
      <Point><coordinates>105.147869,-4.569565,0</coordinates></Point>
  </Placemark>
  <Placemark id="doc__recov_yudafeb26xlsx.53">
	<name>Yuda Nurisman</name>
	<description>Customer: 5559586&lt;br&gt;Name 1: SRC.ERNA&lt;br&gt;Represent.: 90052418&lt;br&gt;Jwk Salesman: SENIN GENAP&lt;br&gt;SC: SD400A00124525E&lt;br&gt;Descript.: Kamp Tua&lt;br&gt;LAT: -4.560798&lt;br&gt;LONG: 105.203694</description>
	<ExtendedData><SchemaData schemaUrl="#doc__recov_yudafeb26xlsx">
		<SimpleData name="tessellate">-1</SimpleData>
		<SimpleData name="extrude">0</SimpleData>
		<SimpleData name="visibility">-1</SimpleData>
		<SimpleData name="Customer">5559586.0</SimpleData>
		<SimpleData name="Name_1">SRC.ERNA</SimpleData>
		<SimpleData name="Represent_">9.0052418E7</SimpleData>
		<SimpleData name="Jwk_Salesman">SENIN GENAP</SimpleData>
		<SimpleData name="SC">SD400A00124525E</SimpleData>
		<SimpleData name="Descript_">Kamp Tua</SimpleData>
		<SimpleData name="LAT">-4.560798</SimpleData>
		<SimpleData name="LONG">105.203694</SimpleData>
	</SchemaData></ExtendedData>
      <Point><coordinates>105.203694,-4.560798,0</coordinates></Point>
  </Placemark>
  <Placemark id="doc__recov_yudafeb26xlsx.54">
	<name>Yuda Nurisman</name>
	<description>Customer: 5559588&lt;br&gt;Name 1: TK.TRIMORDIA&lt;br&gt;Represent.: 90052418&lt;br&gt;Jwk Salesman: SENIN GENAP&lt;br&gt;SC: SD400A00124908E&lt;br&gt;Descript.: Panaragan Jaya&lt;br&gt;LAT: -4.564527&lt;br&gt;LONG: 105.16421</description>
	<ExtendedData><SchemaData schemaUrl="#doc__recov_yudafeb26xlsx">
		<SimpleData name="tessellate">-1</SimpleData>
		<SimpleData name="extrude">0</SimpleData>
		<SimpleData name="visibility">-1</SimpleData>
		<SimpleData name="Customer">5559588.0</SimpleData>
		<SimpleData name="Name_1">TK.TRIMORDIA</SimpleData>
		<SimpleData name="Represent_">9.0052418E7</SimpleData>
		<SimpleData name="Jwk_Salesman">SENIN GENAP</SimpleData>
		<SimpleData name="SC">SD400A00124908E</SimpleData>
		<SimpleData name="Descript_">Panaragan Jaya</SimpleData>
		<SimpleData name="LAT">-4.564527</SimpleData>
		<SimpleData name="LONG">105.16421</SimpleData>
	</SchemaData></ExtendedData>
      <Point><coordinates>105.16421,-4.564527,0</coordinates></Point>
  </Placemark>
  <Placemark id="doc__recov_yudafeb26xlsx.55">
	<name>Yuda Nurisman</name>
	<description>Customer: 5559589&lt;br&gt;Name 1: TK.IBU MURSINI&lt;br&gt;Represent.: 90052418&lt;br&gt;Jwk Salesman: SENIN GENAP&lt;br&gt;SC: SD400A00124626E&lt;br&gt;Descript.: Kamp Tua&lt;br&gt;LAT: -4.552328&lt;br&gt;LONG: 105.220723</description>
	<ExtendedData><SchemaData schemaUrl="#doc__recov_yudafeb26xlsx">
		<SimpleData name="tessellate">-1</SimpleData>
		<SimpleData name="extrude">0</SimpleData>
		<SimpleData name="visibility">-1</SimpleData>
		<SimpleData name="Customer">5559589.0</SimpleData>
		<SimpleData name="Name_1">TK.IBU MURSINI</SimpleData>
		<SimpleData name="Represent_">9.0052418E7</SimpleData>
		<SimpleData name="Jwk_Salesman">SENIN GENAP</SimpleData>
		<SimpleData name="SC">SD400A00124626E</SimpleData>
		<SimpleData name="Descript_">Kamp Tua</SimpleData>
		<SimpleData name="LAT">-4.552328</SimpleData>
		<SimpleData name="LONG">105.220723</SimpleData>
	</SchemaData></ExtendedData>
      <Point><coordinates>105.220723,-4.552328,0</coordinates></Point>
  </Placemark>
  <Placemark id="doc__recov_yudafeb26xlsx.56">
	<name>Yuda Nurisman</name>
	<description>Customer: 5559667&lt;br&gt;Name 1: TK.ATTA&lt;br&gt;Represent.: 90052418&lt;br&gt;Jwk Salesman: KAMIS GANJIL&lt;br&gt;SC: SD400A00125075E&lt;br&gt;Descript.: Panaragan Jaya&lt;br&gt;LAT: -4.622752&lt;br&gt;LONG: 105.105152</description>
	<ExtendedData><SchemaData schemaUrl="#doc__recov_yudafeb26xlsx">
		<SimpleData name="tessellate">-1</SimpleData>
		<SimpleData name="extrude">0</SimpleData>
		<SimpleData name="visibility">-1</SimpleData>
		<SimpleData name="Customer">5559667.0</SimpleData>
		<SimpleData name="Name_1">TK.ATTA</SimpleData>
		<SimpleData name="Represent_">9.0052418E7</SimpleData>
		<SimpleData name="Jwk_Salesman">KAMIS GANJIL</SimpleData>
		<SimpleData name="SC">SD400A00125075E</SimpleData>
		<SimpleData name="Descript_">Panaragan Jaya</SimpleData>
		<SimpleData name="LAT">-4.622752</SimpleData>
		<SimpleData name="LONG">105.105152</SimpleData>
	</SchemaData></ExtendedData>
      <Point><coordinates>105.105152,-4.622752,0</coordinates></Point>
  </Placemark>
  <Placemark id="doc__recov_yudafeb26xlsx.57">
	<name>Yuda Nurisman</name>
	<description>Customer: 4091813&lt;br&gt;Name 1: TK.BU WINDI&lt;br&gt;Represent.: 90052418&lt;br&gt;Jwk Salesman: SENIN GANJIL&lt;br&gt;SC: SD400A00118788E&lt;br&gt;Descript.: PS . UNIT 6&lt;br&gt;LAT: -4.304377&lt;br&gt;LONG: 105.16024</description>
	<ExtendedData><SchemaData schemaUrl="#doc__recov_yudafeb26xlsx">
		<SimpleData name="tessellate">-1</SimpleData>
		<SimpleData name="extrude">0</SimpleData>
		<SimpleData name="visibility">-1</SimpleData>
		<SimpleData name="Customer">4091813.0</SimpleData>
		<SimpleData name="Name_1">TK.BU WINDI</SimpleData>
		<SimpleData name="Represent_">9.0052418E7</SimpleData>
		<SimpleData name="Jwk_Salesman">SENIN GANJIL</SimpleData>
		<SimpleData name="SC">SD400A00118788E</SimpleData>
		<SimpleData name="Descript_">PS . UNIT 6</SimpleData>
		<SimpleData name="LAT">-4.304377</SimpleData>
		<SimpleData name="LONG">105.16024</SimpleData>
	</SchemaData></ExtendedData>
      <Point><coordinates>105.16024,-4.304377,0</coordinates></Point>
  </Placemark>
  <Placemark id="doc__recov_yudafeb26xlsx.58">
	<name>Yuda Nurisman</name>
	<description>Customer: 2641906&lt;br&gt;Name 1: CAK YONO&lt;br&gt;Represent.: 90052418&lt;br&gt;Jwk Salesman: JUMAT GANJIL&lt;br&gt;SC: SD400A00124690E&lt;br&gt;Descript.: tirto kencono&lt;br&gt;LAT: -4.5424433&lt;br&gt;LONG: 105.1334179</description>
	<ExtendedData><SchemaData schemaUrl="#doc__recov_yudafeb26xlsx">
		<SimpleData name="tessellate">-1</SimpleData>
		<SimpleData name="extrude">0</SimpleData>
		<SimpleData name="visibility">-1</SimpleData>
		<SimpleData name="Customer">2641906.0</SimpleData>
		<SimpleData name="Name_1">CAK YONO</SimpleData>
		<SimpleData name="Represent_">9.0052418E7</SimpleData>
		<SimpleData name="Jwk_Salesman">JUMAT GANJIL</SimpleData>
		<SimpleData name="SC">SD400A00124690E</SimpleData>
		<SimpleData name="Descript_">tirto kencono</SimpleData>
		<SimpleData name="LAT">-4.5424433</SimpleData>
		<SimpleData name="LONG">105.1334179</SimpleData>
	</SchemaData></ExtendedData>
      <Point><coordinates>105.1334179,-4.5424433,0</coordinates></Point>
  </Placemark>
  <Placemark id="doc__recov_yudafeb26xlsx.59">
	<name>Yuda Nurisman</name>
	<description>Customer: 5303769&lt;br&gt;Name 1: TOKO ATTA/ ATHA&lt;br&gt;Represent.: 90052418&lt;br&gt;Jwk Salesman: KAMIS GANJIL&lt;br&gt;SC: SD400A00125110E&lt;br&gt;Descript.: mulyo kencono&lt;br&gt;LAT: -4.614217&lt;br&gt;LONG: 105.111459</description>
	<ExtendedData><SchemaData schemaUrl="#doc__recov_yudafeb26xlsx">
		<SimpleData name="tessellate">-1</SimpleData>
		<SimpleData name="extrude">0</SimpleData>
		<SimpleData name="visibility">-1</SimpleData>
		<SimpleData name="Customer">5303769.0</SimpleData>
		<SimpleData name="Name_1">TOKO ATTA/ ATHA</SimpleData>
		<SimpleData name="Represent_">9.0052418E7</SimpleData>
		<SimpleData name="Jwk_Salesman">KAMIS GANJIL</SimpleData>
		<SimpleData name="SC">SD400A00125110E</SimpleData>
		<SimpleData name="Descript_">mulyo kencono</SimpleData>
		<SimpleData name="LAT">-4.614217</SimpleData>
		<SimpleData name="LONG">105.111459</SimpleData>
	</SchemaData></ExtendedData>
      <Point><coordinates>105.111459,-4.614217,0</coordinates></Point>
  </Placemark>
  <Placemark id="doc__recov_yudafeb26xlsx.60">
	<name>Yuda Nurisman</name>
	<description>Customer: 2376216&lt;br&gt;Name 1: TK.MUJIONO&lt;br&gt;Represent.: 90052418&lt;br&gt;Jwk Salesman: JUMAT GANJIL&lt;br&gt;SC: SD400A00125074E&lt;br&gt;Descript.: Panaragan Jaya&lt;br&gt;LAT: -4.497652&lt;br&gt;LONG: 105.143777</description>
	<ExtendedData><SchemaData schemaUrl="#doc__recov_yudafeb26xlsx">
		<SimpleData name="tessellate">-1</SimpleData>
		<SimpleData name="extrude">0</SimpleData>
		<SimpleData name="visibility">-1</SimpleData>
		<SimpleData name="Customer">2376216.0</SimpleData>
		<SimpleData name="Name_1">TK.MUJIONO</SimpleData>
		<SimpleData name="Represent_">9.0052418E7</SimpleData>
		<SimpleData name="Jwk_Salesman">JUMAT GANJIL</SimpleData>
		<SimpleData name="SC">SD400A00125074E</SimpleData>
		<SimpleData name="Descript_">Panaragan Jaya</SimpleData>
		<SimpleData name="LAT">-4.497652</SimpleData>
		<SimpleData name="LONG">105.143777</SimpleData>
	</SchemaData></ExtendedData>
      <Point><coordinates>105.143777,-4.497652,0</coordinates></Point>
  </Placemark>
  <Placemark id="doc__recov_yudafeb26xlsx.61">
	<name>Yuda Nurisman</name>
	<description>Customer: 5561591&lt;br&gt;Name 1: KOPERASI KANTIN SEHATI&lt;br&gt;Represent.: 90052418&lt;br&gt;Jwk Salesman: JUMAT GENAP&lt;br&gt;SC: SD400A00124625E&lt;br&gt;Descript.: PS. UNIT 2&lt;br&gt;LAT: -4.283004&lt;br&gt;LONG: 105.208557</description>
	<ExtendedData><SchemaData schemaUrl="#doc__recov_yudafeb26xlsx">
		<SimpleData name="tessellate">-1</SimpleData>
		<SimpleData name="extrude">0</SimpleData>
		<SimpleData name="visibility">-1</SimpleData>
		<SimpleData name="Customer">5561591.0</SimpleData>
		<SimpleData name="Name_1">KOPERASI KANTIN SEHATI</SimpleData>
		<SimpleData name="Represent_">9.0052418E7</SimpleData>
		<SimpleData name="Jwk_Salesman">JUMAT GENAP</SimpleData>
		<SimpleData name="SC">SD400A00124625E</SimpleData>
		<SimpleData name="Descript_">PS. UNIT 2</SimpleData>
		<SimpleData name="LAT">-4.283004</SimpleData>
		<SimpleData name="LONG">105.208557</SimpleData>
	</SchemaData></ExtendedData>
      <Point><coordinates>105.208557,-4.283004,0</coordinates></Point>
  </Placemark>
  <Placemark id="doc__recov_yudafeb26xlsx.62">
	<name>Yuda Nurisman</name>
	<description>Customer: 5561594&lt;br&gt;Name 1: TOKO RIZAL&lt;br&gt;Represent.: 90052418&lt;br&gt;Jwk Salesman: JUMAT GANJIL&lt;br&gt;SC: SD400A00124652E&lt;br&gt;Descript.: Panaragan Jaya&lt;br&gt;LAT: -4.4903852&lt;br&gt;LONG: 105.1522433</description>
	<ExtendedData><SchemaData schemaUrl="#doc__recov_yudafeb26xlsx">
		<SimpleData name="tessellate">-1</SimpleData>
		<SimpleData name="extrude">0</SimpleData>
		<SimpleData name="visibility">-1</SimpleData>
		<SimpleData name="Customer">5561594.0</SimpleData>
		<SimpleData name="Name_1">TOKO RIZAL</SimpleData>
		<SimpleData name="Represent_">9.0052418E7</SimpleData>
		<SimpleData name="Jwk_Salesman">JUMAT GANJIL</SimpleData>
		<SimpleData name="SC">SD400A00124652E</SimpleData>
		<SimpleData name="Descript_">Panaragan Jaya</SimpleData>
		<SimpleData name="LAT">-4.4903852</SimpleData>
		<SimpleData name="LONG">105.1522433</SimpleData>
	</SchemaData></ExtendedData>
      <Point><coordinates>105.1522433,-4.4903852,0</coordinates></Point>
  </Placemark>
  <Placemark id="doc__recov_yudafeb26xlsx.63">
	<name>Yuda Nurisman</name>
	<description>Customer: 5561595&lt;br&gt;Name 1: TOKO DALINA&lt;br&gt;Represent.: 90052418&lt;br&gt;Jwk Salesman: JUMAT GANJIL&lt;br&gt;SC: SD400A00132442H&lt;br&gt;Descript.: Panaragan Jaya&lt;br&gt;LAT: -4.4904223&lt;br&gt;LONG: 105.147702</description>
	<ExtendedData><SchemaData schemaUrl="#doc__recov_yudafeb26xlsx">
		<SimpleData name="tessellate">-1</SimpleData>
		<SimpleData name="extrude">0</SimpleData>
		<SimpleData name="visibility">-1</SimpleData>
		<SimpleData name="Customer">5561595.0</SimpleData>
		<SimpleData name="Name_1">TOKO DALINA</SimpleData>
		<SimpleData name="Represent_">9.0052418E7</SimpleData>
		<SimpleData name="Jwk_Salesman">JUMAT GANJIL</SimpleData>
		<SimpleData name="SC">SD400A00132442H</SimpleData>
		<SimpleData name="Descript_">Panaragan Jaya</SimpleData>
		<SimpleData name="LAT">-4.4904223</SimpleData>
		<SimpleData name="LONG">105.147702</SimpleData>
	</SchemaData></ExtendedData>
      <Point><coordinates>105.147702,-4.4904223,0</coordinates></Point>
  </Placemark>
  <Placemark id="doc__recov_yudafeb26xlsx.64">
	<name>Yuda Nurisman</name>
	<description>Customer: 2894592&lt;br&gt;Name 1: TK AMI&lt;br&gt;Represent.: 90052418&lt;br&gt;Jwk Salesman: KAMIS GENAP&lt;br&gt;SC: SD400A00125002E&lt;br&gt;Descript.: mulyo kencono&lt;br&gt;LAT: -4.5977066&lt;br&gt;LONG: 105.1480443</description>
	<ExtendedData><SchemaData schemaUrl="#doc__recov_yudafeb26xlsx">
		<SimpleData name="tessellate">-1</SimpleData>
		<SimpleData name="extrude">0</SimpleData>
		<SimpleData name="visibility">-1</SimpleData>
		<SimpleData name="Customer">2894592.0</SimpleData>
		<SimpleData name="Name_1">TK AMI</SimpleData>
		<SimpleData name="Represent_">9.0052418E7</SimpleData>
		<SimpleData name="Jwk_Salesman">KAMIS GENAP</SimpleData>
		<SimpleData name="SC">SD400A00125002E</SimpleData>
		<SimpleData name="Descript_">mulyo kencono</SimpleData>
		<SimpleData name="LAT">-4.5977066</SimpleData>
		<SimpleData name="LONG">105.1480443</SimpleData>
	</SchemaData></ExtendedData>
      <Point><coordinates>105.1480443,-4.5977066,0</coordinates></Point>
  </Placemark>
  <Placemark id="doc__recov_yudafeb26xlsx.65">
	<name>Yuda Nurisman</name>
	<description>Customer: 5363055&lt;br&gt;Name 1: TK.ZIAN BAROKAH&lt;br&gt;Represent.: 90052418&lt;br&gt;Jwk Salesman: SENIN GANJIL&lt;br&gt;SC: SD400A00117241E&lt;br&gt;Descript.: PS . UNIT 6&lt;br&gt;LAT: -4.2715759&lt;br&gt;LONG: 105.1448511</description>
	<ExtendedData><SchemaData schemaUrl="#doc__recov_yudafeb26xlsx">
		<SimpleData name="tessellate">-1</SimpleData>
		<SimpleData name="extrude">0</SimpleData>
		<SimpleData name="visibility">-1</SimpleData>
		<SimpleData name="Customer">5363055.0</SimpleData>
		<SimpleData name="Name_1">TK.ZIAN BAROKAH</SimpleData>
		<SimpleData name="Represent_">9.0052418E7</SimpleData>
		<SimpleData name="Jwk_Salesman">SENIN GANJIL</SimpleData>
		<SimpleData name="SC">SD400A00117241E</SimpleData>
		<SimpleData name="Descript_">PS . UNIT 6</SimpleData>
		<SimpleData name="LAT">-4.2715759</SimpleData>
		<SimpleData name="LONG">105.1448511</SimpleData>
	</SchemaData></ExtendedData>
      <Point><coordinates>105.1448511,-4.2715759,0</coordinates></Point>
  </Placemark>
  <Placemark id="doc__recov_yudafeb26xlsx.66">
	<name>Yuda Nurisman</name>
	<description>Customer: 5562202&lt;br&gt;Name 1: GUNS MART&lt;br&gt;Represent.: 90052418&lt;br&gt;Jwk Salesman: SENIN GANJIL&lt;br&gt;SC: SD400A00124997E&lt;br&gt;Descript.: BLJ SPI&lt;br&gt;LAT: -4.2501029&lt;br&gt;LONG: 105.1721362</description>
	<ExtendedData><SchemaData schemaUrl="#doc__recov_yudafeb26xlsx">
		<SimpleData name="tessellate">-1</SimpleData>
		<SimpleData name="extrude">0</SimpleData>
		<SimpleData name="visibility">-1</SimpleData>
		<SimpleData name="Customer">5562202.0</SimpleData>
		<SimpleData name="Name_1">GUNS MART</SimpleData>
		<SimpleData name="Represent_">9.0052418E7</SimpleData>
		<SimpleData name="Jwk_Salesman">SENIN GANJIL</SimpleData>
		<SimpleData name="SC">SD400A00124997E</SimpleData>
		<SimpleData name="Descript_">BLJ SPI</SimpleData>
		<SimpleData name="LAT">-4.2501029</SimpleData>
		<SimpleData name="LONG">105.1721362</SimpleData>
	</SchemaData></ExtendedData>
      <Point><coordinates>105.1721362,-4.2501029,0</coordinates></Point>
  </Placemark>
  <Placemark id="doc__recov_yudafeb26xlsx.67">
	<name>Yuda Nurisman</name>
	<description>Customer: 5562887&lt;br&gt;Name 1: TOKO SHERLYN&lt;br&gt;Represent.: 90052418&lt;br&gt;Jwk Salesman: KAMIS GENAP&lt;br&gt;SC: SD400A00124843E&lt;br&gt;Descript.: Panaragan Jaya&lt;br&gt;LAT: -4.5791638&lt;br&gt;LONG: 105.1496043</description>
	<ExtendedData><SchemaData schemaUrl="#doc__recov_yudafeb26xlsx">
		<SimpleData name="tessellate">-1</SimpleData>
		<SimpleData name="extrude">0</SimpleData>
		<SimpleData name="visibility">-1</SimpleData>
		<SimpleData name="Customer">5562887.0</SimpleData>
		<SimpleData name="Name_1">TOKO SHERLYN</SimpleData>
		<SimpleData name="Represent_">9.0052418E7</SimpleData>
		<SimpleData name="Jwk_Salesman">KAMIS GENAP</SimpleData>
		<SimpleData name="SC">SD400A00124843E</SimpleData>
		<SimpleData name="Descript_">Panaragan Jaya</SimpleData>
		<SimpleData name="LAT">-4.5791638</SimpleData>
		<SimpleData name="LONG">105.1496043</SimpleData>
	</SchemaData></ExtendedData>
      <Point><coordinates>105.1496043,-4.5791638,0</coordinates></Point>
  </Placemark>
  <Placemark id="doc__recov_yudafeb26xlsx.68">
	<name>Yuda Nurisman</name>
	<description>Customer: 5562888&lt;br&gt;Name 1: TK.TRISNA MULYA&lt;br&gt;Represent.: 90052418&lt;br&gt;Jwk Salesman: KAMIS GENAP&lt;br&gt;SC: SD400A00125023E&lt;br&gt;Descript.: Panaragan Jaya&lt;br&gt;LAT: -4.6108214&lt;br&gt;LONG: 105.1551092</description>
	<ExtendedData><SchemaData schemaUrl="#doc__recov_yudafeb26xlsx">
		<SimpleData name="tessellate">-1</SimpleData>
		<SimpleData name="extrude">0</SimpleData>
		<SimpleData name="visibility">-1</SimpleData>
		<SimpleData name="Customer">5562888.0</SimpleData>
		<SimpleData name="Name_1">TK.TRISNA MULYA</SimpleData>
		<SimpleData name="Represent_">9.0052418E7</SimpleData>
		<SimpleData name="Jwk_Salesman">KAMIS GENAP</SimpleData>
		<SimpleData name="SC">SD400A00125023E</SimpleData>
		<SimpleData name="Descript_">Panaragan Jaya</SimpleData>
		<SimpleData name="LAT">-4.6108214</SimpleData>
		<SimpleData name="LONG">105.1551092</SimpleData>
	</SchemaData></ExtendedData>
      <Point><coordinates>105.1551092,-4.6108214,0</coordinates></Point>
  </Placemark>
  <Placemark id="doc__recov_yudafeb26xlsx.69">
	<name>Yuda Nurisman</name>
	<description>Customer: 92181&lt;br&gt;Name 1: PARLINDUNGAN&lt;br&gt;Represent.: 90052418&lt;br&gt;Jwk Salesman: RABU GANJIL&lt;br&gt;SC: SD400A00124905E&lt;br&gt;Descript.: Panaragan Jaya&lt;br&gt;LAT: -4.522421&lt;br&gt;LONG: 105.088747</description>
	<ExtendedData><SchemaData schemaUrl="#doc__recov_yudafeb26xlsx">
		<SimpleData name="tessellate">-1</SimpleData>
		<SimpleData name="extrude">0</SimpleData>
		<SimpleData name="visibility">-1</SimpleData>
		<SimpleData name="Customer">92181.0</SimpleData>
		<SimpleData name="Name_1">PARLINDUNGAN</SimpleData>
		<SimpleData name="Represent_">9.0052418E7</SimpleData>
		<SimpleData name="Jwk_Salesman">RABU GANJIL</SimpleData>
		<SimpleData name="SC">SD400A00124905E</SimpleData>
		<SimpleData name="Descript_">Panaragan Jaya</SimpleData>
		<SimpleData name="LAT">-4.522421</SimpleData>
		<SimpleData name="LONG">105.088747</SimpleData>
	</SchemaData></ExtendedData>
      <Point><coordinates>105.088747,-4.522421,0</coordinates></Point>
  </Placemark>
  <Placemark id="doc__recov_yudafeb26xlsx.70">
	<name>Yuda Nurisman</name>
	<description>Customer: 281567&lt;br&gt;Name 1: TK.KAILA&lt;br&gt;Represent.: 90052418&lt;br&gt;Jwk Salesman: RABU GANJIL&lt;br&gt;SC: SD400A00125001E&lt;br&gt;Descript.: Panaragan Jaya&lt;br&gt;LAT: -4.5220771&lt;br&gt;LONG: 105.0910755</description>
	<ExtendedData><SchemaData schemaUrl="#doc__recov_yudafeb26xlsx">
		<SimpleData name="tessellate">-1</SimpleData>
		<SimpleData name="extrude">0</SimpleData>
		<SimpleData name="visibility">-1</SimpleData>
		<SimpleData name="Customer">281567.0</SimpleData>
		<SimpleData name="Name_1">TK.KAILA</SimpleData>
		<SimpleData name="Represent_">9.0052418E7</SimpleData>
		<SimpleData name="Jwk_Salesman">RABU GANJIL</SimpleData>
		<SimpleData name="SC">SD400A00125001E</SimpleData>
		<SimpleData name="Descript_">Panaragan Jaya</SimpleData>
		<SimpleData name="LAT">-4.5220771</SimpleData>
		<SimpleData name="LONG">105.0910755</SimpleData>
	</SchemaData></ExtendedData>
      <Point><coordinates>105.0910755,-4.5220771,0</coordinates></Point>
  </Placemark>
  <Placemark id="doc__recov_yudafeb26xlsx.71">
	<name>Yuda Nurisman</name>
	<description>Customer: 459218&lt;br&gt;Name 1: TK.SAIKUDIN&lt;br&gt;Represent.: 90052418&lt;br&gt;Jwk Salesman: JUMAT GANJIL&lt;br&gt;SC: SD400A00124928E&lt;br&gt;Descript.: Panaragan Jaya&lt;br&gt;LAT: -4.4952956&lt;br&gt;LONG: 105.1369547</description>
	<ExtendedData><SchemaData schemaUrl="#doc__recov_yudafeb26xlsx">
		<SimpleData name="tessellate">-1</SimpleData>
		<SimpleData name="extrude">0</SimpleData>
		<SimpleData name="visibility">-1</SimpleData>
		<SimpleData name="Customer">459218.0</SimpleData>
		<SimpleData name="Name_1">TK.SAIKUDIN</SimpleData>
		<SimpleData name="Represent_">9.0052418E7</SimpleData>
		<SimpleData name="Jwk_Salesman">JUMAT GANJIL</SimpleData>
		<SimpleData name="SC">SD400A00124928E</SimpleData>
		<SimpleData name="Descript_">Panaragan Jaya</SimpleData>
		<SimpleData name="LAT">-4.4952956</SimpleData>
		<SimpleData name="LONG">105.1369547</SimpleData>
	</SchemaData></ExtendedData>
      <Point><coordinates>105.1369547,-4.4952956,0</coordinates></Point>
  </Placemark>
  <Placemark id="doc__recov_yudafeb26xlsx.72">
	<name>Yuda Nurisman</name>
	<description>Customer: 1905635&lt;br&gt;Name 1: TK.LINA PENUMANGAN&lt;br&gt;Represent.: 90052418&lt;br&gt;Jwk Salesman: JUMAT GANJIL&lt;br&gt;SC: SD400A00124840E&lt;br&gt;Descript.: Panaragan Jaya&lt;br&gt;LAT: -4.503113&lt;br&gt;LONG: 105.1473975</description>
	<ExtendedData><SchemaData schemaUrl="#doc__recov_yudafeb26xlsx">
		<SimpleData name="tessellate">-1</SimpleData>
		<SimpleData name="extrude">0</SimpleData>
		<SimpleData name="visibility">-1</SimpleData>
		<SimpleData name="Customer">1905635.0</SimpleData>
		<SimpleData name="Name_1">TK.LINA PENUMANGAN</SimpleData>
		<SimpleData name="Represent_">9.0052418E7</SimpleData>
		<SimpleData name="Jwk_Salesman">JUMAT GANJIL</SimpleData>
		<SimpleData name="SC">SD400A00124840E</SimpleData>
		<SimpleData name="Descript_">Panaragan Jaya</SimpleData>
		<SimpleData name="LAT">-4.503113</SimpleData>
		<SimpleData name="LONG">105.1473975</SimpleData>
	</SchemaData></ExtendedData>
      <Point><coordinates>105.1473975,-4.503113,0</coordinates></Point>
  </Placemark>
  <Placemark id="doc__recov_yudafeb26xlsx.73">
	<name>Yuda Nurisman</name>
	<description>Customer: 5564161&lt;br&gt;Name 1: TOKO AYU&lt;br&gt;Represent.: 90052418&lt;br&gt;Jwk Salesman: JUMAT GANJIL&lt;br&gt;SC: SD400A00124987E&lt;br&gt;Descript.: Panaragan Jaya&lt;br&gt;LAT: -4.5011676&lt;br&gt;LONG: 105.1429193</description>
	<ExtendedData><SchemaData schemaUrl="#doc__recov_yudafeb26xlsx">
		<SimpleData name="tessellate">-1</SimpleData>
		<SimpleData name="extrude">0</SimpleData>
		<SimpleData name="visibility">-1</SimpleData>
		<SimpleData name="Customer">5564161.0</SimpleData>
		<SimpleData name="Name_1">TOKO AYU</SimpleData>
		<SimpleData name="Represent_">9.0052418E7</SimpleData>
		<SimpleData name="Jwk_Salesman">JUMAT GANJIL</SimpleData>
		<SimpleData name="SC">SD400A00124987E</SimpleData>
		<SimpleData name="Descript_">Panaragan Jaya</SimpleData>
		<SimpleData name="LAT">-4.5011676</SimpleData>
		<SimpleData name="LONG">105.1429193</SimpleData>
	</SchemaData></ExtendedData>
      <Point><coordinates>105.1429193,-4.5011676,0</coordinates></Point>
  </Placemark>
  <Placemark id="doc__recov_yudafeb26xlsx.74">
	<name>Yuda Nurisman</name>
	<description>Customer: 5565355&lt;br&gt;Name 1: KANTIN PONPES AL-FALAH&lt;br&gt;Represent.: 90052418&lt;br&gt;Jwk Salesman: RABU GANJIL&lt;br&gt;SC: SD400A00144832H&lt;br&gt;Descript.: Panaragan Jaya&lt;br&gt;LAT: -4.5307708&lt;br&gt;LONG: 105.0874036</description>
	<ExtendedData><SchemaData schemaUrl="#doc__recov_yudafeb26xlsx">
		<SimpleData name="tessellate">-1</SimpleData>
		<SimpleData name="extrude">0</SimpleData>
		<SimpleData name="visibility">-1</SimpleData>
		<SimpleData name="Customer">5565355.0</SimpleData>
		<SimpleData name="Name_1">KANTIN PONPES AL-FALAH</SimpleData>
		<SimpleData name="Represent_">9.0052418E7</SimpleData>
		<SimpleData name="Jwk_Salesman">RABU GANJIL</SimpleData>
		<SimpleData name="SC">SD400A00144832H</SimpleData>
		<SimpleData name="Descript_">Panaragan Jaya</SimpleData>
		<SimpleData name="LAT">-4.5307708</SimpleData>
		<SimpleData name="LONG">105.0874036</SimpleData>
	</SchemaData></ExtendedData>
      <Point><coordinates>105.0874036,-4.5307708,0</coordinates></Point>
  </Placemark>
  <Placemark id="doc__recov_yudafeb26xlsx.75">
	<name>Yuda Nurisman</name>
	<description>Customer: 241364&lt;br&gt;Name 1: TK. DILA JAYA&lt;br&gt;Represent.: 90052418&lt;br&gt;Jwk Salesman: KAMIS GANJIL&lt;br&gt;SC: SD400A00125095E&lt;br&gt;Descript.: Daya Murni&lt;br&gt;LAT: -4.6313157&lt;br&gt;LONG: 105.0866033</description>
	<ExtendedData><SchemaData schemaUrl="#doc__recov_yudafeb26xlsx">
		<SimpleData name="tessellate">-1</SimpleData>
		<SimpleData name="extrude">0</SimpleData>
		<SimpleData name="visibility">-1</SimpleData>
		<SimpleData name="Customer">241364.0</SimpleData>
		<SimpleData name="Name_1">TK. DILA JAYA</SimpleData>
		<SimpleData name="Represent_">9.0052418E7</SimpleData>
		<SimpleData name="Jwk_Salesman">KAMIS GANJIL</SimpleData>
		<SimpleData name="SC">SD400A00125095E</SimpleData>
		<SimpleData name="Descript_">Daya Murni</SimpleData>
		<SimpleData name="LAT">-4.6313157</SimpleData>
		<SimpleData name="LONG">105.0866033</SimpleData>
	</SchemaData></ExtendedData>
      <Point><coordinates>105.0866033,-4.6313157,0</coordinates></Point>
  </Placemark>
  <Placemark id="doc__recov_yudafeb26xlsx.76">
	<name>Yuda Nurisman</name>
	<description>Customer: 5566822&lt;br&gt;Name 1: PAUD &amp; TPQ AL-FAFA&lt;br&gt;Represent.: 90052418&lt;br&gt;Jwk Salesman: RABU GANJIL&lt;br&gt;SC: SD400A00124996E&lt;br&gt;Descript.: Panaragan Jaya&lt;br&gt;LAT: -4.5812171&lt;br&gt;LONG: 105.1061106</description>
	<ExtendedData><SchemaData schemaUrl="#doc__recov_yudafeb26xlsx">
		<SimpleData name="tessellate">-1</SimpleData>
		<SimpleData name="extrude">0</SimpleData>
		<SimpleData name="visibility">-1</SimpleData>
		<SimpleData name="Customer">5566822.0</SimpleData>
		<SimpleData name="Name_1">PAUD &amp; TPQ AL-FAFA</SimpleData>
		<SimpleData name="Represent_">9.0052418E7</SimpleData>
		<SimpleData name="Jwk_Salesman">RABU GANJIL</SimpleData>
		<SimpleData name="SC">SD400A00124996E</SimpleData>
		<SimpleData name="Descript_">Panaragan Jaya</SimpleData>
		<SimpleData name="LAT">-4.5812171</SimpleData>
		<SimpleData name="LONG">105.1061106</SimpleData>
	</SchemaData></ExtendedData>
      <Point><coordinates>105.1061106,-4.5812171,0</coordinates></Point>
  </Placemark>
  <Placemark id="doc__recov_yudafeb26xlsx.77">
	<name>Yuda Nurisman</name>
	<description>Customer: 5566823&lt;br&gt;Name 1: TOKO SALSA&lt;br&gt;Represent.: 90052418&lt;br&gt;Jwk Salesman: KAMIS GANJIL&lt;br&gt;SC: SD400A00124983E&lt;br&gt;Descript.: Panaragan Jaya&lt;br&gt;LAT: -4.6085663&lt;br&gt;LONG: 105.1140205</description>
	<ExtendedData><SchemaData schemaUrl="#doc__recov_yudafeb26xlsx">
		<SimpleData name="tessellate">-1</SimpleData>
		<SimpleData name="extrude">0</SimpleData>
		<SimpleData name="visibility">-1</SimpleData>
		<SimpleData name="Customer">5566823.0</SimpleData>
		<SimpleData name="Name_1">TOKO SALSA</SimpleData>
		<SimpleData name="Represent_">9.0052418E7</SimpleData>
		<SimpleData name="Jwk_Salesman">KAMIS GANJIL</SimpleData>
		<SimpleData name="SC">SD400A00124983E</SimpleData>
		<SimpleData name="Descript_">Panaragan Jaya</SimpleData>
		<SimpleData name="LAT">-4.6085663</SimpleData>
		<SimpleData name="LONG">105.1140205</SimpleData>
	</SchemaData></ExtendedData>
      <Point><coordinates>105.1140205,-4.6085663,0</coordinates></Point>
  </Placemark>
  <Placemark id="doc__recov_yudafeb26xlsx.78">
	<name>Yuda Nurisman</name>
	<description>Customer: 429014&lt;br&gt;Name 1: ANDIK&lt;br&gt;Represent.: 90052418&lt;br&gt;Jwk Salesman: RABU GANJIL&lt;br&gt;SC: SD400A00124914E&lt;br&gt;Descript.: Panaragan Jaya&lt;br&gt;LAT: -4.5238389&lt;br&gt;LONG: 105.0976942</description>
	<ExtendedData><SchemaData schemaUrl="#doc__recov_yudafeb26xlsx">
		<SimpleData name="tessellate">-1</SimpleData>
		<SimpleData name="extrude">0</SimpleData>
		<SimpleData name="visibility">-1</SimpleData>
		<SimpleData name="Customer">429014.0</SimpleData>
		<SimpleData name="Name_1">ANDIK</SimpleData>
		<SimpleData name="Represent_">9.0052418E7</SimpleData>
		<SimpleData name="Jwk_Salesman">RABU GANJIL</SimpleData>
		<SimpleData name="SC">SD400A00124914E</SimpleData>
		<SimpleData name="Descript_">Panaragan Jaya</SimpleData>
		<SimpleData name="LAT">-4.5238389</SimpleData>
		<SimpleData name="LONG">105.0976942</SimpleData>
	</SchemaData></ExtendedData>
      <Point><coordinates>105.0976942,-4.5238389,0</coordinates></Point>
  </Placemark>
  <Placemark id="doc__recov_yudafeb26xlsx.79">
	<name>Yuda Nurisman</name>
	<description>Customer: 2951105&lt;br&gt;Name 1: TK.AISYAH&lt;br&gt;Represent.: 90052418&lt;br&gt;Jwk Salesman: SELASA GANJIL&lt;br&gt;SC: SD400A00124624E&lt;br&gt;Descript.: Unit 9&lt;br&gt;LAT: -4.347733&lt;br&gt;LONG: 105.314276</description>
	<ExtendedData><SchemaData schemaUrl="#doc__recov_yudafeb26xlsx">
		<SimpleData name="tessellate">-1</SimpleData>
		<SimpleData name="extrude">0</SimpleData>
		<SimpleData name="visibility">-1</SimpleData>
		<SimpleData name="Customer">2951105.0</SimpleData>
		<SimpleData name="Name_1">TK.AISYAH</SimpleData>
		<SimpleData name="Represent_">9.0052418E7</SimpleData>
		<SimpleData name="Jwk_Salesman">SELASA GANJIL</SimpleData>
		<SimpleData name="SC">SD400A00124624E</SimpleData>
		<SimpleData name="Descript_">Unit 9</SimpleData>
		<SimpleData name="LAT">-4.347733</SimpleData>
		<SimpleData name="LONG">105.314276</SimpleData>
	</SchemaData></ExtendedData>
      <Point><coordinates>105.314276,-4.347733,0</coordinates></Point>
  </Placemark>
  <Placemark id="doc__recov_yudafeb26xlsx.80">
	<name>Yuda Nurisman</name>
	<description>Customer: 2951328&lt;br&gt;Name 1: TK.AIDA&lt;br&gt;Represent.: 90052418&lt;br&gt;Jwk Salesman: SELASA GANJIL&lt;br&gt;SC: SD400A00124614E&lt;br&gt;Descript.: Unit 9&lt;br&gt;LAT: -4.342235&lt;br&gt;LONG: 105.3259566</description>
	<ExtendedData><SchemaData schemaUrl="#doc__recov_yudafeb26xlsx">
		<SimpleData name="tessellate">-1</SimpleData>
		<SimpleData name="extrude">0</SimpleData>
		<SimpleData name="visibility">-1</SimpleData>
		<SimpleData name="Customer">2951328.0</SimpleData>
		<SimpleData name="Name_1">TK.AIDA</SimpleData>
		<SimpleData name="Represent_">9.0052418E7</SimpleData>
		<SimpleData name="Jwk_Salesman">SELASA GANJIL</SimpleData>
		<SimpleData name="SC">SD400A00124614E</SimpleData>
		<SimpleData name="Descript_">Unit 9</SimpleData>
		<SimpleData name="LAT">-4.342235</SimpleData>
		<SimpleData name="LONG">105.3259566</SimpleData>
	</SchemaData></ExtendedData>
      <Point><coordinates>105.3259566,-4.342235,0</coordinates></Point>
  </Placemark>
  <Placemark id="doc__recov_yudafeb26xlsx.81">
	<name>Yuda Nurisman</name>
	<description>Customer: 1871999&lt;br&gt;Name 1: TK.STAR MART&lt;br&gt;Represent.: 90052418&lt;br&gt;Jwk Salesman: JUMAT GANJIL&lt;br&gt;SC: SD400A00124562E&lt;br&gt;Descript.: Panaragan Jaya&lt;br&gt;LAT: -4.4905256&lt;br&gt;LONG: 105.1489663</description>
	<ExtendedData><SchemaData schemaUrl="#doc__recov_yudafeb26xlsx">
		<SimpleData name="tessellate">-1</SimpleData>
		<SimpleData name="extrude">0</SimpleData>
		<SimpleData name="visibility">-1</SimpleData>
		<SimpleData name="Customer">1871999.0</SimpleData>
		<SimpleData name="Name_1">TK.STAR MART</SimpleData>
		<SimpleData name="Represent_">9.0052418E7</SimpleData>
		<SimpleData name="Jwk_Salesman">JUMAT GANJIL</SimpleData>
		<SimpleData name="SC">SD400A00124562E</SimpleData>
		<SimpleData name="Descript_">Panaragan Jaya</SimpleData>
		<SimpleData name="LAT">-4.4905256</SimpleData>
		<SimpleData name="LONG">105.1489663</SimpleData>
	</SchemaData></ExtendedData>
      <Point><coordinates>105.1489663,-4.4905256,0</coordinates></Point>
  </Placemark>
  <Placemark id="doc__recov_yudafeb26xlsx.82">
	<name>Yuda Nurisman</name>
	<description>Customer: 293925&lt;br&gt;Name 1: TK.PANDU&lt;br&gt;Represent.: 90052418&lt;br&gt;Jwk Salesman: KAMIS GANJIL&lt;br&gt;SC: SD400A00124565E&lt;br&gt;Descript.: Daya Murni&lt;br&gt;LAT: -4.6310296&lt;br&gt;LONG: 105.0761648</description>
	<ExtendedData><SchemaData schemaUrl="#doc__recov_yudafeb26xlsx">
		<SimpleData name="tessellate">-1</SimpleData>
		<SimpleData name="extrude">0</SimpleData>
		<SimpleData name="visibility">-1</SimpleData>
		<SimpleData name="Customer">293925.0</SimpleData>
		<SimpleData name="Name_1">TK.PANDU</SimpleData>
		<SimpleData name="Represent_">9.0052418E7</SimpleData>
		<SimpleData name="Jwk_Salesman">KAMIS GANJIL</SimpleData>
		<SimpleData name="SC">SD400A00124565E</SimpleData>
		<SimpleData name="Descript_">Daya Murni</SimpleData>
		<SimpleData name="LAT">-4.6310296</SimpleData>
		<SimpleData name="LONG">105.0761648</SimpleData>
	</SchemaData></ExtendedData>
      <Point><coordinates>105.0761648,-4.6310296,0</coordinates></Point>
  </Placemark>
  <Placemark id="doc__recov_yudafeb26xlsx.83">
	<name>Yuda Nurisman</name>
	<description>Customer: 1736690&lt;br&gt;Name 1: EM MART&lt;br&gt;Represent.: 90052418&lt;br&gt;Jwk Salesman: KAMIS GENAP&lt;br&gt;SC: SD400A00117852E&lt;br&gt;Descript.: Mulya Asri&lt;br&gt;LAT: -4.6436336&lt;br&gt;LONG: 105.1243585</description>
	<ExtendedData><SchemaData schemaUrl="#doc__recov_yudafeb26xlsx">
		<SimpleData name="tessellate">-1</SimpleData>
		<SimpleData name="extrude">0</SimpleData>
		<SimpleData name="visibility">-1</SimpleData>
		<SimpleData name="Customer">1736690.0</SimpleData>
		<SimpleData name="Name_1">EM MART</SimpleData>
		<SimpleData name="Represent_">9.0052418E7</SimpleData>
		<SimpleData name="Jwk_Salesman">KAMIS GENAP</SimpleData>
		<SimpleData name="SC">SD400A00117852E</SimpleData>
		<SimpleData name="Descript_">Mulya Asri</SimpleData>
		<SimpleData name="LAT">-4.6436336</SimpleData>
		<SimpleData name="LONG">105.1243585</SimpleData>
	</SchemaData></ExtendedData>
      <Point><coordinates>105.1243585,-4.6436336,0</coordinates></Point>
  </Placemark>
  <Placemark id="doc__recov_yudafeb26xlsx.84">
	<name>Yuda Nurisman</name>
	<description>Customer: 2577342&lt;br&gt;Name 1: IDA&lt;br&gt;Represent.: 90052418&lt;br&gt;Jwk Salesman: KAMIS GENAP&lt;br&gt;SC: SD400A00124847E&lt;br&gt;Descript.: mulyo kencono&lt;br&gt;LAT: -4.6008761&lt;br&gt;LONG: 105.1412177</description>
	<ExtendedData><SchemaData schemaUrl="#doc__recov_yudafeb26xlsx">
		<SimpleData name="tessellate">-1</SimpleData>
		<SimpleData name="extrude">0</SimpleData>
		<SimpleData name="visibility">-1</SimpleData>
		<SimpleData name="Customer">2577342.0</SimpleData>
		<SimpleData name="Name_1">IDA</SimpleData>
		<SimpleData name="Represent_">9.0052418E7</SimpleData>
		<SimpleData name="Jwk_Salesman">KAMIS GENAP</SimpleData>
		<SimpleData name="SC">SD400A00124847E</SimpleData>
		<SimpleData name="Descript_">mulyo kencono</SimpleData>
		<SimpleData name="LAT">-4.6008761</SimpleData>
		<SimpleData name="LONG">105.1412177</SimpleData>
	</SchemaData></ExtendedData>
      <Point><coordinates>105.1412177,-4.6008761,0</coordinates></Point>
  </Placemark>
  <Placemark id="doc__recov_yudafeb26xlsx.85">
	<name>Yuda Nurisman</name>
	<description>Customer: 3398550&lt;br&gt;Name 1: TK.ITA&lt;br&gt;Represent.: 90052418&lt;br&gt;Jwk Salesman: SENIN GENAP&lt;br&gt;SC: SD400A00124613E&lt;br&gt;Descript.: Kamp Tua&lt;br&gt;LAT: -4.5552499&lt;br&gt;LONG: 105.2161402</description>
	<ExtendedData><SchemaData schemaUrl="#doc__recov_yudafeb26xlsx">
		<SimpleData name="tessellate">-1</SimpleData>
		<SimpleData name="extrude">0</SimpleData>
		<SimpleData name="visibility">-1</SimpleData>
		<SimpleData name="Customer">3398550.0</SimpleData>
		<SimpleData name="Name_1">TK.ITA</SimpleData>
		<SimpleData name="Represent_">9.0052418E7</SimpleData>
		<SimpleData name="Jwk_Salesman">SENIN GENAP</SimpleData>
		<SimpleData name="SC">SD400A00124613E</SimpleData>
		<SimpleData name="Descript_">Kamp Tua</SimpleData>
		<SimpleData name="LAT">-4.5552499</SimpleData>
		<SimpleData name="LONG">105.2161402</SimpleData>
	</SchemaData></ExtendedData>
      <Point><coordinates>105.2161402,-4.5552499,0</coordinates></Point>
  </Placemark>
  <Placemark id="doc__recov_yudafeb26xlsx.86">
	<name>Yuda Nurisman</name>
	<description>Customer: 4554258&lt;br&gt;Name 1: WR SUSI&lt;br&gt;Represent.: 90052418&lt;br&gt;Jwk Salesman: RABU GANJIL&lt;br&gt;SC: SD400A00124994E&lt;br&gt;Descript.: Panaragan Jaya&lt;br&gt;LAT: -4.5048573&lt;br&gt;LONG: 105.0904717</description>
	<ExtendedData><SchemaData schemaUrl="#doc__recov_yudafeb26xlsx">
		<SimpleData name="tessellate">-1</SimpleData>
		<SimpleData name="extrude">0</SimpleData>
		<SimpleData name="visibility">-1</SimpleData>
		<SimpleData name="Customer">4554258.0</SimpleData>
		<SimpleData name="Name_1">WR SUSI</SimpleData>
		<SimpleData name="Represent_">9.0052418E7</SimpleData>
		<SimpleData name="Jwk_Salesman">RABU GANJIL</SimpleData>
		<SimpleData name="SC">SD400A00124994E</SimpleData>
		<SimpleData name="Descript_">Panaragan Jaya</SimpleData>
		<SimpleData name="LAT">-4.5048573</SimpleData>
		<SimpleData name="LONG">105.0904717</SimpleData>
	</SchemaData></ExtendedData>
      <Point><coordinates>105.0904717,-4.5048573,0</coordinates></Point>
  </Placemark>
  <Placemark id="doc__recov_yudafeb26xlsx.87">
	<name>Yuda Nurisman</name>
	<description>Customer: 5567363&lt;br&gt;Name 1: TK.ALFARIZKI&lt;br&gt;Represent.: 90052418&lt;br&gt;Jwk Salesman: SENIN GENAP&lt;br&gt;SC: SD400A00123904E&lt;br&gt;Descript.: Menggala&lt;br&gt;LAT: -4.571046&lt;br&gt;LONG: 105.222824</description>
	<ExtendedData><SchemaData schemaUrl="#doc__recov_yudafeb26xlsx">
		<SimpleData name="tessellate">-1</SimpleData>
		<SimpleData name="extrude">0</SimpleData>
		<SimpleData name="visibility">-1</SimpleData>
		<SimpleData name="Customer">5567363.0</SimpleData>
		<SimpleData name="Name_1">TK.ALFARIZKI</SimpleData>
		<SimpleData name="Represent_">9.0052418E7</SimpleData>
		<SimpleData name="Jwk_Salesman">SENIN GENAP</SimpleData>
		<SimpleData name="SC">SD400A00123904E</SimpleData>
		<SimpleData name="Descript_">Menggala</SimpleData>
		<SimpleData name="LAT">-4.571046</SimpleData>
		<SimpleData name="LONG">105.222824</SimpleData>
	</SchemaData></ExtendedData>
      <Point><coordinates>105.222824,-4.571046,0</coordinates></Point>
  </Placemark>
  <Placemark id="doc__recov_yudafeb26xlsx.88">
	<name>Yuda Nurisman</name>
	<description>Customer: 5569095&lt;br&gt;Name 1: TOKO AL FATHAN&lt;br&gt;Represent.: 90052418&lt;br&gt;Jwk Salesman: SELASA GANJIL&lt;br&gt;SC: SD400A00123902E&lt;br&gt;Descript.: Unit 8&lt;br&gt;LAT: -4.3427001&lt;br&gt;LONG: 105.3259046</description>
	<ExtendedData><SchemaData schemaUrl="#doc__recov_yudafeb26xlsx">
		<SimpleData name="tessellate">-1</SimpleData>
		<SimpleData name="extrude">0</SimpleData>
		<SimpleData name="visibility">-1</SimpleData>
		<SimpleData name="Customer">5569095.0</SimpleData>
		<SimpleData name="Name_1">TOKO AL FATHAN</SimpleData>
		<SimpleData name="Represent_">9.0052418E7</SimpleData>
		<SimpleData name="Jwk_Salesman">SELASA GANJIL</SimpleData>
		<SimpleData name="SC">SD400A00123902E</SimpleData>
		<SimpleData name="Descript_">Unit 8</SimpleData>
		<SimpleData name="LAT">-4.3427001</SimpleData>
		<SimpleData name="LONG">105.3259046</SimpleData>
	</SchemaData></ExtendedData>
      <Point><coordinates>105.3259046,-4.3427001,0</coordinates></Point>
  </Placemark>
  <Placemark id="doc__recov_yudafeb26xlsx.89">
	<name>Yuda Nurisman</name>
	<description>Customer: 271055&lt;br&gt;Name 1: TK.NADIA&lt;br&gt;Represent.: 90052418&lt;br&gt;Jwk Salesman: SABTU GANJIL&lt;br&gt;SC: SD400A00123874E&lt;br&gt;Descript.: PS . UNIT 6&lt;br&gt;LAT: -4.3419288&lt;br&gt;LONG: 105.1747159</description>
	<ExtendedData><SchemaData schemaUrl="#doc__recov_yudafeb26xlsx">
		<SimpleData name="tessellate">-1</SimpleData>
		<SimpleData name="extrude">0</SimpleData>
		<SimpleData name="visibility">-1</SimpleData>
		<SimpleData name="Customer">271055.0</SimpleData>
		<SimpleData name="Name_1">TK.NADIA</SimpleData>
		<SimpleData name="Represent_">9.0052418E7</SimpleData>
		<SimpleData name="Jwk_Salesman">SABTU GANJIL</SimpleData>
		<SimpleData name="SC">SD400A00123874E</SimpleData>
		<SimpleData name="Descript_">PS . UNIT 6</SimpleData>
		<SimpleData name="LAT">-4.3419288</SimpleData>
		<SimpleData name="LONG">105.1747159</SimpleData>
	</SchemaData></ExtendedData>
      <Point><coordinates>105.1747159,-4.3419288,0</coordinates></Point>
  </Placemark>
  <Placemark id="doc__recov_yudafeb26xlsx.90">
	<name>Yuda Nurisman</name>
	<description>Customer: 1809532&lt;br&gt;Name 1: YANTI&lt;br&gt;Represent.: 90052418&lt;br&gt;Jwk Salesman: RABU GANJIL&lt;br&gt;SC: SD400A00123896E&lt;br&gt;Descript.: Panaragan Jaya&lt;br&gt;LAT: -4.5462611&lt;br&gt;LONG: 105.0825837</description>
	<ExtendedData><SchemaData schemaUrl="#doc__recov_yudafeb26xlsx">
		<SimpleData name="tessellate">-1</SimpleData>
		<SimpleData name="extrude">0</SimpleData>
		<SimpleData name="visibility">-1</SimpleData>
		<SimpleData name="Customer">1809532.0</SimpleData>
		<SimpleData name="Name_1">YANTI</SimpleData>
		<SimpleData name="Represent_">9.0052418E7</SimpleData>
		<SimpleData name="Jwk_Salesman">RABU GANJIL</SimpleData>
		<SimpleData name="SC">SD400A00123896E</SimpleData>
		<SimpleData name="Descript_">Panaragan Jaya</SimpleData>
		<SimpleData name="LAT">-4.5462611</SimpleData>
		<SimpleData name="LONG">105.0825837</SimpleData>
	</SchemaData></ExtendedData>
      <Point><coordinates>105.0825837,-4.5462611,0</coordinates></Point>
  </Placemark>
  <Placemark id="doc__recov_yudafeb26xlsx.91">
	<name>Yuda Nurisman</name>
	<description>Customer: 2018843&lt;br&gt;Name 1: WR.SAMSUL&lt;br&gt;Represent.: 90052418&lt;br&gt;Jwk Salesman: SELASA GANJIL&lt;br&gt;SC: SD400A00123895E&lt;br&gt;Descript.: Unit 9&lt;br&gt;LAT: -4.348156&lt;br&gt;LONG: 105.3175633</description>
	<ExtendedData><SchemaData schemaUrl="#doc__recov_yudafeb26xlsx">
		<SimpleData name="tessellate">-1</SimpleData>
		<SimpleData name="extrude">0</SimpleData>
		<SimpleData name="visibility">-1</SimpleData>
		<SimpleData name="Customer">2018843.0</SimpleData>
		<SimpleData name="Name_1">WR.SAMSUL</SimpleData>
		<SimpleData name="Represent_">9.0052418E7</SimpleData>
		<SimpleData name="Jwk_Salesman">SELASA GANJIL</SimpleData>
		<SimpleData name="SC">SD400A00123895E</SimpleData>
		<SimpleData name="Descript_">Unit 9</SimpleData>
		<SimpleData name="LAT">-4.348156</SimpleData>
		<SimpleData name="LONG">105.3175633</SimpleData>
	</SchemaData></ExtendedData>
      <Point><coordinates>105.3175633,-4.348156,0</coordinates></Point>
  </Placemark>
  <Placemark id="doc__recov_yudafeb26xlsx.92">
	<name>Yuda Nurisman</name>
	<description>Customer: 2951050&lt;br&gt;Name 1: TK.RIA JAYA&lt;br&gt;Represent.: 90052418&lt;br&gt;Jwk Salesman: SELASA GANJIL&lt;br&gt;SC: SD400A00123880E&lt;br&gt;Descript.: Unit 9&lt;br&gt;LAT: -4.3287541&lt;br&gt;LONG: 105.3299547</description>
	<ExtendedData><SchemaData schemaUrl="#doc__recov_yudafeb26xlsx">
		<SimpleData name="tessellate">-1</SimpleData>
		<SimpleData name="extrude">0</SimpleData>
		<SimpleData name="visibility">-1</SimpleData>
		<SimpleData name="Customer">2951050.0</SimpleData>
		<SimpleData name="Name_1">TK.RIA JAYA</SimpleData>
		<SimpleData name="Represent_">9.0052418E7</SimpleData>
		<SimpleData name="Jwk_Salesman">SELASA GANJIL</SimpleData>
		<SimpleData name="SC">SD400A00123880E</SimpleData>
		<SimpleData name="Descript_">Unit 9</SimpleData>
		<SimpleData name="LAT">-4.3287541</SimpleData>
		<SimpleData name="LONG">105.3299547</SimpleData>
	</SchemaData></ExtendedData>
      <Point><coordinates>105.3299547,-4.3287541,0</coordinates></Point>
  </Placemark>
  <Placemark id="doc__recov_yudafeb26xlsx.93">
	<name>Yuda Nurisman</name>
	<description>Customer: 5573833&lt;br&gt;Name 1: Toko Ar&lt;br&gt;Represent.: 90052418&lt;br&gt;Jwk Salesman: SELASA GENAP&lt;br&gt;SC: SD400A00123854E&lt;br&gt;Descript.: PS . UNIT 6&lt;br&gt;LAT: -4.4030249&lt;br&gt;LONG: 105.229844</description>
	<ExtendedData><SchemaData schemaUrl="#doc__recov_yudafeb26xlsx">
		<SimpleData name="tessellate">-1</SimpleData>
		<SimpleData name="extrude">0</SimpleData>
		<SimpleData name="visibility">-1</SimpleData>
		<SimpleData name="Customer">5573833.0</SimpleData>
		<SimpleData name="Name_1">Toko Ar</SimpleData>
		<SimpleData name="Represent_">9.0052418E7</SimpleData>
		<SimpleData name="Jwk_Salesman">SELASA GENAP</SimpleData>
		<SimpleData name="SC">SD400A00123854E</SimpleData>
		<SimpleData name="Descript_">PS . UNIT 6</SimpleData>
		<SimpleData name="LAT">-4.4030249</SimpleData>
		<SimpleData name="LONG">105.229844</SimpleData>
	</SchemaData></ExtendedData>
      <Point><coordinates>105.229844,-4.4030249,0</coordinates></Point>
  </Placemark>
  <Placemark id="doc__recov_yudafeb26xlsx.94">
	<name>Yuda Nurisman</name>
	<description>Customer: 605981&lt;br&gt;Name 1: TK.TUTI ASTRA&lt;br&gt;Represent.: 90052418&lt;br&gt;Jwk Salesman: SENIN GENAP&lt;br&gt;SC: SD400A00123889E&lt;br&gt;Descript.: Gunung Batin&lt;br&gt;LAT: -4.6319927&lt;br&gt;LONG: 105.2130765</description>
	<ExtendedData><SchemaData schemaUrl="#doc__recov_yudafeb26xlsx">
		<SimpleData name="tessellate">-1</SimpleData>
		<SimpleData name="extrude">0</SimpleData>
		<SimpleData name="visibility">-1</SimpleData>
		<SimpleData name="Customer">605981.0</SimpleData>
		<SimpleData name="Name_1">TK.TUTI ASTRA</SimpleData>
		<SimpleData name="Represent_">9.0052418E7</SimpleData>
		<SimpleData name="Jwk_Salesman">SENIN GENAP</SimpleData>
		<SimpleData name="SC">SD400A00123889E</SimpleData>
		<SimpleData name="Descript_">Gunung Batin</SimpleData>
		<SimpleData name="LAT">-4.6319927</SimpleData>
		<SimpleData name="LONG">105.2130765</SimpleData>
	</SchemaData></ExtendedData>
      <Point><coordinates>105.2130765,-4.6319927,0</coordinates></Point>
  </Placemark>
  <Placemark id="doc__recov_yudafeb26xlsx.95">
	<name>Yuda Nurisman</name>
	<description>Customer: 3212803&lt;br&gt;Name 1: SRC SUKIRNO&lt;br&gt;Represent.: 90052418&lt;br&gt;Jwk Salesman: KAMIS GANJIL&lt;br&gt;SC: SD400A00123864E&lt;br&gt;Descript.: Daya Murni&lt;br&gt;LAT: -4.5974981&lt;br&gt;LONG: 105.0854181</description>
	<ExtendedData><SchemaData schemaUrl="#doc__recov_yudafeb26xlsx">
		<SimpleData name="tessellate">-1</SimpleData>
		<SimpleData name="extrude">0</SimpleData>
		<SimpleData name="visibility">-1</SimpleData>
		<SimpleData name="Customer">3212803.0</SimpleData>
		<SimpleData name="Name_1">SRC SUKIRNO</SimpleData>
		<SimpleData name="Represent_">9.0052418E7</SimpleData>
		<SimpleData name="Jwk_Salesman">KAMIS GANJIL</SimpleData>
		<SimpleData name="SC">SD400A00123864E</SimpleData>
		<SimpleData name="Descript_">Daya Murni</SimpleData>
		<SimpleData name="LAT">-4.5974981</SimpleData>
		<SimpleData name="LONG">105.0854181</SimpleData>
	</SchemaData></ExtendedData>
      <Point><coordinates>105.0854181,-4.5974981,0</coordinates></Point>
  </Placemark>
  <Placemark id="doc__recov_yudafeb26xlsx.96">
	<name>Yuda Nurisman</name>
	<description>Customer: 5575573&lt;br&gt;Name 1: TOKO RENGAS CENDUNG&lt;br&gt;Represent.: 90052418&lt;br&gt;Jwk Salesman: RABU GENAP&lt;br&gt;SC: SD400A00123860E&lt;br&gt;Descript.: Menggala&lt;br&gt;LAT: -4.5058767&lt;br&gt;LONG: 105.2083528</description>
	<ExtendedData><SchemaData schemaUrl="#doc__recov_yudafeb26xlsx">
		<SimpleData name="tessellate">-1</SimpleData>
		<SimpleData name="extrude">0</SimpleData>
		<SimpleData name="visibility">-1</SimpleData>
		<SimpleData name="Customer">5575573.0</SimpleData>
		<SimpleData name="Name_1">TOKO RENGAS CENDUNG</SimpleData>
		<SimpleData name="Represent_">9.0052418E7</SimpleData>
		<SimpleData name="Jwk_Salesman">RABU GENAP</SimpleData>
		<SimpleData name="SC">SD400A00123860E</SimpleData>
		<SimpleData name="Descript_">Menggala</SimpleData>
		<SimpleData name="LAT">-4.5058767</SimpleData>
		<SimpleData name="LONG">105.2083528</SimpleData>
	</SchemaData></ExtendedData>
      <Point><coordinates>105.2083528,-4.5058767,0</coordinates></Point>
  </Placemark>
  <Placemark id="doc__recov_yudafeb26xlsx.97">
	<name>Yuda Nurisman</name>
	<description>Customer: 5575574&lt;br&gt;Name 1: TOKO RIFKI&lt;br&gt;Represent.: 90052418&lt;br&gt;Jwk Salesman: SENIN GENAP&lt;br&gt;SC: SD400A00123883E&lt;br&gt;Descript.: Menggala&lt;br&gt;LAT: -4.576827&lt;br&gt;LONG: 105.235482</description>
	<ExtendedData><SchemaData schemaUrl="#doc__recov_yudafeb26xlsx">
		<SimpleData name="tessellate">-1</SimpleData>
		<SimpleData name="extrude">0</SimpleData>
		<SimpleData name="visibility">-1</SimpleData>
		<SimpleData name="Customer">5575574.0</SimpleData>
		<SimpleData name="Name_1">TOKO RIFKI</SimpleData>
		<SimpleData name="Represent_">9.0052418E7</SimpleData>
		<SimpleData name="Jwk_Salesman">SENIN GENAP</SimpleData>
		<SimpleData name="SC">SD400A00123883E</SimpleData>
		<SimpleData name="Descript_">Menggala</SimpleData>
		<SimpleData name="LAT">-4.576827</SimpleData>
		<SimpleData name="LONG">105.235482</SimpleData>
	</SchemaData></ExtendedData>
      <Point><coordinates>105.235482,-4.576827,0</coordinates></Point>
  </Placemark>
  <Placemark id="doc__recov_yudafeb26xlsx.98">
	<name>Yuda Nurisman</name>
	<description>Customer: 2325538&lt;br&gt;Name 1: ALFAN&lt;br&gt;Represent.: 90052418&lt;br&gt;Jwk Salesman: SELASA GANJIL&lt;br&gt;SC: SD400A00132185H&lt;br&gt;Descript.: Unit 9&lt;br&gt;LAT: -4.3504825&lt;br&gt;LONG: 105.3064311</description>
	<ExtendedData><SchemaData schemaUrl="#doc__recov_yudafeb26xlsx">
		<SimpleData name="tessellate">-1</SimpleData>
		<SimpleData name="extrude">0</SimpleData>
		<SimpleData name="visibility">-1</SimpleData>
		<SimpleData name="Customer">2325538.0</SimpleData>
		<SimpleData name="Name_1">ALFAN</SimpleData>
		<SimpleData name="Represent_">9.0052418E7</SimpleData>
		<SimpleData name="Jwk_Salesman">SELASA GANJIL</SimpleData>
		<SimpleData name="SC">SD400A00132185H</SimpleData>
		<SimpleData name="Descript_">Unit 9</SimpleData>
		<SimpleData name="LAT">-4.3504825</SimpleData>
		<SimpleData name="LONG">105.3064311</SimpleData>
	</SchemaData></ExtendedData>
      <Point><coordinates>105.3064311,-4.3504825,0</coordinates></Point>
  </Placemark>
  <Placemark id="doc__recov_yudafeb26xlsx.99">
	<name>Yuda Nurisman</name>
	<description>Customer: 5579223&lt;br&gt;Name 1: TOKO ASYIFA&lt;br&gt;Represent.: 90052418&lt;br&gt;Jwk Salesman: JUMAT GENAP&lt;br&gt;SC: SD400A00132203H&lt;br&gt;Descript.: Purwajaya&lt;br&gt;LAT: -4.2852914&lt;br&gt;LONG: 105.2127266</description>
	<ExtendedData><SchemaData schemaUrl="#doc__recov_yudafeb26xlsx">
		<SimpleData name="tessellate">-1</SimpleData>
		<SimpleData name="extrude">0</SimpleData>
		<SimpleData name="visibility">-1</SimpleData>
		<SimpleData name="Customer">5579223.0</SimpleData>
		<SimpleData name="Name_1">TOKO ASYIFA</SimpleData>
		<SimpleData name="Represent_">9.0052418E7</SimpleData>
		<SimpleData name="Jwk_Salesman">JUMAT GENAP</SimpleData>
		<SimpleData name="SC">SD400A00132203H</SimpleData>
		<SimpleData name="Descript_">Purwajaya</SimpleData>
		<SimpleData name="LAT">-4.2852914</SimpleData>
		<SimpleData name="LONG">105.2127266</SimpleData>
	</SchemaData></ExtendedData>
      <Point><coordinates>105.2127266,-4.2852914,0</coordinates></Point>
  </Placemark>
  <Placemark id="doc__recov_yudafeb26xlsx.100">
	<name>Yuda Nurisman</name>
	<description>Customer: 202518&lt;br&gt;Name 1: TK. EKO&lt;br&gt;Represent.: 90052418&lt;br&gt;Jwk Salesman: SENIN GENAP&lt;br&gt;SC: SD400A00133179H&lt;br&gt;Descript.: mulyo kencono&lt;br&gt;LAT: -4.5648619&lt;br&gt;LONG: 105.1637768</description>
	<ExtendedData><SchemaData schemaUrl="#doc__recov_yudafeb26xlsx">
		<SimpleData name="tessellate">-1</SimpleData>
		<SimpleData name="extrude">0</SimpleData>
		<SimpleData name="visibility">-1</SimpleData>
		<SimpleData name="Customer">202518.0</SimpleData>
		<SimpleData name="Name_1">TK. EKO</SimpleData>
		<SimpleData name="Represent_">9.0052418E7</SimpleData>
		<SimpleData name="Jwk_Salesman">SENIN GENAP</SimpleData>
		<SimpleData name="SC">SD400A00133179H</SimpleData>
		<SimpleData name="Descript_">mulyo kencono</SimpleData>
		<SimpleData name="LAT">-4.5648619</SimpleData>
		<SimpleData name="LONG">105.1637768</SimpleData>
	</SchemaData></ExtendedData>
      <Point><coordinates>105.1637768,-4.5648619,0</coordinates></Point>
  </Placemark>
  <Placemark id="doc__recov_yudafeb26xlsx.101">
	<name>Yuda Nurisman</name>
	<description>Customer: 355740&lt;br&gt;Name 1: TK.TEGUH&lt;br&gt;Represent.: 90052418&lt;br&gt;Jwk Salesman: SENIN GENAP&lt;br&gt;SC: SD400A00132054H&lt;br&gt;Descript.: Kamp Tua&lt;br&gt;LAT: -4.5733379&lt;br&gt;LONG: 105.1839779</description>
	<ExtendedData><SchemaData schemaUrl="#doc__recov_yudafeb26xlsx">
		<SimpleData name="tessellate">-1</SimpleData>
		<SimpleData name="extrude">0</SimpleData>
		<SimpleData name="visibility">-1</SimpleData>
		<SimpleData name="Customer">355740.0</SimpleData>
		<SimpleData name="Name_1">TK.TEGUH</SimpleData>
		<SimpleData name="Represent_">9.0052418E7</SimpleData>
		<SimpleData name="Jwk_Salesman">SENIN GENAP</SimpleData>
		<SimpleData name="SC">SD400A00132054H</SimpleData>
		<SimpleData name="Descript_">Kamp Tua</SimpleData>
		<SimpleData name="LAT">-4.5733379</SimpleData>
		<SimpleData name="LONG">105.1839779</SimpleData>
	</SchemaData></ExtendedData>
      <Point><coordinates>105.1839779,-4.5733379,0</coordinates></Point>
  </Placemark>
  <Placemark id="doc__recov_yudafeb26xlsx.102">
	<name>Yuda Nurisman</name>
	<description>Customer: 5580211&lt;br&gt;Name 1: TOKO REJEKI BERKAH&lt;br&gt;Represent.: 90052418&lt;br&gt;Jwk Salesman: KAMIS GENAP&lt;br&gt;SC: SD400A00131323H&lt;br&gt;Descript.: Mulya Asri&lt;br&gt;LAT: -4.6290803&lt;br&gt;LONG: 105.1554157</description>
	<ExtendedData><SchemaData schemaUrl="#doc__recov_yudafeb26xlsx">
		<SimpleData name="tessellate">-1</SimpleData>
		<SimpleData name="extrude">0</SimpleData>
		<SimpleData name="visibility">-1</SimpleData>
		<SimpleData name="Customer">5580211.0</SimpleData>
		<SimpleData name="Name_1">TOKO REJEKI BERKAH</SimpleData>
		<SimpleData name="Represent_">9.0052418E7</SimpleData>
		<SimpleData name="Jwk_Salesman">KAMIS GENAP</SimpleData>
		<SimpleData name="SC">SD400A00131323H</SimpleData>
		<SimpleData name="Descript_">Mulya Asri</SimpleData>
		<SimpleData name="LAT">-4.6290803</SimpleData>
		<SimpleData name="LONG">105.1554157</SimpleData>
	</SchemaData></ExtendedData>
      <Point><coordinates>105.1554157,-4.6290803,0</coordinates></Point>
  </Placemark>
  <Placemark id="doc__recov_yudafeb26xlsx.103">
	<name>Yuda Nurisman</name>
	<description>Customer: 5581264&lt;br&gt;Name 1: TK.SEMBAKO EKO&lt;br&gt;Represent.: 90052418&lt;br&gt;Jwk Salesman: KAMIS GANJIL&lt;br&gt;SC: SD400A00133227H&lt;br&gt;Descript.: mulyo kencono&lt;br&gt;LAT: -4.5871151&lt;br&gt;LONG: 105.1028102</description>
	<ExtendedData><SchemaData schemaUrl="#doc__recov_yudafeb26xlsx">
		<SimpleData name="tessellate">-1</SimpleData>
		<SimpleData name="extrude">0</SimpleData>
		<SimpleData name="visibility">-1</SimpleData>
		<SimpleData name="Customer">5581264.0</SimpleData>
		<SimpleData name="Name_1">TK.SEMBAKO EKO</SimpleData>
		<SimpleData name="Represent_">9.0052418E7</SimpleData>
		<SimpleData name="Jwk_Salesman">KAMIS GANJIL</SimpleData>
		<SimpleData name="SC">SD400A00133227H</SimpleData>
		<SimpleData name="Descript_">mulyo kencono</SimpleData>
		<SimpleData name="LAT">-4.5871151</SimpleData>
		<SimpleData name="LONG">105.1028102</SimpleData>
	</SchemaData></ExtendedData>
      <Point><coordinates>105.1028102,-4.5871151,0</coordinates></Point>
  </Placemark>
  <Placemark id="doc__recov_yudafeb26xlsx.104">
	<name>Yuda Nurisman</name>
	<description>Customer: 5581401&lt;br&gt;Name 1: TOKO SRC RAFFA 31&lt;br&gt;Represent.: 90052418&lt;br&gt;Jwk Salesman: RABU GENAP&lt;br&gt;SC: SD400A00133207H&lt;br&gt;Descript.: Menggala&lt;br&gt;LAT: -4.4757671&lt;br&gt;LONG: 105.2412474</description>
	<ExtendedData><SchemaData schemaUrl="#doc__recov_yudafeb26xlsx">
		<SimpleData name="tessellate">-1</SimpleData>
		<SimpleData name="extrude">0</SimpleData>
		<SimpleData name="visibility">-1</SimpleData>
		<SimpleData name="Customer">5581401.0</SimpleData>
		<SimpleData name="Name_1">TOKO SRC RAFFA 31</SimpleData>
		<SimpleData name="Represent_">9.0052418E7</SimpleData>
		<SimpleData name="Jwk_Salesman">RABU GENAP</SimpleData>
		<SimpleData name="SC">SD400A00133207H</SimpleData>
		<SimpleData name="Descript_">Menggala</SimpleData>
		<SimpleData name="LAT">-4.4757671</SimpleData>
		<SimpleData name="LONG">105.2412474</SimpleData>
	</SchemaData></ExtendedData>
      <Point><coordinates>105.2412474,-4.4757671,0</coordinates></Point>
  </Placemark>
  <Placemark id="doc__recov_yudafeb26xlsx.105">
	<name>Yuda Nurisman</name>
	<description>Customer: 5581407&lt;br&gt;Name 1: TOKO KUSRIN&lt;br&gt;Represent.: 90052418&lt;br&gt;Jwk Salesman: SELASA GENAP&lt;br&gt;SC: SD400A00133257H&lt;br&gt;Descript.: Unit 8&lt;br&gt;LAT: -4.3926308&lt;br&gt;LONG: 105.2804998</description>
	<ExtendedData><SchemaData schemaUrl="#doc__recov_yudafeb26xlsx">
		<SimpleData name="tessellate">-1</SimpleData>
		<SimpleData name="extrude">0</SimpleData>
		<SimpleData name="visibility">-1</SimpleData>
		<SimpleData name="Customer">5581407.0</SimpleData>
		<SimpleData name="Name_1">TOKO KUSRIN</SimpleData>
		<SimpleData name="Represent_">9.0052418E7</SimpleData>
		<SimpleData name="Jwk_Salesman">SELASA GENAP</SimpleData>
		<SimpleData name="SC">SD400A00133257H</SimpleData>
		<SimpleData name="Descript_">Unit 8</SimpleData>
		<SimpleData name="LAT">-4.3926308</SimpleData>
		<SimpleData name="LONG">105.2804998</SimpleData>
	</SchemaData></ExtendedData>
      <Point><coordinates>105.2804998,-4.3926308,0</coordinates></Point>
  </Placemark>
  <Placemark id="doc__recov_yudafeb26xlsx.106">
	<name>Yuda Nurisman</name>
	<description>Customer: 5581441&lt;br&gt;Name 1: TOKO IBU DESNA&lt;br&gt;Represent.: 90052418&lt;br&gt;Jwk Salesman: RABU GENAP&lt;br&gt;SC: SD400A00133198H&lt;br&gt;Descript.: Unit 8&lt;br&gt;LAT: -4.4240946&lt;br&gt;LONG: 105.2644934</description>
	<ExtendedData><SchemaData schemaUrl="#doc__recov_yudafeb26xlsx">
		<SimpleData name="tessellate">-1</SimpleData>
		<SimpleData name="extrude">0</SimpleData>
		<SimpleData name="visibility">-1</SimpleData>
		<SimpleData name="Customer">5581441.0</SimpleData>
		<SimpleData name="Name_1">TOKO IBU DESNA</SimpleData>
		<SimpleData name="Represent_">9.0052418E7</SimpleData>
		<SimpleData name="Jwk_Salesman">RABU GENAP</SimpleData>
		<SimpleData name="SC">SD400A00133198H</SimpleData>
		<SimpleData name="Descript_">Unit 8</SimpleData>
		<SimpleData name="LAT">-4.4240946</SimpleData>
		<SimpleData name="LONG">105.2644934</SimpleData>
	</SchemaData></ExtendedData>
      <Point><coordinates>105.2644934,-4.4240946,0</coordinates></Point>
  </Placemark>
  <Placemark id="doc__recov_yudafeb26xlsx.107">
	<name>Yuda Nurisman</name>
	<description>Customer: 5581442&lt;br&gt;Name 1: TOKO JASMIN&lt;br&gt;Represent.: 90052418&lt;br&gt;Jwk Salesman: SELASA GENAP&lt;br&gt;SC: SD400A00133195H&lt;br&gt;Descript.: Unit 8&lt;br&gt;LAT: -4.3956592&lt;br&gt;LONG: 105.2747971</description>
	<ExtendedData><SchemaData schemaUrl="#doc__recov_yudafeb26xlsx">
		<SimpleData name="tessellate">-1</SimpleData>
		<SimpleData name="extrude">0</SimpleData>
		<SimpleData name="visibility">-1</SimpleData>
		<SimpleData name="Customer">5581442.0</SimpleData>
		<SimpleData name="Name_1">TOKO JASMIN</SimpleData>
		<SimpleData name="Represent_">9.0052418E7</SimpleData>
		<SimpleData name="Jwk_Salesman">SELASA GENAP</SimpleData>
		<SimpleData name="SC">SD400A00133195H</SimpleData>
		<SimpleData name="Descript_">Unit 8</SimpleData>
		<SimpleData name="LAT">-4.3956592</SimpleData>
		<SimpleData name="LONG">105.2747971</SimpleData>
	</SchemaData></ExtendedData>
      <Point><coordinates>105.2747971,-4.3956592,0</coordinates></Point>
  </Placemark>
  <Placemark id="doc__recov_yudafeb26xlsx.108">
	<name>Yuda Nurisman</name>
	<description>Customer: 3464053&lt;br&gt;Name 1: WR IIN&lt;br&gt;Represent.: 90052418&lt;br&gt;Jwk Salesman: JUMAT GANJIL&lt;br&gt;SC: SD400A00133311H&lt;br&gt;Descript.: tirto kencono&lt;br&gt;LAT: -4.5288252&lt;br&gt;LONG: 105.1330239</description>
	<ExtendedData><SchemaData schemaUrl="#doc__recov_yudafeb26xlsx">
		<SimpleData name="tessellate">-1</SimpleData>
		<SimpleData name="extrude">0</SimpleData>
		<SimpleData name="visibility">-1</SimpleData>
		<SimpleData name="Customer">3464053.0</SimpleData>
		<SimpleData name="Name_1">WR IIN</SimpleData>
		<SimpleData name="Represent_">9.0052418E7</SimpleData>
		<SimpleData name="Jwk_Salesman">JUMAT GANJIL</SimpleData>
		<SimpleData name="SC">SD400A00133311H</SimpleData>
		<SimpleData name="Descript_">tirto kencono</SimpleData>
		<SimpleData name="LAT">-4.5288252</SimpleData>
		<SimpleData name="LONG">105.1330239</SimpleData>
	</SchemaData></ExtendedData>
      <Point><coordinates>105.1330239,-4.5288252,0</coordinates></Point>
  </Placemark>
  <Placemark id="doc__recov_yudafeb26xlsx.109">
	<name>Yuda Nurisman</name>
	<description>Customer: 2082044&lt;br&gt;Name 1: WR.PUTRI&lt;br&gt;Represent.: 90052418&lt;br&gt;Jwk Salesman: SABTU GENAP&lt;br&gt;SC: SD400A00132303H&lt;br&gt;Descript.: Kibang Budi Jaya&lt;br&gt;LAT: -4.3265057&lt;br&gt;LONG: 105.132468</description>
	<ExtendedData><SchemaData schemaUrl="#doc__recov_yudafeb26xlsx">
		<SimpleData name="tessellate">-1</SimpleData>
		<SimpleData name="extrude">0</SimpleData>
		<SimpleData name="visibility">-1</SimpleData>
		<SimpleData name="Customer">2082044.0</SimpleData>
		<SimpleData name="Name_1">WR.PUTRI</SimpleData>
		<SimpleData name="Represent_">9.0052418E7</SimpleData>
		<SimpleData name="Jwk_Salesman">SABTU GENAP</SimpleData>
		<SimpleData name="SC">SD400A00132303H</SimpleData>
		<SimpleData name="Descript_">Kibang Budi Jaya</SimpleData>
		<SimpleData name="LAT">-4.3265057</SimpleData>
		<SimpleData name="LONG">105.132468</SimpleData>
	</SchemaData></ExtendedData>
      <Point><coordinates>105.132468,-4.3265057,0</coordinates></Point>
  </Placemark>
  <Placemark id="doc__recov_yudafeb26xlsx.110">
	<name>Yuda Nurisman</name>
	<description>Customer: 4079244&lt;br&gt;Name 1: WR DWI PRASETYO&lt;br&gt;Represent.: 90052418&lt;br&gt;Jwk Salesman: SELASA GENAP&lt;br&gt;SC: SD400A00132475H&lt;br&gt;Descript.: Unit 7&lt;br&gt;LAT: -4.4021818&lt;br&gt;LONG: 105.2244722</description>
	<ExtendedData><SchemaData schemaUrl="#doc__recov_yudafeb26xlsx">
		<SimpleData name="tessellate">-1</SimpleData>
		<SimpleData name="extrude">0</SimpleData>
		<SimpleData name="visibility">-1</SimpleData>
		<SimpleData name="Customer">4079244.0</SimpleData>
		<SimpleData name="Name_1">WR DWI PRASETYO</SimpleData>
		<SimpleData name="Represent_">9.0052418E7</SimpleData>
		<SimpleData name="Jwk_Salesman">SELASA GENAP</SimpleData>
		<SimpleData name="SC">SD400A00132475H</SimpleData>
		<SimpleData name="Descript_">Unit 7</SimpleData>
		<SimpleData name="LAT">-4.4021818</SimpleData>
		<SimpleData name="LONG">105.2244722</SimpleData>
	</SchemaData></ExtendedData>
      <Point><coordinates>105.2244722,-4.4021818,0</coordinates></Point>
  </Placemark>
  <Placemark id="doc__recov_yudafeb26xlsx.111">
	<name>Yuda Nurisman</name>
	<description>Customer: 5586137&lt;br&gt;Name 1: KOP PONPES NURANI SYIFA&lt;br&gt;Represent.: 90052418&lt;br&gt;Jwk Salesman: KAMIS GANJIL&lt;br&gt;SC: SD400A00133205H&lt;br&gt;Descript.: Daya Murni&lt;br&gt;LAT: -4.6347464&lt;br&gt;LONG: 105.0851576</description>
	<ExtendedData><SchemaData schemaUrl="#doc__recov_yudafeb26xlsx">
		<SimpleData name="tessellate">-1</SimpleData>
		<SimpleData name="extrude">0</SimpleData>
		<SimpleData name="visibility">-1</SimpleData>
		<SimpleData name="Customer">5586137.0</SimpleData>
		<SimpleData name="Name_1">KOP PONPES NURANI SYIFA</SimpleData>
		<SimpleData name="Represent_">9.0052418E7</SimpleData>
		<SimpleData name="Jwk_Salesman">KAMIS GANJIL</SimpleData>
		<SimpleData name="SC">SD400A00133205H</SimpleData>
		<SimpleData name="Descript_">Daya Murni</SimpleData>
		<SimpleData name="LAT">-4.6347464</SimpleData>
		<SimpleData name="LONG">105.0851576</SimpleData>
	</SchemaData></ExtendedData>
      <Point><coordinates>105.0851576,-4.6347464,0</coordinates></Point>
  </Placemark>
  <Placemark id="doc__recov_yudafeb26xlsx.112">
	<name>Yuda Nurisman</name>
	<description>Customer: 5590174&lt;br&gt;Name 1: TK VINA&lt;br&gt;Represent.: 90052418&lt;br&gt;Jwk Salesman: RABU GENAP&lt;br&gt;SC: SD400A00133681H&lt;br&gt;Descript.: Menggala&lt;br&gt;LAT: -4.474213&lt;br&gt;LONG: 105.246301</description>
	<ExtendedData><SchemaData schemaUrl="#doc__recov_yudafeb26xlsx">
		<SimpleData name="tessellate">-1</SimpleData>
		<SimpleData name="extrude">0</SimpleData>
		<SimpleData name="visibility">-1</SimpleData>
		<SimpleData name="Customer">5590174.0</SimpleData>
		<SimpleData name="Name_1">TK VINA</SimpleData>
		<SimpleData name="Represent_">9.0052418E7</SimpleData>
		<SimpleData name="Jwk_Salesman">RABU GENAP</SimpleData>
		<SimpleData name="SC">SD400A00133681H</SimpleData>
		<SimpleData name="Descript_">Menggala</SimpleData>
		<SimpleData name="LAT">-4.474213</SimpleData>
		<SimpleData name="LONG">105.246301</SimpleData>
	</SchemaData></ExtendedData>
      <Point><coordinates>105.246301,-4.474213,0</coordinates></Point>
  </Placemark>
  <Placemark id="doc__recov_yudafeb26xlsx.113">
	<name>Yuda Nurisman</name>
	<description>Customer: 1874275&lt;br&gt;Name 1: RASYA&lt;br&gt;Represent.: 90052418&lt;br&gt;Jwk Salesman: RABU GANJIL&lt;br&gt;SC: SD400A00130196E&lt;br&gt;Descript.: Panaragan Jaya&lt;br&gt;LAT: -4.5760409&lt;br&gt;LONG: 105.0576874</description>
	<ExtendedData><SchemaData schemaUrl="#doc__recov_yudafeb26xlsx">
		<SimpleData name="tessellate">-1</SimpleData>
		<SimpleData name="extrude">0</SimpleData>
		<SimpleData name="visibility">-1</SimpleData>
		<SimpleData name="Customer">1874275.0</SimpleData>
		<SimpleData name="Name_1">RASYA</SimpleData>
		<SimpleData name="Represent_">9.0052418E7</SimpleData>
		<SimpleData name="Jwk_Salesman">RABU GANJIL</SimpleData>
		<SimpleData name="SC">SD400A00130196E</SimpleData>
		<SimpleData name="Descript_">Panaragan Jaya</SimpleData>
		<SimpleData name="LAT">-4.5760409</SimpleData>
		<SimpleData name="LONG">105.0576874</SimpleData>
	</SchemaData></ExtendedData>
      <Point><coordinates>105.0576874,-4.5760409,0</coordinates></Point>
  </Placemark>
  <Placemark id="doc__recov_yudafeb26xlsx.114">
	<name>Yuda Nurisman</name>
	<description>Customer: 2814699&lt;br&gt;Name 1: TK FAJAR&lt;br&gt;Represent.: 90052418&lt;br&gt;Jwk Salesman: JUMAT GANJIL&lt;br&gt;SC: SD400A00130155E&lt;br&gt;Descript.: tirto kencono&lt;br&gt;LAT: -4.5350419&lt;br&gt;LONG: 105.1354027</description>
	<ExtendedData><SchemaData schemaUrl="#doc__recov_yudafeb26xlsx">
		<SimpleData name="tessellate">-1</SimpleData>
		<SimpleData name="extrude">0</SimpleData>
		<SimpleData name="visibility">-1</SimpleData>
		<SimpleData name="Customer">2814699.0</SimpleData>
		<SimpleData name="Name_1">TK FAJAR</SimpleData>
		<SimpleData name="Represent_">9.0052418E7</SimpleData>
		<SimpleData name="Jwk_Salesman">JUMAT GANJIL</SimpleData>
		<SimpleData name="SC">SD400A00130155E</SimpleData>
		<SimpleData name="Descript_">tirto kencono</SimpleData>
		<SimpleData name="LAT">-4.5350419</SimpleData>
		<SimpleData name="LONG">105.1354027</SimpleData>
	</SchemaData></ExtendedData>
      <Point><coordinates>105.1354027,-4.5350419,0</coordinates></Point>
  </Placemark>
  <Placemark id="doc__recov_yudafeb26xlsx.115">
	<name>Yuda Nurisman</name>
	<description>Customer: 464225&lt;br&gt;Name 1: TK.TATA FOOD&lt;br&gt;Represent.: 90052418&lt;br&gt;Jwk Salesman: JUMAT GENAP&lt;br&gt;SC: SD400A00130851E&lt;br&gt;Descript.: PS. UNIT 2&lt;br&gt;LAT: -4.283239&lt;br&gt;LONG: 105.214411</description>
	<ExtendedData><SchemaData schemaUrl="#doc__recov_yudafeb26xlsx">
		<SimpleData name="tessellate">-1</SimpleData>
		<SimpleData name="extrude">0</SimpleData>
		<SimpleData name="visibility">-1</SimpleData>
		<SimpleData name="Customer">464225.0</SimpleData>
		<SimpleData name="Name_1">TK.TATA FOOD</SimpleData>
		<SimpleData name="Represent_">9.0052418E7</SimpleData>
		<SimpleData name="Jwk_Salesman">JUMAT GENAP</SimpleData>
		<SimpleData name="SC">SD400A00130851E</SimpleData>
		<SimpleData name="Descript_">PS. UNIT 2</SimpleData>
		<SimpleData name="LAT">-4.283239</SimpleData>
		<SimpleData name="LONG">105.214411</SimpleData>
	</SchemaData></ExtendedData>
      <Point><coordinates>105.214411,-4.283239,0</coordinates></Point>
  </Placemark>
  <Placemark id="doc__recov_yudafeb26xlsx.116">
	<name>Yuda Nurisman</name>
	<description>Customer: 5596058&lt;br&gt;Name 1: TK PARTINI&lt;br&gt;Represent.: 90052418&lt;br&gt;Jwk Salesman: JUMAT GENAP&lt;br&gt;SC: SD400A00130710E&lt;br&gt;Descript.: PS. UNIT 2&lt;br&gt;LAT: -4.285353&lt;br&gt;LONG: 105.215253</description>
	<ExtendedData><SchemaData schemaUrl="#doc__recov_yudafeb26xlsx">
		<SimpleData name="tessellate">-1</SimpleData>
		<SimpleData name="extrude">0</SimpleData>
		<SimpleData name="visibility">-1</SimpleData>
		<SimpleData name="Customer">5596058.0</SimpleData>
		<SimpleData name="Name_1">TK PARTINI</SimpleData>
		<SimpleData name="Represent_">9.0052418E7</SimpleData>
		<SimpleData name="Jwk_Salesman">JUMAT GENAP</SimpleData>
		<SimpleData name="SC">SD400A00130710E</SimpleData>
		<SimpleData name="Descript_">PS. UNIT 2</SimpleData>
		<SimpleData name="LAT">-4.285353</SimpleData>
		<SimpleData name="LONG">105.215253</SimpleData>
	</SchemaData></ExtendedData>
      <Point><coordinates>105.215253,-4.285353,0</coordinates></Point>
  </Placemark>
  <Placemark id="doc__recov_yudafeb26xlsx.117">
	<name>Yuda Nurisman</name>
	<description>Customer: 195829&lt;br&gt;Name 1: TK. DANI&lt;br&gt;Represent.: 90052418&lt;br&gt;Jwk Salesman: SELASA GENAP&lt;br&gt;SC: SD400A00130711E&lt;br&gt;Descript.: Unit 8&lt;br&gt;LAT: -4.393678&lt;br&gt;LONG: 105.266648</description>
	<ExtendedData><SchemaData schemaUrl="#doc__recov_yudafeb26xlsx">
		<SimpleData name="tessellate">-1</SimpleData>
		<SimpleData name="extrude">0</SimpleData>
		<SimpleData name="visibility">-1</SimpleData>
		<SimpleData name="Customer">195829.0</SimpleData>
		<SimpleData name="Name_1">TK. DANI</SimpleData>
		<SimpleData name="Represent_">9.0052418E7</SimpleData>
		<SimpleData name="Jwk_Salesman">SELASA GENAP</SimpleData>
		<SimpleData name="SC">SD400A00130711E</SimpleData>
		<SimpleData name="Descript_">Unit 8</SimpleData>
		<SimpleData name="LAT">-4.393678</SimpleData>
		<SimpleData name="LONG">105.266648</SimpleData>
	</SchemaData></ExtendedData>
      <Point><coordinates>105.266648,-4.393678,0</coordinates></Point>
  </Placemark>
  <Placemark id="doc__recov_yudafeb26xlsx.118">
	<name>Yuda Nurisman</name>
	<description>Customer: 5597549&lt;br&gt;Name 1: TK PAK UDIN&lt;br&gt;Represent.: 90052418&lt;br&gt;Jwk Salesman: JUMAT GENAP&lt;br&gt;SC: SD400A00130173E&lt;br&gt;Descript.: PS. UNIT 2&lt;br&gt;LAT: -4.28216&lt;br&gt;LONG: 105.204131</description>
	<ExtendedData><SchemaData schemaUrl="#doc__recov_yudafeb26xlsx">
		<SimpleData name="tessellate">-1</SimpleData>
		<SimpleData name="extrude">0</SimpleData>
		<SimpleData name="visibility">-1</SimpleData>
		<SimpleData name="Customer">5597549.0</SimpleData>
		<SimpleData name="Name_1">TK PAK UDIN</SimpleData>
		<SimpleData name="Represent_">9.0052418E7</SimpleData>
		<SimpleData name="Jwk_Salesman">JUMAT GENAP</SimpleData>
		<SimpleData name="SC">SD400A00130173E</SimpleData>
		<SimpleData name="Descript_">PS. UNIT 2</SimpleData>
		<SimpleData name="LAT">-4.28216</SimpleData>
		<SimpleData name="LONG">105.204131</SimpleData>
	</SchemaData></ExtendedData>
      <Point><coordinates>105.204131,-4.28216,0</coordinates></Point>
  </Placemark>
  <Placemark id="doc__recov_yudafeb26xlsx.119">
	<name>Yuda Nurisman</name>
	<description>Customer: 3435705&lt;br&gt;Name 1: WR.SRC DARMADI&lt;br&gt;Represent.: 90052418&lt;br&gt;Jwk Salesman: SELASA GENAP&lt;br&gt;SC: SD400A00130108E&lt;br&gt;Descript.: Unit 8&lt;br&gt;LAT: -4.397541&lt;br&gt;LONG: 105.26422</description>
	<ExtendedData><SchemaData schemaUrl="#doc__recov_yudafeb26xlsx">
		<SimpleData name="tessellate">-1</SimpleData>
		<SimpleData name="extrude">0</SimpleData>
		<SimpleData name="visibility">-1</SimpleData>
		<SimpleData name="Customer">3435705.0</SimpleData>
		<SimpleData name="Name_1">WR.SRC DARMADI</SimpleData>
		<SimpleData name="Represent_">9.0052418E7</SimpleData>
		<SimpleData name="Jwk_Salesman">SELASA GENAP</SimpleData>
		<SimpleData name="SC">SD400A00130108E</SimpleData>
		<SimpleData name="Descript_">Unit 8</SimpleData>
		<SimpleData name="LAT">-4.397541</SimpleData>
		<SimpleData name="LONG">105.26422</SimpleData>
	</SchemaData></ExtendedData>
      <Point><coordinates>105.26422,-4.397541,0</coordinates></Point>
  </Placemark>
  <Placemark id="doc__recov_yudafeb26xlsx.120">
	<name>Yuda Nurisman</name>
	<description>Customer: 5597988&lt;br&gt;Name 1: TK AMIN&lt;br&gt;Represent.: 90052418&lt;br&gt;Jwk Salesman: SELASA GANJIL&lt;br&gt;SC: SD400A00130172E&lt;br&gt;Descript.: Unit 8&lt;br&gt;LAT: -4.348215&lt;br&gt;LONG: 105.254851</description>
	<ExtendedData><SchemaData schemaUrl="#doc__recov_yudafeb26xlsx">
		<SimpleData name="tessellate">-1</SimpleData>
		<SimpleData name="extrude">0</SimpleData>
		<SimpleData name="visibility">-1</SimpleData>
		<SimpleData name="Customer">5597988.0</SimpleData>
		<SimpleData name="Name_1">TK AMIN</SimpleData>
		<SimpleData name="Represent_">9.0052418E7</SimpleData>
		<SimpleData name="Jwk_Salesman">SELASA GANJIL</SimpleData>
		<SimpleData name="SC">SD400A00130172E</SimpleData>
		<SimpleData name="Descript_">Unit 8</SimpleData>
		<SimpleData name="LAT">-4.348215</SimpleData>
		<SimpleData name="LONG">105.254851</SimpleData>
	</SchemaData></ExtendedData>
      <Point><coordinates>105.254851,-4.348215,0</coordinates></Point>
  </Placemark>
  <Placemark id="doc__recov_yudafeb26xlsx.121">
	<name>Yuda Nurisman</name>
	<description>Customer: 5597991&lt;br&gt;Name 1: TK MBAK DEVI&lt;br&gt;Represent.: 90052418&lt;br&gt;Jwk Salesman: SELASA GANJIL&lt;br&gt;SC: SD400A00130690E&lt;br&gt;Descript.: Unit 9&lt;br&gt;LAT: -4.345776&lt;br&gt;LONG: 105.316858</description>
	<ExtendedData><SchemaData schemaUrl="#doc__recov_yudafeb26xlsx">
		<SimpleData name="tessellate">-1</SimpleData>
		<SimpleData name="extrude">0</SimpleData>
		<SimpleData name="visibility">-1</SimpleData>
		<SimpleData name="Customer">5597991.0</SimpleData>
		<SimpleData name="Name_1">TK MBAK DEVI</SimpleData>
		<SimpleData name="Represent_">9.0052418E7</SimpleData>
		<SimpleData name="Jwk_Salesman">SELASA GANJIL</SimpleData>
		<SimpleData name="SC">SD400A00130690E</SimpleData>
		<SimpleData name="Descript_">Unit 9</SimpleData>
		<SimpleData name="LAT">-4.345776</SimpleData>
		<SimpleData name="LONG">105.316858</SimpleData>
	</SchemaData></ExtendedData>
      <Point><coordinates>105.316858,-4.345776,0</coordinates></Point>
  </Placemark>
  <Placemark id="doc__recov_yudafeb26xlsx.122">
	<name>Yuda Nurisman</name>
	<description>Customer: 1418989&lt;br&gt;Name 1: TK KARSITIN&lt;br&gt;Represent.: 90052418&lt;br&gt;Jwk Salesman: SABTU GENAP&lt;br&gt;SC: SD400A00133196H&lt;br&gt;Descript.: PS . UNIT 6&lt;br&gt;LAT: -4.333092&lt;br&gt;LONG: 105.162213</description>
	<ExtendedData><SchemaData schemaUrl="#doc__recov_yudafeb26xlsx">
		<SimpleData name="tessellate">-1</SimpleData>
		<SimpleData name="extrude">0</SimpleData>
		<SimpleData name="visibility">-1</SimpleData>
		<SimpleData name="Customer">1418989.0</SimpleData>
		<SimpleData name="Name_1">TK KARSITIN</SimpleData>
		<SimpleData name="Represent_">9.0052418E7</SimpleData>
		<SimpleData name="Jwk_Salesman">SABTU GENAP</SimpleData>
		<SimpleData name="SC">SD400A00133196H</SimpleData>
		<SimpleData name="Descript_">PS . UNIT 6</SimpleData>
		<SimpleData name="LAT">-4.333092</SimpleData>
		<SimpleData name="LONG">105.162213</SimpleData>
	</SchemaData></ExtendedData>
      <Point><coordinates>105.162213,-4.333092,0</coordinates></Point>
  </Placemark>
  <Placemark id="doc__recov_yudafeb26xlsx.123">
	<name>Yuda Nurisman</name>
	<description>Customer: 5601002&lt;br&gt;Name 1: WR SARBINI&lt;br&gt;Represent.: 90052418&lt;br&gt;Jwk Salesman: SENIN GANJIL&lt;br&gt;SC: SD400A00132440H&lt;br&gt;Descript.: Kibang Budi Jaya&lt;br&gt;LAT: -4.314679&lt;br&gt;LONG: 105.128412</description>
	<ExtendedData><SchemaData schemaUrl="#doc__recov_yudafeb26xlsx">
		<SimpleData name="tessellate">-1</SimpleData>
		<SimpleData name="extrude">0</SimpleData>
		<SimpleData name="visibility">-1</SimpleData>
		<SimpleData name="Customer">5601002.0</SimpleData>
		<SimpleData name="Name_1">WR SARBINI</SimpleData>
		<SimpleData name="Represent_">9.0052418E7</SimpleData>
		<SimpleData name="Jwk_Salesman">SENIN GANJIL</SimpleData>
		<SimpleData name="SC">SD400A00132440H</SimpleData>
		<SimpleData name="Descript_">Kibang Budi Jaya</SimpleData>
		<SimpleData name="LAT">-4.314679</SimpleData>
		<SimpleData name="LONG">105.128412</SimpleData>
	</SchemaData></ExtendedData>
      <Point><coordinates>105.128412,-4.314679,0</coordinates></Point>
  </Placemark>
  <Placemark id="doc__recov_yudafeb26xlsx.124">
	<name>Yuda Nurisman</name>
	<description>Customer: 5604681&lt;br&gt;Name 1: TK BU KARTI&lt;br&gt;Represent.: 90052418&lt;br&gt;Jwk Salesman: SABTU GENAP&lt;br&gt;SC: SD400A00132295H&lt;br&gt;Descript.: Unit 8&lt;br&gt;LAT: -4.371161&lt;br&gt;LONG: 105.218756</description>
	<ExtendedData><SchemaData schemaUrl="#doc__recov_yudafeb26xlsx">
		<SimpleData name="tessellate">-1</SimpleData>
		<SimpleData name="extrude">0</SimpleData>
		<SimpleData name="visibility">-1</SimpleData>
		<SimpleData name="Customer">5604681.0</SimpleData>
		<SimpleData name="Name_1">TK BU KARTI</SimpleData>
		<SimpleData name="Represent_">9.0052418E7</SimpleData>
		<SimpleData name="Jwk_Salesman">SABTU GENAP</SimpleData>
		<SimpleData name="SC">SD400A00132295H</SimpleData>
		<SimpleData name="Descript_">Unit 8</SimpleData>
		<SimpleData name="LAT">-4.371161</SimpleData>
		<SimpleData name="LONG">105.218756</SimpleData>
	</SchemaData></ExtendedData>
      <Point><coordinates>105.218756,-4.371161,0</coordinates></Point>
  </Placemark>
  <Placemark id="doc__recov_yudafeb26xlsx.125">
	<name>Yuda Nurisman</name>
	<description>Customer: 5604684&lt;br&gt;Name 1: TK AKMAL HADI&lt;br&gt;Represent.: 90052418&lt;br&gt;Jwk Salesman: SABTU GENAP&lt;br&gt;SC: SD400A00123865E&lt;br&gt;Descript.: PS . UNIT 6&lt;br&gt;LAT: -4.332957&lt;br&gt;LONG: 105.159105</description>
	<ExtendedData><SchemaData schemaUrl="#doc__recov_yudafeb26xlsx">
		<SimpleData name="tessellate">-1</SimpleData>
		<SimpleData name="extrude">0</SimpleData>
		<SimpleData name="visibility">-1</SimpleData>
		<SimpleData name="Customer">5604684.0</SimpleData>
		<SimpleData name="Name_1">TK AKMAL HADI</SimpleData>
		<SimpleData name="Represent_">9.0052418E7</SimpleData>
		<SimpleData name="Jwk_Salesman">SABTU GENAP</SimpleData>
		<SimpleData name="SC">SD400A00123865E</SimpleData>
		<SimpleData name="Descript_">PS . UNIT 6</SimpleData>
		<SimpleData name="LAT">-4.332957</SimpleData>
		<SimpleData name="LONG">105.159105</SimpleData>
	</SchemaData></ExtendedData>
      <Point><coordinates>105.159105,-4.332957,0</coordinates></Point>
  </Placemark>
  <Placemark id="doc__recov_yudafeb26xlsx.126">
	<name>Yuda Nurisman</name>
	<description>Customer: 5604782&lt;br&gt;Name 1: TK KASIANTO&lt;br&gt;Represent.: 90052418&lt;br&gt;Jwk Salesman: SELASA GANJIL&lt;br&gt;SC: SD400A00132278H&lt;br&gt;Descript.: Unit 8&lt;br&gt;LAT: -4.344325&lt;br&gt;LONG: 105.235771</description>
	<ExtendedData><SchemaData schemaUrl="#doc__recov_yudafeb26xlsx">
		<SimpleData name="tessellate">-1</SimpleData>
		<SimpleData name="extrude">0</SimpleData>
		<SimpleData name="visibility">-1</SimpleData>
		<SimpleData name="Customer">5604782.0</SimpleData>
		<SimpleData name="Name_1">TK KASIANTO</SimpleData>
		<SimpleData name="Represent_">9.0052418E7</SimpleData>
		<SimpleData name="Jwk_Salesman">SELASA GANJIL</SimpleData>
		<SimpleData name="SC">SD400A00132278H</SimpleData>
		<SimpleData name="Descript_">Unit 8</SimpleData>
		<SimpleData name="LAT">-4.344325</SimpleData>
		<SimpleData name="LONG">105.235771</SimpleData>
	</SchemaData></ExtendedData>
      <Point><coordinates>105.235771,-4.344325,0</coordinates></Point>
  </Placemark>
  <Placemark id="doc__recov_yudafeb26xlsx.127">
	<name>Yuda Nurisman</name>
	<description>Customer: 5605776&lt;br&gt;Name 1: TK YULI&lt;br&gt;Represent.: 90052418&lt;br&gt;Jwk Salesman: SABTU GENAP&lt;br&gt;SC: SD400A00134120E&lt;br&gt;Descript.: Unit 8&lt;br&gt;LAT: -4.356786&lt;br&gt;LONG: 105.201734</description>
	<ExtendedData><SchemaData schemaUrl="#doc__recov_yudafeb26xlsx">
		<SimpleData name="tessellate">-1</SimpleData>
		<SimpleData name="extrude">0</SimpleData>
		<SimpleData name="visibility">-1</SimpleData>
		<SimpleData name="Customer">5605776.0</SimpleData>
		<SimpleData name="Name_1">TK YULI</SimpleData>
		<SimpleData name="Represent_">9.0052418E7</SimpleData>
		<SimpleData name="Jwk_Salesman">SABTU GENAP</SimpleData>
		<SimpleData name="SC">SD400A00134120E</SimpleData>
		<SimpleData name="Descript_">Unit 8</SimpleData>
		<SimpleData name="LAT">-4.356786</SimpleData>
		<SimpleData name="LONG">105.201734</SimpleData>
	</SchemaData></ExtendedData>
      <Point><coordinates>105.201734,-4.356786,0</coordinates></Point>
  </Placemark>
  <Placemark id="doc__recov_yudafeb26xlsx.128">
	<name>Yuda Nurisman</name>
	<description>Customer: 342532&lt;br&gt;Name 1: TK RAFELA&lt;br&gt;Represent.: 90052418&lt;br&gt;Jwk Salesman: RABU GANJIL&lt;br&gt;SC: SD400A00134526E&lt;br&gt;Descript.: Panaragan Jaya&lt;br&gt;LAT: -4.51913&lt;br&gt;LONG: 105.089777</description>
	<ExtendedData><SchemaData schemaUrl="#doc__recov_yudafeb26xlsx">
		<SimpleData name="tessellate">-1</SimpleData>
		<SimpleData name="extrude">0</SimpleData>
		<SimpleData name="visibility">-1</SimpleData>
		<SimpleData name="Customer">342532.0</SimpleData>
		<SimpleData name="Name_1">TK RAFELA</SimpleData>
		<SimpleData name="Represent_">9.0052418E7</SimpleData>
		<SimpleData name="Jwk_Salesman">RABU GANJIL</SimpleData>
		<SimpleData name="SC">SD400A00134526E</SimpleData>
		<SimpleData name="Descript_">Panaragan Jaya</SimpleData>
		<SimpleData name="LAT">-4.51913</SimpleData>
		<SimpleData name="LONG">105.089777</SimpleData>
	</SchemaData></ExtendedData>
      <Point><coordinates>105.089777,-4.51913,0</coordinates></Point>
  </Placemark>
  <Placemark id="doc__recov_yudafeb26xlsx.129">
	<name>Yuda Nurisman</name>
	<description>Customer: 5607926&lt;br&gt;Name 1: TK ZIDAN&lt;br&gt;Represent.: 90052418&lt;br&gt;Jwk Salesman: JUMAT GANJIL&lt;br&gt;SC: SD400A00134511E&lt;br&gt;Descript.: Panaragan Jaya&lt;br&gt;LAT: -4.481067&lt;br&gt;LONG: 105.152777</description>
	<ExtendedData><SchemaData schemaUrl="#doc__recov_yudafeb26xlsx">
		<SimpleData name="tessellate">-1</SimpleData>
		<SimpleData name="extrude">0</SimpleData>
		<SimpleData name="visibility">-1</SimpleData>
		<SimpleData name="Customer">5607926.0</SimpleData>
		<SimpleData name="Name_1">TK ZIDAN</SimpleData>
		<SimpleData name="Represent_">9.0052418E7</SimpleData>
		<SimpleData name="Jwk_Salesman">JUMAT GANJIL</SimpleData>
		<SimpleData name="SC">SD400A00134511E</SimpleData>
		<SimpleData name="Descript_">Panaragan Jaya</SimpleData>
		<SimpleData name="LAT">-4.481067</SimpleData>
		<SimpleData name="LONG">105.152777</SimpleData>
	</SchemaData></ExtendedData>
      <Point><coordinates>105.152777,-4.481067,0</coordinates></Point>
  </Placemark>
  <Placemark id="doc__recov_yudafeb26xlsx.130">
	<name>Yuda Nurisman</name>
	<description>Customer: 5609045&lt;br&gt;Name 1: TK ZZUZZU&lt;br&gt;Represent.: 90052418&lt;br&gt;Jwk Salesman: KAMIS GANJIL&lt;br&gt;SC: SD400A00134495E&lt;br&gt;Descript.: Panaragan Jaya&lt;br&gt;LAT: -4.603489&lt;br&gt;LONG: 105.114291</description>
	<ExtendedData><SchemaData schemaUrl="#doc__recov_yudafeb26xlsx">
		<SimpleData name="tessellate">-1</SimpleData>
		<SimpleData name="extrude">0</SimpleData>
		<SimpleData name="visibility">-1</SimpleData>
		<SimpleData name="Customer">5609045.0</SimpleData>
		<SimpleData name="Name_1">TK ZZUZZU</SimpleData>
		<SimpleData name="Represent_">9.0052418E7</SimpleData>
		<SimpleData name="Jwk_Salesman">KAMIS GANJIL</SimpleData>
		<SimpleData name="SC">SD400A00134495E</SimpleData>
		<SimpleData name="Descript_">Panaragan Jaya</SimpleData>
		<SimpleData name="LAT">-4.603489</SimpleData>
		<SimpleData name="LONG">105.114291</SimpleData>
	</SchemaData></ExtendedData>
      <Point><coordinates>105.114291,-4.603489,0</coordinates></Point>
  </Placemark>
  <Placemark id="doc__recov_yudafeb26xlsx.131">
	<name>Yuda Nurisman</name>
	<description>Customer: 5609129&lt;br&gt;Name 1: TK MBA MILA&lt;br&gt;Represent.: 90052418&lt;br&gt;Jwk Salesman: SABTU GENAP&lt;br&gt;SC: SD400A00134425E&lt;br&gt;Descript.: PS . UNIT 6&lt;br&gt;LAT: -4.340696&lt;br&gt;LONG: 105.185846</description>
	<ExtendedData><SchemaData schemaUrl="#doc__recov_yudafeb26xlsx">
		<SimpleData name="tessellate">-1</SimpleData>
		<SimpleData name="extrude">0</SimpleData>
		<SimpleData name="visibility">-1</SimpleData>
		<SimpleData name="Customer">5609129.0</SimpleData>
		<SimpleData name="Name_1">TK MBA MILA</SimpleData>
		<SimpleData name="Represent_">9.0052418E7</SimpleData>
		<SimpleData name="Jwk_Salesman">SABTU GENAP</SimpleData>
		<SimpleData name="SC">SD400A00134425E</SimpleData>
		<SimpleData name="Descript_">PS . UNIT 6</SimpleData>
		<SimpleData name="LAT">-4.340696</SimpleData>
		<SimpleData name="LONG">105.185846</SimpleData>
	</SchemaData></ExtendedData>
      <Point><coordinates>105.185846,-4.340696,0</coordinates></Point>
  </Placemark>
  <Placemark id="doc__recov_yudafeb26xlsx.132">
	<name>Yuda Nurisman</name>
	<description>Customer: 3427068&lt;br&gt;Name 1: WR LESTARI/ENI LINA KUSMIATI&lt;br&gt;Represent.: 90052418&lt;br&gt;Jwk Salesman: JUMAT GENAP&lt;br&gt;SC: SD400A00134527E&lt;br&gt;Descript.: PS. UNIT 2&lt;br&gt;LAT: -4.286449&lt;br&gt;LONG: 105.191181</description>
	<ExtendedData><SchemaData schemaUrl="#doc__recov_yudafeb26xlsx">
		<SimpleData name="tessellate">-1</SimpleData>
		<SimpleData name="extrude">0</SimpleData>
		<SimpleData name="visibility">-1</SimpleData>
		<SimpleData name="Customer">3427068.0</SimpleData>
		<SimpleData name="Name_1">WR LESTARI/ENI LINA KUSMIATI</SimpleData>
		<SimpleData name="Represent_">9.0052418E7</SimpleData>
		<SimpleData name="Jwk_Salesman">JUMAT GENAP</SimpleData>
		<SimpleData name="SC">SD400A00134527E</SimpleData>
		<SimpleData name="Descript_">PS. UNIT 2</SimpleData>
		<SimpleData name="LAT">-4.286449</SimpleData>
		<SimpleData name="LONG">105.191181</SimpleData>
	</SchemaData></ExtendedData>
      <Point><coordinates>105.191181,-4.286449,0</coordinates></Point>
  </Placemark>
  <Placemark id="doc__recov_yudafeb26xlsx.133">
	<name>Yuda Nurisman</name>
	<description>Customer: 5614900&lt;br&gt;Name 1: WR BERKAH TERNAK&lt;br&gt;Represent.: 90052418&lt;br&gt;Jwk Salesman: SELASA GANJIL&lt;br&gt;SC: SD400A00134747E&lt;br&gt;Descript.: Unit 8&lt;br&gt;LAT: -4.345253&lt;br&gt;LONG: 105.236363</description>
	<ExtendedData><SchemaData schemaUrl="#doc__recov_yudafeb26xlsx">
		<SimpleData name="tessellate">-1</SimpleData>
		<SimpleData name="extrude">0</SimpleData>
		<SimpleData name="visibility">-1</SimpleData>
		<SimpleData name="Customer">5614900.0</SimpleData>
		<SimpleData name="Name_1">WR BERKAH TERNAK</SimpleData>
		<SimpleData name="Represent_">9.0052418E7</SimpleData>
		<SimpleData name="Jwk_Salesman">SELASA GANJIL</SimpleData>
		<SimpleData name="SC">SD400A00134747E</SimpleData>
		<SimpleData name="Descript_">Unit 8</SimpleData>
		<SimpleData name="LAT">-4.345253</SimpleData>
		<SimpleData name="LONG">105.236363</SimpleData>
	</SchemaData></ExtendedData>
      <Point><coordinates>105.236363,-4.345253,0</coordinates></Point>
  </Placemark>
  <Placemark id="doc__recov_yudafeb26xlsx.134">
	<name>Yuda Nurisman</name>
	<description>Customer: 433020&lt;br&gt;Name 1: TK PAK HUDA&lt;br&gt;Represent.: 90052418&lt;br&gt;Jwk Salesman: SELASA GENAP&lt;br&gt;SC: SD400A00134490E&lt;br&gt;Descript.: Unit 8&lt;br&gt;LAT: -4.38346&lt;br&gt;LONG: 105.301923</description>
	<ExtendedData><SchemaData schemaUrl="#doc__recov_yudafeb26xlsx">
		<SimpleData name="tessellate">-1</SimpleData>
		<SimpleData name="extrude">0</SimpleData>
		<SimpleData name="visibility">-1</SimpleData>
		<SimpleData name="Customer">433020.0</SimpleData>
		<SimpleData name="Name_1">TK PAK HUDA</SimpleData>
		<SimpleData name="Represent_">9.0052418E7</SimpleData>
		<SimpleData name="Jwk_Salesman">SELASA GENAP</SimpleData>
		<SimpleData name="SC">SD400A00134490E</SimpleData>
		<SimpleData name="Descript_">Unit 8</SimpleData>
		<SimpleData name="LAT">-4.38346</SimpleData>
		<SimpleData name="LONG">105.301923</SimpleData>
	</SchemaData></ExtendedData>
      <Point><coordinates>105.301923,-4.38346,0</coordinates></Point>
  </Placemark>
  <Placemark id="doc__recov_yudafeb26xlsx.135">
	<name>Yuda Nurisman</name>
	<description>Customer: 2320824&lt;br&gt;Name 1: MARYAM&lt;br&gt;Represent.: 90052418&lt;br&gt;Jwk Salesman: SABTU GENAP&lt;br&gt;SC: SD400A00132287H&lt;br&gt;Descript.: Unit 8&lt;br&gt;LAT: -4.364488&lt;br&gt;LONG: 105.205914</description>
	<ExtendedData><SchemaData schemaUrl="#doc__recov_yudafeb26xlsx">
		<SimpleData name="tessellate">-1</SimpleData>
		<SimpleData name="extrude">0</SimpleData>
		<SimpleData name="visibility">-1</SimpleData>
		<SimpleData name="Customer">2320824.0</SimpleData>
		<SimpleData name="Name_1">MARYAM</SimpleData>
		<SimpleData name="Represent_">9.0052418E7</SimpleData>
		<SimpleData name="Jwk_Salesman">SABTU GENAP</SimpleData>
		<SimpleData name="SC">SD400A00132287H</SimpleData>
		<SimpleData name="Descript_">Unit 8</SimpleData>
		<SimpleData name="LAT">-4.364488</SimpleData>
		<SimpleData name="LONG">105.205914</SimpleData>
	</SchemaData></ExtendedData>
      <Point><coordinates>105.205914,-4.364488,0</coordinates></Point>
  </Placemark>
  <Placemark id="doc__recov_yudafeb26xlsx.136">
	<name>Yuda Nurisman</name>
	<description>Customer: 5613353&lt;br&gt;Name 1: WR KITO CELL&lt;br&gt;Represent.: 90052418&lt;br&gt;Jwk Salesman: SENIN GANJIL&lt;br&gt;SC: SD400A00135340E&lt;br&gt;Descript.: Kibang Budi Jaya&lt;br&gt;LAT: -4.32425&lt;br&gt;LONG: 105.128147</description>
	<ExtendedData><SchemaData schemaUrl="#doc__recov_yudafeb26xlsx">
		<SimpleData name="tessellate">-1</SimpleData>
		<SimpleData name="extrude">0</SimpleData>
		<SimpleData name="visibility">-1</SimpleData>
		<SimpleData name="Customer">5613353.0</SimpleData>
		<SimpleData name="Name_1">WR KITO CELL</SimpleData>
		<SimpleData name="Represent_">9.0052418E7</SimpleData>
		<SimpleData name="Jwk_Salesman">SENIN GANJIL</SimpleData>
		<SimpleData name="SC">SD400A00135340E</SimpleData>
		<SimpleData name="Descript_">Kibang Budi Jaya</SimpleData>
		<SimpleData name="LAT">-4.32425</SimpleData>
		<SimpleData name="LONG">105.128147</SimpleData>
	</SchemaData></ExtendedData>
      <Point><coordinates>105.128147,-4.32425,0</coordinates></Point>
  </Placemark>
  <Placemark id="doc__recov_yudafeb26xlsx.137">
	<name>Yuda Nurisman</name>
	<description>Customer: 5617331&lt;br&gt;Name 1: WR SAFA&lt;br&gt;Represent.: 90052418&lt;br&gt;Jwk Salesman: RABU GENAP&lt;br&gt;SC: SD400A00134127E&lt;br&gt;Descript.: Unit 8&lt;br&gt;LAT: -4.380738&lt;br&gt;LONG: 105.248373</description>
	<ExtendedData><SchemaData schemaUrl="#doc__recov_yudafeb26xlsx">
		<SimpleData name="tessellate">-1</SimpleData>
		<SimpleData name="extrude">0</SimpleData>
		<SimpleData name="visibility">-1</SimpleData>
		<SimpleData name="Customer">5617331.0</SimpleData>
		<SimpleData name="Name_1">WR SAFA</SimpleData>
		<SimpleData name="Represent_">9.0052418E7</SimpleData>
		<SimpleData name="Jwk_Salesman">RABU GENAP</SimpleData>
		<SimpleData name="SC">SD400A00134127E</SimpleData>
		<SimpleData name="Descript_">Unit 8</SimpleData>
		<SimpleData name="LAT">-4.380738</SimpleData>
		<SimpleData name="LONG">105.248373</SimpleData>
	</SchemaData></ExtendedData>
      <Point><coordinates>105.248373,-4.380738,0</coordinates></Point>
  </Placemark>
  <Placemark id="doc__recov_yudafeb26xlsx.138">
	<name>Yuda Nurisman</name>
	<description>Customer: 1719869&lt;br&gt;Name 1: TK ISTIMEWA JAYA&lt;br&gt;Represent.: 90052418&lt;br&gt;Jwk Salesman: JUMAT GENAP&lt;br&gt;SC: SD400A00134934E&lt;br&gt;Descript.: PS. UNIT 2&lt;br&gt;LAT: -4.283524&lt;br&gt;LONG: 105.197564</description>
	<ExtendedData><SchemaData schemaUrl="#doc__recov_yudafeb26xlsx">
		<SimpleData name="tessellate">-1</SimpleData>
		<SimpleData name="extrude">0</SimpleData>
		<SimpleData name="visibility">-1</SimpleData>
		<SimpleData name="Customer">1719869.0</SimpleData>
		<SimpleData name="Name_1">TK ISTIMEWA JAYA</SimpleData>
		<SimpleData name="Represent_">9.0052418E7</SimpleData>
		<SimpleData name="Jwk_Salesman">JUMAT GENAP</SimpleData>
		<SimpleData name="SC">SD400A00134934E</SimpleData>
		<SimpleData name="Descript_">PS. UNIT 2</SimpleData>
		<SimpleData name="LAT">-4.283524</SimpleData>
		<SimpleData name="LONG">105.197564</SimpleData>
	</SchemaData></ExtendedData>
      <Point><coordinates>105.197564,-4.283524,0</coordinates></Point>
  </Placemark>
  <Placemark id="doc__recov_yudafeb26xlsx.139">
	<name>Yuda Nurisman</name>
	<description>Customer: 3121795&lt;br&gt;Name 1: TK YULI&lt;br&gt;Represent.: 90052418&lt;br&gt;Jwk Salesman: JUMAT GANJIL&lt;br&gt;SC: SD400A00134755E&lt;br&gt;Descript.: mulyo kencono&lt;br&gt;LAT: -4.571193&lt;br&gt;LONG: 105.140376</description>
	<ExtendedData><SchemaData schemaUrl="#doc__recov_yudafeb26xlsx">
		<SimpleData name="tessellate">-1</SimpleData>
		<SimpleData name="extrude">0</SimpleData>
		<SimpleData name="visibility">-1</SimpleData>
		<SimpleData name="Customer">3121795.0</SimpleData>
		<SimpleData name="Name_1">TK YULI</SimpleData>
		<SimpleData name="Represent_">9.0052418E7</SimpleData>
		<SimpleData name="Jwk_Salesman">JUMAT GANJIL</SimpleData>
		<SimpleData name="SC">SD400A00134755E</SimpleData>
		<SimpleData name="Descript_">mulyo kencono</SimpleData>
		<SimpleData name="LAT">-4.571193</SimpleData>
		<SimpleData name="LONG">105.140376</SimpleData>
	</SchemaData></ExtendedData>
      <Point><coordinates>105.140376,-4.571193,0</coordinates></Point>
  </Placemark>
  <Placemark id="doc__recov_yudafeb26xlsx.140">
	<name>Yuda Nurisman</name>
	<description>Customer: 3121804&lt;br&gt;Name 1: TK DATATRONIK&lt;br&gt;Represent.: 90052418&lt;br&gt;Jwk Salesman: JUMAT GANJIL&lt;br&gt;SC: SD400A00134769E&lt;br&gt;Descript.: mulyo kencono&lt;br&gt;LAT: -4.56634&lt;br&gt;LONG: 105.148165</description>
	<ExtendedData><SchemaData schemaUrl="#doc__recov_yudafeb26xlsx">
		<SimpleData name="tessellate">-1</SimpleData>
		<SimpleData name="extrude">0</SimpleData>
		<SimpleData name="visibility">-1</SimpleData>
		<SimpleData name="Customer">3121804.0</SimpleData>
		<SimpleData name="Name_1">TK DATATRONIK</SimpleData>
		<SimpleData name="Represent_">9.0052418E7</SimpleData>
		<SimpleData name="Jwk_Salesman">JUMAT GANJIL</SimpleData>
		<SimpleData name="SC">SD400A00134769E</SimpleData>
		<SimpleData name="Descript_">mulyo kencono</SimpleData>
		<SimpleData name="LAT">-4.56634</SimpleData>
		<SimpleData name="LONG">105.148165</SimpleData>
	</SchemaData></ExtendedData>
      <Point><coordinates>105.148165,-4.56634,0</coordinates></Point>
  </Placemark>
  <Placemark id="doc__recov_yudafeb26xlsx.141">
	<name>Yuda Nurisman</name>
	<description>Customer: 5235061&lt;br&gt;Name 1: TK SEMBAKO YUMNA&lt;br&gt;Represent.: 90052418&lt;br&gt;Jwk Salesman: KAMIS GANJIL&lt;br&gt;SC: SD400A00134126E&lt;br&gt;Descript.: pulung kencono&lt;br&gt;LAT: -4.591017&lt;br&gt;LONG: 105.087221</description>
	<ExtendedData><SchemaData schemaUrl="#doc__recov_yudafeb26xlsx">
		<SimpleData name="tessellate">-1</SimpleData>
		<SimpleData name="extrude">0</SimpleData>
		<SimpleData name="visibility">-1</SimpleData>
		<SimpleData name="Customer">5235061.0</SimpleData>
		<SimpleData name="Name_1">TK SEMBAKO YUMNA</SimpleData>
		<SimpleData name="Represent_">9.0052418E7</SimpleData>
		<SimpleData name="Jwk_Salesman">KAMIS GANJIL</SimpleData>
		<SimpleData name="SC">SD400A00134126E</SimpleData>
		<SimpleData name="Descript_">pulung kencono</SimpleData>
		<SimpleData name="LAT">-4.591017</SimpleData>
		<SimpleData name="LONG">105.087221</SimpleData>
	</SchemaData></ExtendedData>
      <Point><coordinates>105.087221,-4.591017,0</coordinates></Point>
  </Placemark>
  <Placemark id="doc__recov_yudafeb26xlsx.142">
	<name>Yuda Nurisman</name>
	<description>Customer: 5630620&lt;br&gt;Name 1: TK ASIH&lt;br&gt;Represent.: 90052418&lt;br&gt;Jwk Salesman: KAMIS GENAP&lt;br&gt;SC: SD400A00134011E&lt;br&gt;Descript.: Mulya Asri&lt;br&gt;LAT: -4.63738&lt;br&gt;LONG: 105.178192</description>
	<ExtendedData><SchemaData schemaUrl="#doc__recov_yudafeb26xlsx">
		<SimpleData name="tessellate">-1</SimpleData>
		<SimpleData name="extrude">0</SimpleData>
		<SimpleData name="visibility">-1</SimpleData>
		<SimpleData name="Customer">5630620.0</SimpleData>
		<SimpleData name="Name_1">TK ASIH</SimpleData>
		<SimpleData name="Represent_">9.0052418E7</SimpleData>
		<SimpleData name="Jwk_Salesman">KAMIS GENAP</SimpleData>
		<SimpleData name="SC">SD400A00134011E</SimpleData>
		<SimpleData name="Descript_">Mulya Asri</SimpleData>
		<SimpleData name="LAT">-4.63738</SimpleData>
		<SimpleData name="LONG">105.178192</SimpleData>
	</SchemaData></ExtendedData>
      <Point><coordinates>105.178192,-4.63738,0</coordinates></Point>
  </Placemark>
  <Placemark id="doc__recov_yudafeb26xlsx.143">
	<name>Yuda Nurisman</name>
	<description>Customer: 3121914&lt;br&gt;Name 1: TK RADAL&lt;br&gt;Represent.: 90052418&lt;br&gt;Jwk Salesman: KAMIS GENAP&lt;br&gt;SC: SD400A00133216H&lt;br&gt;Descript.: mulyo kencono&lt;br&gt;LAT: -4.583588&lt;br&gt;LONG: 105.151244</description>
	<ExtendedData><SchemaData schemaUrl="#doc__recov_yudafeb26xlsx">
		<SimpleData name="tessellate">-1</SimpleData>
		<SimpleData name="extrude">0</SimpleData>
		<SimpleData name="visibility">-1</SimpleData>
		<SimpleData name="Customer">3121914.0</SimpleData>
		<SimpleData name="Name_1">TK RADAL</SimpleData>
		<SimpleData name="Represent_">9.0052418E7</SimpleData>
		<SimpleData name="Jwk_Salesman">KAMIS GENAP</SimpleData>
		<SimpleData name="SC">SD400A00133216H</SimpleData>
		<SimpleData name="Descript_">mulyo kencono</SimpleData>
		<SimpleData name="LAT">-4.583588</SimpleData>
		<SimpleData name="LONG">105.151244</SimpleData>
	</SchemaData></ExtendedData>
      <Point><coordinates>105.151244,-4.583588,0</coordinates></Point>
  </Placemark>
  <Placemark id="doc__recov_yudafeb26xlsx.144">
	<name>Yuda Nurisman</name>
	<description>Customer: 5631907&lt;br&gt;Name 1: TK SENA&lt;br&gt;Represent.: 90052418&lt;br&gt;Jwk Salesman: SELASA GANJIL&lt;br&gt;SC: SD400A00138177H&lt;br&gt;Descript.: Unit 9&lt;br&gt;LAT: -4.348103&lt;br&gt;LONG: 105.320037</description>
	<ExtendedData><SchemaData schemaUrl="#doc__recov_yudafeb26xlsx">
		<SimpleData name="tessellate">-1</SimpleData>
		<SimpleData name="extrude">0</SimpleData>
		<SimpleData name="visibility">-1</SimpleData>
		<SimpleData name="Customer">5631907.0</SimpleData>
		<SimpleData name="Name_1">TK SENA</SimpleData>
		<SimpleData name="Represent_">9.0052418E7</SimpleData>
		<SimpleData name="Jwk_Salesman">SELASA GANJIL</SimpleData>
		<SimpleData name="SC">SD400A00138177H</SimpleData>
		<SimpleData name="Descript_">Unit 9</SimpleData>
		<SimpleData name="LAT">-4.348103</SimpleData>
		<SimpleData name="LONG">105.320037</SimpleData>
	</SchemaData></ExtendedData>
      <Point><coordinates>105.320037,-4.348103,0</coordinates></Point>
  </Placemark>
  <Placemark id="doc__recov_yudafeb26xlsx.145">
	<name>Yuda Nurisman</name>
	<description>Customer: 1971468&lt;br&gt;Name 1: SYAFIQ&lt;br&gt;Represent.: 90052418&lt;br&gt;Jwk Salesman: SABTU GANJIL&lt;br&gt;SC: SD400A00137682H&lt;br&gt;Descript.: PS . UNIT 6&lt;br&gt;LAT: -4.366203&lt;br&gt;LONG: 105.138845</description>
	<ExtendedData><SchemaData schemaUrl="#doc__recov_yudafeb26xlsx">
		<SimpleData name="tessellate">-1</SimpleData>
		<SimpleData name="extrude">0</SimpleData>
		<SimpleData name="visibility">-1</SimpleData>
		<SimpleData name="Customer">1971468.0</SimpleData>
		<SimpleData name="Name_1">SYAFIQ</SimpleData>
		<SimpleData name="Represent_">9.0052418E7</SimpleData>
		<SimpleData name="Jwk_Salesman">SABTU GANJIL</SimpleData>
		<SimpleData name="SC">SD400A00137682H</SimpleData>
		<SimpleData name="Descript_">PS . UNIT 6</SimpleData>
		<SimpleData name="LAT">-4.366203</SimpleData>
		<SimpleData name="LONG">105.138845</SimpleData>
	</SchemaData></ExtendedData>
      <Point><coordinates>105.138845,-4.366203,0</coordinates></Point>
  </Placemark>
  <Placemark id="doc__recov_yudafeb26xlsx.146">
	<name>Yuda Nurisman</name>
	<description>Customer: 5635674&lt;br&gt;Name 1: TK TEH ELIS&lt;br&gt;Represent.: 90052418&lt;br&gt;Jwk Salesman: SELASA GENAP&lt;br&gt;SC: SD400A00137824H&lt;br&gt;Descript.: Unit 8&lt;br&gt;LAT: -4.382907&lt;br&gt;LONG: 105.30502</description>
	<ExtendedData><SchemaData schemaUrl="#doc__recov_yudafeb26xlsx">
		<SimpleData name="tessellate">-1</SimpleData>
		<SimpleData name="extrude">0</SimpleData>
		<SimpleData name="visibility">-1</SimpleData>
		<SimpleData name="Customer">5635674.0</SimpleData>
		<SimpleData name="Name_1">TK TEH ELIS</SimpleData>
		<SimpleData name="Represent_">9.0052418E7</SimpleData>
		<SimpleData name="Jwk_Salesman">SELASA GENAP</SimpleData>
		<SimpleData name="SC">SD400A00137824H</SimpleData>
		<SimpleData name="Descript_">Unit 8</SimpleData>
		<SimpleData name="LAT">-4.382907</SimpleData>
		<SimpleData name="LONG">105.30502</SimpleData>
	</SchemaData></ExtendedData>
      <Point><coordinates>105.30502,-4.382907,0</coordinates></Point>
  </Placemark>
  <Placemark id="doc__recov_yudafeb26xlsx.147">
	<name>Yuda Nurisman</name>
	<description>Customer: 5590296&lt;br&gt;Name 1: TK NDESO CELL&lt;br&gt;Represent.: 90052418&lt;br&gt;Jwk Salesman: KAMIS GANJIL&lt;br&gt;SC: SD400A00138154H&lt;br&gt;Descript.: pulung kencono&lt;br&gt;LAT: -4.600516&lt;br&gt;LONG: 105.11157</description>
	<ExtendedData><SchemaData schemaUrl="#doc__recov_yudafeb26xlsx">
		<SimpleData name="tessellate">-1</SimpleData>
		<SimpleData name="extrude">0</SimpleData>
		<SimpleData name="visibility">-1</SimpleData>
		<SimpleData name="Customer">5590296.0</SimpleData>
		<SimpleData name="Name_1">TK NDESO CELL</SimpleData>
		<SimpleData name="Represent_">9.0052418E7</SimpleData>
		<SimpleData name="Jwk_Salesman">KAMIS GANJIL</SimpleData>
		<SimpleData name="SC">SD400A00138154H</SimpleData>
		<SimpleData name="Descript_">pulung kencono</SimpleData>
		<SimpleData name="LAT">-4.600516</SimpleData>
		<SimpleData name="LONG">105.11157</SimpleData>
	</SchemaData></ExtendedData>
      <Point><coordinates>105.11157,-4.600516,0</coordinates></Point>
  </Placemark>
  <Placemark id="doc__recov_yudafeb26xlsx.148">
	<name>Yuda Nurisman</name>
	<description>Customer: 5635623&lt;br&gt;Name 1: TK CAHAYA SUCI&lt;br&gt;Represent.: 90052418&lt;br&gt;Jwk Salesman: RABU GANJIL&lt;br&gt;SC: SD400A00138147H&lt;br&gt;Descript.: pulung kencono&lt;br&gt;LAT: -4.563868&lt;br&gt;LONG: 105.104599</description>
	<ExtendedData><SchemaData schemaUrl="#doc__recov_yudafeb26xlsx">
		<SimpleData name="tessellate">-1</SimpleData>
		<SimpleData name="extrude">0</SimpleData>
		<SimpleData name="visibility">-1</SimpleData>
		<SimpleData name="Customer">5635623.0</SimpleData>
		<SimpleData name="Name_1">TK CAHAYA SUCI</SimpleData>
		<SimpleData name="Represent_">9.0052418E7</SimpleData>
		<SimpleData name="Jwk_Salesman">RABU GANJIL</SimpleData>
		<SimpleData name="SC">SD400A00138147H</SimpleData>
		<SimpleData name="Descript_">pulung kencono</SimpleData>
		<SimpleData name="LAT">-4.563868</SimpleData>
		<SimpleData name="LONG">105.104599</SimpleData>
	</SchemaData></ExtendedData>
      <Point><coordinates>105.104599,-4.563868,0</coordinates></Point>
  </Placemark>
  <Placemark id="doc__recov_yudafeb26xlsx.149">
	<name>Yuda Nurisman</name>
	<description>Customer: 5638474&lt;br&gt;Name 1: TK UMI PRINCES&lt;br&gt;Represent.: 90052418&lt;br&gt;Jwk Salesman: SENIN GENAP&lt;br&gt;SC: SD400A00138140H&lt;br&gt;Descript.: Kamp Tua&lt;br&gt;LAT: -4.558242&lt;br&gt;LONG: 105.226551</description>
	<ExtendedData><SchemaData schemaUrl="#doc__recov_yudafeb26xlsx">
		<SimpleData name="tessellate">-1</SimpleData>
		<SimpleData name="extrude">0</SimpleData>
		<SimpleData name="visibility">-1</SimpleData>
		<SimpleData name="Customer">5638474.0</SimpleData>
		<SimpleData name="Name_1">TK UMI PRINCES</SimpleData>
		<SimpleData name="Represent_">9.0052418E7</SimpleData>
		<SimpleData name="Jwk_Salesman">SENIN GENAP</SimpleData>
		<SimpleData name="SC">SD400A00138140H</SimpleData>
		<SimpleData name="Descript_">Kamp Tua</SimpleData>
		<SimpleData name="LAT">-4.558242</SimpleData>
		<SimpleData name="LONG">105.226551</SimpleData>
	</SchemaData></ExtendedData>
      <Point><coordinates>105.226551,-4.558242,0</coordinates></Point>
  </Placemark>
  <Placemark id="doc__recov_yudafeb26xlsx.150">
	<name>Yuda Nurisman</name>
	<description>Customer: 1985408&lt;br&gt;Name 1: WR LILIK&lt;br&gt;Represent.: 90052418&lt;br&gt;Jwk Salesman: JUMAT GENAP&lt;br&gt;SC: SD400A00138146H&lt;br&gt;Descript.: PS. UNIT 2&lt;br&gt;LAT: -4.286101&lt;br&gt;LONG: 105.189348</description>
	<ExtendedData><SchemaData schemaUrl="#doc__recov_yudafeb26xlsx">
		<SimpleData name="tessellate">-1</SimpleData>
		<SimpleData name="extrude">0</SimpleData>
		<SimpleData name="visibility">-1</SimpleData>
		<SimpleData name="Customer">1985408.0</SimpleData>
		<SimpleData name="Name_1">WR LILIK</SimpleData>
		<SimpleData name="Represent_">9.0052418E7</SimpleData>
		<SimpleData name="Jwk_Salesman">JUMAT GENAP</SimpleData>
		<SimpleData name="SC">SD400A00138146H</SimpleData>
		<SimpleData name="Descript_">PS. UNIT 2</SimpleData>
		<SimpleData name="LAT">-4.286101</SimpleData>
		<SimpleData name="LONG">105.189348</SimpleData>
	</SchemaData></ExtendedData>
      <Point><coordinates>105.189348,-4.286101,0</coordinates></Point>
  </Placemark>
  <Placemark id="doc__recov_yudafeb26xlsx.151">
	<name>Yuda Nurisman</name>
	<description>Customer: 5647167&lt;br&gt;Name 1: NANO CELL&lt;br&gt;Represent.: 90052418&lt;br&gt;Jwk Salesman: KAMIS GENAP&lt;br&gt;SC: SD400A00134110E&lt;br&gt;Descript.: Mulya Asri&lt;br&gt;LAT: -4.626284&lt;br&gt;LONG: 105.157046</description>
	<ExtendedData><SchemaData schemaUrl="#doc__recov_yudafeb26xlsx">
		<SimpleData name="tessellate">-1</SimpleData>
		<SimpleData name="extrude">0</SimpleData>
		<SimpleData name="visibility">-1</SimpleData>
		<SimpleData name="Customer">5647167.0</SimpleData>
		<SimpleData name="Name_1">NANO CELL</SimpleData>
		<SimpleData name="Represent_">9.0052418E7</SimpleData>
		<SimpleData name="Jwk_Salesman">KAMIS GENAP</SimpleData>
		<SimpleData name="SC">SD400A00134110E</SimpleData>
		<SimpleData name="Descript_">Mulya Asri</SimpleData>
		<SimpleData name="LAT">-4.626284</SimpleData>
		<SimpleData name="LONG">105.157046</SimpleData>
	</SchemaData></ExtendedData>
      <Point><coordinates>105.157046,-4.626284,0</coordinates></Point>
  </Placemark>
  <Placemark id="doc__recov_yudafeb26xlsx.152">
	<name>Yuda Nurisman</name>
	<description>Customer: 5647168&lt;br&gt;Name 1: WR BUNDA FATIMAH&lt;br&gt;Represent.: 90052418&lt;br&gt;Jwk Salesman: KAMIS GANJIL&lt;br&gt;SC: SD400A00134156E&lt;br&gt;Descript.: Daya Murni&lt;br&gt;LAT: -4.631781&lt;br&gt;LONG: 105.082365</description>
	<ExtendedData><SchemaData schemaUrl="#doc__recov_yudafeb26xlsx">
		<SimpleData name="tessellate">-1</SimpleData>
		<SimpleData name="extrude">0</SimpleData>
		<SimpleData name="visibility">-1</SimpleData>
		<SimpleData name="Customer">5647168.0</SimpleData>
		<SimpleData name="Name_1">WR BUNDA FATIMAH</SimpleData>
		<SimpleData name="Represent_">9.0052418E7</SimpleData>
		<SimpleData name="Jwk_Salesman">KAMIS GANJIL</SimpleData>
		<SimpleData name="SC">SD400A00134156E</SimpleData>
		<SimpleData name="Descript_">Daya Murni</SimpleData>
		<SimpleData name="LAT">-4.631781</SimpleData>
		<SimpleData name="LONG">105.082365</SimpleData>
	</SchemaData></ExtendedData>
      <Point><coordinates>105.082365,-4.631781,0</coordinates></Point>
  </Placemark>
  <Placemark id="doc__recov_yudafeb26xlsx.153">
	<name>Yuda Nurisman</name>
	<description>Customer: 5647283&lt;br&gt;Name 1: TK HERI&lt;br&gt;Represent.: 90052418&lt;br&gt;Jwk Salesman: SENIN GENAP&lt;br&gt;SC: SD400A00134067E&lt;br&gt;Descript.: Mulya Asri&lt;br&gt;LAT: -4.640152&lt;br&gt;LONG: 105.206541</description>
	<ExtendedData><SchemaData schemaUrl="#doc__recov_yudafeb26xlsx">
		<SimpleData name="tessellate">-1</SimpleData>
		<SimpleData name="extrude">0</SimpleData>
		<SimpleData name="visibility">-1</SimpleData>
		<SimpleData name="Customer">5647283.0</SimpleData>
		<SimpleData name="Name_1">TK HERI</SimpleData>
		<SimpleData name="Represent_">9.0052418E7</SimpleData>
		<SimpleData name="Jwk_Salesman">SENIN GENAP</SimpleData>
		<SimpleData name="SC">SD400A00134067E</SimpleData>
		<SimpleData name="Descript_">Mulya Asri</SimpleData>
		<SimpleData name="LAT">-4.640152</SimpleData>
		<SimpleData name="LONG">105.206541</SimpleData>
	</SchemaData></ExtendedData>
      <Point><coordinates>105.206541,-4.640152,0</coordinates></Point>
  </Placemark>
  <Placemark id="doc__recov_yudafeb26xlsx.154">
	<name>Yuda Nurisman</name>
	<description>Customer: 5649384&lt;br&gt;Name 1: TK AL HAMDULILAH&lt;br&gt;Represent.: 90052418&lt;br&gt;Jwk Salesman: SENIN GENAP&lt;br&gt;SC: SD400A00134745E&lt;br&gt;Descript.: Kamp Tua&lt;br&gt;LAT: -4.571111&lt;br&gt;LONG: 105.190243</description>
	<ExtendedData><SchemaData schemaUrl="#doc__recov_yudafeb26xlsx">
		<SimpleData name="tessellate">-1</SimpleData>
		<SimpleData name="extrude">0</SimpleData>
		<SimpleData name="visibility">-1</SimpleData>
		<SimpleData name="Customer">5649384.0</SimpleData>
		<SimpleData name="Name_1">TK AL HAMDULILAH</SimpleData>
		<SimpleData name="Represent_">9.0052418E7</SimpleData>
		<SimpleData name="Jwk_Salesman">SENIN GENAP</SimpleData>
		<SimpleData name="SC">SD400A00134745E</SimpleData>
		<SimpleData name="Descript_">Kamp Tua</SimpleData>
		<SimpleData name="LAT">-4.571111</SimpleData>
		<SimpleData name="LONG">105.190243</SimpleData>
	</SchemaData></ExtendedData>
      <Point><coordinates>105.190243,-4.571111,0</coordinates></Point>
  </Placemark>
  <Placemark id="doc__recov_yudafeb26xlsx.155">
	<name>Yuda Nurisman</name>
	<description>Customer: 605980&lt;br&gt;Name 1: TK NUR MULYA KENCANA&lt;br&gt;Represent.: 90052418&lt;br&gt;Jwk Salesman: KAMIS GENAP&lt;br&gt;SC: SD400A00134758E&lt;br&gt;Descript.: mulyo kencono&lt;br&gt;LAT: -4.574442&lt;br&gt;LONG: 105.149729</description>
	<ExtendedData><SchemaData schemaUrl="#doc__recov_yudafeb26xlsx">
		<SimpleData name="tessellate">-1</SimpleData>
		<SimpleData name="extrude">0</SimpleData>
		<SimpleData name="visibility">-1</SimpleData>
		<SimpleData name="Customer">605980.0</SimpleData>
		<SimpleData name="Name_1">TK NUR MULYA KENCANA</SimpleData>
		<SimpleData name="Represent_">9.0052418E7</SimpleData>
		<SimpleData name="Jwk_Salesman">KAMIS GENAP</SimpleData>
		<SimpleData name="SC">SD400A00134758E</SimpleData>
		<SimpleData name="Descript_">mulyo kencono</SimpleData>
		<SimpleData name="LAT">-4.574442</SimpleData>
		<SimpleData name="LONG">105.149729</SimpleData>
	</SchemaData></ExtendedData>
      <Point><coordinates>105.149729,-4.574442,0</coordinates></Point>
  </Placemark>
  <Placemark id="doc__recov_yudafeb26xlsx.156">
	<name>Yuda Nurisman</name>
	<description>Customer: 1736629&lt;br&gt;Name 1: TK MUNTARI&lt;br&gt;Represent.: 90052418&lt;br&gt;Jwk Salesman: KAMIS GENAP&lt;br&gt;SC: SD400A00134499E&lt;br&gt;Descript.: Mulya Asri&lt;br&gt;LAT: -4.63193&lt;br&gt;LONG: 105.140032</description>
	<ExtendedData><SchemaData schemaUrl="#doc__recov_yudafeb26xlsx">
		<SimpleData name="tessellate">-1</SimpleData>
		<SimpleData name="extrude">0</SimpleData>
		<SimpleData name="visibility">-1</SimpleData>
		<SimpleData name="Customer">1736629.0</SimpleData>
		<SimpleData name="Name_1">TK MUNTARI</SimpleData>
		<SimpleData name="Represent_">9.0052418E7</SimpleData>
		<SimpleData name="Jwk_Salesman">KAMIS GENAP</SimpleData>
		<SimpleData name="SC">SD400A00134499E</SimpleData>
		<SimpleData name="Descript_">Mulya Asri</SimpleData>
		<SimpleData name="LAT">-4.63193</SimpleData>
		<SimpleData name="LONG">105.140032</SimpleData>
	</SchemaData></ExtendedData>
      <Point><coordinates>105.140032,-4.63193,0</coordinates></Point>
  </Placemark>
  <Placemark id="doc__recov_yudafeb26xlsx.157">
	<name>Yuda Nurisman</name>
	<description>Customer: 5073987&lt;br&gt;Name 1: TK.RMD&lt;br&gt;Represent.: 90052418&lt;br&gt;Jwk Salesman: JUMAT GANJIL&lt;br&gt;SC: SD400A00134491E&lt;br&gt;Descript.: tirto kencono&lt;br&gt;LAT: -4.546157&lt;br&gt;LONG: 105.132946</description>
	<ExtendedData><SchemaData schemaUrl="#doc__recov_yudafeb26xlsx">
		<SimpleData name="tessellate">-1</SimpleData>
		<SimpleData name="extrude">0</SimpleData>
		<SimpleData name="visibility">-1</SimpleData>
		<SimpleData name="Customer">5073987.0</SimpleData>
		<SimpleData name="Name_1">TK.RMD</SimpleData>
		<SimpleData name="Represent_">9.0052418E7</SimpleData>
		<SimpleData name="Jwk_Salesman">JUMAT GANJIL</SimpleData>
		<SimpleData name="SC">SD400A00134491E</SimpleData>
		<SimpleData name="Descript_">tirto kencono</SimpleData>
		<SimpleData name="LAT">-4.546157</SimpleData>
		<SimpleData name="LONG">105.132946</SimpleData>
	</SchemaData></ExtendedData>
      <Point><coordinates>105.132946,-4.546157,0</coordinates></Point>
  </Placemark>
  <Placemark id="doc__recov_yudafeb26xlsx.158">
	<name>Yuda Nurisman</name>
	<description>Customer: 5652441&lt;br&gt;Name 1: TK FAHRI&lt;br&gt;Represent.: 90052418&lt;br&gt;Jwk Salesman: SENIN GENAP&lt;br&gt;SC: SD400A00134768E&lt;br&gt;Descript.: Mulya Asri&lt;br&gt;LAT: -4.641991&lt;br&gt;LONG: 105.202611</description>
	<ExtendedData><SchemaData schemaUrl="#doc__recov_yudafeb26xlsx">
		<SimpleData name="tessellate">-1</SimpleData>
		<SimpleData name="extrude">0</SimpleData>
		<SimpleData name="visibility">-1</SimpleData>
		<SimpleData name="Customer">5652441.0</SimpleData>
		<SimpleData name="Name_1">TK FAHRI</SimpleData>
		<SimpleData name="Represent_">9.0052418E7</SimpleData>
		<SimpleData name="Jwk_Salesman">SENIN GENAP</SimpleData>
		<SimpleData name="SC">SD400A00134768E</SimpleData>
		<SimpleData name="Descript_">Mulya Asri</SimpleData>
		<SimpleData name="LAT">-4.641991</SimpleData>
		<SimpleData name="LONG">105.202611</SimpleData>
	</SchemaData></ExtendedData>
      <Point><coordinates>105.202611,-4.641991,0</coordinates></Point>
  </Placemark>
  <Placemark id="doc__recov_yudafeb26xlsx.159">
	<name>Yuda Nurisman</name>
	<description>Customer: 5028918&lt;br&gt;Name 1: TK.HANIN&lt;br&gt;Represent.: 90052418&lt;br&gt;Jwk Salesman: KAMIS GANJIL&lt;br&gt;SC: SD400A00134498E&lt;br&gt;Descript.: pulung kencono&lt;br&gt;LAT: -4.588839&lt;br&gt;LONG: 105.101917</description>
	<ExtendedData><SchemaData schemaUrl="#doc__recov_yudafeb26xlsx">
		<SimpleData name="tessellate">-1</SimpleData>
		<SimpleData name="extrude">0</SimpleData>
		<SimpleData name="visibility">-1</SimpleData>
		<SimpleData name="Customer">5028918.0</SimpleData>
		<SimpleData name="Name_1">TK.HANIN</SimpleData>
		<SimpleData name="Represent_">9.0052418E7</SimpleData>
		<SimpleData name="Jwk_Salesman">KAMIS GANJIL</SimpleData>
		<SimpleData name="SC">SD400A00134498E</SimpleData>
		<SimpleData name="Descript_">pulung kencono</SimpleData>
		<SimpleData name="LAT">-4.588839</SimpleData>
		<SimpleData name="LONG">105.101917</SimpleData>
	</SchemaData></ExtendedData>
      <Point><coordinates>105.101917,-4.588839,0</coordinates></Point>
  </Placemark>
  <Placemark id="doc__recov_yudafeb26xlsx.160">
	<name>Yuda Nurisman</name>
	<description>Customer: 5663556&lt;br&gt;Name 1: WARUNG MUSASA&lt;br&gt;Represent.: 90052418&lt;br&gt;Jwk Salesman: SENIN GENAP&lt;br&gt;SC: SD400A00134117E&lt;br&gt;Descript.: Mulya Asri&lt;br&gt;LAT: -4.638686&lt;br&gt;LONG: 105.198476</description>
	<ExtendedData><SchemaData schemaUrl="#doc__recov_yudafeb26xlsx">
		<SimpleData name="tessellate">-1</SimpleData>
		<SimpleData name="extrude">0</SimpleData>
		<SimpleData name="visibility">-1</SimpleData>
		<SimpleData name="Customer">5663556.0</SimpleData>
		<SimpleData name="Name_1">WARUNG MUSASA</SimpleData>
		<SimpleData name="Represent_">9.0052418E7</SimpleData>
		<SimpleData name="Jwk_Salesman">SENIN GENAP</SimpleData>
		<SimpleData name="SC">SD400A00134117E</SimpleData>
		<SimpleData name="Descript_">Mulya Asri</SimpleData>
		<SimpleData name="LAT">-4.638686</SimpleData>
		<SimpleData name="LONG">105.198476</SimpleData>
	</SchemaData></ExtendedData>
      <Point><coordinates>105.198476,-4.638686,0</coordinates></Point>
  </Placemark>
  <Placemark id="doc__recov_yudafeb26xlsx.161">
	<name>Yuda Nurisman</name>
	<description>Customer: 3212792&lt;br&gt;Name 1: TK ARVI&lt;br&gt;Represent.: 90052418&lt;br&gt;Jwk Salesman: KAMIS GANJIL&lt;br&gt;SC: SD400A00141090H&lt;br&gt;Descript.: Daya Murni&lt;br&gt;LAT: -4.623523&lt;br&gt;LONG: 105.061551</description>
	<ExtendedData><SchemaData schemaUrl="#doc__recov_yudafeb26xlsx">
		<SimpleData name="tessellate">-1</SimpleData>
		<SimpleData name="extrude">0</SimpleData>
		<SimpleData name="visibility">-1</SimpleData>
		<SimpleData name="Customer">3212792.0</SimpleData>
		<SimpleData name="Name_1">TK ARVI</SimpleData>
		<SimpleData name="Represent_">9.0052418E7</SimpleData>
		<SimpleData name="Jwk_Salesman">KAMIS GANJIL</SimpleData>
		<SimpleData name="SC">SD400A00141090H</SimpleData>
		<SimpleData name="Descript_">Daya Murni</SimpleData>
		<SimpleData name="LAT">-4.623523</SimpleData>
		<SimpleData name="LONG">105.061551</SimpleData>
	</SchemaData></ExtendedData>
      <Point><coordinates>105.061551,-4.623523,0</coordinates></Point>
  </Placemark>
  <Placemark id="doc__recov_yudafeb26xlsx.162">
	<name>Yuda Nurisman</name>
	<description>Customer: 5677199&lt;br&gt;Name 1: TK SITI SEMBAKO&lt;br&gt;Represent.: 90052418&lt;br&gt;Jwk Salesman: RABU GENAP&lt;br&gt;SC: SD400A00118271E&lt;br&gt;Descript.: Unit 8&lt;br&gt;LAT: -4.374196&lt;br&gt;LONG: 105.234605</description>
	<ExtendedData><SchemaData schemaUrl="#doc__recov_yudafeb26xlsx">
		<SimpleData name="tessellate">-1</SimpleData>
		<SimpleData name="extrude">0</SimpleData>
		<SimpleData name="visibility">-1</SimpleData>
		<SimpleData name="Customer">5677199.0</SimpleData>
		<SimpleData name="Name_1">TK SITI SEMBAKO</SimpleData>
		<SimpleData name="Represent_">9.0052418E7</SimpleData>
		<SimpleData name="Jwk_Salesman">RABU GENAP</SimpleData>
		<SimpleData name="SC">SD400A00118271E</SimpleData>
		<SimpleData name="Descript_">Unit 8</SimpleData>
		<SimpleData name="LAT">-4.374196</SimpleData>
		<SimpleData name="LONG">105.234605</SimpleData>
	</SchemaData></ExtendedData>
      <Point><coordinates>105.234605,-4.374196,0</coordinates></Point>
  </Placemark>
  <Placemark id="doc__recov_yudafeb26xlsx.163">
	<name>Yuda Nurisman</name>
	<description>Customer: 3212806&lt;br&gt;Name 1: TK VIKA&lt;br&gt;Represent.: 90052418&lt;br&gt;Jwk Salesman: KAMIS GANJIL&lt;br&gt;SC: SD400A00140632H&lt;br&gt;Descript.: Daya Murni&lt;br&gt;LAT: -4.6246654&lt;br&gt;LONG: 105.0671755</description>
	<ExtendedData><SchemaData schemaUrl="#doc__recov_yudafeb26xlsx">
		<SimpleData name="tessellate">-1</SimpleData>
		<SimpleData name="extrude">0</SimpleData>
		<SimpleData name="visibility">-1</SimpleData>
		<SimpleData name="Customer">3212806.0</SimpleData>
		<SimpleData name="Name_1">TK VIKA</SimpleData>
		<SimpleData name="Represent_">9.0052418E7</SimpleData>
		<SimpleData name="Jwk_Salesman">KAMIS GANJIL</SimpleData>
		<SimpleData name="SC">SD400A00140632H</SimpleData>
		<SimpleData name="Descript_">Daya Murni</SimpleData>
		<SimpleData name="LAT">-4.6246654</SimpleData>
		<SimpleData name="LONG">105.0671755</SimpleData>
	</SchemaData></ExtendedData>
      <Point><coordinates>105.0671755,-4.6246654,0</coordinates></Point>
  </Placemark>
  <Placemark id="doc__recov_yudafeb26xlsx.164">
	<name>Yuda Nurisman</name>
	<description>Customer: 5695285&lt;br&gt;Name 1: TK ZIAN&lt;br&gt;Represent.: 90052418&lt;br&gt;Jwk Salesman: KAMIS GANJIL&lt;br&gt;SC: SD400A00140669H&lt;br&gt;Descript.: Mulya Asri&lt;br&gt;LAT: -4.623532&lt;br&gt;LONG: 105.106986</description>
	<ExtendedData><SchemaData schemaUrl="#doc__recov_yudafeb26xlsx">
		<SimpleData name="tessellate">-1</SimpleData>
		<SimpleData name="extrude">0</SimpleData>
		<SimpleData name="visibility">-1</SimpleData>
		<SimpleData name="Customer">5695285.0</SimpleData>
		<SimpleData name="Name_1">TK ZIAN</SimpleData>
		<SimpleData name="Represent_">9.0052418E7</SimpleData>
		<SimpleData name="Jwk_Salesman">KAMIS GANJIL</SimpleData>
		<SimpleData name="SC">SD400A00140669H</SimpleData>
		<SimpleData name="Descript_">Mulya Asri</SimpleData>
		<SimpleData name="LAT">-4.623532</SimpleData>
		<SimpleData name="LONG">105.106986</SimpleData>
	</SchemaData></ExtendedData>
      <Point><coordinates>105.106986,-4.623532,0</coordinates></Point>
  </Placemark>
  <Placemark id="doc__recov_yudafeb26xlsx.165">
	<name>Yuda Nurisman</name>
	<description>Customer: 5709134&lt;br&gt;Name 1: TK SIMARMATA&lt;br&gt;Represent.: 90052418&lt;br&gt;Jwk Salesman: SABTU GENAP&lt;br&gt;SC: SD400A00140719H&lt;br&gt;Descript.: PS . UNIT 6&lt;br&gt;LAT: -4.346161&lt;br&gt;LONG: 105.194333</description>
	<ExtendedData><SchemaData schemaUrl="#doc__recov_yudafeb26xlsx">
		<SimpleData name="tessellate">-1</SimpleData>
		<SimpleData name="extrude">0</SimpleData>
		<SimpleData name="visibility">-1</SimpleData>
		<SimpleData name="Customer">5709134.0</SimpleData>
		<SimpleData name="Name_1">TK SIMARMATA</SimpleData>
		<SimpleData name="Represent_">9.0052418E7</SimpleData>
		<SimpleData name="Jwk_Salesman">SABTU GENAP</SimpleData>
		<SimpleData name="SC">SD400A00140719H</SimpleData>
		<SimpleData name="Descript_">PS . UNIT 6</SimpleData>
		<SimpleData name="LAT">-4.346161</SimpleData>
		<SimpleData name="LONG">105.194333</SimpleData>
	</SchemaData></ExtendedData>
      <Point><coordinates>105.194333,-4.346161,0</coordinates></Point>
  </Placemark>
  <Placemark id="doc__recov_yudafeb26xlsx.166">
	<name>Yuda Nurisman</name>
	<description>Customer: 5710254&lt;br&gt;Name 1: TK RAMIYAH&lt;br&gt;Represent.: 90052418&lt;br&gt;Jwk Salesman: RABU GANJIL&lt;br&gt;SC: SD400A00141057H&lt;br&gt;Descript.: Panaragan Jaya&lt;br&gt;LAT: -4.546022&lt;br&gt;LONG: 105.094434</description>
	<ExtendedData><SchemaData schemaUrl="#doc__recov_yudafeb26xlsx">
		<SimpleData name="tessellate">-1</SimpleData>
		<SimpleData name="extrude">0</SimpleData>
		<SimpleData name="visibility">-1</SimpleData>
		<SimpleData name="Customer">5710254.0</SimpleData>
		<SimpleData name="Name_1">TK RAMIYAH</SimpleData>
		<SimpleData name="Represent_">9.0052418E7</SimpleData>
		<SimpleData name="Jwk_Salesman">RABU GANJIL</SimpleData>
		<SimpleData name="SC">SD400A00141057H</SimpleData>
		<SimpleData name="Descript_">Panaragan Jaya</SimpleData>
		<SimpleData name="LAT">-4.546022</SimpleData>
		<SimpleData name="LONG">105.094434</SimpleData>
	</SchemaData></ExtendedData>
      <Point><coordinates>105.094434,-4.546022,0</coordinates></Point>
  </Placemark>
  <Placemark id="doc__recov_yudafeb26xlsx.167">
	<name>Yuda Nurisman</name>
	<description>Customer: 5710255&lt;br&gt;Name 1: TK BAGUS&lt;br&gt;Represent.: 90052418&lt;br&gt;Jwk Salesman: RABU GANJIL&lt;br&gt;SC: SD400A00139909H&lt;br&gt;Descript.: Panaragan Jaya&lt;br&gt;LAT: -4.52153&lt;br&gt;LONG: 105.084894</description>
	<ExtendedData><SchemaData schemaUrl="#doc__recov_yudafeb26xlsx">
		<SimpleData name="tessellate">-1</SimpleData>
		<SimpleData name="extrude">0</SimpleData>
		<SimpleData name="visibility">-1</SimpleData>
		<SimpleData name="Customer">5710255.0</SimpleData>
		<SimpleData name="Name_1">TK BAGUS</SimpleData>
		<SimpleData name="Represent_">9.0052418E7</SimpleData>
		<SimpleData name="Jwk_Salesman">RABU GANJIL</SimpleData>
		<SimpleData name="SC">SD400A00139909H</SimpleData>
		<SimpleData name="Descript_">Panaragan Jaya</SimpleData>
		<SimpleData name="LAT">-4.52153</SimpleData>
		<SimpleData name="LONG">105.084894</SimpleData>
	</SchemaData></ExtendedData>
      <Point><coordinates>105.084894,-4.52153,0</coordinates></Point>
  </Placemark>
  <Placemark id="doc__recov_yudafeb26xlsx.168">
	<name>Yuda Nurisman</name>
	<description>Customer: 5710256&lt;br&gt;Name 1: AGFIT CELL&lt;br&gt;Represent.: 90052418&lt;br&gt;Jwk Salesman: RABU GANJIL&lt;br&gt;SC: SD400A00139912H&lt;br&gt;Descript.: Panaragan Jaya&lt;br&gt;LAT: -4.508738&lt;br&gt;LONG: 105.0874021</description>
	<ExtendedData><SchemaData schemaUrl="#doc__recov_yudafeb26xlsx">
		<SimpleData name="tessellate">-1</SimpleData>
		<SimpleData name="extrude">0</SimpleData>
		<SimpleData name="visibility">-1</SimpleData>
		<SimpleData name="Customer">5710256.0</SimpleData>
		<SimpleData name="Name_1">AGFIT CELL</SimpleData>
		<SimpleData name="Represent_">9.0052418E7</SimpleData>
		<SimpleData name="Jwk_Salesman">RABU GANJIL</SimpleData>
		<SimpleData name="SC">SD400A00139912H</SimpleData>
		<SimpleData name="Descript_">Panaragan Jaya</SimpleData>
		<SimpleData name="LAT">-4.508738</SimpleData>
		<SimpleData name="LONG">105.0874021</SimpleData>
	</SchemaData></ExtendedData>
      <Point><coordinates>105.0874021,-4.508738,0</coordinates></Point>
  </Placemark>
  <Placemark id="doc__recov_yudafeb26xlsx.169">
	<name>Yuda Nurisman</name>
	<description>Customer: 5714922&lt;br&gt;Name 1: TK YOGI&lt;br&gt;Represent.: 90052418&lt;br&gt;Jwk Salesman: RABU GANJIL&lt;br&gt;SC: SD400A00139911H&lt;br&gt;Descript.: Panaragan Jaya&lt;br&gt;LAT: -4.565125&lt;br&gt;LONG: 105.071188</description>
	<ExtendedData><SchemaData schemaUrl="#doc__recov_yudafeb26xlsx">
		<SimpleData name="tessellate">-1</SimpleData>
		<SimpleData name="extrude">0</SimpleData>
		<SimpleData name="visibility">-1</SimpleData>
		<SimpleData name="Customer">5714922.0</SimpleData>
		<SimpleData name="Name_1">TK YOGI</SimpleData>
		<SimpleData name="Represent_">9.0052418E7</SimpleData>
		<SimpleData name="Jwk_Salesman">RABU GANJIL</SimpleData>
		<SimpleData name="SC">SD400A00139911H</SimpleData>
		<SimpleData name="Descript_">Panaragan Jaya</SimpleData>
		<SimpleData name="LAT">-4.565125</SimpleData>
		<SimpleData name="LONG">105.071188</SimpleData>
	</SchemaData></ExtendedData>
      <Point><coordinates>105.071188,-4.565125,0</coordinates></Point>
  </Placemark>
  <Placemark id="doc__recov_yudafeb26xlsx.170">
	<name>Yuda Nurisman</name>
	<description>Customer: 5714923&lt;br&gt;Name 1: TK MUSTIKA&lt;br&gt;Represent.: 90052418&lt;br&gt;Jwk Salesman: KAMIS GANJIL&lt;br&gt;SC: SD400A00140712H&lt;br&gt;Descript.: Panaragan Jaya&lt;br&gt;LAT: -4.588585&lt;br&gt;LONG: 105.117024</description>
	<ExtendedData><SchemaData schemaUrl="#doc__recov_yudafeb26xlsx">
		<SimpleData name="tessellate">-1</SimpleData>
		<SimpleData name="extrude">0</SimpleData>
		<SimpleData name="visibility">-1</SimpleData>
		<SimpleData name="Customer">5714923.0</SimpleData>
		<SimpleData name="Name_1">TK MUSTIKA</SimpleData>
		<SimpleData name="Represent_">9.0052418E7</SimpleData>
		<SimpleData name="Jwk_Salesman">KAMIS GANJIL</SimpleData>
		<SimpleData name="SC">SD400A00140712H</SimpleData>
		<SimpleData name="Descript_">Panaragan Jaya</SimpleData>
		<SimpleData name="LAT">-4.588585</SimpleData>
		<SimpleData name="LONG">105.117024</SimpleData>
	</SchemaData></ExtendedData>
      <Point><coordinates>105.117024,-4.588585,0</coordinates></Point>
  </Placemark>
  <Placemark id="doc__recov_yudafeb26xlsx.171">
	<name>Yuda Nurisman</name>
	<description>Customer: 5718207&lt;br&gt;Name 1: TK RH&lt;br&gt;Represent.: 90052418&lt;br&gt;Jwk Salesman: JUMAT GANJIL&lt;br&gt;SC: SD400A00118734E&lt;br&gt;Descript.: tirto kencono&lt;br&gt;LAT: -4.503207&lt;br&gt;LONG: 105.141581</description>
	<ExtendedData><SchemaData schemaUrl="#doc__recov_yudafeb26xlsx">
		<SimpleData name="tessellate">-1</SimpleData>
		<SimpleData name="extrude">0</SimpleData>
		<SimpleData name="visibility">-1</SimpleData>
		<SimpleData name="Customer">5718207.0</SimpleData>
		<SimpleData name="Name_1">TK RH</SimpleData>
		<SimpleData name="Represent_">9.0052418E7</SimpleData>
		<SimpleData name="Jwk_Salesman">JUMAT GANJIL</SimpleData>
		<SimpleData name="SC">SD400A00118734E</SimpleData>
		<SimpleData name="Descript_">tirto kencono</SimpleData>
		<SimpleData name="LAT">-4.503207</SimpleData>
		<SimpleData name="LONG">105.141581</SimpleData>
	</SchemaData></ExtendedData>
      <Point><coordinates>105.141581,-4.503207,0</coordinates></Point>
  </Placemark>
  <Placemark id="doc__recov_yudafeb26xlsx.172">
	<name>Yuda Nurisman</name>
	<description>Customer: 3212971&lt;br&gt;Name 1: WR BUDE ARI&lt;br&gt;Represent.: 90052418&lt;br&gt;Jwk Salesman: KAMIS GENAP&lt;br&gt;SC: SD400A00140663H&lt;br&gt;Descript.: mulyo kencono&lt;br&gt;LAT: -4.606685&lt;br&gt;LONG: 105.13482</description>
	<ExtendedData><SchemaData schemaUrl="#doc__recov_yudafeb26xlsx">
		<SimpleData name="tessellate">-1</SimpleData>
		<SimpleData name="extrude">0</SimpleData>
		<SimpleData name="visibility">-1</SimpleData>
		<SimpleData name="Customer">3212971.0</SimpleData>
		<SimpleData name="Name_1">WR BUDE ARI</SimpleData>
		<SimpleData name="Represent_">9.0052418E7</SimpleData>
		<SimpleData name="Jwk_Salesman">KAMIS GENAP</SimpleData>
		<SimpleData name="SC">SD400A00140663H</SimpleData>
		<SimpleData name="Descript_">mulyo kencono</SimpleData>
		<SimpleData name="LAT">-4.606685</SimpleData>
		<SimpleData name="LONG">105.13482</SimpleData>
	</SchemaData></ExtendedData>
      <Point><coordinates>105.13482,-4.606685,0</coordinates></Point>
  </Placemark>
  <Placemark id="doc__recov_yudafeb26xlsx.173">
	<name>Yuda Nurisman</name>
	<description>Customer: 5636980&lt;br&gt;Name 1: TOKO AYU SRI WIJI ANTI&lt;br&gt;Represent.: 90052418&lt;br&gt;Jwk Salesman: KAMIS GANJIL&lt;br&gt;SC: SD400A00140667H&lt;br&gt;Descript.: pulung kencono&lt;br&gt;LAT: -4.590326&lt;br&gt;LONG: 105.094825</description>
	<ExtendedData><SchemaData schemaUrl="#doc__recov_yudafeb26xlsx">
		<SimpleData name="tessellate">-1</SimpleData>
		<SimpleData name="extrude">0</SimpleData>
		<SimpleData name="visibility">-1</SimpleData>
		<SimpleData name="Customer">5636980.0</SimpleData>
		<SimpleData name="Name_1">TOKO AYU SRI WIJI ANTI</SimpleData>
		<SimpleData name="Represent_">9.0052418E7</SimpleData>
		<SimpleData name="Jwk_Salesman">KAMIS GANJIL</SimpleData>
		<SimpleData name="SC">SD400A00140667H</SimpleData>
		<SimpleData name="Descript_">pulung kencono</SimpleData>
		<SimpleData name="LAT">-4.590326</SimpleData>
		<SimpleData name="LONG">105.094825</SimpleData>
	</SchemaData></ExtendedData>
      <Point><coordinates>105.094825,-4.590326,0</coordinates></Point>
  </Placemark>
  <Placemark id="doc__recov_yudafeb26xlsx.174">
	<name>Yuda Nurisman</name>
	<description>Customer: 5721269&lt;br&gt;Name 1: TK LINA&lt;br&gt;Represent.: 90052418&lt;br&gt;Jwk Salesman: SENIN GANJIL&lt;br&gt;SC: SD400A00140628H&lt;br&gt;Descript.: PS. SPI MENGGALA C&lt;br&gt;LAT: -4.289878&lt;br&gt;LONG: 105.166938</description>
	<ExtendedData><SchemaData schemaUrl="#doc__recov_yudafeb26xlsx">
		<SimpleData name="tessellate">-1</SimpleData>
		<SimpleData name="extrude">0</SimpleData>
		<SimpleData name="visibility">-1</SimpleData>
		<SimpleData name="Customer">5721269.0</SimpleData>
		<SimpleData name="Name_1">TK LINA</SimpleData>
		<SimpleData name="Represent_">9.0052418E7</SimpleData>
		<SimpleData name="Jwk_Salesman">SENIN GANJIL</SimpleData>
		<SimpleData name="SC">SD400A00140628H</SimpleData>
		<SimpleData name="Descript_">PS. SPI MENGGALA C</SimpleData>
		<SimpleData name="LAT">-4.289878</SimpleData>
		<SimpleData name="LONG">105.166938</SimpleData>
	</SchemaData></ExtendedData>
      <Point><coordinates>105.166938,-4.289878,0</coordinates></Point>
  </Placemark>
  <Placemark id="doc__recov_yudafeb26xlsx.175">
	<name>Yuda Nurisman</name>
	<description>Customer: 5722278&lt;br&gt;Name 1: TK YANI&lt;br&gt;Represent.: 90052418&lt;br&gt;Jwk Salesman: JUMAT GANJIL&lt;br&gt;SC: SD400A00118846E&lt;br&gt;Descript.: tirto kencono&lt;br&gt;LAT: -4.528515&lt;br&gt;LONG: 105.133834</description>
	<ExtendedData><SchemaData schemaUrl="#doc__recov_yudafeb26xlsx">
		<SimpleData name="tessellate">-1</SimpleData>
		<SimpleData name="extrude">0</SimpleData>
		<SimpleData name="visibility">-1</SimpleData>
		<SimpleData name="Customer">5722278.0</SimpleData>
		<SimpleData name="Name_1">TK YANI</SimpleData>
		<SimpleData name="Represent_">9.0052418E7</SimpleData>
		<SimpleData name="Jwk_Salesman">JUMAT GANJIL</SimpleData>
		<SimpleData name="SC">SD400A00118846E</SimpleData>
		<SimpleData name="Descript_">tirto kencono</SimpleData>
		<SimpleData name="LAT">-4.528515</SimpleData>
		<SimpleData name="LONG">105.133834</SimpleData>
	</SchemaData></ExtendedData>
      <Point><coordinates>105.133834,-4.528515,0</coordinates></Point>
  </Placemark>
  <Placemark id="doc__recov_yudafeb26xlsx.176">
	<name>Yuda Nurisman</name>
	<description>Customer: 1765051&lt;br&gt;Name 1: WR BU ANI&lt;br&gt;Represent.: 90052418&lt;br&gt;Jwk Salesman: SENIN GANJIL&lt;br&gt;SC: SD400A00140670H&lt;br&gt;Descript.: BLJ SPI&lt;br&gt;LAT: -4.246198&lt;br&gt;LONG: 105.165344</description>
	<ExtendedData><SchemaData schemaUrl="#doc__recov_yudafeb26xlsx">
		<SimpleData name="tessellate">-1</SimpleData>
		<SimpleData name="extrude">0</SimpleData>
		<SimpleData name="visibility">-1</SimpleData>
		<SimpleData name="Customer">1765051.0</SimpleData>
		<SimpleData name="Name_1">WR BU ANI</SimpleData>
		<SimpleData name="Represent_">9.0052418E7</SimpleData>
		<SimpleData name="Jwk_Salesman">SENIN GANJIL</SimpleData>
		<SimpleData name="SC">SD400A00140670H</SimpleData>
		<SimpleData name="Descript_">BLJ SPI</SimpleData>
		<SimpleData name="LAT">-4.246198</SimpleData>
		<SimpleData name="LONG">105.165344</SimpleData>
	</SchemaData></ExtendedData>
      <Point><coordinates>105.165344,-4.246198,0</coordinates></Point>
  </Placemark>
  <Placemark id="doc__recov_yudafeb26xlsx.177">
	<name>Yuda Nurisman</name>
	<description>Customer: 5268271&lt;br&gt;Name 1: TK SRIWAHYUNI&lt;br&gt;Represent.: 90052418&lt;br&gt;Jwk Salesman: SELASA GENAP&lt;br&gt;SC: SD400A00145616H&lt;br&gt;Descript.: Unit 8&lt;br&gt;LAT: -4.385208&lt;br&gt;LONG: 105.302089</description>
	<ExtendedData><SchemaData schemaUrl="#doc__recov_yudafeb26xlsx">
		<SimpleData name="tessellate">-1</SimpleData>
		<SimpleData name="extrude">0</SimpleData>
		<SimpleData name="visibility">-1</SimpleData>
		<SimpleData name="Customer">5268271.0</SimpleData>
		<SimpleData name="Name_1">TK SRIWAHYUNI</SimpleData>
		<SimpleData name="Represent_">9.0052418E7</SimpleData>
		<SimpleData name="Jwk_Salesman">SELASA GENAP</SimpleData>
		<SimpleData name="SC">SD400A00145616H</SimpleData>
		<SimpleData name="Descript_">Unit 8</SimpleData>
		<SimpleData name="LAT">-4.385208</SimpleData>
		<SimpleData name="LONG">105.302089</SimpleData>
	</SchemaData></ExtendedData>
      <Point><coordinates>105.302089,-4.385208,0</coordinates></Point>
  </Placemark>
  <Placemark id="doc__recov_yudafeb26xlsx.178">
	<name>Yuda Nurisman</name>
	<description>Customer: 5743846&lt;br&gt;Name 1: WR YOMAN&lt;br&gt;Represent.: 90052418&lt;br&gt;Jwk Salesman: KAMIS GENAP&lt;br&gt;SC: SD400A00144873H&lt;br&gt;Descript.: Mulya Asri&lt;br&gt;LAT: -4.62998&lt;br&gt;LONG: 105.155845</description>
	<ExtendedData><SchemaData schemaUrl="#doc__recov_yudafeb26xlsx">
		<SimpleData name="tessellate">-1</SimpleData>
		<SimpleData name="extrude">0</SimpleData>
		<SimpleData name="visibility">-1</SimpleData>
		<SimpleData name="Customer">5743846.0</SimpleData>
		<SimpleData name="Name_1">WR YOMAN</SimpleData>
		<SimpleData name="Represent_">9.0052418E7</SimpleData>
		<SimpleData name="Jwk_Salesman">KAMIS GENAP</SimpleData>
		<SimpleData name="SC">SD400A00144873H</SimpleData>
		<SimpleData name="Descript_">Mulya Asri</SimpleData>
		<SimpleData name="LAT">-4.62998</SimpleData>
		<SimpleData name="LONG">105.155845</SimpleData>
	</SchemaData></ExtendedData>
      <Point><coordinates>105.155845,-4.62998,0</coordinates></Point>
  </Placemark>
  <Placemark id="doc__recov_yudafeb26xlsx.179">
	<name>Yuda Nurisman</name>
	<description>Customer: 5743847&lt;br&gt;Name 1: TK KENZIE F.J&lt;br&gt;Represent.: 90052418&lt;br&gt;Jwk Salesman: KAMIS GENAP&lt;br&gt;SC: SD400A00147699H&lt;br&gt;Descript.: Mulya Asri&lt;br&gt;LAT: -4.6372375&lt;br&gt;LONG: 105.1548281</description>
	<ExtendedData><SchemaData schemaUrl="#doc__recov_yudafeb26xlsx">
		<SimpleData name="tessellate">-1</SimpleData>
		<SimpleData name="extrude">0</SimpleData>
		<SimpleData name="visibility">-1</SimpleData>
		<SimpleData name="Customer">5743847.0</SimpleData>
		<SimpleData name="Name_1">TK KENZIE F.J</SimpleData>
		<SimpleData name="Represent_">9.0052418E7</SimpleData>
		<SimpleData name="Jwk_Salesman">KAMIS GENAP</SimpleData>
		<SimpleData name="SC">SD400A00147699H</SimpleData>
		<SimpleData name="Descript_">Mulya Asri</SimpleData>
		<SimpleData name="LAT">-4.6372375</SimpleData>
		<SimpleData name="LONG">105.1548281</SimpleData>
	</SchemaData></ExtendedData>
      <Point><coordinates>105.1548281,-4.6372375,0</coordinates></Point>
  </Placemark>
  <Placemark id="doc__recov_yudafeb26xlsx.180">
	<name>Yuda Nurisman</name>
	<description>Customer: 5743848&lt;br&gt;Name 1: TK ERNA&lt;br&gt;Represent.: 90052418&lt;br&gt;Jwk Salesman: SENIN GANJIL&lt;br&gt;SC: SD400A00145556H&lt;br&gt;Descript.: SP5E&lt;br&gt;LAT: -4.247827&lt;br&gt;LONG: 105.192145</description>
	<ExtendedData><SchemaData schemaUrl="#doc__recov_yudafeb26xlsx">
		<SimpleData name="tessellate">-1</SimpleData>
		<SimpleData name="extrude">0</SimpleData>
		<SimpleData name="visibility">-1</SimpleData>
		<SimpleData name="Customer">5743848.0</SimpleData>
		<SimpleData name="Name_1">TK ERNA</SimpleData>
		<SimpleData name="Represent_">9.0052418E7</SimpleData>
		<SimpleData name="Jwk_Salesman">SENIN GANJIL</SimpleData>
		<SimpleData name="SC">SD400A00145556H</SimpleData>
		<SimpleData name="Descript_">SP5E</SimpleData>
		<SimpleData name="LAT">-4.247827</SimpleData>
		<SimpleData name="LONG">105.192145</SimpleData>
	</SchemaData></ExtendedData>
      <Point><coordinates>105.192145,-4.247827,0</coordinates></Point>
  </Placemark>
  <Placemark id="doc__recov_yudafeb26xlsx.181">
	<name>Yuda Nurisman</name>
	<description>Customer: 5743849&lt;br&gt;Name 1: TK JAYA MAKMUR&lt;br&gt;Represent.: 90052418&lt;br&gt;Jwk Salesman: KAMIS GENAP&lt;br&gt;SC: SD400A00146771H&lt;br&gt;Descript.: Mulya Asri&lt;br&gt;LAT: -4.6298076&lt;br&gt;LONG: 105.143769</description>
	<ExtendedData><SchemaData schemaUrl="#doc__recov_yudafeb26xlsx">
		<SimpleData name="tessellate">-1</SimpleData>
		<SimpleData name="extrude">0</SimpleData>
		<SimpleData name="visibility">-1</SimpleData>
		<SimpleData name="Customer">5743849.0</SimpleData>
		<SimpleData name="Name_1">TK JAYA MAKMUR</SimpleData>
		<SimpleData name="Represent_">9.0052418E7</SimpleData>
		<SimpleData name="Jwk_Salesman">KAMIS GENAP</SimpleData>
		<SimpleData name="SC">SD400A00146771H</SimpleData>
		<SimpleData name="Descript_">Mulya Asri</SimpleData>
		<SimpleData name="LAT">-4.6298076</SimpleData>
		<SimpleData name="LONG">105.143769</SimpleData>
	</SchemaData></ExtendedData>
      <Point><coordinates>105.143769,-4.6298076,0</coordinates></Point>
  </Placemark>
  <Placemark id="doc__recov_yudafeb26xlsx.182">
	<name>Yuda Nurisman</name>
	<description>Customer: 5746422&lt;br&gt;Name 1: WR SELVI&lt;br&gt;Represent.: 90052418&lt;br&gt;Jwk Salesman: SENIN GANJIL&lt;br&gt;SC: SD400A00145640H&lt;br&gt;Descript.: SP5E&lt;br&gt;LAT: -4.2403375&lt;br&gt;LONG: 105.1457031</description>
	<ExtendedData><SchemaData schemaUrl="#doc__recov_yudafeb26xlsx">
		<SimpleData name="tessellate">-1</SimpleData>
		<SimpleData name="extrude">0</SimpleData>
		<SimpleData name="visibility">-1</SimpleData>
		<SimpleData name="Customer">5746422.0</SimpleData>
		<SimpleData name="Name_1">WR SELVI</SimpleData>
		<SimpleData name="Represent_">9.0052418E7</SimpleData>
		<SimpleData name="Jwk_Salesman">SENIN GANJIL</SimpleData>
		<SimpleData name="SC">SD400A00145640H</SimpleData>
		<SimpleData name="Descript_">SP5E</SimpleData>
		<SimpleData name="LAT">-4.2403375</SimpleData>
		<SimpleData name="LONG">105.1457031</SimpleData>
	</SchemaData></ExtendedData>
      <Point><coordinates>105.1457031,-4.2403375,0</coordinates></Point>
  </Placemark>
  <Placemark id="doc__recov_yudafeb26xlsx.183">
	<name>Yuda Nurisman</name>
	<description>Customer: 499790&lt;br&gt;Name 1: TK HENDRA SIREGAR&lt;br&gt;Represent.: 90052418&lt;br&gt;Jwk Salesman: KAMIS GANJIL&lt;br&gt;SC: SD400A00144608H&lt;br&gt;Descript.: pulung kencono&lt;br&gt;LAT: -4.568745&lt;br&gt;LONG: 105.1479</description>
	<ExtendedData><SchemaData schemaUrl="#doc__recov_yudafeb26xlsx">
		<SimpleData name="tessellate">-1</SimpleData>
		<SimpleData name="extrude">0</SimpleData>
		<SimpleData name="visibility">-1</SimpleData>
		<SimpleData name="Customer">499790.0</SimpleData>
		<SimpleData name="Name_1">TK HENDRA SIREGAR</SimpleData>
		<SimpleData name="Represent_">9.0052418E7</SimpleData>
		<SimpleData name="Jwk_Salesman">KAMIS GANJIL</SimpleData>
		<SimpleData name="SC">SD400A00144608H</SimpleData>
		<SimpleData name="Descript_">pulung kencono</SimpleData>
		<SimpleData name="LAT">-4.568745</SimpleData>
		<SimpleData name="LONG">105.1479</SimpleData>
	</SchemaData></ExtendedData>
      <Point><coordinates>105.1479,-4.568745,0</coordinates></Point>
  </Placemark>
  <Placemark id="doc__recov_yudafeb26xlsx.184">
	<name>Yuda Nurisman</name>
	<description>Customer: 5762147&lt;br&gt;Name 1: TK RUMIYATI&lt;br&gt;Represent.: 90052418&lt;br&gt;Jwk Salesman: JUMAT GENAP&lt;br&gt;SC: SD400A00144669H&lt;br&gt;Descript.: PS. UNIT 2&lt;br&gt;LAT: -4.281888&lt;br&gt;LONG: 105.2047701</description>
	<ExtendedData><SchemaData schemaUrl="#doc__recov_yudafeb26xlsx">
		<SimpleData name="tessellate">-1</SimpleData>
		<SimpleData name="extrude">0</SimpleData>
		<SimpleData name="visibility">-1</SimpleData>
		<SimpleData name="Customer">5762147.0</SimpleData>
		<SimpleData name="Name_1">TK RUMIYATI</SimpleData>
		<SimpleData name="Represent_">9.0052418E7</SimpleData>
		<SimpleData name="Jwk_Salesman">JUMAT GENAP</SimpleData>
		<SimpleData name="SC">SD400A00144669H</SimpleData>
		<SimpleData name="Descript_">PS. UNIT 2</SimpleData>
		<SimpleData name="LAT">-4.281888</SimpleData>
		<SimpleData name="LONG">105.2047701</SimpleData>
	</SchemaData></ExtendedData>
      <Point><coordinates>105.2047701,-4.281888,0</coordinates></Point>
  </Placemark>
  <Placemark id="doc__recov_yudafeb26xlsx.185">
	<name>Yuda Nurisman</name>
	<description>Customer: 1719828&lt;br&gt;Name 1: TK GLADYS&lt;br&gt;Represent.: 90052418&lt;br&gt;Jwk Salesman: KAMIS GANJIL&lt;br&gt;SC: SD400A00145632H&lt;br&gt;Descript.: Daya Murni&lt;br&gt;LAT: -4.6186875&lt;br&gt;LONG: 105.0501875</description>
	<ExtendedData><SchemaData schemaUrl="#doc__recov_yudafeb26xlsx">
		<SimpleData name="tessellate">-1</SimpleData>
		<SimpleData name="extrude">0</SimpleData>
		<SimpleData name="visibility">-1</SimpleData>
		<SimpleData name="Customer">1719828.0</SimpleData>
		<SimpleData name="Name_1">TK GLADYS</SimpleData>
		<SimpleData name="Represent_">9.0052418E7</SimpleData>
		<SimpleData name="Jwk_Salesman">KAMIS GANJIL</SimpleData>
		<SimpleData name="SC">SD400A00145632H</SimpleData>
		<SimpleData name="Descript_">Daya Murni</SimpleData>
		<SimpleData name="LAT">-4.6186875</SimpleData>
		<SimpleData name="LONG">105.0501875</SimpleData>
	</SchemaData></ExtendedData>
      <Point><coordinates>105.0501875,-4.6186875,0</coordinates></Point>
  </Placemark>
  <Placemark id="doc__recov_yudafeb26xlsx.186">
	<name>Yuda Nurisman</name>
	<description>Customer: 2774923&lt;br&gt;Name 1: WR KOKOM&lt;br&gt;Represent.: 90052418&lt;br&gt;Jwk Salesman: SELASA GANJIL&lt;br&gt;SC: SD400A00145629H&lt;br&gt;Descript.: Unit 9&lt;br&gt;LAT: -4.353973&lt;br&gt;LONG: 105.3090261</description>
	<ExtendedData><SchemaData schemaUrl="#doc__recov_yudafeb26xlsx">
		<SimpleData name="tessellate">-1</SimpleData>
		<SimpleData name="extrude">0</SimpleData>
		<SimpleData name="visibility">-1</SimpleData>
		<SimpleData name="Customer">2774923.0</SimpleData>
		<SimpleData name="Name_1">WR KOKOM</SimpleData>
		<SimpleData name="Represent_">9.0052418E7</SimpleData>
		<SimpleData name="Jwk_Salesman">SELASA GANJIL</SimpleData>
		<SimpleData name="SC">SD400A00145629H</SimpleData>
		<SimpleData name="Descript_">Unit 9</SimpleData>
		<SimpleData name="LAT">-4.353973</SimpleData>
		<SimpleData name="LONG">105.3090261</SimpleData>
	</SchemaData></ExtendedData>
      <Point><coordinates>105.3090261,-4.353973,0</coordinates></Point>
  </Placemark>
  <Placemark id="doc__recov_yudafeb26xlsx.187">
	<name>Yuda Nurisman</name>
	<description>Customer: 5463688&lt;br&gt;Name 1: TK IBU SUNITA&lt;br&gt;Represent.: 90052418&lt;br&gt;Jwk Salesman: RABU GANJIL&lt;br&gt;SC: SD400A00145557H&lt;br&gt;Descript.: Panaragan Jaya&lt;br&gt;LAT: -4.513395&lt;br&gt;LONG: 105.020887</description>
	<ExtendedData><SchemaData schemaUrl="#doc__recov_yudafeb26xlsx">
		<SimpleData name="tessellate">-1</SimpleData>
		<SimpleData name="extrude">0</SimpleData>
		<SimpleData name="visibility">-1</SimpleData>
		<SimpleData name="Customer">5463688.0</SimpleData>
		<SimpleData name="Name_1">TK IBU SUNITA</SimpleData>
		<SimpleData name="Represent_">9.0052418E7</SimpleData>
		<SimpleData name="Jwk_Salesman">RABU GANJIL</SimpleData>
		<SimpleData name="SC">SD400A00145557H</SimpleData>
		<SimpleData name="Descript_">Panaragan Jaya</SimpleData>
		<SimpleData name="LAT">-4.513395</SimpleData>
		<SimpleData name="LONG">105.020887</SimpleData>
	</SchemaData></ExtendedData>
      <Point><coordinates>105.020887,-4.513395,0</coordinates></Point>
  </Placemark>
  <Placemark id="doc__recov_yudafeb26xlsx.188">
	<name>Yuda Nurisman</name>
	<description>Customer: 293924&lt;br&gt;Name 1: TK MANDA&lt;br&gt;Represent.: 90052418&lt;br&gt;Jwk Salesman: KAMIS GANJIL&lt;br&gt;SC: SD400A00144897H&lt;br&gt;Descript.: Daya Murni&lt;br&gt;LAT: -4.630741&lt;br&gt;LONG: 105.075958</description>
	<ExtendedData><SchemaData schemaUrl="#doc__recov_yudafeb26xlsx">
		<SimpleData name="tessellate">-1</SimpleData>
		<SimpleData name="extrude">0</SimpleData>
		<SimpleData name="visibility">-1</SimpleData>
		<SimpleData name="Customer">293924.0</SimpleData>
		<SimpleData name="Name_1">TK MANDA</SimpleData>
		<SimpleData name="Represent_">9.0052418E7</SimpleData>
		<SimpleData name="Jwk_Salesman">KAMIS GANJIL</SimpleData>
		<SimpleData name="SC">SD400A00144897H</SimpleData>
		<SimpleData name="Descript_">Daya Murni</SimpleData>
		<SimpleData name="LAT">-4.630741</SimpleData>
		<SimpleData name="LONG">105.075958</SimpleData>
	</SchemaData></ExtendedData>
      <Point><coordinates>105.075958,-4.630741,0</coordinates></Point>
  </Placemark>
  <Placemark id="doc__recov_yudafeb26xlsx.189">
	<name>Yuda Nurisman</name>
	<description>Customer: 5767597&lt;br&gt;Name 1: ZZU ZZU MART&lt;br&gt;Represent.: 90052418&lt;br&gt;Jwk Salesman: JUMAT GANJIL&lt;br&gt;SC: SD400A00144799H&lt;br&gt;Descript.: pulung kencono&lt;br&gt;LAT: -4.568593&lt;br&gt;LONG: 105.147986</description>
	<ExtendedData><SchemaData schemaUrl="#doc__recov_yudafeb26xlsx">
		<SimpleData name="tessellate">-1</SimpleData>
		<SimpleData name="extrude">0</SimpleData>
		<SimpleData name="visibility">-1</SimpleData>
		<SimpleData name="Customer">5767597.0</SimpleData>
		<SimpleData name="Name_1">ZZU ZZU MART</SimpleData>
		<SimpleData name="Represent_">9.0052418E7</SimpleData>
		<SimpleData name="Jwk_Salesman">JUMAT GANJIL</SimpleData>
		<SimpleData name="SC">SD400A00144799H</SimpleData>
		<SimpleData name="Descript_">pulung kencono</SimpleData>
		<SimpleData name="LAT">-4.568593</SimpleData>
		<SimpleData name="LONG">105.147986</SimpleData>
	</SchemaData></ExtendedData>
      <Point><coordinates>105.147986,-4.568593,0</coordinates></Point>
  </Placemark>
  <Placemark id="doc__recov_yudafeb26xlsx.190">
	<name>Yuda Nurisman</name>
	<description>Customer: 5777644&lt;br&gt;Name 1: TK WARNIATI&lt;br&gt;Represent.: 90052418&lt;br&gt;Jwk Salesman: SELASA GANJIL&lt;br&gt;SC: SD400A00144884H&lt;br&gt;Descript.: Unit 8&lt;br&gt;LAT: -4.373827&lt;br&gt;LONG: 105.267457</description>
	<ExtendedData><SchemaData schemaUrl="#doc__recov_yudafeb26xlsx">
		<SimpleData name="tessellate">-1</SimpleData>
		<SimpleData name="extrude">0</SimpleData>
		<SimpleData name="visibility">-1</SimpleData>
		<SimpleData name="Customer">5777644.0</SimpleData>
		<SimpleData name="Name_1">TK WARNIATI</SimpleData>
		<SimpleData name="Represent_">9.0052418E7</SimpleData>
		<SimpleData name="Jwk_Salesman">SELASA GANJIL</SimpleData>
		<SimpleData name="SC">SD400A00144884H</SimpleData>
		<SimpleData name="Descript_">Unit 8</SimpleData>
		<SimpleData name="LAT">-4.373827</SimpleData>
		<SimpleData name="LONG">105.267457</SimpleData>
	</SchemaData></ExtendedData>
      <Point><coordinates>105.267457,-4.373827,0</coordinates></Point>
  </Placemark>
  <Placemark id="doc__recov_yudafeb26xlsx.191">
	<name>Yuda Nurisman</name>
	<description>Customer: 5781865&lt;br&gt;Name 1: TK AISRIAH&lt;br&gt;Represent.: 90052418&lt;br&gt;Jwk Salesman: SENIN GANJIL&lt;br&gt;SC: SD400A00144610H&lt;br&gt;Descript.: SP5E&lt;br&gt;LAT: -4.230458&lt;br&gt;LONG: 105.141365</description>
	<ExtendedData><SchemaData schemaUrl="#doc__recov_yudafeb26xlsx">
		<SimpleData name="tessellate">-1</SimpleData>
		<SimpleData name="extrude">0</SimpleData>
		<SimpleData name="visibility">-1</SimpleData>
		<SimpleData name="Customer">5781865.0</SimpleData>
		<SimpleData name="Name_1">TK AISRIAH</SimpleData>
		<SimpleData name="Represent_">9.0052418E7</SimpleData>
		<SimpleData name="Jwk_Salesman">SENIN GANJIL</SimpleData>
		<SimpleData name="SC">SD400A00144610H</SimpleData>
		<SimpleData name="Descript_">SP5E</SimpleData>
		<SimpleData name="LAT">-4.230458</SimpleData>
		<SimpleData name="LONG">105.141365</SimpleData>
	</SchemaData></ExtendedData>
      <Point><coordinates>105.141365,-4.230458,0</coordinates></Point>
  </Placemark>
  <Placemark id="doc__recov_yudafeb26xlsx.192">
	<name>Yuda Nurisman</name>
	<description>Customer: 5782401&lt;br&gt;Name 1: TK VINA&lt;br&gt;Represent.: 90052418&lt;br&gt;Jwk Salesman: SELASA GANJIL&lt;br&gt;SC: SD400A00145648H&lt;br&gt;Descript.: PS. UNIT 2&lt;br&gt;LAT: -4.335675&lt;br&gt;LONG: 105.216285</description>
	<ExtendedData><SchemaData schemaUrl="#doc__recov_yudafeb26xlsx">
		<SimpleData name="tessellate">-1</SimpleData>
		<SimpleData name="extrude">0</SimpleData>
		<SimpleData name="visibility">-1</SimpleData>
		<SimpleData name="Customer">5782401.0</SimpleData>
		<SimpleData name="Name_1">TK VINA</SimpleData>
		<SimpleData name="Represent_">9.0052418E7</SimpleData>
		<SimpleData name="Jwk_Salesman">SELASA GANJIL</SimpleData>
		<SimpleData name="SC">SD400A00145648H</SimpleData>
		<SimpleData name="Descript_">PS. UNIT 2</SimpleData>
		<SimpleData name="LAT">-4.335675</SimpleData>
		<SimpleData name="LONG">105.216285</SimpleData>
	</SchemaData></ExtendedData>
      <Point><coordinates>105.216285,-4.335675,0</coordinates></Point>
  </Placemark>
  <Placemark id="doc__recov_yudafeb26xlsx.193">
	<name>Yuda Nurisman</name>
	<description>Customer: 5788266&lt;br&gt;Name 1: TK LULUK&lt;br&gt;Represent.: 90052418&lt;br&gt;Jwk Salesman: JUMAT GENAP&lt;br&gt;SC: SD400A00145789H&lt;br&gt;Descript.: BLJ SPI&lt;br&gt;LAT: -4.263483&lt;br&gt;LONG: 105.188703</description>
	<ExtendedData><SchemaData schemaUrl="#doc__recov_yudafeb26xlsx">
		<SimpleData name="tessellate">-1</SimpleData>
		<SimpleData name="extrude">0</SimpleData>
		<SimpleData name="visibility">-1</SimpleData>
		<SimpleData name="Customer">5788266.0</SimpleData>
		<SimpleData name="Name_1">TK LULUK</SimpleData>
		<SimpleData name="Represent_">9.0052418E7</SimpleData>
		<SimpleData name="Jwk_Salesman">JUMAT GENAP</SimpleData>
		<SimpleData name="SC">SD400A00145789H</SimpleData>
		<SimpleData name="Descript_">BLJ SPI</SimpleData>
		<SimpleData name="LAT">-4.263483</SimpleData>
		<SimpleData name="LONG">105.188703</SimpleData>
	</SchemaData></ExtendedData>
      <Point><coordinates>105.188703,-4.263483,0</coordinates></Point>
  </Placemark>
  <Placemark id="doc__recov_yudafeb26xlsx.194">
	<name>Yuda Nurisman</name>
	<description>Customer: 4091686&lt;br&gt;Name 1: TK BUNGA WMJ&lt;br&gt;Represent.: 90052418&lt;br&gt;Jwk Salesman: JUMAT GENAP&lt;br&gt;SC: SD400A00144659H&lt;br&gt;Descript.: PS. UNIT 2&lt;br&gt;LAT: -4.283979&lt;br&gt;LONG: 105.188692</description>
	<ExtendedData><SchemaData schemaUrl="#doc__recov_yudafeb26xlsx">
		<SimpleData name="tessellate">-1</SimpleData>
		<SimpleData name="extrude">0</SimpleData>
		<SimpleData name="visibility">-1</SimpleData>
		<SimpleData name="Customer">4091686.0</SimpleData>
		<SimpleData name="Name_1">TK BUNGA WMJ</SimpleData>
		<SimpleData name="Represent_">9.0052418E7</SimpleData>
		<SimpleData name="Jwk_Salesman">JUMAT GENAP</SimpleData>
		<SimpleData name="SC">SD400A00144659H</SimpleData>
		<SimpleData name="Descript_">PS. UNIT 2</SimpleData>
		<SimpleData name="LAT">-4.283979</SimpleData>
		<SimpleData name="LONG">105.188692</SimpleData>
	</SchemaData></ExtendedData>
      <Point><coordinates>105.188692,-4.283979,0</coordinates></Point>
  </Placemark>
  <Placemark id="doc__recov_yudafeb26xlsx.195">
	<name>Yuda Nurisman</name>
	<description>Customer: 1795214&lt;br&gt;Name 1: WR NABILA&lt;br&gt;Represent.: 90052418&lt;br&gt;Jwk Salesman: JUMAT GENAP&lt;br&gt;SC: SD400A00145744H&lt;br&gt;Descript.: PS. UNIT 2&lt;br&gt;LAT: -4.281974&lt;br&gt;LONG: 105.210812</description>
	<ExtendedData><SchemaData schemaUrl="#doc__recov_yudafeb26xlsx">
		<SimpleData name="tessellate">-1</SimpleData>
		<SimpleData name="extrude">0</SimpleData>
		<SimpleData name="visibility">-1</SimpleData>
		<SimpleData name="Customer">1795214.0</SimpleData>
		<SimpleData name="Name_1">WR NABILA</SimpleData>
		<SimpleData name="Represent_">9.0052418E7</SimpleData>
		<SimpleData name="Jwk_Salesman">JUMAT GENAP</SimpleData>
		<SimpleData name="SC">SD400A00145744H</SimpleData>
		<SimpleData name="Descript_">PS. UNIT 2</SimpleData>
		<SimpleData name="LAT">-4.281974</SimpleData>
		<SimpleData name="LONG">105.210812</SimpleData>
	</SchemaData></ExtendedData>
      <Point><coordinates>105.210812,-4.281974,0</coordinates></Point>
  </Placemark>
  <Placemark id="doc__recov_yudafeb26xlsx.196">
	<name>Yuda Nurisman</name>
	<description>Customer: 5791456&lt;br&gt;Name 1: TK IZAM CELL&lt;br&gt;Represent.: 90052418&lt;br&gt;Jwk Salesman: RABU GANJIL&lt;br&gt;SC: SD400A00145628H&lt;br&gt;Descript.: Panaragan Jaya&lt;br&gt;LAT: -4.567306&lt;br&gt;LONG: 105.069904</description>
	<ExtendedData><SchemaData schemaUrl="#doc__recov_yudafeb26xlsx">
		<SimpleData name="tessellate">-1</SimpleData>
		<SimpleData name="extrude">0</SimpleData>
		<SimpleData name="visibility">-1</SimpleData>
		<SimpleData name="Customer">5791456.0</SimpleData>
		<SimpleData name="Name_1">TK IZAM CELL</SimpleData>
		<SimpleData name="Represent_">9.0052418E7</SimpleData>
		<SimpleData name="Jwk_Salesman">RABU GANJIL</SimpleData>
		<SimpleData name="SC">SD400A00145628H</SimpleData>
		<SimpleData name="Descript_">Panaragan Jaya</SimpleData>
		<SimpleData name="LAT">-4.567306</SimpleData>
		<SimpleData name="LONG">105.069904</SimpleData>
	</SchemaData></ExtendedData>
      <Point><coordinates>105.069904,-4.567306,0</coordinates></Point>
  </Placemark>
  <Placemark id="doc__recov_yudafeb26xlsx.197">
	<name>Yuda Nurisman</name>
	<description>Customer: 5791458&lt;br&gt;Name 1: TK SUMARNO HARTATI&lt;br&gt;Represent.: 90052418&lt;br&gt;Jwk Salesman: SENIN GANJIL&lt;br&gt;SC: SD400A00144500H&lt;br&gt;Descript.: PS. INDRA LOKA II&lt;br&gt;LAT: -4.254772&lt;br&gt;LONG: 105.202511</description>
	<ExtendedData><SchemaData schemaUrl="#doc__recov_yudafeb26xlsx">
		<SimpleData name="tessellate">-1</SimpleData>
		<SimpleData name="extrude">0</SimpleData>
		<SimpleData name="visibility">-1</SimpleData>
		<SimpleData name="Customer">5791458.0</SimpleData>
		<SimpleData name="Name_1">TK SUMARNO HARTATI</SimpleData>
		<SimpleData name="Represent_">9.0052418E7</SimpleData>
		<SimpleData name="Jwk_Salesman">SENIN GANJIL</SimpleData>
		<SimpleData name="SC">SD400A00144500H</SimpleData>
		<SimpleData name="Descript_">PS. INDRA LOKA II</SimpleData>
		<SimpleData name="LAT">-4.254772</SimpleData>
		<SimpleData name="LONG">105.202511</SimpleData>
	</SchemaData></ExtendedData>
      <Point><coordinates>105.202511,-4.254772,0</coordinates></Point>
  </Placemark>
  <Placemark id="doc__recov_yudafeb26xlsx.198">
	<name>Yuda Nurisman</name>
	<description>Customer: 5791670&lt;br&gt;Name 1: TK SHE FY ANG&lt;br&gt;Represent.: 90052418&lt;br&gt;Jwk Salesman: SENIN GANJIL&lt;br&gt;SC: SD400A00145624H&lt;br&gt;Descript.: SP5E&lt;br&gt;LAT: -4.226596&lt;br&gt;LONG: 105.176488</description>
	<ExtendedData><SchemaData schemaUrl="#doc__recov_yudafeb26xlsx">
		<SimpleData name="tessellate">-1</SimpleData>
		<SimpleData name="extrude">0</SimpleData>
		<SimpleData name="visibility">-1</SimpleData>
		<SimpleData name="Customer">5791670.0</SimpleData>
		<SimpleData name="Name_1">TK SHE FY ANG</SimpleData>
		<SimpleData name="Represent_">9.0052418E7</SimpleData>
		<SimpleData name="Jwk_Salesman">SENIN GANJIL</SimpleData>
		<SimpleData name="SC">SD400A00145624H</SimpleData>
		<SimpleData name="Descript_">SP5E</SimpleData>
		<SimpleData name="LAT">-4.226596</SimpleData>
		<SimpleData name="LONG">105.176488</SimpleData>
	</SchemaData></ExtendedData>
      <Point><coordinates>105.176488,-4.226596,0</coordinates></Point>
  </Placemark>
  <Placemark id="doc__recov_yudafeb26xlsx.199">
	<name>Yuda Nurisman</name>
	<description>Customer: 5793413&lt;br&gt;Name 1: TK MUSLIMAH&lt;br&gt;Represent.: 90052418&lt;br&gt;Jwk Salesman: RABU GANJIL&lt;br&gt;SC: SD400A00145647H&lt;br&gt;Descript.: Panaragan Jaya&lt;br&gt;LAT: -4.502974&lt;br&gt;LONG: 105.091946</description>
	<ExtendedData><SchemaData schemaUrl="#doc__recov_yudafeb26xlsx">
		<SimpleData name="tessellate">-1</SimpleData>
		<SimpleData name="extrude">0</SimpleData>
		<SimpleData name="visibility">-1</SimpleData>
		<SimpleData name="Customer">5793413.0</SimpleData>
		<SimpleData name="Name_1">TK MUSLIMAH</SimpleData>
		<SimpleData name="Represent_">9.0052418E7</SimpleData>
		<SimpleData name="Jwk_Salesman">RABU GANJIL</SimpleData>
		<SimpleData name="SC">SD400A00145647H</SimpleData>
		<SimpleData name="Descript_">Panaragan Jaya</SimpleData>
		<SimpleData name="LAT">-4.502974</SimpleData>
		<SimpleData name="LONG">105.091946</SimpleData>
	</SchemaData></ExtendedData>
      <Point><coordinates>105.091946,-4.502974,0</coordinates></Point>
  </Placemark>
  <Placemark id="doc__recov_yudafeb26xlsx.200">
	<name>Yuda Nurisman</name>
	<description>Customer: 5793414&lt;br&gt;Name 1: TK BAROKAH&lt;br&gt;Represent.: 90052418&lt;br&gt;Jwk Salesman: RABU GANJIL&lt;br&gt;SC: SD400A00140665H&lt;br&gt;Descript.: Panaragan Jaya&lt;br&gt;LAT: -4.511295&lt;br&gt;LONG: 105.091246</description>
	<ExtendedData><SchemaData schemaUrl="#doc__recov_yudafeb26xlsx">
		<SimpleData name="tessellate">-1</SimpleData>
		<SimpleData name="extrude">0</SimpleData>
		<SimpleData name="visibility">-1</SimpleData>
		<SimpleData name="Customer">5793414.0</SimpleData>
		<SimpleData name="Name_1">TK BAROKAH</SimpleData>
		<SimpleData name="Represent_">9.0052418E7</SimpleData>
		<SimpleData name="Jwk_Salesman">RABU GANJIL</SimpleData>
		<SimpleData name="SC">SD400A00140665H</SimpleData>
		<SimpleData name="Descript_">Panaragan Jaya</SimpleData>
		<SimpleData name="LAT">-4.511295</SimpleData>
		<SimpleData name="LONG">105.091246</SimpleData>
	</SchemaData></ExtendedData>
      <Point><coordinates>105.091246,-4.511295,0</coordinates></Point>
  </Placemark>
  <Placemark id="doc__recov_yudafeb26xlsx.201">
	<name>Yuda Nurisman</name>
	<description>Customer: 146712&lt;br&gt;Name 1: TK TUTI&lt;br&gt;Represent.: 90052418&lt;br&gt;Jwk Salesman: RABU GANJIL&lt;br&gt;SC: SD400A00146744H&lt;br&gt;Descript.: Panaragan Jaya&lt;br&gt;LAT: -4.52166&lt;br&gt;LONG: 105.090332</description>
	<ExtendedData><SchemaData schemaUrl="#doc__recov_yudafeb26xlsx">
		<SimpleData name="tessellate">-1</SimpleData>
		<SimpleData name="extrude">0</SimpleData>
		<SimpleData name="visibility">-1</SimpleData>
		<SimpleData name="Customer">146712.0</SimpleData>
		<SimpleData name="Name_1">TK TUTI</SimpleData>
		<SimpleData name="Represent_">9.0052418E7</SimpleData>
		<SimpleData name="Jwk_Salesman">RABU GANJIL</SimpleData>
		<SimpleData name="SC">SD400A00146744H</SimpleData>
		<SimpleData name="Descript_">Panaragan Jaya</SimpleData>
		<SimpleData name="LAT">-4.52166</SimpleData>
		<SimpleData name="LONG">105.090332</SimpleData>
	</SchemaData></ExtendedData>
      <Point><coordinates>105.090332,-4.52166,0</coordinates></Point>
  </Placemark>
  <Placemark id="doc__recov_yudafeb26xlsx.202">
	<name>Yuda Nurisman</name>
	<description>Customer: 3121970&lt;br&gt;Name 1: TK HASIM&lt;br&gt;Represent.: 90052418&lt;br&gt;Jwk Salesman: RABU GANJIL&lt;br&gt;SC: SD400A00145644H&lt;br&gt;Descript.: Panaragan Jaya&lt;br&gt;LAT: -4.477535&lt;br&gt;LONG: 105.08227</description>
	<ExtendedData><SchemaData schemaUrl="#doc__recov_yudafeb26xlsx">
		<SimpleData name="tessellate">-1</SimpleData>
		<SimpleData name="extrude">0</SimpleData>
		<SimpleData name="visibility">-1</SimpleData>
		<SimpleData name="Customer">3121970.0</SimpleData>
		<SimpleData name="Name_1">TK HASIM</SimpleData>
		<SimpleData name="Represent_">9.0052418E7</SimpleData>
		<SimpleData name="Jwk_Salesman">RABU GANJIL</SimpleData>
		<SimpleData name="SC">SD400A00145644H</SimpleData>
		<SimpleData name="Descript_">Panaragan Jaya</SimpleData>
		<SimpleData name="LAT">-4.477535</SimpleData>
		<SimpleData name="LONG">105.08227</SimpleData>
	</SchemaData></ExtendedData>
      <Point><coordinates>105.08227,-4.477535,0</coordinates></Point>
  </Placemark>
  <Placemark id="doc__recov_yudafeb26xlsx.203">
	<name>Yuda Nurisman</name>
	<description>Customer: 3122013&lt;br&gt;Name 1: TK MURNI&lt;br&gt;Represent.: 90052418&lt;br&gt;Jwk Salesman: KAMIS GANJIL&lt;br&gt;SC: SD400A00145646H&lt;br&gt;Descript.: pulung kencono&lt;br&gt;LAT: -4.58973&lt;br&gt;LONG: 105.096605</description>
	<ExtendedData><SchemaData schemaUrl="#doc__recov_yudafeb26xlsx">
		<SimpleData name="tessellate">-1</SimpleData>
		<SimpleData name="extrude">0</SimpleData>
		<SimpleData name="visibility">-1</SimpleData>
		<SimpleData name="Customer">3122013.0</SimpleData>
		<SimpleData name="Name_1">TK MURNI</SimpleData>
		<SimpleData name="Represent_">9.0052418E7</SimpleData>
		<SimpleData name="Jwk_Salesman">KAMIS GANJIL</SimpleData>
		<SimpleData name="SC">SD400A00145646H</SimpleData>
		<SimpleData name="Descript_">pulung kencono</SimpleData>
		<SimpleData name="LAT">-4.58973</SimpleData>
		<SimpleData name="LONG">105.096605</SimpleData>
	</SchemaData></ExtendedData>
      <Point><coordinates>105.096605,-4.58973,0</coordinates></Point>
  </Placemark>
  <Placemark id="doc__recov_yudafeb26xlsx.204">
	<name>Yuda Nurisman</name>
	<description>Customer: 5781100&lt;br&gt;Name 1: TK KEYSA&lt;br&gt;Represent.: 90052418&lt;br&gt;Jwk Salesman: SENIN GENAP&lt;br&gt;SC: SD400A00146258H&lt;br&gt;Descript.: Kamp Tua&lt;br&gt;LAT: -4.566701&lt;br&gt;LONG: 105.194078</description>
	<ExtendedData><SchemaData schemaUrl="#doc__recov_yudafeb26xlsx">
		<SimpleData name="tessellate">-1</SimpleData>
		<SimpleData name="extrude">0</SimpleData>
		<SimpleData name="visibility">-1</SimpleData>
		<SimpleData name="Customer">5781100.0</SimpleData>
		<SimpleData name="Name_1">TK KEYSA</SimpleData>
		<SimpleData name="Represent_">9.0052418E7</SimpleData>
		<SimpleData name="Jwk_Salesman">SENIN GENAP</SimpleData>
		<SimpleData name="SC">SD400A00146258H</SimpleData>
		<SimpleData name="Descript_">Kamp Tua</SimpleData>
		<SimpleData name="LAT">-4.566701</SimpleData>
		<SimpleData name="LONG">105.194078</SimpleData>
	</SchemaData></ExtendedData>
      <Point><coordinates>105.194078,-4.566701,0</coordinates></Point>
  </Placemark>
  <Placemark id="doc__recov_yudafeb26xlsx.205">
	<name>Yuda Nurisman</name>
	<description>Customer: 5708551&lt;br&gt;Name 1: TK MBAK NENG&lt;br&gt;Represent.: 90052418&lt;br&gt;Jwk Salesman: SENIN GANJIL&lt;br&gt;SC: SD400A00133183H&lt;br&gt;Descript.: PS. INDRA LOKA II&lt;br&gt;LAT: -4.253289&lt;br&gt;LONG: 105.1796</description>
	<ExtendedData><SchemaData schemaUrl="#doc__recov_yudafeb26xlsx">
		<SimpleData name="tessellate">-1</SimpleData>
		<SimpleData name="extrude">0</SimpleData>
		<SimpleData name="visibility">-1</SimpleData>
		<SimpleData name="Customer">5708551.0</SimpleData>
		<SimpleData name="Name_1">TK MBAK NENG</SimpleData>
		<SimpleData name="Represent_">9.0052418E7</SimpleData>
		<SimpleData name="Jwk_Salesman">SENIN GANJIL</SimpleData>
		<SimpleData name="SC">SD400A00133183H</SimpleData>
		<SimpleData name="Descript_">PS. INDRA LOKA II</SimpleData>
		<SimpleData name="LAT">-4.253289</SimpleData>
		<SimpleData name="LONG">105.1796</SimpleData>
	</SchemaData></ExtendedData>
      <Point><coordinates>105.1796,-4.253289,0</coordinates></Point>
  </Placemark>
  <Placemark id="doc__recov_yudafeb26xlsx.206">
	<name>Yuda Nurisman</name>
	<description>Customer: 207988&lt;br&gt;Name 1: TK SAPRI&lt;br&gt;Represent.: 90052418&lt;br&gt;Jwk Salesman: SENIN GENAP&lt;br&gt;SC: SD400A00143770E&lt;br&gt;Descript.: Menggala&lt;br&gt;LAT: -4.550824&lt;br&gt;LONG: 105.220524</description>
	<ExtendedData><SchemaData schemaUrl="#doc__recov_yudafeb26xlsx">
		<SimpleData name="tessellate">-1</SimpleData>
		<SimpleData name="extrude">0</SimpleData>
		<SimpleData name="visibility">-1</SimpleData>
		<SimpleData name="Customer">207988.0</SimpleData>
		<SimpleData name="Name_1">TK SAPRI</SimpleData>
		<SimpleData name="Represent_">9.0052418E7</SimpleData>
		<SimpleData name="Jwk_Salesman">SENIN GENAP</SimpleData>
		<SimpleData name="SC">SD400A00143770E</SimpleData>
		<SimpleData name="Descript_">Menggala</SimpleData>
		<SimpleData name="LAT">-4.550824</SimpleData>
		<SimpleData name="LONG">105.220524</SimpleData>
	</SchemaData></ExtendedData>
      <Point><coordinates>105.220524,-4.550824,0</coordinates></Point>
  </Placemark>
  <Placemark id="doc__recov_yudafeb26xlsx.207">
	<name>Yuda Nurisman</name>
	<description>Customer: 372600&lt;br&gt;Name 1: TK NISA&lt;br&gt;Represent.: 90052418&lt;br&gt;Jwk Salesman: SENIN GENAP&lt;br&gt;SC: SD400A00145553H&lt;br&gt;Descript.: Kamp Tua&lt;br&gt;LAT: -4.572947&lt;br&gt;LONG: 105.187308</description>
	<ExtendedData><SchemaData schemaUrl="#doc__recov_yudafeb26xlsx">
		<SimpleData name="tessellate">-1</SimpleData>
		<SimpleData name="extrude">0</SimpleData>
		<SimpleData name="visibility">-1</SimpleData>
		<SimpleData name="Customer">372600.0</SimpleData>
		<SimpleData name="Name_1">TK NISA</SimpleData>
		<SimpleData name="Represent_">9.0052418E7</SimpleData>
		<SimpleData name="Jwk_Salesman">SENIN GENAP</SimpleData>
		<SimpleData name="SC">SD400A00145553H</SimpleData>
		<SimpleData name="Descript_">Kamp Tua</SimpleData>
		<SimpleData name="LAT">-4.572947</SimpleData>
		<SimpleData name="LONG">105.187308</SimpleData>
	</SchemaData></ExtendedData>
      <Point><coordinates>105.187308,-4.572947,0</coordinates></Point>
  </Placemark>
  <Placemark id="doc__recov_yudafeb26xlsx.208">
	<name>Yuda Nurisman</name>
	<description>Customer: 5797654&lt;br&gt;Name 1: TK DUA D&lt;br&gt;Represent.: 90052418&lt;br&gt;Jwk Salesman: SENIN GENAP&lt;br&gt;SC: SD400A00145552H&lt;br&gt;Descript.: Mulya Asri&lt;br&gt;LAT: -4.572835&lt;br&gt;LONG: 105.181662</description>
	<ExtendedData><SchemaData schemaUrl="#doc__recov_yudafeb26xlsx">
		<SimpleData name="tessellate">-1</SimpleData>
		<SimpleData name="extrude">0</SimpleData>
		<SimpleData name="visibility">-1</SimpleData>
		<SimpleData name="Customer">5797654.0</SimpleData>
		<SimpleData name="Name_1">TK DUA D</SimpleData>
		<SimpleData name="Represent_">9.0052418E7</SimpleData>
		<SimpleData name="Jwk_Salesman">SENIN GENAP</SimpleData>
		<SimpleData name="SC">SD400A00145552H</SimpleData>
		<SimpleData name="Descript_">Mulya Asri</SimpleData>
		<SimpleData name="LAT">-4.572835</SimpleData>
		<SimpleData name="LONG">105.181662</SimpleData>
	</SchemaData></ExtendedData>
      <Point><coordinates>105.181662,-4.572835,0</coordinates></Point>
  </Placemark>
  <Placemark id="doc__recov_yudafeb26xlsx.209">
	<name>Yuda Nurisman</name>
	<description>Customer: 5123554&lt;br&gt;Name 1: WR SRI KHOTIMAH&lt;br&gt;Represent.: 90052418&lt;br&gt;Jwk Salesman: SENIN GANJIL&lt;br&gt;SC: SD400A00133212H&lt;br&gt;Descript.: Kibang Budi Jaya&lt;br&gt;LAT: -4.322152&lt;br&gt;LONG: 105.121446</description>
	<ExtendedData><SchemaData schemaUrl="#doc__recov_yudafeb26xlsx">
		<SimpleData name="tessellate">-1</SimpleData>
		<SimpleData name="extrude">0</SimpleData>
		<SimpleData name="visibility">-1</SimpleData>
		<SimpleData name="Customer">5123554.0</SimpleData>
		<SimpleData name="Name_1">WR SRI KHOTIMAH</SimpleData>
		<SimpleData name="Represent_">9.0052418E7</SimpleData>
		<SimpleData name="Jwk_Salesman">SENIN GANJIL</SimpleData>
		<SimpleData name="SC">SD400A00133212H</SimpleData>
		<SimpleData name="Descript_">Kibang Budi Jaya</SimpleData>
		<SimpleData name="LAT">-4.322152</SimpleData>
		<SimpleData name="LONG">105.121446</SimpleData>
	</SchemaData></ExtendedData>
      <Point><coordinates>105.121446,-4.322152,0</coordinates></Point>
  </Placemark>
  <Placemark id="doc__recov_yudafeb26xlsx.210">
	<name>Yuda Nurisman</name>
	<description>Customer: 3245761&lt;br&gt;Name 1: TK R-TANJUNG&lt;br&gt;Represent.: 90052418&lt;br&gt;Jwk Salesman: KAMIS GANJIL&lt;br&gt;SC: SD400A00117863E&lt;br&gt;Descript.: pulung kencono&lt;br&gt;LAT: -4.58975&lt;br&gt;LONG: 105.104915</description>
	<ExtendedData><SchemaData schemaUrl="#doc__recov_yudafeb26xlsx">
		<SimpleData name="tessellate">-1</SimpleData>
		<SimpleData name="extrude">0</SimpleData>
		<SimpleData name="visibility">-1</SimpleData>
		<SimpleData name="Customer">3245761.0</SimpleData>
		<SimpleData name="Name_1">TK R-TANJUNG</SimpleData>
		<SimpleData name="Represent_">9.0052418E7</SimpleData>
		<SimpleData name="Jwk_Salesman">KAMIS GANJIL</SimpleData>
		<SimpleData name="SC">SD400A00117863E</SimpleData>
		<SimpleData name="Descript_">pulung kencono</SimpleData>
		<SimpleData name="LAT">-4.58975</SimpleData>
		<SimpleData name="LONG">105.104915</SimpleData>
	</SchemaData></ExtendedData>
      <Point><coordinates>105.104915,-4.58975,0</coordinates></Point>
  </Placemark>
  <Placemark id="doc__recov_yudafeb26xlsx.211">
	<name>Yuda Nurisman</name>
	<description>Customer: 2743532&lt;br&gt;Name 1: TK IMRON&lt;br&gt;Represent.: 90052418&lt;br&gt;Jwk Salesman: KAMIS GENAP&lt;br&gt;SC: SD400A00141733E&lt;br&gt;Descript.: mulyo kencono&lt;br&gt;LAT: -4.602235&lt;br&gt;LONG: 105.135016</description>
	<ExtendedData><SchemaData schemaUrl="#doc__recov_yudafeb26xlsx">
		<SimpleData name="tessellate">-1</SimpleData>
		<SimpleData name="extrude">0</SimpleData>
		<SimpleData name="visibility">-1</SimpleData>
		<SimpleData name="Customer">2743532.0</SimpleData>
		<SimpleData name="Name_1">TK IMRON</SimpleData>
		<SimpleData name="Represent_">9.0052418E7</SimpleData>
		<SimpleData name="Jwk_Salesman">KAMIS GENAP</SimpleData>
		<SimpleData name="SC">SD400A00141733E</SimpleData>
		<SimpleData name="Descript_">mulyo kencono</SimpleData>
		<SimpleData name="LAT">-4.602235</SimpleData>
		<SimpleData name="LONG">105.135016</SimpleData>
	</SchemaData></ExtendedData>
      <Point><coordinates>105.135016,-4.602235,0</coordinates></Point>
  </Placemark>
  <Placemark id="doc__recov_yudafeb26xlsx.212">
	<name>Yuda Nurisman</name>
	<description>Customer: 2207295&lt;br&gt;Name 1: RISA&lt;br&gt;Represent.: 90052418&lt;br&gt;Jwk Salesman: SENIN GANJIL&lt;br&gt;SC: SD400A00124644E&lt;br&gt;Descript.: Kibang Budi Jaya&lt;br&gt;LAT: -4.301932&lt;br&gt;LONG: 105.125799</description>
	<ExtendedData><SchemaData schemaUrl="#doc__recov_yudafeb26xlsx">
		<SimpleData name="tessellate">-1</SimpleData>
		<SimpleData name="extrude">0</SimpleData>
		<SimpleData name="visibility">-1</SimpleData>
		<SimpleData name="Customer">2207295.0</SimpleData>
		<SimpleData name="Name_1">RISA</SimpleData>
		<SimpleData name="Represent_">9.0052418E7</SimpleData>
		<SimpleData name="Jwk_Salesman">SENIN GANJIL</SimpleData>
		<SimpleData name="SC">SD400A00124644E</SimpleData>
		<SimpleData name="Descript_">Kibang Budi Jaya</SimpleData>
		<SimpleData name="LAT">-4.301932</SimpleData>
		<SimpleData name="LONG">105.125799</SimpleData>
	</SchemaData></ExtendedData>
      <Point><coordinates>105.125799,-4.301932,0</coordinates></Point>
  </Placemark>
  <Placemark id="doc__recov_yudafeb26xlsx.213">
	<name>Yuda Nurisman</name>
	<description>Customer: 5810128&lt;br&gt;Name 1: TK NURI&lt;br&gt;Represent.: 90052418&lt;br&gt;Jwk Salesman: RABU GENAP&lt;br&gt;SC: SD400A00133310H&lt;br&gt;Descript.: Unit 8&lt;br&gt;LAT: -4.376969&lt;br&gt;LONG: 105.245121</description>
	<ExtendedData><SchemaData schemaUrl="#doc__recov_yudafeb26xlsx">
		<SimpleData name="tessellate">-1</SimpleData>
		<SimpleData name="extrude">0</SimpleData>
		<SimpleData name="visibility">-1</SimpleData>
		<SimpleData name="Customer">5810128.0</SimpleData>
		<SimpleData name="Name_1">TK NURI</SimpleData>
		<SimpleData name="Represent_">9.0052418E7</SimpleData>
		<SimpleData name="Jwk_Salesman">RABU GENAP</SimpleData>
		<SimpleData name="SC">SD400A00133310H</SimpleData>
		<SimpleData name="Descript_">Unit 8</SimpleData>
		<SimpleData name="LAT">-4.376969</SimpleData>
		<SimpleData name="LONG">105.245121</SimpleData>
	</SchemaData></ExtendedData>
      <Point><coordinates>105.245121,-4.376969,0</coordinates></Point>
  </Placemark>
  <Placemark id="doc__recov_yudafeb26xlsx.214">
	<name>Yuda Nurisman</name>
	<description>Customer: 3212970&lt;br&gt;Name 1: TK ANUGERAH&lt;br&gt;Represent.: 90052418&lt;br&gt;Jwk Salesman: KAMIS GENAP&lt;br&gt;SC: SD400A00143786E&lt;br&gt;Descript.: mulyo kencono&lt;br&gt;LAT: -4.60296&lt;br&gt;LONG: 105.136697</description>
	<ExtendedData><SchemaData schemaUrl="#doc__recov_yudafeb26xlsx">
		<SimpleData name="tessellate">-1</SimpleData>
		<SimpleData name="extrude">0</SimpleData>
		<SimpleData name="visibility">-1</SimpleData>
		<SimpleData name="Customer">3212970.0</SimpleData>
		<SimpleData name="Name_1">TK ANUGERAH</SimpleData>
		<SimpleData name="Represent_">9.0052418E7</SimpleData>
		<SimpleData name="Jwk_Salesman">KAMIS GENAP</SimpleData>
		<SimpleData name="SC">SD400A00143786E</SimpleData>
		<SimpleData name="Descript_">mulyo kencono</SimpleData>
		<SimpleData name="LAT">-4.60296</SimpleData>
		<SimpleData name="LONG">105.136697</SimpleData>
	</SchemaData></ExtendedData>
      <Point><coordinates>105.136697,-4.60296,0</coordinates></Point>
  </Placemark>
  <Placemark id="doc__recov_yudafeb26xlsx.215">
	<name>Yuda Nurisman</name>
	<description>Customer: 4091662&lt;br&gt;Name 1: TK BU KATINAH&lt;br&gt;Represent.: 90052418&lt;br&gt;Jwk Salesman: SENIN GANJIL&lt;br&gt;SC: SD400A00143820E&lt;br&gt;Descript.: Kibang Budi Jaya&lt;br&gt;LAT: -4.323824&lt;br&gt;LONG: 105.126928</description>
	<ExtendedData><SchemaData schemaUrl="#doc__recov_yudafeb26xlsx">
		<SimpleData name="tessellate">-1</SimpleData>
		<SimpleData name="extrude">0</SimpleData>
		<SimpleData name="visibility">-1</SimpleData>
		<SimpleData name="Customer">4091662.0</SimpleData>
		<SimpleData name="Name_1">TK BU KATINAH</SimpleData>
		<SimpleData name="Represent_">9.0052418E7</SimpleData>
		<SimpleData name="Jwk_Salesman">SENIN GANJIL</SimpleData>
		<SimpleData name="SC">SD400A00143820E</SimpleData>
		<SimpleData name="Descript_">Kibang Budi Jaya</SimpleData>
		<SimpleData name="LAT">-4.323824</SimpleData>
		<SimpleData name="LONG">105.126928</SimpleData>
	</SchemaData></ExtendedData>
      <Point><coordinates>105.126928,-4.323824,0</coordinates></Point>
  </Placemark>
  <Placemark id="doc__recov_yudafeb26xlsx.216">
	<name>Yuda Nurisman</name>
	<description>Customer: 4091939&lt;br&gt;Name 1: WR.MELSI&lt;br&gt;Represent.: 90052418&lt;br&gt;Jwk Salesman: SELASA GANJIL&lt;br&gt;SC: SD400A00143772E&lt;br&gt;Descript.: Unit 8&lt;br&gt;LAT: -4.350506&lt;br&gt;LONG: 105.227068</description>
	<ExtendedData><SchemaData schemaUrl="#doc__recov_yudafeb26xlsx">
		<SimpleData name="tessellate">-1</SimpleData>
		<SimpleData name="extrude">0</SimpleData>
		<SimpleData name="visibility">-1</SimpleData>
		<SimpleData name="Customer">4091939.0</SimpleData>
		<SimpleData name="Name_1">WR.MELSI</SimpleData>
		<SimpleData name="Represent_">9.0052418E7</SimpleData>
		<SimpleData name="Jwk_Salesman">SELASA GANJIL</SimpleData>
		<SimpleData name="SC">SD400A00143772E</SimpleData>
		<SimpleData name="Descript_">Unit 8</SimpleData>
		<SimpleData name="LAT">-4.350506</SimpleData>
		<SimpleData name="LONG">105.227068</SimpleData>
	</SchemaData></ExtendedData>
      <Point><coordinates>105.227068,-4.350506,0</coordinates></Point>
  </Placemark>
  <Placemark id="doc__recov_yudafeb26xlsx.217">
	<name>Yuda Nurisman</name>
	<description>Customer: 5812200&lt;br&gt;Name 1: TK FAREED&lt;br&gt;Represent.: 90052418&lt;br&gt;Jwk Salesman: SABTU GANJIL&lt;br&gt;SC: SD400A00129576H&lt;br&gt;Descript.: PS . UNIT 6&lt;br&gt;LAT: -4.358731&lt;br&gt;LONG: 105.171921</description>
	<ExtendedData><SchemaData schemaUrl="#doc__recov_yudafeb26xlsx">
		<SimpleData name="tessellate">-1</SimpleData>
		<SimpleData name="extrude">0</SimpleData>
		<SimpleData name="visibility">-1</SimpleData>
		<SimpleData name="Customer">5812200.0</SimpleData>
		<SimpleData name="Name_1">TK FAREED</SimpleData>
		<SimpleData name="Represent_">9.0052418E7</SimpleData>
		<SimpleData name="Jwk_Salesman">SABTU GANJIL</SimpleData>
		<SimpleData name="SC">SD400A00129576H</SimpleData>
		<SimpleData name="Descript_">PS . UNIT 6</SimpleData>
		<SimpleData name="LAT">-4.358731</SimpleData>
		<SimpleData name="LONG">105.171921</SimpleData>
	</SchemaData></ExtendedData>
      <Point><coordinates>105.171921,-4.358731,0</coordinates></Point>
  </Placemark>
  <Placemark id="doc__recov_yudafeb26xlsx.218">
	<name>Yuda Nurisman</name>
	<description>Customer: 5813315&lt;br&gt;Name 1: TK SRC DEVIS MART&lt;br&gt;Represent.: 90052418&lt;br&gt;Jwk Salesman: RABU GENAP&lt;br&gt;SC: SD400A00143768E&lt;br&gt;Descript.: Menggala&lt;br&gt;LAT: -4.475235&lt;br&gt;LONG: 105.243906</description>
	<ExtendedData><SchemaData schemaUrl="#doc__recov_yudafeb26xlsx">
		<SimpleData name="tessellate">-1</SimpleData>
		<SimpleData name="extrude">0</SimpleData>
		<SimpleData name="visibility">-1</SimpleData>
		<SimpleData name="Customer">5813315.0</SimpleData>
		<SimpleData name="Name_1">TK SRC DEVIS MART</SimpleData>
		<SimpleData name="Represent_">9.0052418E7</SimpleData>
		<SimpleData name="Jwk_Salesman">RABU GENAP</SimpleData>
		<SimpleData name="SC">SD400A00143768E</SimpleData>
		<SimpleData name="Descript_">Menggala</SimpleData>
		<SimpleData name="LAT">-4.475235</SimpleData>
		<SimpleData name="LONG">105.243906</SimpleData>
	</SchemaData></ExtendedData>
      <Point><coordinates>105.243906,-4.475235,0</coordinates></Point>
  </Placemark>
  <Placemark id="doc__recov_yudafeb26xlsx.219">
	<name>Yuda Nurisman</name>
	<description>Customer: 5813316&lt;br&gt;Name 1: TK MARDI&lt;br&gt;Represent.: 90052418&lt;br&gt;Jwk Salesman: RABU GENAP&lt;br&gt;SC: SD400A00141734E&lt;br&gt;Descript.: Menggala&lt;br&gt;LAT: -4.469643&lt;br&gt;LONG: 105.255432</description>
	<ExtendedData><SchemaData schemaUrl="#doc__recov_yudafeb26xlsx">
		<SimpleData name="tessellate">-1</SimpleData>
		<SimpleData name="extrude">0</SimpleData>
		<SimpleData name="visibility">-1</SimpleData>
		<SimpleData name="Customer">5813316.0</SimpleData>
		<SimpleData name="Name_1">TK MARDI</SimpleData>
		<SimpleData name="Represent_">9.0052418E7</SimpleData>
		<SimpleData name="Jwk_Salesman">RABU GENAP</SimpleData>
		<SimpleData name="SC">SD400A00141734E</SimpleData>
		<SimpleData name="Descript_">Menggala</SimpleData>
		<SimpleData name="LAT">-4.469643</SimpleData>
		<SimpleData name="LONG">105.255432</SimpleData>
	</SchemaData></ExtendedData>
      <Point><coordinates>105.255432,-4.469643,0</coordinates></Point>
  </Placemark>
  <Placemark id="doc__recov_yudafeb26xlsx.220">
	<name>Yuda Nurisman</name>
	<description>Customer: 5813317&lt;br&gt;Name 1: TK BHAS&lt;br&gt;Represent.: 90052418&lt;br&gt;Jwk Salesman: SENIN GANJIL&lt;br&gt;SC: SD400A00125071E&lt;br&gt;Descript.: PS . UNIT 6&lt;br&gt;LAT: -4.3182691&lt;br&gt;LONG: 105.1615321</description>
	<ExtendedData><SchemaData schemaUrl="#doc__recov_yudafeb26xlsx">
		<SimpleData name="tessellate">-1</SimpleData>
		<SimpleData name="extrude">0</SimpleData>
		<SimpleData name="visibility">-1</SimpleData>
		<SimpleData name="Customer">5813317.0</SimpleData>
		<SimpleData name="Name_1">TK BHAS</SimpleData>
		<SimpleData name="Represent_">9.0052418E7</SimpleData>
		<SimpleData name="Jwk_Salesman">SENIN GANJIL</SimpleData>
		<SimpleData name="SC">SD400A00125071E</SimpleData>
		<SimpleData name="Descript_">PS . UNIT 6</SimpleData>
		<SimpleData name="LAT">-4.3182691</SimpleData>
		<SimpleData name="LONG">105.1615321</SimpleData>
	</SchemaData></ExtendedData>
      <Point><coordinates>105.1615321,-4.3182691,0</coordinates></Point>
  </Placemark>
  <Placemark id="doc__recov_yudafeb26xlsx.221">
	<name>Yuda Nurisman</name>
	<description>Customer: 5608408&lt;br&gt;Name 1: SEMBAKO SATIA&lt;br&gt;Represent.: 90052418&lt;br&gt;Jwk Salesman: SENIN GANJIL&lt;br&gt;SC: SD400A00141731E&lt;br&gt;Descript.: Kibang Budi Jaya&lt;br&gt;LAT: -4.291801&lt;br&gt;LONG: 105.138685</description>
	<ExtendedData><SchemaData schemaUrl="#doc__recov_yudafeb26xlsx">
		<SimpleData name="tessellate">-1</SimpleData>
		<SimpleData name="extrude">0</SimpleData>
		<SimpleData name="visibility">-1</SimpleData>
		<SimpleData name="Customer">5608408.0</SimpleData>
		<SimpleData name="Name_1">SEMBAKO SATIA</SimpleData>
		<SimpleData name="Represent_">9.0052418E7</SimpleData>
		<SimpleData name="Jwk_Salesman">SENIN GANJIL</SimpleData>
		<SimpleData name="SC">SD400A00141731E</SimpleData>
		<SimpleData name="Descript_">Kibang Budi Jaya</SimpleData>
		<SimpleData name="LAT">-4.291801</SimpleData>
		<SimpleData name="LONG">105.138685</SimpleData>
	</SchemaData></ExtendedData>
      <Point><coordinates>105.138685,-4.291801,0</coordinates></Point>
  </Placemark>
  <Placemark id="doc__recov_yudafeb26xlsx.222">
	<name>Yuda Nurisman</name>
	<description>Customer: 5815760&lt;br&gt;Name 1: TK FIRDAUS&lt;br&gt;Represent.: 90052418&lt;br&gt;Jwk Salesman: RABU GANJIL&lt;br&gt;SC: SD400A00117792E&lt;br&gt;Descript.: Menggala&lt;br&gt;LAT: -4.472587&lt;br&gt;LONG: 105.241094</description>
	<ExtendedData><SchemaData schemaUrl="#doc__recov_yudafeb26xlsx">
		<SimpleData name="tessellate">-1</SimpleData>
		<SimpleData name="extrude">0</SimpleData>
		<SimpleData name="visibility">-1</SimpleData>
		<SimpleData name="Customer">5815760.0</SimpleData>
		<SimpleData name="Name_1">TK FIRDAUS</SimpleData>
		<SimpleData name="Represent_">9.0052418E7</SimpleData>
		<SimpleData name="Jwk_Salesman">RABU GANJIL</SimpleData>
		<SimpleData name="SC">SD400A00117792E</SimpleData>
		<SimpleData name="Descript_">Menggala</SimpleData>
		<SimpleData name="LAT">-4.472587</SimpleData>
		<SimpleData name="LONG">105.241094</SimpleData>
	</SchemaData></ExtendedData>
      <Point><coordinates>105.241094,-4.472587,0</coordinates></Point>
  </Placemark>
  <Placemark id="doc__recov_yudafeb26xlsx.223">
	<name>Yuda Nurisman</name>
	<description>Customer: 5816468&lt;br&gt;Name 1: TK HANA&lt;br&gt;Represent.: 90052418&lt;br&gt;Jwk Salesman: RABU GANJIL&lt;br&gt;SC: SD400A00143787E&lt;br&gt;Descript.: Daya Murni&lt;br&gt;LAT: -4.565466&lt;br&gt;LONG: 105.019401</description>
	<ExtendedData><SchemaData schemaUrl="#doc__recov_yudafeb26xlsx">
		<SimpleData name="tessellate">-1</SimpleData>
		<SimpleData name="extrude">0</SimpleData>
		<SimpleData name="visibility">-1</SimpleData>
		<SimpleData name="Customer">5816468.0</SimpleData>
		<SimpleData name="Name_1">TK HANA</SimpleData>
		<SimpleData name="Represent_">9.0052418E7</SimpleData>
		<SimpleData name="Jwk_Salesman">RABU GANJIL</SimpleData>
		<SimpleData name="SC">SD400A00143787E</SimpleData>
		<SimpleData name="Descript_">Daya Murni</SimpleData>
		<SimpleData name="LAT">-4.565466</SimpleData>
		<SimpleData name="LONG">105.019401</SimpleData>
	</SchemaData></ExtendedData>
      <Point><coordinates>105.019401,-4.565466,0</coordinates></Point>
  </Placemark>
  <Placemark id="doc__recov_yudafeb26xlsx.224">
	<name>Yuda Nurisman</name>
	<description>Customer: 5815989&lt;br&gt;Name 1: TK FENDA&lt;br&gt;Represent.: 90052418&lt;br&gt;Jwk Salesman: RABU GENAP&lt;br&gt;SC: SD400A00141736E&lt;br&gt;Descript.: Unit 8&lt;br&gt;LAT: -4.418134&lt;br&gt;LONG: 105.25938</description>
	<ExtendedData><SchemaData schemaUrl="#doc__recov_yudafeb26xlsx">
		<SimpleData name="tessellate">-1</SimpleData>
		<SimpleData name="extrude">0</SimpleData>
		<SimpleData name="visibility">-1</SimpleData>
		<SimpleData name="Customer">5815989.0</SimpleData>
		<SimpleData name="Name_1">TK FENDA</SimpleData>
		<SimpleData name="Represent_">9.0052418E7</SimpleData>
		<SimpleData name="Jwk_Salesman">RABU GENAP</SimpleData>
		<SimpleData name="SC">SD400A00141736E</SimpleData>
		<SimpleData name="Descript_">Unit 8</SimpleData>
		<SimpleData name="LAT">-4.418134</SimpleData>
		<SimpleData name="LONG">105.25938</SimpleData>
	</SchemaData></ExtendedData>
      <Point><coordinates>105.25938,-4.418134,0</coordinates></Point>
  </Placemark>
  <Placemark id="doc__recov_yudafeb26xlsx.225">
	<name>Yuda Nurisman</name>
	<description>Customer: 5819849&lt;br&gt;Name 1: TK BAROKAH MART&lt;br&gt;Represent.: 90052418&lt;br&gt;Jwk Salesman: SENIN GENAP&lt;br&gt;SC: SD400A00145548H&lt;br&gt;Descript.: Mulya Asri&lt;br&gt;LAT: -4.572774&lt;br&gt;LONG: 105.190904</description>
	<ExtendedData><SchemaData schemaUrl="#doc__recov_yudafeb26xlsx">
		<SimpleData name="tessellate">-1</SimpleData>
		<SimpleData name="extrude">0</SimpleData>
		<SimpleData name="visibility">-1</SimpleData>
		<SimpleData name="Customer">5819849.0</SimpleData>
		<SimpleData name="Name_1">TK BAROKAH MART</SimpleData>
		<SimpleData name="Represent_">9.0052418E7</SimpleData>
		<SimpleData name="Jwk_Salesman">SENIN GENAP</SimpleData>
		<SimpleData name="SC">SD400A00145548H</SimpleData>
		<SimpleData name="Descript_">Mulya Asri</SimpleData>
		<SimpleData name="LAT">-4.572774</SimpleData>
		<SimpleData name="LONG">105.190904</SimpleData>
	</SchemaData></ExtendedData>
      <Point><coordinates>105.190904,-4.572774,0</coordinates></Point>
  </Placemark>
  <Placemark id="doc__recov_yudafeb26xlsx.226">
	<name>Yuda Nurisman</name>
	<description>Customer: 5596138&lt;br&gt;Name 1: TK DEVI PAGAR BUANA&lt;br&gt;Represent.: 90052418&lt;br&gt;Jwk Salesman: SENIN GANJIL&lt;br&gt;SC: SD400A00145706H&lt;br&gt;Descript.: BLJ SPI&lt;br&gt;LAT: -4.221207&lt;br&gt;LONG: 105.178708</description>
	<ExtendedData><SchemaData schemaUrl="#doc__recov_yudafeb26xlsx">
		<SimpleData name="tessellate">-1</SimpleData>
		<SimpleData name="extrude">0</SimpleData>
		<SimpleData name="visibility">-1</SimpleData>
		<SimpleData name="Customer">5596138.0</SimpleData>
		<SimpleData name="Name_1">TK DEVI PAGAR BUANA</SimpleData>
		<SimpleData name="Represent_">9.0052418E7</SimpleData>
		<SimpleData name="Jwk_Salesman">SENIN GANJIL</SimpleData>
		<SimpleData name="SC">SD400A00145706H</SimpleData>
		<SimpleData name="Descript_">BLJ SPI</SimpleData>
		<SimpleData name="LAT">-4.221207</SimpleData>
		<SimpleData name="LONG">105.178708</SimpleData>
	</SchemaData></ExtendedData>
      <Point><coordinates>105.178708,-4.221207,0</coordinates></Point>
  </Placemark>
  <Placemark id="doc__recov_yudafeb26xlsx.227">
	<name>Yuda Nurisman</name>
	<description>Customer: 5821568&lt;br&gt;Name 1: TK SUMBER JAYA&lt;br&gt;Represent.: 90052418&lt;br&gt;Jwk Salesman: SABTU GENAP&lt;br&gt;SC: SD400A00145034H&lt;br&gt;Descript.: PS . UNIT 6&lt;br&gt;LAT: -4.341562&lt;br&gt;LONG: 105.188024</description>
	<ExtendedData><SchemaData schemaUrl="#doc__recov_yudafeb26xlsx">
		<SimpleData name="tessellate">-1</SimpleData>
		<SimpleData name="extrude">0</SimpleData>
		<SimpleData name="visibility">-1</SimpleData>
		<SimpleData name="Customer">5821568.0</SimpleData>
		<SimpleData name="Name_1">TK SUMBER JAYA</SimpleData>
		<SimpleData name="Represent_">9.0052418E7</SimpleData>
		<SimpleData name="Jwk_Salesman">SABTU GENAP</SimpleData>
		<SimpleData name="SC">SD400A00145034H</SimpleData>
		<SimpleData name="Descript_">PS . UNIT 6</SimpleData>
		<SimpleData name="LAT">-4.341562</SimpleData>
		<SimpleData name="LONG">105.188024</SimpleData>
	</SchemaData></ExtendedData>
      <Point><coordinates>105.188024,-4.341562,0</coordinates></Point>
  </Placemark>
  <Placemark id="doc__recov_yudafeb26xlsx.228">
	<name>Yuda Nurisman</name>
	<description>Customer: 5821577&lt;br&gt;Name 1: TK BERKAH SUKSES MAKMUR&lt;br&gt;Represent.: 90052418&lt;br&gt;Jwk Salesman: SABTU GENAP&lt;br&gt;SC: SD400A00140170H&lt;br&gt;Descript.: PS . UNIT 6&lt;br&gt;LAT: -4.37233&lt;br&gt;LONG: 105.222443</description>
	<ExtendedData><SchemaData schemaUrl="#doc__recov_yudafeb26xlsx">
		<SimpleData name="tessellate">-1</SimpleData>
		<SimpleData name="extrude">0</SimpleData>
		<SimpleData name="visibility">-1</SimpleData>
		<SimpleData name="Customer">5821577.0</SimpleData>
		<SimpleData name="Name_1">TK BERKAH SUKSES MAKMUR</SimpleData>
		<SimpleData name="Represent_">9.0052418E7</SimpleData>
		<SimpleData name="Jwk_Salesman">SABTU GENAP</SimpleData>
		<SimpleData name="SC">SD400A00140170H</SimpleData>
		<SimpleData name="Descript_">PS . UNIT 6</SimpleData>
		<SimpleData name="LAT">-4.37233</SimpleData>
		<SimpleData name="LONG">105.222443</SimpleData>
	</SchemaData></ExtendedData>
      <Point><coordinates>105.222443,-4.37233,0</coordinates></Point>
  </Placemark>
  <Placemark id="doc__recov_yudafeb26xlsx.229">
	<name>Yuda Nurisman</name>
	<description>Customer: 5823547&lt;br&gt;Name 1: TK MS ALFA&lt;br&gt;Represent.: 90052418&lt;br&gt;Jwk Salesman: KAMIS GANJIL&lt;br&gt;SC: SD400A00139913H&lt;br&gt;Descript.: Daya Murni&lt;br&gt;LAT: -4.609036&lt;br&gt;LONG: 105.118748</description>
	<ExtendedData><SchemaData schemaUrl="#doc__recov_yudafeb26xlsx">
		<SimpleData name="tessellate">-1</SimpleData>
		<SimpleData name="extrude">0</SimpleData>
		<SimpleData name="visibility">-1</SimpleData>
		<SimpleData name="Customer">5823547.0</SimpleData>
		<SimpleData name="Name_1">TK MS ALFA</SimpleData>
		<SimpleData name="Represent_">9.0052418E7</SimpleData>
		<SimpleData name="Jwk_Salesman">KAMIS GANJIL</SimpleData>
		<SimpleData name="SC">SD400A00139913H</SimpleData>
		<SimpleData name="Descript_">Daya Murni</SimpleData>
		<SimpleData name="LAT">-4.609036</SimpleData>
		<SimpleData name="LONG">105.118748</SimpleData>
	</SchemaData></ExtendedData>
      <Point><coordinates>105.118748,-4.609036,0</coordinates></Point>
  </Placemark>
  <Placemark id="doc__recov_yudafeb26xlsx.230">
	<name>Yuda Nurisman</name>
	<description>Customer: 5823584&lt;br&gt;Name 1: TK MARYONO&lt;br&gt;Represent.: 90052418&lt;br&gt;Jwk Salesman: SENIN GENAP&lt;br&gt;SC: SD400A00139908H&lt;br&gt;Descript.: mulyo kencono&lt;br&gt;LAT: -4.535222&lt;br&gt;LONG: 105.17538</description>
	<ExtendedData><SchemaData schemaUrl="#doc__recov_yudafeb26xlsx">
		<SimpleData name="tessellate">-1</SimpleData>
		<SimpleData name="extrude">0</SimpleData>
		<SimpleData name="visibility">-1</SimpleData>
		<SimpleData name="Customer">5823584.0</SimpleData>
		<SimpleData name="Name_1">TK MARYONO</SimpleData>
		<SimpleData name="Represent_">9.0052418E7</SimpleData>
		<SimpleData name="Jwk_Salesman">SENIN GENAP</SimpleData>
		<SimpleData name="SC">SD400A00139908H</SimpleData>
		<SimpleData name="Descript_">mulyo kencono</SimpleData>
		<SimpleData name="LAT">-4.535222</SimpleData>
		<SimpleData name="LONG">105.17538</SimpleData>
	</SchemaData></ExtendedData>
      <Point><coordinates>105.17538,-4.535222,0</coordinates></Point>
  </Placemark>
  <Placemark id="doc__recov_yudafeb26xlsx.231">
	<name>Yuda Nurisman</name>
	<description>Customer: 3121959&lt;br&gt;Name 1: TK KARMINI&lt;br&gt;Represent.: 90052418&lt;br&gt;Jwk Salesman: RABU GANJIL&lt;br&gt;SC: SD400A00146713H&lt;br&gt;Descript.: Panaragan Jaya&lt;br&gt;LAT: -4.521168&lt;br&gt;LONG: 105.068782</description>
	<ExtendedData><SchemaData schemaUrl="#doc__recov_yudafeb26xlsx">
		<SimpleData name="tessellate">-1</SimpleData>
		<SimpleData name="extrude">0</SimpleData>
		<SimpleData name="visibility">-1</SimpleData>
		<SimpleData name="Customer">3121959.0</SimpleData>
		<SimpleData name="Name_1">TK KARMINI</SimpleData>
		<SimpleData name="Represent_">9.0052418E7</SimpleData>
		<SimpleData name="Jwk_Salesman">RABU GANJIL</SimpleData>
		<SimpleData name="SC">SD400A00146713H</SimpleData>
		<SimpleData name="Descript_">Panaragan Jaya</SimpleData>
		<SimpleData name="LAT">-4.521168</SimpleData>
		<SimpleData name="LONG">105.068782</SimpleData>
	</SchemaData></ExtendedData>
      <Point><coordinates>105.068782,-4.521168,0</coordinates></Point>
  </Placemark>
  <Placemark id="doc__recov_yudafeb26xlsx.232">
	<name>Yuda Nurisman</name>
	<description>Customer: 5824190&lt;br&gt;Name 1: TK HUNAIYAH&lt;br&gt;Represent.: 90052418&lt;br&gt;Jwk Salesman: RABU GANJIL&lt;br&gt;SC: SD400A00145638H&lt;br&gt;Descript.: Panaragan Jaya&lt;br&gt;LAT: -4.515565&lt;br&gt;LONG: 105.022184</description>
	<ExtendedData><SchemaData schemaUrl="#doc__recov_yudafeb26xlsx">
		<SimpleData name="tessellate">-1</SimpleData>
		<SimpleData name="extrude">0</SimpleData>
		<SimpleData name="visibility">-1</SimpleData>
		<SimpleData name="Customer">5824190.0</SimpleData>
		<SimpleData name="Name_1">TK HUNAIYAH</SimpleData>
		<SimpleData name="Represent_">9.0052418E7</SimpleData>
		<SimpleData name="Jwk_Salesman">RABU GANJIL</SimpleData>
		<SimpleData name="SC">SD400A00145638H</SimpleData>
		<SimpleData name="Descript_">Panaragan Jaya</SimpleData>
		<SimpleData name="LAT">-4.515565</SimpleData>
		<SimpleData name="LONG">105.022184</SimpleData>
	</SchemaData></ExtendedData>
      <Point><coordinates>105.022184,-4.515565,0</coordinates></Point>
  </Placemark>
  <Placemark id="doc__recov_yudafeb26xlsx.233">
	<name>Yuda Nurisman</name>
	<description>Customer: 5827594&lt;br&gt;Name 1: WR BUMTI&lt;br&gt;Represent.: 90052418&lt;br&gt;Jwk Salesman: SELASA GENAP&lt;br&gt;SC: SD400A00141721E&lt;br&gt;Descript.: PS . UNIT 6&lt;br&gt;LAT: -4.383019&lt;br&gt;LONG: 105.183794</description>
	<ExtendedData><SchemaData schemaUrl="#doc__recov_yudafeb26xlsx">
		<SimpleData name="tessellate">-1</SimpleData>
		<SimpleData name="extrude">0</SimpleData>
		<SimpleData name="visibility">-1</SimpleData>
		<SimpleData name="Customer">5827594.0</SimpleData>
		<SimpleData name="Name_1">WR BUMTI</SimpleData>
		<SimpleData name="Represent_">9.0052418E7</SimpleData>
		<SimpleData name="Jwk_Salesman">SELASA GENAP</SimpleData>
		<SimpleData name="SC">SD400A00141721E</SimpleData>
		<SimpleData name="Descript_">PS . UNIT 6</SimpleData>
		<SimpleData name="LAT">-4.383019</SimpleData>
		<SimpleData name="LONG">105.183794</SimpleData>
	</SchemaData></ExtendedData>
      <Point><coordinates>105.183794,-4.383019,0</coordinates></Point>
  </Placemark>
  <Placemark id="doc__recov_yudafeb26xlsx.234">
	<name>Yuda Nurisman</name>
	<description>Customer: 5828000&lt;br&gt;Name 1: TK HARNIA PRAMIDA&lt;br&gt;Represent.: 90052418&lt;br&gt;Jwk Salesman: RABU GENAP&lt;br&gt;SC: SD400A00141540E&lt;br&gt;Descript.: Menggala&lt;br&gt;LAT: -4.481116&lt;br&gt;LONG: 105.221326</description>
	<ExtendedData><SchemaData schemaUrl="#doc__recov_yudafeb26xlsx">
		<SimpleData name="tessellate">-1</SimpleData>
		<SimpleData name="extrude">0</SimpleData>
		<SimpleData name="visibility">-1</SimpleData>
		<SimpleData name="Customer">5828000.0</SimpleData>
		<SimpleData name="Name_1">TK HARNIA PRAMIDA</SimpleData>
		<SimpleData name="Represent_">9.0052418E7</SimpleData>
		<SimpleData name="Jwk_Salesman">RABU GENAP</SimpleData>
		<SimpleData name="SC">SD400A00141540E</SimpleData>
		<SimpleData name="Descript_">Menggala</SimpleData>
		<SimpleData name="LAT">-4.481116</SimpleData>
		<SimpleData name="LONG">105.221326</SimpleData>
	</SchemaData></ExtendedData>
      <Point><coordinates>105.221326,-4.481116,0</coordinates></Point>
  </Placemark>
  <Placemark id="doc__recov_yudafeb26xlsx.235">
	<name>Yuda Nurisman</name>
	<description>Customer: 5828018&lt;br&gt;Name 1: TK BAYU&lt;br&gt;Represent.: 90052418&lt;br&gt;Jwk Salesman: RABU GENAP&lt;br&gt;SC: SD400A00141562E&lt;br&gt;Descript.: Unit 8&lt;br&gt;LAT: -4.422267&lt;br&gt;LONG: 105.265052</description>
	<ExtendedData><SchemaData schemaUrl="#doc__recov_yudafeb26xlsx">
		<SimpleData name="tessellate">-1</SimpleData>
		<SimpleData name="extrude">0</SimpleData>
		<SimpleData name="visibility">-1</SimpleData>
		<SimpleData name="Customer">5828018.0</SimpleData>
		<SimpleData name="Name_1">TK BAYU</SimpleData>
		<SimpleData name="Represent_">9.0052418E7</SimpleData>
		<SimpleData name="Jwk_Salesman">RABU GENAP</SimpleData>
		<SimpleData name="SC">SD400A00141562E</SimpleData>
		<SimpleData name="Descript_">Unit 8</SimpleData>
		<SimpleData name="LAT">-4.422267</SimpleData>
		<SimpleData name="LONG">105.265052</SimpleData>
	</SchemaData></ExtendedData>
      <Point><coordinates>105.265052,-4.422267,0</coordinates></Point>
  </Placemark>
</Folder>
</Document></kml>
